t_s,reporter,target,reason
12.85770524898544,4,0,1
12.946336383931339,11,0,1
12.94788659713231,10,0,1
12.99150697607547,3,0,1
13.000402549980208,2,0,1
13.08922180114314,8,0,1
13.106914157047868,4,7,1
13.111287997104228,10,6,1
13.121772496029735,4,7,1
13.123821282060817,10,6,1
13.140573132084683,4,6,1
13.14196196012199,10,1,1
13.155518942978233,4,6,1
13.156238353112713,10,1,1
13.184475149028003,10,12,2
13.184924870962277,4,1,1
13.19985389104113,10,12,2
13.200270153116435,4,1,1
13.204317724099383,5,0,1
13.219440130051225,10,8,1
13.219767589122057,4,12,2
13.225267349975184,6,0,1
13.229952068068087,9,0,1
13.233096935087815,10,8,1
13.233675081050023,4,12,2
13.269984158920124,4,8,1
13.273536296095699,12,0,1
13.284208409953862,4,8,1
13.300037425011396,4,10,2
13.313019371125847,4,10,2
13.37158606108278,3,6,1
13.373653588118032,1,0,1
13.397264797007665,3,6,1
13.399842466926202,9,6,1
13.400712630944327,6,1,1
13.405817672144622,11,6,1
13.420132405124605,11,6,1
13.421067741001025,6,1,1
13.422163910930976,9,1,1
13.422868320019916,3,1,1
13.4401328349486,9,1,1
13.44097166811116,3,1,1
13.441933043999597,11,1,1
13.444064772920683,6,12,2
13.468927496112883,3,12,2
13.47239345102571,11,1,1
13.474004245130345,9,12,2
13.48395040910691,3,12,2
13.484670548932627,6,12,2
13.486530980095267,9,12,2
13.489173542009667,11,12,2
13.503869845997542,7,0,1
13.50471119908616,3,8,1
13.567917976062745,9,8,1
13.568758099107072,6,8,1
13.569459529127926,12,1,1
13.570198289118707,1,12,2
13.570896337972954,11,12,2
13.571629798039794,5,6,1
13.572321237064898,3,8,1
13.581442088121548,2,6,1
13.587986848084256,12,1,1
13.588766268920153,1,12,2
13.590172338066623,9,8,1
13.590976040111855,6,8,1
13.591895424993709,5,6,1
13.593833109131083,3,10,2
13.594620230142027,11,8,1
13.674127035075799,2,6,1
13.675132222939283,1,8,1
13.67591147404164,3,10,2
13.676564312074333,11,8,1
13.677021885057911,4,11,2
13.677467327099293,9,10,2
13.67792788008228,12,8,1
13.678355050971732,6,10,2
13.678772883024067,10,11,2
13.679212494986132,8,6,1
13.679648667108268,5,1,1
13.710369830951095,1,8,1
13.710731021128595,4,11,2
13.711062839953229,9,10,2
13.767594764009118,12,8,1
13.771836250089109,8,6,1
13.772280923090875,5,1,1
13.772706224117428,6,10,2
13.773125356063247,10,11,2
13.77399905002676,11,10,2
13.774801962077618,3,11,2
13.77525815507397,2,1,1
13.797475785017014,1,10,2
13.798355418955907,9,11,2
13.799291525036097,12,10,2
13.800391654949635,3,11,2
13.801277179038152,11,10,2
13.802080071065575,2,1,1
13.80284358211793,5,12,2
13.803649194072932,6,11,2
13.804353253915906,8,1,1
13.870619015069678,0,2,1
13.874870652100071,1,10,2
13.876455385005102,5,12,2
13.877338930033147,9,11,2
13.87816466204822,12,10,2
13.878937853965908,8,1,1
13.87994147092104,2,12,2
13.881142284022644,6,11,2
13.897280147997662,2,12,2
13.897799662081525,1,11,2
13.898634274955839,12,11,2
13.899061477044597,5,8,1
13.899508049013093,8,12,2
13.97214240510948,1,11,2
13.973092151107267,12,11,2
13.973914474016055,5,8,1
13.974353055935353,2,8,1
13.974795598071069,8,12,2
13.992334709968418,2,8,1
13.99466959410347,8,10,2
13.995587158948183,5,10,2
13.997951015131548,7,1,1
14.01170608191751,2,10,2
14.012209526030347,5,10,2
14.01265003811568,7,1,1
14.013066180050373,8,10,2
14.03022079099901,2,10,2
14.067718272097409,7,12,2
14.068524413974956,5,11,2
14.069218012969941,8,11,2
14.117652643937618,7,12,2
14.117992162937298,5,11,2
14.11831215210259,8,11,2
14.118630001088604,2,11,2
14.118944839108735,2,11,2
14.119269927963614,7,8,1
14.119584006955847,7,8,1
14.122712013078853,7,10,2
14.133777206996456,7,10,2
14.14623759011738,7,11,2
14.156981674954295,7,11,2
14.193275452125818,0,1,1
14.204031727975234,0,1,1
14.216070159105584,0,12,2
14.22648554504849,0,12,2
14.238613887922838,0,8,1
14.249111026991159,0,8,1
14.26102894404903,0,10,2
14.27164963609539,0,10,2
14.284668013919145,0,11,2
14.300079757114872,0,11,2
16.80726971407421,3,0,1
16.89885265007615,6,0,1
16.90047120512463,9,0,1
16.91253881691955,11,0,1
16.994335734983906,7,0,1
17.009678817121312,5,0,1
17.010499998927116,2,0,1
17.01160525996238,1,0,1
17.012104103108868,12,0,1
17.09908437402919,4,0,1
17.10176367708482,8,0,1
17.10622089006938,10,0,1
18.110471511958167,4,2,1
18.11869379808195,10,2,1
18.200005593011156,0,2,1
18.312165616080165,3,2,1
18.40385358594358,9,2,1
18.406094018137082,6,2,1
18.416300907963887,11,2,1
18.506521868053824,7,2,1
18.515244798036292,12,2,1
18.51624804502353,5,2,1
18.51722968206741,1,2,1
18.604822810040787,8,2,1
18.909630157984793,9,3,1
18.910660576075315,6,3,1
18.914599795127288,11,3,1
19.010108290007338,7,3,1
19.017856312915683,1,3,1
19.01891652191989,12,3,1
19.019773775944486,5,3,1
19.021434590918943,2,3,1
19.036110235145316,7,1,1
19.04235997609794,5,1,1
19.043067215941846,12,1,1
19.043794065946713,2,1,1
19.106566951144487,8,3,1
19.11258210707456,4,3,1
19.12037047999911,10,3,1
19.13009261805564,8,1,1
19.136344369966537,4,1,1
19.140139143913984,10,1,1
19.205705736065283,0,3,1
19.225870460970327,0,1,1
19.311174845090136,3,1,1
19.33483052602969,3,4,1
19.40297126909718,6,1,1
19.40385987306945,9,1,1
19.40998651110567,11,1,1
19.432324955938384,6,4,1
19.433412665035576,9,4,1
19.435362049145624,11,4,1
19.45718514895998,6,9,1
19.45807325304486,11,9,1
19.45878777303733,9,5,1
19.477545658126473,6,5,1
19.47920971410349,11,5,1
19.515516621991992,7,4,1
19.517096806084737,12,4,1
19.518037212081254,2,4,1
19.519474870990962,1,4,1
19.520246702013537,5,4,1
19.54343222011812,2,9,1
19.54526958009228,12,9,1
19.546763750957325,5,9,1
19.567781499121338,1,9,1
19.568494067993015,7,9,1
19.575946043012664,2,5,1
19.592088856967166,2,6,1
19.593037582933903,5,6,1
19.59391550696455,12,5,1
19.594777941005304,7,5,1
19.595538551919162,1,5,1
19.608744685072452,8,4,1
19.620416105957702,2,7,1
19.621331561123952,7,6,1
19.622046350035816,12,6,1
19.622737989062443,1,6,1
19.623467079130933,5,7,1
19.669001830974594,4,9,1
19.67003639996983,10,4,1
19.671905420953408,8,9,1
19.67793599702418,1,7,1
19.67915591993369,12,7,1
19.687417916953564,8,5,1
19.698040499119088,10,9,1
19.69886043202132,4,5,1
19.700708073098212,8,6,1
19.702913362998515,0,4,1
19.768498606048524,8,7,1
19.770133891142905,0,9,1
19.771573020145297,4,6,1
19.773225866025314,10,5,1
19.789777781115845,10,6,1
19.79128521308303,4,7,1
19.792908067116514,0,5,1
19.80824820906855,10,7,1
19.80904347100295,0,6,1
19.812543676933274,3,9,1
19.82118344400078,0,7,1
19.836815434042364,3,5,1
19.85256799706258,3,6,1
19.870155069977045,3,7,1
19.900752501096576,9,6,1
19.90345796593465,6,7,1
19.907593959011137,11,6,1
19.921127771027386,9,7,1
19.925928073003888,11,7,1
20.008514333050698,7,11,2
20.0135764030274,5,11,2
20.014277901966125,12,11,2
20.01495549106039,1,11,2
20.01747162011452,2,11,2
20.03036633413285,7,12,2
20.040734029142186,5,12,2
20.041432067984715,12,8,1
20.042107447050512,1,12,2
20.042785125086084,2,12,2
20.048242514953017,7,8,1
20.07311330898665,5,8,1
20.075484053930268,2,8,1
20.076174932997674,1,8,1
20.096982324961573,8,11,2
20.107399380998686,4,11,2
20.116114530945197,8,12,2
20.117719535017386,10,11,2
20.12753526493907,4,12,2
20.13810192514211,10,12,2
20.146479956107214,4,8,1
20.157878319034353,10,8,1
20.196179121965542,0,11,2
20.216021226951852,0,12,2
20.234939357033,0,8,1
20.311306927120313,3,11,2
20.331630625063553,3,12,2
20.35164076508954,3,8,1
20.367399527924135,3,10,2
20.401285239961,9,11,2
20.403447838965803,6,11,2
20.410374169936404,11,12,2
20.422070461092517,9,12,2
20.427858009934425,6,12,2
20.430997997056693,11,8,1
20.441019851947203,9,8,1
20.450462271925062,6,8,1
20.45122085302137,11,10,2
20.45654007908888,9,10,2
20.46716289105825,6,10,2
20.506582064088434,7,10,2
20.509980058064684,1,10,2
20.51070189708844,5,10,2
20.512015983927995,12,10,2
20.51847861101851,2,10,2
20.60253188200295,8,10,2
20.606534822145477,4,10,2
20.696145344991237,0,10,2
26.807274528080598,3,0,1
26.898752982961014,9,0,1
26.904418148100376,6,0,1
26.909106167033315,11,0,1
27.01085055503063,7,0,1
27.012008536141366,12,0,1
27.012985123088583,5,0,1
27.014014021959156,1,0,1
27.017251881072298,2,0,1
27.103419549996033,8,0,1
27.104688835097477,4,0,1
27.11473010107875,10,0,1
28.1155875090044,10,2,1
28.200038651004434,0,2,1
28.310170490061864,3,2,1
28.397449678974226,6,2,1
28.402038444997743,9,2,1
28.403766433009878,11,2,1
28.497666805051267,7,2,1
28.50072673894465,12,2,1
28.504399809986353,1,2,1
28.512509793043137,5,2,1
28.603120943997055,8,2,1
28.606742764124647,4,2,1
28.903921745019034,6,3,1
28.904980404069647,9,3,1
28.91117130406201,11,3,1
29.012433709111065,12,3,1
29.013224869966507,7,3,1
29.013969080988318,5,3,1
29.014679491054267,1,3,1
29.017073536058888,2,3,1
29.039129733107984,7,1,1
29.039935224922374,2,1,1
29.040635223966092,5,1,1
29.04132834309712,12,1,1
29.10521437996067,8,3,1
29.10652280598879,4,3,1
29.116175330942497,10,3,1
29.12728384695947,4,1,1
29.12800534698181,8,1,1
29.13590372307226,10,1,1
29.20248636393808,0,3,1
29.222000021021813,0,1,1
29.312967072008178,3,1,1
29.3323212149553,3,4,1
29.40340798906982,6,1,1
29.40557367913425,9,1,1
29.411597445141524,11,1,1
29.428798666922376,6,4,1
29.42998792999424,9,4,1
29.433100515976548,11,4,1
29.4527981269639,11,9,1
29.453937458107248,6,9,1
29.455019378103316,9,5,1
29.47038914100267,6,5,1
29.47133373701945,11,5,1
29.507236843928695,7,4,1
29.512230792082846,12,4,1
29.513253669952974,5,4,1
29.514229425927624,1,4,1
29.51609748811461,2,4,1
29.539259725017473,7,9,1
29.540134198963642,1,9,1
29.540835058083758,2,9,1
29.541522756917402,12,9,1
29.54220016510226,5,9,1
29.565797774121165,7,5,1
29.56656255503185,1,5,1
29.56734860711731,12,5,1
29.56803777604364,2,5,1
29.568770525977015,5,6,1
29.588180830003694,1,6,1
29.589012613054365,12,6,1
29.589743273099884,7,6,1
29.590429112082347,2,6,1
29.59110322012566,5,7,1
29.60715633095242,1,7,1
29.607910382095724,2,7,1
29.608595071127638,12,7,1
29.61022622603923,8,4,1
29.610958555946127,4,9,1
29.61461404711008,10,4,1
29.632294181967154,8,9,1
29.63385171513073,4,5,1
29.634544183965772,10,9,1
29.64873447502032,8,5,1
29.678401400102302,10,5,1
29.679125840077177,4,6,1
29.680815547006205,8,6,1
29.7011959371157,8,7,1
29.701983449049294,4,7,1
29.70269457809627,10,6,1
29.704014545073733,0,4,1
29.713272059103474,10,7,1
29.72327603492886,0,9,1
29.742905074032024,0,5,1
29.7586241660174,0,6,1
29.771274384111166,0,7,1
29.808849937980995,3,9,1
29.8301060621161,3,5,1
29.849519096082076,3,6,1
29.86489395913668,3,7,1
29.89601864409633,6,7,1
29.896758205024526,9,6,1
29.90215774299577,11,6,1
29.908044785028324,9,7,1
29.913409882923588,11,7,1
30.007562871091068,7,11,2
30.008343463065103,12,11,2
30.01297159004025,5,11,2
30.014888673089445,1,11,2
30.016695853089914,2,11,2
30.036253849975765,12,8,1
30.037002141121775,7,12,2
30.038298516068608,2,12,2
30.039028506958857,5,12,2
30.039762316970155,1,12,2
30.060426665004343,1,8,1
30.061211606953293,2,8,1
30.061907696072012,5,8,1
30.06262383493595,7,8,1
30.103518340038136,4,11,2
30.104246400063857,8,11,2
30.115456398110837,10,11,2
30.126149171963334,8,12,2
30.12685204204172,4,12,2
30.135406255954877,10,12,2
30.14548932411708,4,8,1
30.155402597039938,10,8,1
30.200367802986875,0,11,2
30.22164216800593,0,12,2
30.239501119125634,0,8,1
30.31156602106057,3,11,2
30.332875546999276,3,12,2
30.354021857958287,3,8,1
30.36936486000195,3,10,2
30.401800771942362,9,11,2
30.403099956922233,6,11,2
30.412809815024957,11,12,2
30.423958810977638,9,12,2
30.425723609980196,6,12,2
30.43421453400515,11,8,1
30.44431883096695,9,8,1
30.44755754014477,6,8,1
30.45351154403761,11,10,2
30.4621287509799,9,10,2
30.46534375892952,6,10,2
30.49815004109405,7,10,2
30.512333072023466,5,10,2
30.513073212001473,12,10,2
30.51376587105915,1,10,2
30.51610572496429,2,10,2
30.605707658920437,8,10,2
30.610326325986534,4,10,2
30.69672123203054,0,10,2
36.80715524312109,3,0,1
36.899863112019375,9,0,1
36.90115664806217,6,0,1
36.908867459977046,11,0,1
37.01109150191769,12,0,1
37.01188493403606,7,0,1
37.01270063593984,5,0,1
37.013411795021966,1,0,1
37.01533932797611,2,0,1
37.10074793710373,8,0,1
37.10681676398963,4,0,1
37.113963711075485,10,0,1
38.1148332990706,10,2,1
38.199779166141525,0,2,1
38.30960721592419,3,2,1
38.4011657750234,9,2,1
38.403501068940386,6,2,1
38.41053431201726,11,2,1
38.510355677921325,7,2,1
38.51173815596849,12,2,1
38.51254852907732,1,2,1
38.51324199791998,5,2,1
38.60339285712689,8,2,1
38.60742223798297,4,2,1
38.905173438135535,9,3,1
38.9056246499531,6,3,1
38.912414266960695,11,3,1
39.010705980006605,7,3,1
39.01368554192595,5,3,1
39.01484956406057,12,3,1
39.01603878708556,1,3,1
39.01925338502042,2,3,1
39.03686867002398,12,1,1
39.038048352114856,7,1,1
39.039163733134046,5,1,1
39.0415260780137,2,1,1
39.10403295699507,8,3,1
39.10764981713146,4,3,1
39.11559995613061,10,3,1
39.12438601697795,8,1,1
39.12764418707229,4,1,1
39.13549158303067,10,1,1
39.20218289713375,0,3,1
39.22179670701735,0,1,1
39.3106189200189,3,1,1
39.33019530796446,3,4,1
39.40295054903254,6,1,1
39.40380148310214,9,1,1
39.409781207097694,11,1,1
39.42908167792484,9,4,1
39.42991928104311,6,4,1
39.43062726105563,11,4,1
39.45171503094025,9,5,1
39.4524821320083,6,9,1
39.453178700990975,11,9,1
39.47177738300525,6,5,1
39.4731187899597,11,5,1
39.51308900909498,7,4,1
39.51512819505297,5,4,1
39.51647414197214,12,4,1
39.51717707095668,1,4,1
39.5188638579566,2,4,1
39.5421135770157,5,9,1
39.543051903136075,1,9,1
39.54383358499035,2,9,1
39.54452419397421,12,9,1
39.5452340929769,7,9,1
39.56636579497717,5,6,1
39.56715917610563,1,5,1
39.56907002907246,7,5,1
39.570136127993464,12,5,1
39.57128694001585,2,5,1
39.587627199012786,5,7,1
39.58845751197077,1,6,1
39.58927320409566,12,6,1
39.5900407449808,7,6,1
39.59155174694024,2,6,1
39.6077875639312,12,7,1
39.608576585073024,1,7,1
39.60930229513906,8,4,1
39.610658342950046,2,7,1
39.6114445340354,4,9,1
39.618357673985884,10,4,1
39.62877711094916,8,9,1
39.63216137397103,4,5,1
39.66793386801146,10,9,1
39.68463882710785,10,5,1
39.686223071068525,8,5,1
39.68694200110622,4,6,1
39.70481047197245,10,6,1
39.70610728813335,8,6,1
39.706837208010256,0,4,1
39.70764052006416,4,7,1
39.721371467923746,10,7,1
39.72207422694191,8,7,1
39.72507280996069,0,9,1
39.74374897405505,0,5,1
39.759575619129464,0,6,1
39.77571084210649,0,7,1
39.80709587596357,3,9,1
39.827209529001266,3,5,1
39.84649627911858,3,6,1
39.86202322691679,3,7,1
39.900010652141646,6,7,1
39.9010995819699,9,6,1
39.907623501028866,11,6,1
39.91727410699241,9,7,1
39.92371359304525,11,7,1
40.008128215093166,1,12,2
40.01102784508839,7,12,2
40.012402422958985,5,12,2
40.013877752935514,12,11,2
40.02222303301096,2,12,2
40.02379121608101,1,11,2
40.03428035508841,7,11,2
40.03499125409871,5,11,2
40.04113116301596,1,8,1
40.04245140007697,12,8,1
40.049250456970185,2,11,2
40.05424124398269,5,8,1
40.05503050610423,7,8,1
40.06744060711935,2,8,1
40.09998304210603,8,12,2
40.106872651027516,4,12,2
40.116259600035846,10,12,2
40.124414623947814,8,11,2
40.127622282132506,4,11,2
40.13643586495891,10,11,2
40.146928053116426,4,8,1
40.155478589003906,10,8,1
40.19499437510967,0,12,2
40.21375186112709,0,11,2
40.23323263693601,0,8,1
40.3092074370943,3,12,2
40.32956635695882,3,11,2
40.348441306035966,3,8,1
40.36409950698726,3,10,2
40.3984502220992,9,12,2
40.40553926699795,6,12,2
40.41007271106355,11,12,2
40.41839549993165,9,11,2
40.430542344925925,6,11,2
40.43131973594427,11,8,1
40.43800640013069,9,8,1
40.454021911136806,9,10,2
40.45476541109383,11,10,2
40.45549484109506,6,8,1
40.47035754006356,6,10,2
40.50788703211583,7,10,2
40.50871619512327,12,10,2
40.51362312003039,5,10,2
40.51442859205417,1,10,2
40.51588797196746,2,10,2
40.602871685056016,8,10,2
40.603489622008055,4,10,2
40.69121075491421,0,10,2
46.80674054310657,3,0,1
46.899354831082746,9,0,1
46.90064304601401,6,0,1
46.90849427203648,11,0,1
47.00586424092762,7,0,1
47.01122131804004,5,0,1
47.011925478000194,12,0,1
47.01260838704184,1,0,1
47.015362912090495,2,0,1
47.10228984407149,8,0,1
47.10915098292753,4,0,1
47.11313088191673,10,0,1
48.1165999409277,10,2,1
48.1991767140571,0,2,1
48.30965019296855,3,2,1
48.40090302401222,9,2,1
48.40616098907776,6,2,1
48.41059474111535,11,2,1
48.50807717302814,7,2,1
48.511513288132846,12,2,1
48.51225711801089,1,2,1
48.513493401929736,5,2,1
48.60345216700807,8,2,1
48.60743768699467,4,2,1
48.9034777819179,9,3,1
48.906774542992935,6,3,1
48.91115317400545,11,3,1
49.00819649314508,7,3,1
49.013442658120766,5,3,1
49.0141782280989,12,3,1
49.01487306691706,1,3,1
49.017400017008185,2,3,1
49.03426702111028,7,1,1
49.038115246919915,12,1,1
49.0388212359976,2,1,1
49.03952420502901,5,1,1
49.10058696498163,8,3,1
49.10897260601632,4,3,1
49.1189363701269,10,3,1
49.1201976549346,8,1,1
49.12891466496512,4,1,1
49.139018753077835,10,1,1
49.20219346112572,0,3,1
49.22186741302721,0,1,1
49.31427377508953,3,1,1
49.33380938298069,3,4,1
49.40334659605287,6,1,1
49.40406009508297,9,1,1
49.410818421980366,11,1,1
49.42735411692411,6,4,1
49.42806449602358,9,4,1
49.43061719695106,11,4,1
49.44935286208056,9,5,1
49.450077172135934,11,9,1
49.4507793111261,6,9,1
49.467040058923885,6,5,1
49.46834713499993,11,5,1
49.50728521612473,1,4,1
49.508630593074486,12,4,1
49.51190538308583,5,4,1
49.51260198210366,7,4,1
49.51682908902876,2,4,1
49.51922893500887,1,9,1
49.52905486500822,12,9,1
49.535265295999125,5,9,1
49.53596832510084,7,9,1
49.53795745992102,1,5,1
49.53869933006354,2,9,1
49.547034450108185,12,5,1
49.572959683137015,7,5,1
49.573777914978564,1,6,1
49.57453340594657,2,5,1
49.575329828076065,5,6,1
49.57612103014253,12,6,1
49.58476817794144,1,7,1
49.59864982008003,7,6,1
49.601411486044526,2,6,1
49.60221824795008,8,4,1
49.60298258904368,5,7,1
49.60378888109699,12,7,1
49.60597524093464,4,9,1
49.61620887299068,8,9,1
49.61751584894955,2,7,1
49.61823851894587,10,4,1
49.62820018292405,4,5,1
49.62891019205563,8,5,1
49.6365323420614,10,9,1
49.644751409068704,8,6,1
49.66751383501105,4,6,1
49.67181759304367,8,7,1
49.68530842405744,10,5,1
49.686282550916076,4,7,1
49.697754027089104,0,4,1
49.70474501908757,10,6,1
49.7117897530552,0,9,1
49.7192163169384,10,7,1
49.72380634397268,0,5,1
49.73425682098605,0,6,1
49.7444515619427,0,7,1
49.80687805893831,3,9,1
49.828350940020755,3,5,1
49.848961007082835,3,6,1
49.865218565100804,3,7,1
49.90090658701956,6,7,1
49.9021602710709,9,6,1
49.903076576069,11,6,1
49.916639460017905,11,7,1
49.9173847399652,9,7,1
50.00768682407215,7,11,2
50.01100703608245,5,11,2
50.01316697499715,12,11,2
50.01444605994038,1,11,2
50.02036207308993,2,11,2
50.0277976479847,7,12,2
50.0339178359136,5,12,2
50.03764826897532,1,12,2
50.03834530804306,12,8,1
50.04668541694991,7,8,1
50.048019064124674,2,12,2
50.055552571080625,1,8,1
50.05625760112889,5,8,1
50.073028152110055,2,8,1
50.09616913902573,8,11,2
50.11079418193549,4,11,2
50.11438522092067,8,12,2
50.11575575801544,10,11,2
50.13234947505407,4,12,2
50.135699196951464,10,12,2
50.15176100912504,4,8,1
50.15480715292506,10,8,1
50.200488730100915,0,11,2
50.22187151806429,0,12,2
50.24340079003014,0,8,1
50.31234571803361,3,11,2
50.33199160802178,3,12,2
50.35125589813106,3,8,1
50.366708463057876,3,10,2
50.40054422407411,9,11,2
50.40322097809985,6,11,2
50.41055276012048,11,12,2
50.42410640208982,9,12,2
50.42509944993071,6,12,2
50.43077021604404,11,8,1
50.44742744509131,6,8,1
50.44816713500768,9,8,1
50.450058076996356,11,10,2
50.46502927900292,9,10,2
50.46613123896532,6,10,2
50.50231307512149,7,10,2
50.513088050996885,5,10,2
50.51342153013684,12,10,2
50.5137352689635,1,10,2
50.51723862509243,2,10,2
50.60101651097648,8,10,2
50.60369228501804,4,10,2
50.69493302493356,0,10,2
56.80712520610541,3,0,1
56.899337043985724,9,0,1
56.901870714034885,6,0,1
56.90986360399984,11,0,1
57.006471273023635,7,0,1
57.00729089509696,12,0,1
57.0109871069435,5,0,1
57.01274935505353,1,0,1
57.019175281981006,2,0,1
57.100828839000314,8,0,1
57.10591021901928,4,0,1
57.113076186040416,10,0,1
58.19962732098065,0,2,1
58.309814024018124,3,2,1
58.40206861309707,9,2,1
58.40286863502115,6,2,1
58.41055587702431,11,2,1
58.50759940803982,7,2,1
58.51197937806137,12,2,1
58.51272158906795,1,2,1
58.51345514901914,5,2,1
58.600738601060584,8,2,1
58.607849637046456,4,2,1
58.61505406512879,10,2,1
58.90388359501958,9,3,1
58.90499750501476,6,3,1
58.91193136596121,11,3,1
59.006137158954516,7,3,1
59.01372744794935,12,3,1
59.01473838603124,1,3,1
59.015738843008876,5,3,1
59.01772231794894,2,3,1
59.02563272509724,7,1,1
59.03868888504803,5,1,1
59.03972647408955,12,1,1
59.0407007499598,2,1,1
59.10035456204787,8,3,1
59.11110916803591,4,3,1
59.11704527097754,10,3,1
59.12012348603457,8,1,1
59.13601716305129,4,1,1
59.137440382968634,10,1,1
59.2014225339517,0,3,1
59.22161544999108,0,1,1
59.31038879300468,3,1,1
59.330815385095775,3,4,1
59.40289605897851,9,1,1
59.404123393120244,6,1,1
59.41023236094043,11,1,1
59.42652977001853,6,4,1
59.42725037992932,9,4,1
59.429816720075905,11,4,1
59.448620137991384,6,9,1
59.44987455313094,9,5,1
59.45055508101359,11,9,1
59.466197391971946,6,5,1
59.46747275697999,11,5,1
59.50762139214203,7,4,1
59.51274885307066,5,4,1
59.5134475720115,12,4,1
59.514136540936306,1,4,1
59.51656363811344,2,4,1
59.53864678600803,1,9,1
59.539443388115615,2,9,1
59.540174037916586,5,9,1
59.5408646769356,12,9,1
59.54155209613964,7,9,1
59.56557905697264,1,5,1
59.56631500693038,12,5,1
59.567047097021714,5,6,1
59.56776587711647,7,5,1
59.56845466606319,2,5,1
59.58785446011461,1,6,1
59.5888402571436,12,6,1
59.58955275709741,7,6,1
59.59024213603698,2,6,1
59.59096993599087,5,7,1
59.593603448942304,8,4,1
59.61064807814546,12,7,1
59.61148919095285,1,7,1
59.612224251031876,2,7,1
59.61291727004573,8,9,1
59.61360802897252,4,9,1
59.615146411117166,10,4,1
59.623306965921074,8,5,1
59.63515530200675,8,6,1
59.636795927071944,4,5,1
59.672543450957164,8,7,1
59.67341488506645,10,9,1
59.682504195021465,4,6,1
59.70152206905186,4,7,1
59.702928628074005,10,5,1
59.705369025003165,0,4,1
59.72363388701342,0,9,1
59.724341976922005,10,6,1
59.739722840022296,0,5,1
59.7410234559793,10,7,1
59.75035626301542,0,6,1
59.760778800118715,0,7,1
59.8071164151188,3,9,1
59.827212278032675,3,5,1
59.84577455907129,3,6,1
59.8613036070019,3,7,1
59.899617440998554,6,7,1
59.90051175607368,9,6,1
59.90665064495988,11,6,1
59.91694035800174,9,7,1
59.92262468393892,11,7,1
59.99973837705329,7,11,2
60.00970724108629,12,11,2
60.010327998083085,5,11,2
60.01088294410147,1,11,2
60.01463875710033,2,11,2
60.01563671394251,7,12,2
60.02140131313354,12,8,1
60.032989711966366,1,12,2
60.03397229895927,2,12,2
60.034528674092144,5,12,2
60.035082089016214,7,8,1
60.04385767201893,1,8,1
60.05253089009784,5,8,1
60.053077545017004,2,8,1
60.095769100124016,8,11,2
60.10519671998918,4,11,2
60.108666334999725,10,11,2
60.11113976291381,8,12,2
60.122419234132394,10,12,2
60.12348483293317,4,12,2
60.13398707192391,10,8,1
60.13928715791553,4,8,1
60.19251711294055,0,11,2
60.209220393095165,0,12,2
60.22576256794855,0,8,1
60.30865209014155,3,11,2
60.32840076298453,3,12,2
60.3472144510597,3,8,1
60.36252065212466,3,10,2
60.401171826059,9,11,2
60.40266783698462,6,11,2
60.41058374498971,11,12,2
60.423295215005055,6,12,2
60.42384237097576,9,12,2
60.4306669679936,11,8,1
60.44695301610045,6,8,1
60.44752028211951,9,8,1
60.44953656708822,11,10,2
60.46422325214371,9,10,2
60.46521188900806,6,10,2
60.5083076460287,7,10,2
60.51237809797749,5,10,2
60.512928133131936,12,10,2
60.51347196800634,1,10,2
60.516054179053754,2,10,2
60.6027387350332,8,10,2
60.606572550022975,4,10,2
60.6966639701277,0,10,2
66.80764984199777,3,0,1
66.90111016505398,9,0,1
66.90217965492047,6,0,1
66.90925119910389,11,0,1
67.01105720200576,12,0,1
67.01213512197137,7,0,1
67.01311551895924,1,0,1
67.0141339469701,5,0,1
67.01531814993359,2,0,1
67.0983761260286,8,0,1
67.107416725019,4,0,1
67.11627867911011,10,0,1
68.19973759795539,0,2,1
68.30980419903062,3,2,1
68.40122934593819,9,2,1
68.40298738400452,6,2,1
68.41074704704806,11,2,1
68.5073107960634,12,2,1
68.50858057104051,7,2,1
68.51265266304836,1,2,1
68.51336657302454,5,2,1
68.6006247359328,8,2,1
68.60841692006215,4,2,1
68.61721760197543,10,2,1
68.9074931840878,6,3,1
68.90824863500893,9,3,1
68.91229590610601,11,3,1
69.00570645811968,7,3,1
69.00958872493356,12,3,1
69.01329151703976,1,3,1
69.01445546909235,5,3,1
69.01886777114123,2,3,1
69.03242872399278,12,1,1
69.0331422330346,7,1,1
69.03539419500157,5,1,1
69.03869965602644,2,1,1
69.10262788692489,8,3,1
69.10669099912047,4,3,1
69.11497779702768,10,3,1
69.12676276103593,8,1,1
69.12750103091821,4,1,1
69.13525732513517,10,1,1
69.20141896605492,0,3,1
69.2213560459204,0,1,1
69.31048300908878,3,1,1
69.3316704230383,3,4,1
69.40316748106852,9,1,1
69.4039663830772,6,1,1
69.41083916299976,11,1,1
69.42711910093203,6,4,1
69.42792423302308,9,4,1
69.43041492113844,11,4,1
69.44961703009903,9,5,1
69.45031772996299,11,9,1
69.45107723004185,6,9,1
69.46887553110719,11,5,1
69.46964738192037,6,5,1
69.50722082611173,7,4,1
69.51230163592845,5,4,1
69.51285991095938,12,4,1
69.51338528608903,1,4,1
69.51828916091472,2,4,1
69.52525034314021,7,9,1
69.53769776504487,5,9,1
69.53823569999076,12,9,1
69.53874859400094,1,9,1
69.54426889610477,7,5,1
69.54505469813012,2,9,1
69.567388352938,7,6,1
69.56828877795488,5,6,1
69.56882857205346,12,5,1
69.56930929608643,1,5,1
69.57093804003671,2,5,1
69.59015279007144,12,6,1
69.59096050192602,1,6,1
69.59170565195382,5,7,1
69.59243805310689,2,6,1
69.59313269192353,8,4,1
69.61370235797949,12,7,1
69.61415578098968,1,7,1
69.61458581197076,2,7,1
69.61499266396277,8,9,1
69.61543194600381,4,9,1
69.61634288099594,10,4,1
69.62617943109944,8,5,1
69.66768379393034,4,5,1
69.66800316306762,10,9,1
69.67166894394904,8,6,1
69.686952205142,8,7,1
69.69014143198729,4,6,1
69.69156316109002,10,5,1
69.70388709101826,0,4,1
69.70544470404275,4,7,1
69.71251827897504,10,6,1
69.71897254604846,0,9,1
69.7259397180751,10,7,1
69.73156011314131,0,5,1
69.7422865179833,0,6,1
69.75278392806649,0,7,1
69.8068853970617,3,9,1
69.82897966494784,3,5,1
69.84801764902659,3,6,1
69.86334258201532,3,7,1
69.90385817713104,11,6,1
69.90532382694073,9,6,1
69.90609867800958,6,7,1
69.91534023312852,11,7,1
69.9232547110878,9,7,1
70.00600146898068,7,12,2
70.0092715790961,1,12,2
70.01187784108333,12,11,2
70.01264560199343,5,12,2
70.01873424998485,2,12,2
70.03020516596735,1,11,2
70.03097961703315,7,11,2
70.03615938010626,5,11,2
70.03686765907332,12,8,1
70.03917551296763,2,11,2
70.04845947795548,1,8,1
70.0497412129771,7,8,1
70.05671113496646,5,8,1
70.05800744099542,2,8,1
70.09728069207631,8,12,2
70.11044734506868,4,12,2
70.11515417392366,10,12,2
70.11811687611043,8,11,2
70.13351791002788,4,11,2
70.1353232699912,10,11,2
70.15487577812746,4,8,1
70.15590584697202,10,8,1
70.19495252100751,0,12,2
70.21556607913226,0,11,2
70.23550825798884,0,8,1
70.30886159813963,3,12,2
70.32911290507764,3,11,2
70.34752081194893,3,8,1
70.36284049414098,3,10,2
70.40059302398004,9,12,2
70.40389197412878,6,12,2
70.4061399360653,11,12,2
70.42600303306244,11,8,1
70.42709859297611,6,11,2
70.42811736208387,9,11,2
70.44868674804457,6,8,1
70.44969398598187,9,8,1
70.45067188306712,11,10,2
70.46613173792139,9,10,2
70.4668714189902,6,10,2
70.50662977294996,7,10,2
70.510371186072,1,10,2
70.51252832612954,5,10,2
70.51359975500964,12,10,2
70.5188473390881,2,10,2
70.60270842909813,8,10,2
70.60714274109341,4,10,2
70.69550773408264,0,10,2
76.80768100195564,3,0,1
76.9009150499478,9,0,1
76.90418097004294,6,0,1
76.90680868201889,11,0,1
77.00685014692135,7,0,1
77.01305168797262,1,0,1
77.01431328314357,12,0,1
77.01500951196067,2,0,1
77.01573563204147,5,0,1
77.10117866494693,8,0,1
77.1046229400672,4,0,1
77.11297996994108,10,0,1
78.11637214291841,10,2,1
78.19901991006918,0,2,1
78.31006188807078,3,2,1
78.40182711509988,9,2,1
78.40328864497133,6,2,1
78.41071546007879,11,2,1
78.50704069295898,7,2,1
78.5137535079848,1,2,1
78.51521884812973,12,2,1
78.51602268009447,5,2,1
78.6033171240706,8,2,1
78.60692389402539,4,2,1
78.90681000193581,9,3,1
78.90768504701555,6,3,1
78.91104833898135,11,3,1
79.00537769705988,7,3,1
79.01445013703778,1,3,1
79.01703299791552,12,3,1
79.0182397919707,5,3,1
79.01933352206834,2,3,1
79.0247868320439,7,1,1
79.04297112300992,12,1,1
79.04402715200558,2,1,1
79.04504063003697,5,1,1
79.10350345005281,8,3,1
79.10569867002778,4,3,1
79.11862139613368,10,3,1
79.123223913135,4,1,1
79.12701223697513,8,1,1
79.13852517399937,10,1,1
79.20333239901811,0,3,1
79.22307858313434,0,1,1
79.31409110012464,3,1,1
79.33452925295569,3,4,1
79.40339411911555,9,1,1
79.40554769802839,6,1,1
79.40999225107953,11,1,1
79.42867379495874,6,4,1
79.42971006408334,9,4,1
79.43070057104342,11,4,1
79.44929747306742,6,9,1
79.45043904497288,9,5,1
79.4514754130505,11,9,1
79.4665659989696,6,5,1
79.46762101794593,11,5,1
79.50804490107112,7,4,1
79.51237412099726,5,4,1
79.51350615196861,1,4,1
79.51459748204798,12,4,1
79.51944403513335,2,4,1
79.53171465313062,7,9,1
79.53673665202223,5,9,1
79.53772891894914,12,9,1
79.5386952359695,1,9,1
79.53975851507857,2,9,1
79.55849922099151,7,5,1
79.56764990300871,1,5,1
79.5686749711167,2,5,1
79.56978302192874,5,6,1
79.57092209300026,12,5,1
79.58594140713103,1,6,1
79.58693566406146,2,6,1
79.58794131199829,12,6,1
79.58895649993792,7,6,1
79.59010891104117,5,7,1
79.60649298294447,1,7,1
79.60869739297777,2,7,1
79.6098244539462,12,7,1
79.6109578460455,8,4,1
79.61286962800659,4,9,1
79.61474365997128,10,4,1
79.63628666405566,8,9,1
79.63739071413875,10,9,1
79.6384798840154,4,5,1
79.67946989298798,4,6,1
79.68021789309569,10,5,1
79.6809318230953,8,5,1
79.70035460800864,8,6,1
79.70135104493238,4,7,1
79.70318061602302,0,4,1
79.70443299994804,10,6,1
79.71109651401639,8,7,1
79.72236115392298,0,9,1
79.72325464896858,10,7,1
79.73403651593253,0,5,1
79.7444961341098,0,6,1
79.75531740207225,0,7,1
79.8075476300437,3,9,1
79.82757067191415,3,5,1
79.84739640797488,3,6,1
79.86325035407208,3,7,1
79.90150047792122,6,7,1
79.90236586192623,9,6,1
79.90765159693547,11,6,1
79.9177615661174,9,7,1
79.92371144914068,11,7,1
80.00834902003407,7,12,2
80.01411629002541,5,12,2
80.01554572908208,1,12,2
80.01625838805921,12,8,1
80.01908146613277,2,12,2
80.02853567595594,7,8,1
80.0405110460706,1,8,1
80.04124859697185,5,8,1
80.0441744569689,2,8,1
80.04487849608995,12,11,2
80.04618326202035,7,11,2
80.06059082900174,5,11,2
80.06130611896515,1,11,2
80.06304132705554,2,11,2
80.10242094099522,8,12,2
80.1071525120642,4,12,2
80.11624929192476,10,12,2
80.1226544289384,8,11,2
80.1307943330612,4,8,1
80.13954289397225,10,8,1
80.15013106609695,4,11,2
80.15838800300844,10,11,2
80.20001338911243,0,12,2
80.22006075200625,0,8,1
80.23987014708109,0,11,2
80.30883742705919,3,12,2
80.3289314401336,3,8,1
80.34759905398823,3,11,2
80.36289194598794,3,10,2
80.40109500801191,9,12,2
80.40325533691794,6,12,2
80.41030333098024,11,12,2
80.42783682397567,6,8,1
80.42885078210384,9,8,1
80.43109047412872,11,8,1
80.4517695531249,6,11,2
80.45248784311116,9,11,2
80.45317141199484,11,10,2
80.46913807210512,9,10,2
80.46984978113323,6,10,2
80.50305486610159,7,10,2
80.50929268798791,12,10,2
80.51270022103563,5,10,2
80.51580877695233,1,10,2
80.51720105600543,2,10,2
80.60264524910599,8,10,2
80.60616124607623,4,10,2
80.69568861206062,0,10,2
86.80721823405474,3,0,1
86.9013502181042,6,0,1
86.90219100099057,9,0,1
86.90855401591398,11,0,1
87.00770466704853,12,0,1
87.0105154949706,7,0,1
87.01362335099839,1,0,1
87.01465609902516,5,0,1
87.01568681700155,2,0,1
87.0996588410344,8,0,1
87.10690207011066,4,0,1
87.11673111096025,10,0,1
88.11838080501184,10,2,1
88.20094676013105,0,2,1
88.31279949098825,3,2,1
88.40216622292064,9,2,1
88.4032157920301,6,2,1
88.41352496598847,11,2,1
88.50878739007749,7,2,1
88.51060399995185,12,2,1
88.51266522705555,5,2,1
88.51375738694333,1,2,1
88.60360517213121,8,2,1
88.60843910602853,4,2,1
88.90802743914537,6,3,1
88.90915404004045,9,3,1
88.91259344504215,11,3,1
89.00933908997104,7,3,1
89.01316933496855,12,3,1
89.01589325093664,5,3,1
89.01658706995659,1,3,1
89.01727263908833,2,3,1
89.02978681307286,7,1,1
89.03614513808861,12,1,1
89.03954629204236,2,1,1
89.04078071611002,5,1,1
89.10280398512259,8,3,1
89.1086349261459,4,3,1
89.11630651704036,10,3,1
89.1278775560204,8,1,1
89.13338249712251,4,1,1
89.13661024603061,10,1,1
89.20197799708694,0,3,1
89.22144661308266,0,1,1
89.30992766097188,3,1,1
89.32916161091998,3,4,1
89.40277402894571,6,1,1
89.40600957814604,9,1,1
89.41261017997749,11,1,1
89.4247021630872,6,4,1
89.42544082296081,9,4,1
89.43262124201283,11,4,1
89.44385039107874,6,9,1
89.44462699210271,9,5,1
89.44904603413306,11,9,1
89.4613749741111,6,5,1
89.4640363571234,11,5,1
89.47960132593289,11,6,1
89.50837216805667,12,4,1
89.50907535804436,7,4,1
89.50977360713296,5,4,1
89.51127968798392,1,4,1
89.51831587194465,2,4,1
89.52935042604804,12,9,1
89.5300923769828,5,9,1
89.53078464604914,7,9,1
89.53544159396552,1,9,1
89.545031768037,2,9,1
89.55041381693445,5,6,1
89.55111576593481,12,5,1
89.55283087305725,7,5,1
89.55647838395089,1,5,1
89.57091784197837,12,6,1
89.57169033307582,2,5,1
89.57690530596301,7,6,1
89.58139450009912,1,6,1
89.58210537000559,5,7,1
89.58283352013677,12,7,1
89.58780363714322,2,6,1
89.59494582307525,1,7,1
89.59560564113781,8,4,1
89.60377672710456,2,7,1
89.6069154930301,4,9,1
89.60859290906228,10,4,1
89.60895161912777,8,9,1
89.62374638696201,10,9,1
89.62407178594731,8,5,1
89.62476723501459,4,5,1
89.63942142901942,10,5,1
89.63999293395318,8,6,1
89.64147500507534,4,6,1
89.6528980100993,8,7,1
89.6687589569483,10,6,1
89.6789384779986,4,7,1
89.6802020019386,10,7,1
89.70079483906738,0,4,1
89.71885802713223,0,9,1
89.73754048207775,0,5,1
89.75272569991648,0,6,1
89.76519176410511,0,7,1
89.80058935913257,3,9,1
89.81398454797454,3,5,1
89.82517373608425,3,6,1
89.8362294009421,3,7,1
89.8962663251441,9,6,1
89.89675190811977,6,7,1
89.9091004380025,9,7,1
89.9102853210643,11,7,1
89.92648491705768,11,12,2
89.99592937109992,7,11,2
90.00158756691962,12,11,2
90.008071025135,5,11,2
90.00882628606632,1,11,2
90.01278894511051,7,12,2
90.01377228205092,2,11,2
90.01452306308784,12,8,1
90.02509477408603,5,12,2
90.02702854806557,1,12,2
90.02778122806922,2,12,2
90.02850466803648,7,8,1
90.04089289903641,5,8,1
90.04197460901923,2,8,1
90.04303735913709,1,8,1
90.09735688497312,8,11,2
90.10269902204163,4,11,2
90.11677115992643,10,11,2
90.11709377891384,8,12,2
90.11895838007331,4,12,2
90.13531933096237,4,8,1
90.13564384006895,10,12,2
90.15150080714375,10,8,1
90.20009967591614,0,11,2
90.22007637610659,0,12,2
90.23926074500196,0,8,1
90.31274369894527,3,11,2
90.33261074591428,3,12,2
90.35103977401741,3,8,1
90.36654946091585,3,10,2
90.39775852113962,9,11,2
90.40302906697616,6,11,2
90.41425827611238,11,8,1
90.41970973601565,9,12,2
90.42345370911062,6,12,2
90.44019368011504,9,8,1
90.44098816206679,11,10,2
90.44297902705148,6,8,1
90.45826076809317,9,10,2
90.45905854995362,6,10,2
90.50680647604167,7,10,2
90.51168777002022,1,10,2
90.5124700521119,5,10,2
90.5131698709447,12,10,2
90.51592479692772,2,10,2
90.59244736493565,8,10,2
90.60852505802177,4,10,2
90.69624891504645,0,10,2
96.80788063211367,3,0,1
96.89977080398239,9,0,1
96.90109287109226,6,0,1
96.90851280512288,11,0,1
97.00622248812579,7,0,1
97.01107166195288,5,0,1
97.01179129094817,12,0,1
97.0125395420473,1,0,1
97.01464467006736,2,0,1
97.10177858103998,8,0,1
97.10516904410906,4,0,1
97.1129515490029,10,0,1
98.20047302707098,0,2,1
98.30970372795127,3,2,1
98.40194247011095,9,2,1
98.40299656894058,6,2,1
98.41202777810395,11,2,1
98.50803787307814,7,2,1
98.5118573489599,5,2,1
98.51257772906683,1,2,1
98.51327145798132,12,2,1
98.60259650903754,8,2,1
98.60687775700353,4,2,1
98.61493256897666,10,2,1
98.90468422393315,9,3,1
98.90682982304133,6,3,1
98.91207119706087,11,3,1
99.00745282601565,7,3,1
99.0117524350062,12,3,1
99.01246622414328,5,3,1
99.01314718299545,1,3,1
99.01867043506354,2,3,1
99.03567842394114,5,1,1
99.03643308510073,12,1,1
99.03711685398594,7,1,1
99.03909466811456,2,1,1
99.10360363591462,8,3,1
99.10718626412563,4,3,1
99.1147663530428,10,3,1
99.12621621903963,8,1,1
99.12700847093947,4,1,1
99.1344406651333,10,1,1
99.20198816712946,0,3,1
99.22272108797915,0,1,1
99.31076832511462,3,1,1
99.33130002999678,3,4,1
99.40299067599699,9,1,1
99.40404359507374,6,1,1
99.41064310702495,11,1,1
99.42713594203815,6,4,1
99.42819254100323,9,4,1
99.43038098094985,11,4,1
99.44866995513439,9,5,1
99.44943343591876,6,9,1
99.4501332549844,11,9,1
99.46707114204764,6,5,1
99.46843771007843,11,5,1
99.50881409202702,12,4,1
99.50953878206201,7,4,1
99.51437942613848,5,4,1
99.51610805396922,2,4,1
99.51684220414609,1,4,1
99.53174214414321,12,9,1
99.53794659511186,2,9,1
99.53865406499244,5,9,1
99.53943040594459,7,9,1
99.54072161205113,1,9,1
99.55003767902963,12,5,1
99.5634873691015,2,5,1
99.5647888649255,7,5,1
99.56752685108222,12,6,1
99.56822216999717,5,6,1
99.56969118001871,1,5,1
99.58700595796108,12,7,1
99.58783552004024,5,7,1
99.58854619995691,7,6,1
99.58927204995416,1,6,1
99.5899709390942,2,6,1
99.60523753007874,4,9,1
99.60596373002045,1,7,1
99.60670142993331,2,7,1
99.60744200996123,8,4,1
99.61598002607934,10,4,1
99.61724690091796,4,5,1
99.62797182612121,4,6,1
99.63124062609859,8,9,1
99.66755627701059,10,9,1
99.66895424597897,4,7,1
99.68843769212253,10,5,1
99.69208804308437,8,5,1
99.69644129299559,0,4,1
99.70597245614044,10,6,1
99.71607792400755,0,9,1
99.71683299494907,8,6,1
99.7180732791312,10,7,1
99.73496959498152,0,5,1
99.73569302493706,8,7,1
99.75105414795689,0,6,1
99.76237582997419,0,7,1
99.80685674608685,3,9,1
99.82703277212568,3,5,1
99.84662050195038,3,6,1
99.86083844397217,3,7,1
99.89630945096724,9,6,1
99.89674011291936,6,7,1
99.90298469504341,11,6,1
99.90869135200046,9,7,1
99.9145192031283,11,7,1
99.92541949404404,11,12,2
99.99487045709975,7,12,2
100.01093884999864,1,12,2
100.01172270206735,5,12,2
100.01215978409164,7,11,2
100.01257314509712,2,12,2
100.01404662593268,12,11,2
100.0317461239174,1,11,2
100.03220108593814,5,11,2
100.03262448799796,7,8,1
100.03336734813638,2,11,2
100.03560293000191,12,8,1
100.04787312797271,1,8,1
100.04839266208,2,8,1
100.0488038440235,5,8,1
100.091781568015,8,12,2
100.10668598907068,8,11,2
100.109592739027,4,12,2
100.11675318609923,10,12,2
100.13034164113924,4,11,2
100.1370492160786,10,11,2
100.14971293509007,4,8,1
100.15578408213332,10,8,1
100.19632985908538,0,12,2
100.2122675681021,0,11,2
100.2278377180919,0,8,1
100.31367264292203,3,12,2
100.33416756801307,3,11,2
100.35320080304518,3,8,1
100.36961197503842,3,10,2
100.40111725311726,9,12,2
100.4028551611118,6,12,2
100.4126557810232,11,8,1
100.42612536204979,6,11,2
100.42681248113513,9,11,2
100.43628209200688,11,10,2
100.44893320114352,6,8,1
100.44961899006739,9,8,1
100.46735916892067,9,10,2
100.46858875313774,6,10,2
100.49763622297905,7,10,2
100.51116755604744,1,10,2
100.51260444591753,5,10,2
100.51336512714624,12,10,2
100.51411877712235,2,10,2
100.60055892006494,8,10,2
100.60747150005773,4,10,2
100.69723523408175,0,10,2
106.80312925297767,3,0,1
106.89938383596018,9,0,1
106.90082768606953,6,0,1
106.908694263082,11,0,1
107.0061150980182,12,0,1
107.00689773005433,7,0,1
107.0117426039651,1,0,1
107.01407326804474,5,0,1
107.0188079380896,2,0,1
107.10134145291522,8,0,1
107.10618811706081,4,0,1
107.11454293713905,10,0,1
108.1159730211366,10,2,1
108.19958845595829,0,2,1
108.31275078607723,3,2,1
108.39563796995208,9,2,1
108.40242782793939,6,2,1
108.41096949297935,11,2,1
108.51080251508392,7,2,1
108.51263530598953,12,2,1
108.51364539307542,5,2,1
108.51482827612199,1,2,1
108.60285573196597,8,2,1
108.60779338912107,4,2,1
108.9064894320909,6,3,1
108.90726339397952,9,3,1
108.9111212301068,11,3,1
109.01156056905165,7,3,1
109.01439351704903,12,3,1
109.01524795009755,5,3,1
109.01595827005804,1,3,1
109.01869331602938,2,3,1
109.03830919601023,12,1,1
109.03908193809912,7,1,1
109.03986260900274,5,1,1
109.04056237800978,2,1,1
109.103598105954,8,3,1
109.10818569199182,4,3,1
109.11603458900936,10,3,1
109.12871364806779,8,1,1
109.13276766007766,4,1,1
109.13547994405963,10,1,1
109.20235690800473,0,3,1
109.22197114909068,0,1,1
109.31350344209932,3,1,1
109.33404571795836,3,4,1
109.40639845305122,6,1,1
109.40743720205501,9,1,1
109.4099335600622,11,1,1
109.43112640501931,11,4,1
109.43214628309943,6,4,1
109.43310678913258,9,4,1
109.45286869397387,9,5,1
109.45385550102219,11,9,1
109.4548198680859,6,9,1
109.47130825207569,6,5,1
109.47311066207476,11,5,1
109.50205617002212,7,4,1
109.51234549400397,5,4,1
109.5133447709959,12,4,1
109.51430964795873,1,4,1
109.51780496397987,2,4,1
109.52445508702658,7,9,1
109.53836858109571,2,9,1
109.53938640910201,5,9,1
109.54034728510305,12,9,1
109.54134657303803,1,9,1
109.54628391913138,7,5,1
109.57267362694256,12,5,1
109.57446377607994,2,5,1
109.57550855493173,1,5,1
109.5766369861085,5,6,1
109.57774053607136,7,6,1
109.59696862613782,1,6,1
109.59798246412538,2,6,1
109.59896856104024,5,7,1
109.60099182697013,12,6,1
109.60310055501759,8,4,1
109.60702180396765,4,9,1
109.61441281693988,1,7,1
109.61891985195689,2,7,1
109.61964542092755,12,7,1
109.62088765599765,10,4,1
109.62337994412519,8,9,1
109.62747716810554,4,5,1
109.63966846396215,10,9,1
109.64173666993156,8,5,1
109.67123116413131,4,6,1
109.6850242940709,10,5,1
109.68605196196586,8,6,1
109.6879626349546,4,7,1
109.70179100614041,8,7,1
109.70281626400538,10,6,1
109.70469969604164,0,4,1
109.71401780308224,10,7,1
109.72324468707666,0,9,1
109.73897385108285,0,5,1
109.75159432902001,0,6,1
109.76212236913852,0,7,1
109.80735809612088,3,9,1
109.82759962393902,3,5,1
109.8468087229412,3,6,1
109.86230770102702,3,7,1
109.89878322603181,9,6,1
109.8999886289239,6,7,1
109.9087767121382,11,6,1
109.909790140111,9,7,1
109.92505876114592,11,7,1
110.0001552910544,7,11,2
110.00285027502105,12,11,2
110.00747979292646,1,11,2
110.00850383099169,5,11,2
110.0137690459378,2,11,2
110.0147972740233,7,8,1
110.01706387707964,12,8,1
110.02130735409446,1,8,1
110.02246221597306,5,8,1
110.02709697303362,7,12,2
110.03309168899432,2,8,1
110.03494834993035,5,12,2
110.03604392008856,1,12,2
110.04814261314459,2,12,2
110.09817298292182,8,11,2
110.09902813611552,4,11,2
110.10541759198532,8,12,2
110.1123071720358,4,8,1
110.11379261408001,10,11,2
110.12436336511746,4,12,2
110.12963754008524,10,8,1
110.14542620605789,10,12,2
110.19131041993387,0,11,2
110.20254174992442,0,8,1
110.21276625199243,0,12,2
110.30886565102264,3,11,2
110.32912721997127,3,8,1
110.34778413409367,3,12,2
110.36320807901211,3,10,2
110.39900968596339,9,11,2
110.4042102789972,6,11,2
110.41201004502364,11,8,1
110.41907365899533,9,8,1
110.42798992502503,6,8,1
110.4375521580223,11,12,2
110.43889930495061,9,12,2
110.44924443098716,6,12,2
110.45574774011038,9,10,2
110.4585870380979,11,10,2
110.46705237193964,6,10,2
110.50936599797569,7,10,2
110.51279520313255,5,10,2
110.51327892602421,12,10,2
110.51373787899502,1,10,2
110.51722110505216,2,10,2
110.60255035711452,8,10,2
110.6082794549875,4,10,2
110.69716080510989,0,10,2
116.80752684711479,3,0,1
116.89957129512914,9,0,1
116.90093079209328,6,0,1
116.90924222092144,11,0,1
117.00481784692965,7,0,1
117.01016675401479,5,0,1
117.01094551593997,12,0,1
117.01311784610152,1,0,1
117.01479215198196,2,0,1
117.10088082496077,8,0,1
117.10492478706874,4,0,1
117.11306811100803,10,0,1
118.11541029904038,10,2,1
118.19991801911965,0,2,1
118.30441860109568,3,2,1
118.40145101607777,9,2,1
118.40297468798235,6,2,1
118.41082629491575,11,2,1
118.50298857595772,7,2,1
118.51168369594961,12,2,1
118.51242738612927,5,2,1
118.51374174212106,1,2,1
118.60359310009517,8,2,1
118.60743034607731,4,2,1
118.9072526129894,6,3,1
118.91042054002173,9,3,1
118.91159535199404,11,3,1
119.00840783212334,7,3,1
119.01339525892399,5,3,1
119.01442635804415,12,3,1
119.0154454659205,1,3,1
119.01749056205153,2,3,1
119.03191937995143,7,1,1
119.0382799259387,5,1,1
119.03932955511846,12,1,1
119.0403003511019,2,1,1
119.10114214895293,8,3,1
119.10860925493762,4,3,1
119.11757626198232,10,3,1
119.12073055910878,8,1,1
119.12825476704165,4,1,1
119.1369991779793,10,1,1
119.20216222503223,0,3,1
119.221816516947,0,1,1
119.30413582595065,3,1,1
119.32573913200758,3,4,1
119.39985972596332,9,1,1
119.40481268311851,6,1,1
119.41637248103507,11,1,1
119.42006255313754,9,4,1
119.42769786412828,6,4,1
119.4397827370558,9,5,1
119.44285505102016,11,4,1
119.44606361002661,6,9,1
119.46170820202678,11,9,1
119.46283934311941,6,5,1
119.47711835592054,11,5,1
119.50646577612497,7,4,1
119.51140452199616,5,4,1
119.51253742305562,12,4,1
119.51364739402197,1,4,1
119.5160890109837,2,4,1
119.5298498601187,7,9,1
119.5320937319193,5,9,1
119.53612930304371,1,9,1
119.53726805513725,2,9,1
119.53828781307675,12,9,1
119.55590658914298,7,5,1
119.5569170571398,5,6,1
119.55905012600124,2,5,1
119.55986857810058,12,5,1
119.56056604697369,1,5,1
119.58076517493464,5,7,1
119.58178042294458,7,6,1
119.58372911601327,2,6,1
119.58496318012476,12,6,1
119.58599584898911,1,6,1
119.60335525800474,2,7,1
119.6043930859305,12,7,1
119.6053880630061,1,7,1
119.60641586198471,8,4,1
119.6098397760652,4,9,1
119.61434387997724,10,4,1
119.62347355205566,8,9,1
119.63315563905053,10,9,1
119.63416424696334,4,5,1
119.64376564207487,8,5,1
119.67823508195579,8,6,1
119.67929894197732,4,6,1
119.68027032795362,10,5,1
119.7008037341293,4,7,1
119.7020795289427,10,6,1
119.70314440899529,8,7,1
119.70423398911953,0,4,1
119.71560429292731,10,7,1
119.71786962496117,0,9,1
119.7325582599733,0,5,1
119.74804240697995,0,6,1
119.75912728300318,0,7,1
119.80789398797788,3,9,1
119.8288241950795,3,5,1
119.84997609793209,3,6,1
119.86604360095225,3,7,1
119.90425092400983,6,7,1
119.90525894192979,11,6,1
119.90623295912519,9,6,1
119.92083196202293,11,7,1
119.92267222213559,9,7,1
120.00985398609191,5,8,1
120.01086737401783,12,8,1
120.01189958304167,1,8,1
120.01296520209871,7,8,1
120.01422878704034,2,8,1
120.03470737207681,5,12,2
120.03574533993378,12,11,2
120.03673904808238,1,12,2
120.03776201605797,2,12,2
120.03896501893178,7,12,2
120.05608212109655,5,11,2
120.05909446394071,1,11,2
120.06026570592076,7,11,2
120.06128857494332,2,11,2
120.09605278307572,8,12,2
120.10436912300065,4,8,1
120.11352643510327,8,11,2
120.11455020308495,10,8,1
120.12023665010929,4,12,2
120.13353456696495,10,12,2
120.13553294213489,4,11,2
120.15098984795623,10,11,2
120.1933632469736,0,8,1
120.20539163798094,0,12,2
120.21602936205454,0,11,2
120.3013957850635,3,8,1
120.31265868595801,3,12,2
120.32388379611075,3,11,2
120.33492507995106,3,10,2
120.39403178007342,9,8,1
120.39492001500912,6,8,1
120.40471085393801,11,8,1
120.4141129439231,9,12,2
120.41866260906681,6,12,2
120.42061580298468,11,12,2
120.43705008598045,9,11,2
120.4375888609793,11,10,2
120.43962188693695,6,11,2
120.4554741140455,6,10,2
120.4559468771331,9,10,2
120.49819241208024,7,10,2
120.51075380900875,5,10,2
120.51124639203772,1,10,2
120.5129931899719,12,10,2
120.514121952001,2,10,2
120.60346765513532,8,10,2
120.60844960296527,4,10,2
120.69688538112678,0,10,2
126.80759767093696,3,0,1
126.89990305714309,9,0,1
126.90069501800463,6,0,1
126.90977848903276,11,0,1
127.00687799695879,7,0,1
127.01194622693583,12,0,1
127.01356731099077,5,0,1
127.01428005099297,1,0,1
127.01560085802339,2,0,1
127.10119806812145,8,0,1
127.10588101809844,4,0,1
127.11338170408271,10,0,1
128.1162737449631,10,2,1
128.2003357440699,0,2,1
128.30900758109055,3,2,1
128.40212636906654,9,2,1
128.4031222970225,6,2,1
128.41125399107113,11,2,1
128.5082688170951,7,2,1
128.51204896112904,1,2,1
128.51304579898715,5,2,1
128.51401385501958,12,2,1
128.60267089004628,8,2,1
128.608438659925,4,2,1
128.89303075894713,9,3,1
128.89608537312597,6,3,1
128.9032821720466,11,3,1
129.01352658309042,5,3,1
129.01453212997876,12,3,1
129.01551212696359,7,3,1
129.0165243151132,1,3,1
129.01767239696346,2,3,1
129.0404252940789,2,1,1
129.04142957204022,5,1,1
129.0423911989201,12,1,1
129.04344349796884,7,1,1
129.10399635811336,8,3,1
129.10759169701487,4,3,1
129.11756697203964,10,3,1
129.12782501499169,4,1,1
129.12883239309303,8,1,1
129.13976900512353,10,1,1
129.2020359421149,0,3,1
129.2210376560688,0,1,1
129.31186176091433,3,1,1
129.33253626106307,3,4,1
129.40311778802425,6,1,1
129.40531652909704,9,1,1
129.40982846310362,11,1,1
129.426113383146,6,4,1
129.42661260603927,9,4,1
129.42945980513468,11,4,1
129.44836127595045,6,9,1
129.44891812093556,9,5,1
129.44946231599897,11,9,1
129.4658895090688,6,5,1
129.46687753708102,11,5,1
129.5074016340077,7,4,1
129.5126393090468,5,4,1
129.5131892741192,12,4,1
129.51418401207775,1,4,1
129.51712333294563,2,4,1
129.5338903251104,7,9,1
129.53791477601044,2,9,1
129.53846866101958,5,9,1
129.53901128610596,12,9,1
129.53957599191926,1,9,1
129.55980748008005,7,5,1
129.56745304097421,12,5,1
129.5680054060649,5,6,1
129.5685544719454,2,5,1
129.5690947859548,1,5,1
129.57371624396183,7,6,1
129.58772887010127,5,7,1
129.58828842593357,12,6,1
129.58883657096885,1,6,1
129.58938378607854,2,6,1
129.6078468549531,12,7,1
129.60871732910164,1,7,1
129.61024059099145,2,7,1
129.6110022419598,8,4,1
129.6117903541308,4,9,1
129.6144809781108,10,4,1
129.6340783489868,10,9,1
129.63480549911037,8,9,1
129.66756717208773,4,5,1
129.6771455470007,10,5,1
129.68264407804236,8,5,1
129.68731389706954,4,6,1
129.6886440741364,10,6,1
129.70224962895736,8,6,1
129.7029916991014,10,7,1
129.7057309250813,0,4,1
129.7090350659564,4,7,1
129.712840361055,8,7,1
129.72594573302194,0,9,1
129.74655960104428,0,5,1
129.76228756504133,0,6,1
129.77485238201916,0,7,1
129.807081050938,3,9,1
129.82866181596182,3,5,1
129.8482790470589,3,6,1
129.86452563502826,3,7,1
129.90305403713137,6,7,1
129.90399393299595,9,6,1
129.90440969495103,11,6,1
129.9160738370847,11,7,1
129.92124144895934,9,7,1
129.92727310513146,11,12,2
130.01091561303474,12,11,2
130.01201533293352,7,12,2
130.01372251007706,1,12,2
130.01507068704814,5,12,2
130.01838750904426,2,12,2
130.04002641607076,1,11,2
130.04076766595244,12,8,1
130.0414554150775,7,11,2
130.0421318640001,2,11,2
130.04281760193408,5,11,2
130.0641015600413,1,8,1
130.0649214021396,2,8,1
130.0656978341285,7,8,1
130.0664893151261,5,8,1
130.10338875302114,8,12,2
130.10815938492306,4,12,2
130.11072714603506,10,12,2
130.12725838203914,10,11,2
130.12796617113054,8,11,2
130.13095185393468,4,11,2
130.1429169839248,10,8,1
130.1518909810111,4,8,1
130.19836378307082,0,12,2
130.2181110579986,0,11,2
130.23745147092268,0,8,1
130.30395579501055,3,12,2
130.3140164730139,3,11,2
130.32424353505485,3,8,1
130.3348091361113,3,10,2
130.39621329004876,6,12,2
130.40143312397413,9,12,2
130.402872283943,11,8,1
130.40806279703975,6,11,2
130.4135960000567,11,10,2
130.42130682291463,6,8,1
130.4232661561109,9,11,2
130.43229410611093,6,10,2
130.44176172697917,9,8,1
130.45814734813757,9,10,2
130.4974621629808,7,10,2
130.50054335803725,12,10,2
130.50230314699002,5,10,2
130.5096558390651,2,10,2
130.5113334460184,1,10,2
130.60047035408206,8,10,2
130.60805119411089,4,10,2
130.69560836814344,0,10,2
136.80778033612296,3,0,1
136.89951886609197,9,0,1
136.90138507797383,6,0,1
136.9090643899981,11,0,1
137.00776576297358,12,0,1
137.0087849011179,7,0,1
137.01412293803878,1,0,1
137.01531839114614,5,0,1
137.01632148912176,2,0,1
137.10148013802245,8,0,1
137.1050115560647,4,0,1
137.1129007230047,10,0,1
138.20043672714382,0,2,1
138.3096300989855,3,2,1
138.40142611204647,9,2,1
138.40309437806718,6,2,1
138.41283926693723,11,2,1
138.50797520112246,7,2,1
138.5117627659347,12,2,1
138.5124600250274,1,2,1
138.51316976500675,5,2,1
138.6026923849713,8,2,1
138.60678565804847,4,2,1
138.6149318420794,10,2,1
138.90803537913598,6,3,1
138.90933209494688,9,3,1
138.91466819192283,11,3,1
139.00061591295525,12,3,1
139.00163554097526,7,3,1
139.01509454194456,1,3,1
139.01614036108367,5,3,1
139.01713488902897,12,1,1
139.01915806508623,7,1,1
139.0202766561415,2,3,1
139.0368443930056,2,1,1
139.03867181297392,5,1,1
139.10193009814247,8,3,1
139.10560698993504,4,3,1
139.11554810404778,10,3,1
139.12620150810108,8,1,1
139.12725109700114,4,1,1
139.1352434270084,10,1,1
139.20153410593048,0,3,1
139.22160934004933,0,1,1
139.31154426094145,3,1,1
139.3318333409261,3,4,1
139.40353189012967,9,1,1
139.40452796709724,6,1,1
139.41054359311238,11,1,1
139.4269133650232,6,4,1
139.42796409409493,9,4,1
139.43045530212112,11,4,1
139.4469934089575,6,9,1
139.45014892611653,11,9,1
139.45214097108692,9,5,1
139.46410462097265,6,5,1
139.46594138094224,11,5,1
139.501974536106,7,4,1
139.50939457002096,12,4,1
139.5126138490159,5,4,1
139.51647777599283,1,4,1
139.51758265611716,2,4,1
139.52016475703567,7,9,1
139.52963684895076,12,9,1
139.53680776595138,5,9,1
139.5403124729637,2,9,1
139.54136354196817,1,9,1
139.54234210914,7,5,1
139.5591224320233,12,5,1
139.56758001609705,5,6,1
139.56862264405936,1,5,1
139.56974411499687,7,6,1
139.57258337410167,2,5,1
139.57380364695564,12,6,1
139.583833233919,1,6,1
139.58609887608327,5,7,1
139.58869400806725,12,7,1
139.58976244810037,2,6,1
139.59888692898676,1,7,1
139.60323931998573,8,4,1
139.60426694806665,4,9,1
139.6052615251392,2,7,1
139.61471578595228,10,4,1
139.6218458530493,4,5,1
139.6244714751374,8,9,1
139.6344748409465,4,6,1
139.6367540541105,10,9,1
139.66745207109489,8,5,1
139.67191423405893,4,7,1
139.68310900311917,8,6,1
139.68498192494735,10,5,1
139.69864619197324,0,4,1
139.70155249210075,10,6,1
139.7027332340367,8,7,1
139.71834347513504,10,7,1
139.71941590495408,0,9,1
139.73760683694854,0,5,1
139.75295004993677,0,6,1
139.76475751609541,0,7,1
139.80676151509397,3,9,1
139.8282613379415,3,5,1
139.84928249800578,3,6,1
139.86578447301872,3,7,1
139.9023039310705,6,7,1
139.90337450010702,9,6,1
139.90437475801446,11,6,1
139.91748066898435,11,7,1
139.9200447399635,9,7,1
140.00301326904446,7,11,2
140.003990245983,1,11,2
140.00445961905643,12,11,2
140.00491945212707,5,11,2
140.0186927919276,7,12,2
140.01933486014605,2,11,2
140.02042737999,12,8,1
140.02095487411134,1,12,2
140.02140293712728,5,12,2
140.0361655841116,7,8,1
140.03662222600542,2,12,2
140.0370568379294,5,8,1
140.0374944601208,1,8,1
140.04717745701782,2,8,1
140.09769636113197,8,11,2
140.09984110994264,4,11,2
140.11234352597967,10,11,2
140.11419693706557,4,12,2
140.11468006996438,8,12,2
140.1261272560805,4,8,1
140.12646843492985,10,12,2
140.1374918690417,10,8,1
140.19984960998408,0,11,2
140.21956668398343,0,12,2
140.2360126080457,0,8,1
140.30964327906258,3,11,2
140.3298268460203,3,12,2
140.34852622193284,3,8,1
140.3640009390656,3,10,2
140.39444354898296,9,11,2
140.40342254703864,6,11,2
140.41170944506302,9,12,2
140.413524545962,11,12,2
140.42540494306013,6,12,2
140.42746569006704,9,8,1
140.4366503029596,11,8,1
140.44490376091562,9,10,2
140.4452271501068,6,8,1
140.458660810953,11,10,2
140.46148666902445,6,10,2
140.50587920402177,12,10,2
140.50917175412178,7,10,2
140.5134759331122,1,10,2
140.51650019711815,2,10,2
140.51682869601063,5,10,2
140.59645103197545,8,10,2
140.6083919920493,4,10,2
140.69533090107143,0,10,2
146.80768712912686,3,0,1
146.8999396651052,9,0,1
146.90123295108788,6,0,1
146.90854804310948,11,0,1
147.0061693370808,7,0,1
147.01057255803607,5,0,1
147.01129934797063,12,0,1
147.01313230907544,1,0,1
147.01466852100566,2,0,1
147.1031377830077,8,0,1
147.10888534109108,4,0,1
147.11255984194577,10,0,1
148.19954260904342,0,2,1
148.31303876102902,3,2,1
148.4019273140002,9,2,1
148.40403318195604,6,2,1
148.4106186539866,11,2,1
148.50800983095542,7,2,1
148.51154686906375,5,2,1
148.5122431779746,12,2,1
148.51293351803906,1,2,1
148.6036600510124,8,2,1
148.60723452013917,4,2,1
148.61461633304134,10,2,1
148.90429943799973,9,3,1
148.90664233197458,6,3,1
148.9111034059897,11,3,1
149.00812713312916,1,3,1
149.00927586504258,12,3,1
149.01038271491416,7,3,1
149.01474782591686,5,3,1
149.0189852330368,2,3,1
149.02727445191704,12,1,1
149.02967309812084,7,1,1
149.0384242690634,5,1,1
149.0394699180033,2,1,1
149.10322479810566,8,3,1
149.10424403613433,4,3,1
149.1170182081405,10,3,1
149.12513666204177,4,1,1
149.12588151311502,8,1,1
149.13816095213406,10,1,1
149.20182797894813,0,3,1
149.22139324899763,0,1,1
149.3135606420692,3,1,1
149.33316653291695,3,4,1
149.40255220793188,9,1,1
149.40369756007567,6,1,1
149.41002953401767,11,1,1
149.4265608410351,6,4,1
149.4276088499464,9,4,1
149.42997906496748,11,4,1
149.44996251701377,6,9,1
149.45097816409543,9,5,1
149.45199299207889,11,9,1
149.46805939613841,6,5,1
149.46904227300547,11,5,1
149.50416986295022,7,4,1
149.51066208211705,1,4,1
149.51122010708787,12,4,1
149.51526810904033,5,4,1
149.52059227600694,2,4,1
149.52301256312057,7,9,1
149.53590425802395,5,9,1
149.53692869702354,12,9,1
149.5379156039562,1,9,1
149.5414803221356,2,9,1
149.54257058212534,7,5,1
149.56130444910377,5,7,1
149.56185526493937,12,5,1
149.56239849003032,1,5,1
149.5629377339501,7,6,1
149.56801264500245,2,5,1
149.5820326609537,12,7,1
149.58259075693786,1,7,1
149.5831311319489,5,6,1
149.58483815891668,2,7,1
149.60239921393804,12,6,1
149.60294998902828,1,6,1
149.60351234395057,2,6,1
149.60449059098028,8,4,1
149.60618806793354,4,9,1
149.61377065698616,10,4,1
149.62370438105427,8,9,1
149.62827609712258,4,5,1
149.6315103371162,10,9,1
149.6449506781064,8,5,1
149.66763170412742,10,5,1
149.67147810012102,4,7,1
149.6855012869928,8,7,1
149.68655831599608,10,7,1
149.6884703191463,4,6,1
149.7008046291303,8,6,1
149.7026983120013,0,4,1
149.70379000203684,10,6,1
149.72086433297954,0,9,1
149.7417636399623,0,5,1
149.75865983613767,0,7,1
149.77691221912391,0,6,1
149.80296104797162,3,9,1
149.81565902894363,3,5,1
149.8273094999604,3,7,1
149.83888020995073,3,6,1
149.89648838993162,9,7,1
149.8976260209456,6,7,1
149.9031460529659,11,7,1
149.90878735901788,9,6,1
149.9154858039692,11,6,1
149.92860162607394,11,12,2
149.9935843590647,7,12,2
150.01355558005162,1,12,2
150.01461304002441,2,12,2
150.01564314798452,12,11,2
150.01660644402727,7,11,2
150.01775966607966,5,12,2
150.04265325306915,7,8,1
150.04369302210398,12,8,1
150.04465830908157,2,11,2
150.04567576711997,1,11,2
150.04680615803227,5,11,2
150.06453965697438,5,8,1
150.0655338349752,1,8,1
150.06649938202463,2,8,1
150.1036148259882,8,12,2
150.11045810510404,4,12,2
150.1141585870646,10,12,2
150.12427479610778,8,11,2
150.13528394000605,10,11,2
150.13627538713627,4,11,2
150.1559577200096,10,8,1
150.15694432798773,4,8,1
150.19841944193467,0,12,2
150.21830315096304,0,11,2
150.23761352407746,0,8,1
150.30870886612684,3,12,2
150.329385667108,3,11,2
150.3484963439405,3,8,1
150.3646192990709,3,10,2
150.40092249098234,9,12,2
150.40250850492157,6,12,2
150.4102710490115,11,8,1
150.42493013408966,9,11,2
150.4270645719953,6,11,2
150.4307923950255,11,10,2
150.44581864005886,6,8,1
150.4464019560255,9,8,1
150.46292615192942,9,10,2
150.46381583693437,6,10,2
150.5102489180863,7,10,2
150.51172931911424,1,10,2
150.5124750600662,5,10,2
150.51316263806075,12,10,2
150.51384417712688,2,10,2
150.60326593508944,4,10,2
150.6039699949324,8,10,2
150.6955781930592,0,10,2
156.8031130139716,3,0,1
156.89943879307248,9,0,1
156.90151922008954,6,0,1
156.90884244302288,11,0,1
157.00643656705506,7,0,1
157.01106038410217,5,0,1
157.01182403508574,12,0,1
157.0125391050242,1,0,1
157.01466971402988,2,0,1
157.09850484807976,8,0,1
157.10898470692337,4,0,1
157.1130415489897,10,0,1
158.115253853146,10,2,1
158.20027845003642,0,2,1
158.31300468207337,3,2,1
158.40247662202455,9,2,1
158.40365723497234,6,2,1
158.4109174851328,11,2,1
158.50748918112367,7,2,1
158.51113653113134,12,2,1
158.51310132606886,1,2,1
158.51379945501685,5,2,1
158.60233947914094,8,2,1
158.6068152829539,4,2,1
158.904317694949,6,3,1
158.90516732796095,9,3,1
158.9107078409288,11,3,1
159.01260491413996,7,3,1
159.013477018103,12,3,1
159.01418274804018,5,3,1
159.01487160706893,1,3,1
159.01739125605673,2,3,1
159.0402879479807,7,1,1
159.04109762096778,2,1,1
159.0417968800757,5,1,1
159.04248505900614,12,1,1
159.10340914106928,8,3,1
159.107076151995,4,3,1
159.11460086004809,10,3,1
159.12538192700595,8,1,1
159.1268865589518,4,1,1
159.13417374994606,10,1,1
159.20214122603647,0,3,1
159.2217853080947,0,1,1
159.310681902105,3,1,1
159.3312386199832,3,4,1
159.40345562295988,9,1,1
159.40420220396481,6,1,1
159.41071209404618,11,1,1
159.42702514398843,6,4,1
159.42779264505953,9,4,1
159.43036142596975,11,4,1
159.4476419130806,6,9,1
159.4489986510016,9,5,1
159.44969811011106,11,9,1
159.46489932993427,6,5,1
159.46571693196893,11,5,1
159.49971934012137,7,4,1
159.5012001709547,12,4,1
159.5127633109223,2,4,1
159.51707674004138,1,4,1
159.51760802511126,5,4,1
159.5181510699913,7,9,1
159.51989866793156,12,9,1
159.52435410092585,2,9,1
159.54198757791892,7,5,1
159.5444910370279,2,5,1
159.54537331103347,12,5,1
159.5462601550389,5,9,1
159.54765586392023,1,9,1
159.5627697110176,12,6,1
159.5633453070186,5,6,1
159.56387534202076,2,6,1
159.56805355707183,7,6,1
159.58017186098732,1,5,1
159.58225197903812,12,7,1
159.58312128297985,2,7,1
159.5840823999606,5,7,1
159.60190573194996,1,6,1
159.60396128799766,8,4,1
159.60595008311793,4,9,1
159.61823676200584,1,7,1
159.61900039413013,10,4,1
159.62303891498595,8,9,1
159.62643806892447,4,5,1
159.63972019497305,10,9,1
159.64430537214503,8,5,1
159.64532391005196,4,6,1
159.6780695139896,10,5,1
159.67888706596568,4,7,1
159.67991346493363,8,6,1
159.69767422508448,10,6,1
159.6995463471394,8,7,1
159.70062427711673,0,4,1
159.70832773903385,10,7,1
159.718497550115,0,9,1
159.7379839080386,0,5,1
159.75338662299328,0,6,1
159.7664459841326,0,7,1
159.8075756491162,3,9,1
159.82776528596878,3,5,1
159.84692003508098,3,6,1
159.86243479303084,3,7,1
159.89962742011994,6,7,1
159.90112805203535,9,6,1
159.9074024350848,11,6,1
159.9176465771161,9,7,1
159.92366988398135,11,7,1
159.93912519002333,11,12,2
160.000763901975,12,11,2
160.0091813339386,7,12,2
160.01345771295018,5,12,2
160.0144706510473,1,12,2
160.01824931497686,2,12,2
160.02151854499243,12,8,1
160.03602530504577,7,11,2
160.03744725510478,5,11,2
160.03822180605493,1,11,2
160.03891856502742,2,11,2
160.05585808306932,1,8,1
160.05630704504438,5,8,1
160.056752308039,7,8,1
160.05747085693292,2,8,1
160.0927476210054,8,12,2
160.09970709308982,4,12,2
160.10848141508177,10,12,2
160.10897009912878,8,11,2
160.11240062396973,4,11,2
160.11964330310002,10,11,2
160.12436308409087,4,8,1
160.1302410659846,10,8,1
160.19220462697558,0,12,2
160.20514989411458,0,11,2
160.21619426901452,0,8,1
160.30895031895489,3,12,2
160.3294642260298,3,11,2
160.349362075096,3,8,1
160.36558578303084,3,10,2
160.39735156996176,9,12,2
160.40336381597444,6,12,2
160.41493595507927,11,8,1
160.41815420403145,9,11,2
160.42691762605682,6,11,2
160.43910347204655,9,8,1
160.44054227205925,11,10,2
160.44803360896185,6,8,1
160.4554857451003,9,10,2
160.4649115849752,6,10,2
160.49862768594176,7,10,2
160.50976489298046,1,10,2
160.51219637994654,5,10,2
160.51335383206606,12,10,2
160.51646379800513,2,10,2
160.603171142051,8,10,2
160.60667611798272,4,10,2
160.69628316210583,0,10,2
166.80713557009585,3,0,1
166.90176916192286,6,0,1
166.90282772202045,9,0,1
166.90396999311633,11,0,1
167.00620616599917,7,0,1
167.00982759613544,12,0,1
167.01285638893023,5,0,1
167.01359704998322,1,0,1
167.01696795294993,2,0,1
167.1031366221141,8,0,1
167.10721035511233,4,0,1
167.11382308695465,10,0,1
168.1998213629704,0,2,1
168.30928417504765,3,2,1
168.40186875103973,9,2,1
168.40343542513438,6,2,1
168.41118223802187,11,2,1
168.50737975514494,7,2,1
168.51166723296046,1,2,1
168.51241959398612,12,2,1
168.5131225429941,5,2,1
168.6023847979959,8,2,1
168.60662339511327,4,2,1
168.61539691709913,10,2,1
168.90741215995513,6,3,1
168.90821933210827,9,3,1
168.9121372899972,11,3,1
169.00873324810527,7,3,1
169.01174071105197,12,3,1
169.01447072601877,5,3,1
169.0154727739282,1,3,1
169.0186265311204,2,3,1
169.03629083908163,12,1,1
169.0374430899974,7,1,1
169.0397882249672,2,1,1
169.04171655792743,5,1,1
169.10315959504806,8,3,1
169.10640604398213,4,3,1
169.11675216001458,10,3,1
169.12536648800597,8,1,1
169.1261411800515,4,1,1
169.13675010204315,10,1,1
169.20217010914348,0,3,1
169.2216233459767,0,1,1
169.31658994802274,3,1,1
169.33713274495676,3,4,1
169.40326810092665,6,1,1
169.40459217806347,9,1,1
169.412582868943,11,1,1
169.4249259000644,9,4,1
169.42563844914548,6,4,1
169.43227379210293,11,4,1
169.44424149300903,6,9,1
169.44495438202284,9,5,1
169.44976941496134,11,9,1
169.4621647580061,6,5,1
169.4647910699714,11,5,1
169.50745153799653,7,4,1
169.51231811195612,5,4,1
169.51304505299777,12,4,1
169.51375781209208,1,4,1
169.51608197693713,2,4,1
169.53802655194886,1,9,1
169.53883620514534,2,9,1
169.53958485508338,7,9,1
169.540292724967,5,9,1
169.54098572395742,12,9,1
169.56357442797162,1,5,1
169.5649449059274,7,5,1
169.56564380507916,12,5,1
169.56632359395735,2,5,1
169.56700893305242,5,6,1
169.58437486202456,1,6,1
169.58519192505628,12,6,1
169.58592108497396,7,6,1
169.5866756150499,2,6,1
169.5874077361077,5,7,1
169.60499172098935,1,7,1
169.6057205919642,2,7,1
169.6064347610809,12,7,1
169.60717704193667,8,4,1
169.60790667193942,4,9,1
169.61914065200835,10,4,1
169.62710772198625,4,5,1
169.62792064412497,8,9,1
169.63807053491473,10,9,1
169.6688081631437,8,5,1
169.66963814594783,4,6,1
169.6801662570797,10,5,1
169.6847798449453,8,6,1
169.6920697761234,4,7,1
169.70101085305214,8,7,1
169.70210081292316,10,6,1
169.70361342513934,0,4,1
169.7173043929506,10,7,1
169.7210697159171,0,9,1
169.7396945611108,0,5,1
169.75509700598195,0,6,1
169.76754774991423,0,7,1
169.80634704092517,3,9,1
169.82725228811614,3,5,1
169.84721809998155,3,6,1
169.86358131095767,3,7,1
169.8982748000417,6,7,1
169.89955284493044,9,6,1
169.90949461003765,11,6,1
169.91654979414307,9,7,1
169.9296374549158,11,7,1
169.9490671721287,11,12,2
170.00602507498115,1,11,2
170.00850767293014,12,11,2
170.00923143303953,7,11,2
170.01440710597672,5,11,2
170.01832712395117,2,11,2
170.03124710195698,12,8,1
170.03194751101546,7,12,2
170.0326337099541,1,12,2
170.03638404305093,5,12,2
170.0378129130695,2,12,2
170.05459494609386,7,8,1
170.05531565612182,1,8,1
170.05769674200565,2,8,1
170.05839499109425,5,8,1
170.09685360314324,8,11,2
170.10403040098026,4,11,2
170.11423399299383,8,12,2
170.11819654214196,10,11,2
170.11995380092412,4,12,2
170.13653947901912,4,8,1
170.1411362150684,10,12,2
170.16036005713977,10,8,1
170.20007935306057,0,11,2
170.2210309819784,0,12,2
170.2406855239533,0,8,1
170.30962376808748,3,11,2
170.33018989604898,3,12,2
170.34757964592427,3,8,1
170.35861493111588,3,10,2
170.39765173895285,9,11,2
170.4022841961123,6,11,2
170.41259798104875,11,8,1
170.41588267195038,9,12,2
170.42245586402714,6,12,2
170.43530816794373,11,10,2
170.43633861700073,9,8,1
170.44220222905278,6,8,1
170.44959001312964,9,10,2
170.45758335408755,6,10,2
170.50630204891786,7,10,2
170.5096383211203,1,10,2
170.5107893429231,12,10,2
170.51393936993554,5,10,2
170.51760399108753,2,10,2
170.60042986809276,8,10,2
170.60650703613646,4,10,2
170.69539200002328,0,10,2
176.80793079803698,3,0,1
176.89945378596894,9,0,1
176.90192603413016,6,0,1
176.9107072460465,11,0,1
177.0057263909839,7,0,1
177.01180222793482,12,0,1
177.01252038800158,1,0,1
177.0137689129915,5,0,1
177.01725194905885,2,0,1
177.0983198180329,8,0,1
177.1054020030424,4,0,1
177.11349178710952,10,0,1
178.19970405497588,0,2,1
178.3104307439644,3,2,1
178.40165317291394,9,2,1
178.40292955795303,6,2,1
178.41083907708526,11,2,1
178.50460677593946,12,2,1
178.50589675200172,7,2,1
178.50834490009584,1,2,1
178.5091257810127,5,2,1
178.6008114630822,8,2,1
178.60803192295134,4,2,1
178.6153360749595,10,2,1
178.90426419395953,6,3,1
178.90500703500584,9,3,1
178.91192014608532,11,3,1
179.00631689303555,7,3,1
179.0124891931191,12,3,1
179.01323131402023,1,3,1
179.01547494600527,5,3,1
179.01950473710895,2,3,1
179.0262532630004,7,1,1
179.03597335191444,5,1,1
179.03671252308413,12,1,1
179.0394027971197,2,1,1
179.10040641203523,8,3,1
179.1116627131123,4,3,1
179.11736123007722,10,3,1
179.12054014694877,8,1,1
179.13362110895105,4,1,1
179.13708942499943,10,1,1
179.20197125710547,0,3,1
179.22242975211702,0,1,1
179.31012318399735,3,1,1
179.33065521111712,3,4,1
179.40335674909875,9,1,1
179.40406748792157,6,1,1
179.41051277704537,11,1,1
179.4270564240869,6,4,1
179.42781048407778,9,4,1
179.43052955903113,11,4,1
179.45035910699517,11,9,1
179.45107662701048,6,9,1
179.45179702714086,9,5,1
179.4680237849243,6,5,1
179.46926746913232,11,5,1
179.50236738310196,7,4,1
179.5131075300742,5,4,1
179.51380246900953,12,4,1
179.51447921805084,1,4,1
179.52015789505094,2,4,1
179.52084598410875,7,9,1
179.53910637809895,5,9,1
179.53983655804768,12,9,1
179.54051848710515,1,9,1
179.5423241169192,7,5,1
179.5435941820033,2,9,1
179.56576041411608,1,5,1
179.56647523399442,2,5,1
179.5690157241188,7,6,1
179.5697146030143,12,5,1
179.57039506197907,5,6,1
179.58411402092315,1,6,1
179.58594116196036,2,6,1
179.58665738091804,12,6,1
179.58793254592456,5,7,1
179.60460976697505,1,7,1
179.60531977703795,2,7,1
179.60601034597494,12,7,1
179.6067742370069,8,4,1
179.60750956693664,4,9,1
179.61765748797916,10,4,1
179.62668321700767,8,9,1
179.6274180971086,4,5,1
179.63555237208493,10,9,1
179.64740462903865,4,6,1
179.64810520899482,8,5,1
179.68783241603523,10,5,1
179.68852455494925,4,7,1
179.6892132339999,8,6,1
179.70376907591708,8,7,1
179.70503251091577,10,6,1
179.70677078911103,0,4,1
179.71606662496924,10,7,1
179.7276591961272,0,9,1
179.74605516414158,0,5,1
179.762210350018,0,6,1
179.77341311913915,0,7,1
179.80728390510194,3,9,1
179.82881721993908,3,5,1
179.84857797506265,3,6,1
179.8652232850436,3,7,1
179.901896428084,6,7,1
179.902705949964,9,6,1
179.90406324807554,11,6,1
179.91708986810409,11,7,1
179.91973127098754,9,7,1
180.00000990810804,7,8,1
180.00966218393296,12,8,1
180.01050474797376,1,8,1
180.01134887104854,5,8,1
180.01469480292872,2,8,1
180.017069038935,7,12,2
180.03477373812348,12,11,2
180.03563627204858,1,12,2
180.03640488302335,5,12,2
180.03716859407723,2,12,2
180.03793370514177,7,11,2
180.05633147293702,1,11,2
180.05705350311473,5,11,2
180.0577417719178,2,11,2
180.09701659693383,8,12,2
180.10243280697614,4,8,1
180.11162436101586,10,8,1
180.11559285991825,8,11,2
180.1180035469588,4,12,2
180.12754756002687,10,12,2
180.1328938580118,4,11,2
180.14344501006417,10,11,2
180.1951266869437,0,8,1
180.2113257450983,0,12,2
180.22766251605935,0,11,2
180.3094869949855,3,8,1
180.33020694809966,3,12,2
180.34976664814167,3,11,2
180.36617815098725,3,10,2
180.40168347209692,9,8,1
180.40298681799322,6,8,1
180.41072170203552,11,8,1
180.4243050471414,6,12,2
180.42502837697975,9,12,2
180.43087692791596,11,12,2
180.44757860014215,6,11,2
180.4482898390852,9,11,2
180.45026550395414,11,10,2
180.46537914103828,9,10,2
180.46667787712067,6,10,2
180.50725724804215,7,10,2
180.51007858593948,1,10,2
180.51204254012555,5,10,2
180.51336892694235,12,10,2
180.5169711560011,2,10,2
180.60254387999885,8,10,2
180.60590299312025,4,10,2
180.69766649696976,0,10,2
186.80777509091422,3,0,1
186.8993766310159,9,0,1
186.90070288814604,6,0,1
186.90875274012797,11,0,1
187.0060404180549,7,0,1
187.00977409095503,1,0,1
187.0108690711204,12,0,1
187.01284285611473,5,0,1
187.01744971307926,2,0,1
187.10344493808225,8,0,1
187.10441012494266,4,0,1
187.1054789039772,10,0,1
188.19311685999855,0,2,1
188.30202745902352,3,2,1
188.3920479360968,9,2,1
188.39611741807312,6,2,1
188.41126869712025,11,2,1
188.5084097799845,7,2,1
188.5122244860977,1,2,1
188.5129734459333,12,2,1
188.51366526493803,5,2,1
188.60318381898105,8,2,1
188.60662191314623,4,2,1
188.6169350889977,10,2,1
188.90391316614114,9,3,1
188.90737369214185,6,3,1
188.9117775929626,11,3,1
189.00924703595228,7,3,1
189.01268058107235,12,3,1
189.01352762500755,1,3,1
189.01426458498463,5,3,1
189.01725898799486,2,3,1
189.02987185609527,7,1,1
189.03567730705254,12,1,1
189.03875942109153,2,1,1
189.04022480198182,5,1,1
189.09467103611678,8,3,1
189.1084964480251,8,1,1
189.11194054293446,4,3,1
189.11819248599932,10,3,1
189.13112594303675,4,1,1
189.14023589505814,10,1,1
189.2021402749233,0,3,1
189.22244741604663,0,1,1
189.3117282120511,3,1,1
189.33160113100894,3,4,1
189.4030737960711,6,1,1
189.40410524397157,9,1,1
189.41072080703452,11,1,1
189.42708367900923,6,4,1
189.42784221004695,9,4,1
189.43060152698308,11,4,1
189.4489732440561,9,5,1
189.44972442509606,6,9,1
189.45040898397565,11,9,1
189.4684429820627,6,5,1
189.46914402092807,11,5,1
189.50739692803472,7,4,1
189.51141055906191,12,4,1
189.5134913669899,1,4,1
189.51458114711568,5,4,1
189.5182630980853,2,4,1
189.53852219809778,7,9,1
189.5396117779892,1,9,1
189.54057512409054,2,9,1
189.54153814096935,12,9,1
189.5426289809402,5,9,1
189.56434090109542,12,5,1
189.5658109220676,2,5,1
189.5665497619193,5,6,1
189.56810018513352,7,5,1
189.5688247049693,1,5,1
189.58525505894795,12,6,1
189.58770367712714,7,6,1
189.58818596997298,2,6,1
189.58864410291426,1,6,1
189.58909268514253,5,7,1
189.60292112710886,8,4,1
189.60414790106006,12,7,1
189.60626623011194,2,7,1
189.60660113906488,1,7,1
189.60896471398883,4,9,1
189.60950827901252,10,4,1
189.61812473693863,8,9,1
189.6198267841246,10,9,1
189.63100167294033,10,5,1
189.6695897190366,4,5,1
189.68109800713137,8,5,1
189.68363606696948,10,6,1
189.69629071606323,4,6,1
189.69811104703695,8,6,1
189.6990071509499,10,7,1
189.6998563450761,0,4,1
189.713005597936,8,7,1
189.71413286891766,4,7,1
189.71557455905713,0,9,1
189.73060180409811,0,5,1
189.7464609630406,0,6,1
189.7576712621376,0,7,1
189.80763528309762,3,9,1
189.82793258293532,3,5,1
189.84702914091758,3,6,1
189.86255457997322,3,7,1
189.9044824480079,9,6,1
189.9054461750202,6,7,1
189.9059734090697,11,6,1
189.91975043993443,11,7,1
189.92107639694586,9,7,1
190.00007676891983,7,8,1
190.00695724901743,12,8,1
190.00908240792342,5,8,1
190.01053769793361,1,8,1
190.01234676805325,2,8,1
190.02155715203844,7,11,2
190.02335316198878,5,11,2
190.0276697210502,12,11,2
190.03055431111716,2,11,2
190.03197671007365,1,11,2
190.0400440429803,7,12,2
190.0408835960552,5,12,2
190.048531627981,1,12,2
190.04931546910666,2,12,2
190.1006366671063,8,11,2
190.10413893405348,4,8,1
190.11109776608646,10,8,1
190.12153838411905,8,12,2
190.1224241689779,4,11,2
190.12772113503888,10,11,2
190.13680774602108,4,12,2
190.1436770260334,10,12,2
190.19597305101342,0,8,1
190.2120082839392,0,11,2
190.22837793594226,0,12,2
190.3126349139493,3,8,1
190.33261170610785,3,11,2
190.35056546214037,3,12,2
190.36607043002732,3,10,2
190.4002513741143,9,8,1
190.40213360614143,6,8,1
190.41055703908205,11,8,1
190.42237425595522,6,11,2
190.42306693503633,9,11,2
190.43067502509803,11,12,2
190.44314629910514,9,12,2
190.4444935170468,6,12,2
190.45003816997632,11,10,2
190.46023316099308,9,10,2
190.46279348200187,6,10,2
190.50782915693708,7,10,2
190.51267249998637,5,10,2
190.51336708897725,12,10,2
190.51404340798035,1,10,2
190.5168345749844,2,10,2
190.59577893605456,8,10,2
190.60659523494542,4,10,2
190.6978250350803,0,10,2
196.80786295002326,3,0,1
196.89949761191383,9,0,1
196.9002884030342,6,0,1
196.90876849694178,11,0,1
197.00539187714458,7,0,1
197.01183160510845,5,0,1
197.01298817712814,12,0,1
197.01415196899325,1,0,1
197.01688063400798,2,0,1
197.10152208409272,8,0,1
197.10624614404514,4,0,1
197.10896767908707,10,0,1
198.19987554312684,0,2,1
198.31259698793292,3,2,1
198.40129832806997,9,2,1
198.4033579151146,6,2,1
198.41105765802786,11,2,1
198.50858488306403,7,2,1
198.5123086660169,12,2,1
198.5130709570367,1,2,1
198.51377376611345,5,2,1
198.6031174750533,8,2,1
198.60776204406284,4,2,1
198.61004634713754,10,2,1
198.9026711320039,9,3,1
198.90723358793184,6,3,1
198.91173755307682,11,3,1
199.0138778660912,12,3,1
199.01478850096464,7,3,1
199.01556462212466,1,3,1
199.01626189099625,5,3,1
199.0175461571198,2,3,1
199.040824519936,5,1,1
199.0415894810576,12,1,1
199.0422768299468,7,1,1
199.04295903909951,2,1,1
199.1057400740683,8,3,1
199.1084578789305,4,3,1
199.11515924404375,10,3,1
199.13241116097197,8,1,1
199.13328496506438,4,1,1
199.13599500013515,10,1,1
199.2019221810624,0,3,1
199.22152497293428,0,1,1
199.30875620408915,3,1,1
199.32818651106209,3,4,1
199.40333856712095,9,1,1
199.40517698810436,6,1,1
199.4122025819961,11,1,1
199.4252022509463,6,4,1
199.42590090096928,9,4,1
199.43532514106482,11,4,1
199.44440255197696,9,5,1
199.4450995910447,6,9,1
199.45376636111178,11,9,1
199.4605110369157,6,5,1
199.47034509899095,11,5,1
199.5079596680589,1,4,1
199.5089760660194,12,4,1
199.50993208307773,7,4,1
199.51187452697195,5,4,1
199.51497257198207,2,4,1
199.53573225601576,1,9,1
199.53672702307813,12,9,1
199.53766972897574,5,9,1
199.53862877609208,7,9,1
199.53972854604945,2,9,1
199.56274403212592,1,5,1
199.56377763091587,12,5,1
199.56472924700938,7,5,1
199.56570635410026,2,5,1
199.56681734509766,5,6,1
199.5859552139882,7,6,1
199.58693868108094,1,6,1
199.5879343179986,2,6,1
199.5889390159864,5,7,1
199.59007030702196,12,6,1
199.60652562207542,12,7,1
199.6075459900312,1,7,1
199.6085354781244,2,7,1
199.60955218598247,8,4,1
199.6116788140498,4,9,1
199.61510781897232,10,4,1
199.6263407790102,8,9,1
199.63435390102677,4,5,1
199.63509153109044,10,9,1
199.64441546914168,8,5,1
199.64992882101797,4,6,1
199.67562125111,10,5,1
199.6830309459474,4,7,1
199.68339027604088,8,6,1
199.69779118406586,8,7,1
199.69879166106693,10,6,1
199.69912203005515,0,4,1
199.71559318597429,0,9,1
199.71716019907035,10,7,1
199.73190373694524,0,5,1
199.74808331299573,0,6,1
199.75931272399612,0,7,1
199.79950081394054,3,9,1
199.81958877993748,3,5,1
199.8399888430722,3,6,1
199.85628280299716,3,7,1
199.90410086512566,6,7,1
199.90497932909057,9,6,1
199.90584526304156,11,6,1
199.92037687497213,11,7,1
199.92191892699338,9,7,1
199.99852904397994,7,8,1
200.0095272581093,1,8,1
200.0102774789557,12,8,1
200.01498004910536,5,8,1
200.01753844995983,7,12,2
200.01828164001927,2,8,1
200.02505927695893,1,12,2
200.04135819803923,7,11,2
200.04268461512402,12,11,2
200.04349756706506,2,12,2
200.04420514707454,1,11,2
200.04488891595975,5,12,2
200.06155986594968,2,11,2
200.0684447560925,5,11,2
200.09624586510472,8,12,2
200.10415356303565,4,8,1
200.11304288893007,8,11,2
200.11379346903414,10,8,1
200.1200450421311,4,12,2
200.12970497901551,10,12,2
200.1356568429619,4,11,2
200.1452827800531,10,11,2
200.19545211596414,0,8,1
200.2113626950886,0,12,2
200.22773695806973,0,11,2
200.30848371912725,3,8,1
200.32835327810608,3,12,2
200.34743694611825,3,11,2
200.36299649602734,3,10,2
200.40093525405973,9,8,1
200.40224842098542,6,8,1
200.41104231309146,11,8,1
200.4231197470799,6,12,2
200.42416268610395,9,12,2
200.43112796894275,11,12,2
200.44457060005516,6,11,2
200.44558488810435,9,11,2
200.45031076902524,11,10,2
200.46196439000778,9,10,2
200.46299835899845,6,10,2
200.50730195408687,12,10,2
200.5083055109717,1,10,2
200.50927801802754,7,10,2
200.51259658904746,5,10,2
200.51630724198185,2,10,2
200.60008366708644,8,10,2
200.60697480803356,4,10,2
200.69604405900463,0,10,2
206.80780508206226,3,0,1
206.90061353705823,6,0,1
206.90175657905638,9,0,1
206.90940584009513,11,0,1
207.00792998308316,7,0,1
207.01349237607792,12,0,1
207.01478326204233,1,0,1
207.01553195295855,5,0,1
207.01625183294527,2,0,1
207.1013712149579,8,0,1
207.10605475492775,4,0,1
207.11245125113055,10,0,1
208.20046856300905,0,2,1
208.30951357702725,3,2,1
208.40075172809884,9,2,1
208.40270240209065,6,2,1
208.41090828902088,11,2,1
208.50876255403273,7,2,1
208.51172996591777,5,2,1
208.51247657602653,12,2,1
208.51316820504144,1,2,1
208.60318377311341,8,2,1
208.60831437492743,4,2,1
208.61532774893567,10,2,1
208.9042748650536,9,3,1
208.90500810509548,6,3,1
208.91088591795415,11,3,1
209.01383624295704,12,3,1
209.01470107701607,7,3,1
209.0154751590453,1,3,1
209.01617386797443,5,3,1
209.01769581995904,2,3,1
209.04113068711013,7,1,1
209.04187609814107,2,1,1
209.04257283709012,5,1,1
209.04331314796582,12,1,1
209.1035709429998,8,3,1
209.11052948608994,4,3,1
209.11485543497838,10,3,1
209.12594760209322,8,1,1
209.1347595860716,10,1,1
209.13548737601377,4,1,1
209.20195901300758,0,3,1
209.22149649308994,0,1,1
209.3084632770624,3,1,1
209.3279451150447,3,4,1
209.40333245904185,6,1,1
209.40398940700106,9,1,1
209.40878603002056,11,1,1
209.4205873659812,6,4,1
209.42291664006189,11,4,1
209.42532037594356,9,4,1
209.4361343649216,6,9,1
209.4371715041343,11,9,1
209.44859068002552,9,5,1
209.45061125606298,11,5,1
209.45105369808152,6,5,1
209.4954717750661,7,4,1
209.5086521001067,1,4,1
209.51112749800086,7,9,1
209.51176731614396,12,4,1
209.512192907976,5,4,1
209.51261203899048,2,4,1
209.52520555700175,1,9,1
209.52735851611942,7,5,1
209.52970993099734,2,9,1
209.5302211761009,5,9,1
209.53810668410733,12,9,1
209.5445288210176,1,5,1
209.54500255407766,7,6,1
209.54542576591484,2,5,1
209.5458855489269,5,6,1
209.54996891203336,12,5,1
209.5635804280173,1,6,1
209.56409834208898,2,6,1
209.56451886403374,5,7,1
209.5649433650542,12,6,1
209.58032963098958,1,7,1
209.58122088504024,12,7,1
209.58199519710615,2,7,1
209.59393160697073,8,4,1
209.5989956369158,4,9,1
209.60718395304866,8,9,1
209.6139782210812,4,5,1
209.61610491992906,10,4,1
209.6273754609283,4,6,1
209.62840266013518,8,5,1
209.63419341901317,10,9,1
209.63835353404284,4,7,1
209.6442599981092,8,6,1
209.65592550998554,8,7,1
209.65692252805457,10,5,1
209.6727115639951,10,6,1
209.68626445904374,10,7,1
209.70033067814074,0,4,1
209.71875497698784,0,9,1
209.7383388481103,0,5,1
209.75491213612258,0,6,1
209.769216732122,0,7,1
209.80677814013325,3,9,1
209.82684852508828,3,5,1
209.84618394891731,3,6,1
209.86153822299093,3,7,1
209.9032788069453,6,7,1
209.90403119800612,11,6,1
209.90611938596703,9,6,1
209.9160218189936,11,7,1
209.9257200169377,9,7,1
209.92682668799534,11,12,2
210.0112854319159,12,8,1
210.0120359431021,7,12,2
210.01459449413233,5,12,2
210.0154640080873,2,12,2
210.01629913109355,1,12,2
210.03960238513537,7,8,1
210.04035577597097,2,8,1
210.04109391593374,5,8,1
210.0418369669933,12,11,2
210.04252043599263,1,8,1
210.06200937414542,7,11,2
210.0628349869512,5,11,2
210.0643664491363,2,11,2
210.0651342701167,1,11,2
210.10208833194338,4,12,2
210.10266682808287,8,12,2
210.11651413096115,10,12,2
210.11977849109098,4,8,1
210.12347042304464,8,11,2
210.137633403996,4,11,2
210.13890982000157,10,8,1
210.15724514704198,10,11,2
210.200425070012,0,12,2
210.22054843604565,0,8,1
210.24029832193628,0,11,2
210.30825058091432,3,12,2
210.3284317580983,3,8,1
210.3473610121291,3,11,2
210.36282661906444,3,10,2
210.40112068713643,9,12,2
210.40244839410298,6,12,2
210.4108276059851,11,8,1
210.42211949802004,9,8,1
210.427916838089,6,8,1
210.43112985696644,11,10,2
210.4401720170863,9,11,2
210.4482345599681,6,11,2
210.45571330701932,9,10,2
210.46503645414487,6,10,2
210.4986485131085,7,10,2
210.51137124514207,5,10,2
210.51210770499893,12,10,2
210.5127904440742,1,10,2
210.5145842640195,2,10,2
210.60241778101772,4,10,2
210.6031784529332,8,10,2
210.69767514406703,0,10,2
216.8070925429929,3,0,1
216.89782027108595,9,0,1
216.90209521912038,6,0,1
216.9092321859207,11,0,1
217.01071692211553,7,0,1
217.01183915301226,5,0,1
217.01280724909157,12,0,1
217.01382090803236,1,0,1
217.01609648996964,2,0,1
217.0985186090693,8,0,1
217.10859593795612,4,0,1
217.11458463291638,10,0,1
218.20069235912524,0,2,1
218.30917007802054,3,2,1
218.40132162510417,9,2,1
218.4030826240778,6,2,1
218.4109674419742,11,2,1
218.50360755296424,7,2,1
218.51227022195235,5,2,1
218.51304467394948,12,2,1
218.51374687300995,1,2,1
218.60267908195965,8,2,1
218.60675784409977,4,2,1
218.615420083981,10,2,1
218.9039027390536,9,3,1
218.90721104107797,6,3,1
218.91107353707775,11,3,1
219.0073622991331,7,3,1
219.01253143209033,5,3,1
219.0133247440681,12,3,1
219.0140277540777,1,3,1
219.01983048394322,2,3,1
219.03123188903555,7,1,1
219.0343519761227,12,1,1
219.035094516119,5,1,1
219.04504625103436,2,1,1
219.10284373909235,8,3,1
219.1078686879482,4,3,1
219.11096052313223,10,3,1
219.12644828204066,4,1,1
219.12724217399955,10,1,1
219.12794680311345,8,1,1
219.2019463190809,0,3,1
219.222366664093,0,1,1
219.3106604940258,3,1,1
219.33104480803013,3,4,1
219.4029736870434,9,1,1
219.4039947250858,6,1,1
219.41108841099776,11,1,1
219.42782889399678,6,4,1
219.4288264811039,9,4,1
219.43134756106883,11,4,1
219.44782310700975,6,9,1
219.45050687110052,11,9,1
219.4517908359412,9,5,1
219.46527298912406,6,5,1
219.46627304609865,11,5,1
219.50757715897635,7,4,1
219.50857632607222,12,4,1
219.5120952441357,5,4,1
219.51426467392594,1,4,1
219.51808301894926,2,4,1
219.53480226104148,7,9,1
219.53581442893483,1,9,1
219.53676202497445,5,9,1
219.5377538530156,12,9,1
219.53982017003,2,9,1
219.56186823896132,1,5,1
219.56286958698183,5,6,1
219.56787286605686,12,5,1
219.56890301406384,7,5,1
219.5702291210182,2,5,1
219.5842827190645,12,6,1
219.58526656613685,7,6,1
219.58624301292002,1,6,1
219.58727613207884,2,6,1
219.588376712054,5,7,1
219.60501706204377,12,7,1
219.60580835398287,1,7,1
219.60652327397838,2,7,1
219.6072856350802,8,4,1
219.60806094598956,4,9,1
219.6191276521422,10,4,1
219.62724998709746,4,5,1
219.62799073802307,8,9,1
219.67080773110501,10,9,1
219.67624650197104,8,5,1
219.67756123794243,4,6,1
219.69549162406474,10,5,1
219.69729585410096,8,6,1
219.69944535312243,0,4,1
219.7002804360818,4,7,1
219.71094094007276,10,6,1
219.71175414300524,8,7,1
219.71746298111975,0,9,1
219.72162907593884,10,7,1
219.7345058619976,0,5,1
219.75154160312377,0,6,1
219.76284914510325,0,7,1
219.80672927899286,3,9,1
219.82673805207014,3,5,1
219.84674770501442,3,6,1
219.86283004004508,3,7,1
219.902039373992,6,7,1
219.90281854500063,9,6,1
219.90444636996835,11,6,1
219.91816749004647,11,7,1
219.92126204492524,9,7,1
220.00927382800728,7,12,2
220.01246737712063,12,8,1
220.01316116610542,1,12,2
220.01543705910444,5,12,2
220.0186818279326,2,12,2
220.0343338609673,7,8,1
220.03817036701366,5,8,1
220.03886093595065,1,8,1
220.03956599603407,12,11,2
220.0433846421074,2,8,1
220.05348057113588,7,11,2
220.05858290195465,1,11,2
220.05929234204814,5,11,2
220.065010108985,2,11,2
220.10232020099647,8,12,2
220.11138009093702,4,12,2
220.11725055403076,10,12,2
220.12451712414622,8,11,2
220.1333000769373,4,8,1
220.13805551896803,10,8,1
220.15348023502156,4,11,2
220.1576573611237,10,11,2
220.2001265049912,0,12,2
220.22183534502983,0,8,1
220.24214606708847,0,11,2
220.3088180499617,3,12,2
220.32901512808166,3,8,1
220.347921051085,3,11,2
220.36346712103114,3,10,2
220.39990655798465,9,12,2
220.4017957500182,6,12,2
220.41255918797106,11,12,2
220.4221965339966,6,8,1
220.4229340851307,9,8,1
220.435450630961,11,8,1
220.4435241140891,9,11,2
220.44426683406346,6,11,2
220.45892361993901,11,10,2
220.461330516031,9,10,2
220.4620202749502,6,10,2
220.50799356610514,7,10,2
220.51258355309255,5,10,2
220.513272681972,12,10,2
220.51395190111361,1,10,2
220.51835817308165,2,10,2
220.60322849894874,8,10,2
220.60663128294982,4,10,2
220.69542203797027,0,10,2
226.80721227196045,3,0,1
226.8977969470434,9,0,1
226.90217497805133,6,0,1
226.90852603293024,11,0,1
227.00575610203668,7,0,1
227.0107790811453,5,0,1
227.0115466520656,12,0,1
227.0122784229461,1,0,1
227.0170839750208,2,0,1
227.10087817208841,8,0,1
227.10444416105747,4,0,1
227.1130423389841,10,0,1
228.11536441394128,10,2,1
228.2007885260973,0,2,1
228.3090589500498,3,2,1
228.40213948395103,9,2,1
228.40295031596906,6,2,1
228.41097416798584,11,2,1
228.5031716679223,7,2,1
228.51053201104514,12,2,1
228.51243350398727,1,2,1
228.51459484407678,5,2,1
228.60289953602478,8,2,1
228.60687545593828,4,2,1
228.90819796803407,6,3,1
228.9089861100074,9,3,1
228.91134242503904,11,3,1
229.00623246794567,7,3,1
229.0135359899141,12,3,1
229.01429261104204,1,3,1
229.01499625109136,5,3,1
229.01923376810737,2,3,1
229.02591541293077,7,1,1
229.03765582712367,12,1,1
229.03840515809134,5,1,1
229.04260155395605,2,1,1
229.1052056751214,8,3,1
229.10654066200368,4,3,1
229.11807893100195,10,3,1
229.12713712197728,4,1,1
229.12787302210927,8,1,1
229.14079970913008,10,1,1
229.20211624493822,0,3,1
229.2215567729436,0,1,1
229.30738851614296,3,1,1
229.32500564306974,3,4,1
229.40409248997457,9,1,1
229.4064423351083,6,1,1
229.41083323699422,11,1,1
229.4273269821424,6,4,1
229.42832003999501,9,4,1
229.43063281406648,11,4,1
229.44857221003622,9,5,1
229.4495573870372,6,9,1
229.45053312391974,11,9,1
229.46697891899385,6,5,1
229.46803261805326,11,5,1
229.51408614194952,5,4,1
229.51505639893003,12,4,1
229.51606085593812,7,4,1
229.51705880393274,1,4,1
229.51913133100607,2,4,1
229.53943254309706,12,9,1
229.5404439009726,7,9,1
229.54140948713757,1,9,1
229.54241300513968,5,9,1
229.54358138795942,2,9,1
229.56609889003448,12,5,1
229.567099618027,7,5,1
229.56809331499971,1,5,1
229.56915463507175,5,6,1
229.5702867161017,2,5,1
229.58845954900607,7,6,1
229.5896623621229,1,6,1
229.59044309402816,5,7,1
229.59113789303228,12,6,1
229.59185703308322,2,6,1
229.60790083603933,1,7,1
229.61029386194423,2,7,1
229.6110390429385,12,7,1
229.6117730929982,4,9,1
229.61247857194394,8,4,1
229.61562738893554,10,4,1
229.6343667479232,4,5,1
229.6350766569376,10,9,1
229.6358223981224,8,9,1
229.67077875509858,8,5,1
229.6728323509451,10,5,1
229.67360105295666,4,6,1
229.69162626098841,10,6,1
229.69242992298678,4,7,1
229.69319114508107,8,6,1
229.69894199399278,0,4,1
229.70542346313596,8,7,1
229.70621663494967,10,7,1
229.7172351591289,0,9,1
229.7370803579688,0,5,1
229.75263717910275,0,6,1
229.76586687401868,0,7,1
229.80633810302243,3,9,1
229.8290982330218,3,5,1
229.84812595904805,3,6,1
229.8636247171089,3,7,1
229.90179132297635,9,6,1
229.90253973403014,6,7,1
229.90390078094788,11,6,1
229.91576916002668,11,7,1
229.916489738971,9,7,1
229.99522473593242,7,12,2
230.00915195210837,5,12,2
230.01155681791715,12,11,2
230.01233880012296,1,12,2
230.01447145896964,7,11,2
230.01524797012098,2,12,2
230.03439946006984,12,8,1
230.0351844211109,1,11,2
230.03591526206583,5,11,2
230.03659574105404,2,11,2
230.03727754903957,7,8,1
230.05561377597041,2,8,1
230.05634715710767,5,8,1
230.05703330598772,1,8,1
230.09703261195682,8,12,2
230.10237591993064,4,12,2
230.11350233713165,8,11,2
230.11444576410577,10,12,2
230.11907530203462,4,11,2
230.1346658631228,4,8,1
230.13547276495956,10,11,2
230.1521889369469,10,8,1
230.1952379369177,0,12,2
230.2116102001164,0,11,2
230.22830325202085,0,8,1
230.30893284198828,3,12,2
230.32938676699996,3,11,2
230.3484885059297,3,8,1
230.3640592759475,3,10,2
230.40187298110686,9,12,2
230.40287022897974,6,12,2
230.40978096006438,11,12,2
230.42666838713922,9,11,2
230.42745077912696,6,11,2
230.43014981294982,11,8,1
230.45037132292055,9,8,1
230.45139951095916,11,10,2
230.45236825803295,6,8,1
230.46736751310527,6,10,2
230.46815237402916,9,10,2
230.49389056605287,7,10,2
230.51149849314243,5,10,2
230.51231605606154,1,10,2
230.51304896594957,12,10,2
230.51375525607727,2,10,2
230.60299980314448,8,10,2
230.60661110305227,4,10,2
230.69493918609805,0,10,2
236.80790784209967,3,0,1
236.8996501590591,9,0,1
236.90161727392115,6,0,1
236.90882343309931,11,0,1
237.0052670899313,7,0,1
237.01253170100972,12,0,1
237.01355204894207,1,0,1
237.0145396559965,5,0,1
237.01683377008885,2,0,1
237.1004190519452,8,0,1
237.10495320800692,4,0,1
237.11419763299637,10,0,1
238.2000554150436,0,2,1
238.31017888104543,3,2,1
238.40122574893758,9,2,1
238.4035030619707,6,2,1
238.41158993612044,11,2,1
238.5093966210261,7,2,1
238.51151208998635,12,2,1
238.51366764912382,5,2,1
238.5146986581385,1,2,1
238.60321620595641,8,2,1
238.60684362612665,4,2,1
238.61546954512596,10,2,1
238.90315079200082,9,3,1
238.91142130014487,6,3,1
238.91224896302447,11,3,1
239.01036325702444,7,3,1
239.01341600203887,12,3,1
239.0154198370874,5,3,1
239.0164562361315,1,3,1
239.0192747740075,2,3,1
239.0324738090858,7,1,1
239.03699673409574,5,1,1
239.03805836313404,12,1,1
239.04324320610613,2,1,1
239.10345689207315,8,3,1
239.10833813692443,4,3,1
239.11541668209247,10,3,1
239.1252437441144,8,1,1
239.12892102613114,4,1,1
239.1349502329249,10,1,1
239.20162008702755,0,3,1
239.22117561800405,0,1,1
239.30997344409116,3,1,1
239.33071944792755,3,4,1
239.40149067505263,9,1,1
239.40332140610553,6,1,1
239.4099016180262,11,1,1
239.42348286299966,6,4,1
239.42420047312044,9,4,1
239.42955929110758,11,4,1
239.44582972093485,6,5,1
239.4468631199561,9,5,1
239.44989537401125,11,5,1
239.4626137560699,6,9,1
239.4646674420219,11,9,1
239.50788960792124,7,4,1
239.51212290511467,12,4,1
239.51396474591456,5,4,1
239.51497810403816,1,4,1
239.51809001993388,2,4,1
239.53274803608656,7,5,1
239.538103264058,5,9,1
239.5388121039141,12,5,1
239.53953114291653,1,5,1
239.5459639010951,2,5,1
239.54837693809532,7,9,1
239.56229329295456,12,9,1
239.56302845291793,1,9,1
239.5637549329549,5,6,1
239.5650199279189,7,6,1
239.56574248801917,2,9,1
239.5825884740334,12,6,1
239.58338646613993,1,6,1
239.5840719549451,2,6,1
239.5847570139449,5,7,1
239.60056677111425,12,7,1
239.60132575198077,1,7,1
239.60204316210002,2,7,1
239.60435426607728,8,4,1
239.61319191101938,4,5,1
239.61454285797663,10,4,1
239.62413494312204,8,5,1
239.63365677697584,4,9,1
239.63505609496497,10,5,1
239.64144196198322,8,9,1
239.6675205230713,4,6,1
239.66821592207998,10,9,1
239.66948419692926,8,6,1
239.6769773149863,4,7,1
239.68536932696588,10,6,1
239.68662671092898,8,7,1
239.69524379004724,0,4,1
239.69955863012,10,7,1
239.707846139092,0,5,1
239.717428823933,0,9,1
239.72786672296934,0,6,1
239.7383356320206,0,7,1
239.81005867593922,3,5,1
239.82872259197757,3,9,1
239.84886156907305,3,6,1
239.86457678303123,3,7,1
239.90041680494323,6,7,1
239.90124119794928,9,6,1
239.90710315993056,11,6,1
239.91778861591592,9,7,1
239.92389795510098,11,7,1
240.00888328510337,7,12,2
240.0150436349213,5,12,2
240.01584764709696,12,8,1
240.01665966003202,1,12,2
240.01941945613362,2,12,2
240.03368617105298,7,8,1
240.04152547800913,12,11,2
240.0422494779341,5,8,1
240.0443385450635,2,8,1
240.0450330749154,1,8,1
240.05273516802117,7,11,2
240.06688592000864,2,11,2
240.06760791991837,5,11,2
240.06829978898168,1,11,2
240.10445239813998,8,12,2
240.106002361048,4,12,2
240.11437390302308,10,12,2
240.12491325405426,8,11,2
240.13094501104206,4,8,1
240.13444308796898,10,8,1
240.1533361801412,4,11,2
240.1547147689853,10,11,2
240.20177039992996,0,12,2
240.22064646193758,0,8,1
240.23945491295308,0,11,2
240.3092814439442,3,12,2
240.32944922195747,3,8,1
240.34813643805683,3,11,2
240.36375622008927,3,10,2
240.40088370791636,9,12,2
240.40285455202684,6,12,2
240.4105469349306,11,12,2
240.42388635408133,9,8,1
240.42489852197468,6,8,1
240.43129507894628,11,8,1
240.44485082407482,9,11,2
240.44558860408142,6,11,2
240.4508748499211,11,10,2
240.46242095995694,9,10,2
240.46385462908074,6,10,2
240.50738197308965,1,10,2
240.50819500512443,12,10,2
240.5088950949721,7,10,2
240.5125544560142,5,10,2
240.51609172392637,2,10,2
240.6025161249563,8,10,2
240.606927737128,4,10,2
240.6961985360831,0,10,2
246.80758969602175,3,0,1
246.89987765904516,9,0,1
246.90183592308313,6,0,1
246.9085976500064,11,0,1
247.00776922306977,7,0,1
247.01088234013878,1,0,1
247.01165605103597,12,0,1
247.0135788540356,5,0,1
247.01525235013105,2,0,1
247.09878202108666,8,0,1
247.10893916198984,4,0,1
247.11292866198346,10,0,1
248.11555712902918,10,2,1
248.19899533805437,0,2,1
248.3097192600835,3,2,1
248.40137843601406,9,2,1
248.40292109898292,6,2,1
248.41205599205568,11,2,1
248.50817281007767,7,2,1
248.51230705506168,1,2,1
248.51302874507383,5,2,1
248.51372425397858,12,2,1
248.6006236281246,8,2,1
248.60774095496163,4,2,1
248.90366634214297,9,3,1
248.90748842805624,6,3,1
248.91107611707412,11,3,1
249.0096438541077,12,3,1
249.01036571292207,7,3,1
249.01505347294733,1,3,1
249.01631173794158,5,3,1
249.01889931899495,2,3,1
249.03435974707827,7,1,1
249.0367286130786,12,1,1
249.04028462106362,2,1,1
249.04203882999718,5,1,1
249.10063211992383,8,3,1
249.11206348706037,4,3,1
249.11783899692819,10,3,1
249.12037626700476,8,1,1
249.13645782205276,4,1,1
249.14043012191541,10,1,1
249.20280894706957,0,3,1
249.22351559996605,0,1,1
249.3106119800359,3,1,1
249.33135359408334,3,4,1
249.40294257411733,6,1,1
249.40409048600122,9,1,1
249.4103585490957,11,1,1
249.4267350730952,6,4,1
249.42803961900063,9,4,1
249.43096527899615,11,4,1
249.44710224610753,6,9,1
249.45026017306373,9,5,1
249.4509449119214,11,9,1
249.4657565120142,6,5,1
249.4669946259819,11,5,1
249.5084112319164,1,4,1
249.50910025113262,12,4,1
249.50977646000683,7,4,1
249.51237766211852,5,4,1
249.51833296613768,2,4,1
249.51992780994624,1,9,1
249.53297659102827,12,9,1
249.5336593699176,7,9,1
249.53890976612456,1,5,1
249.53964909608476,2,9,1
249.54088235995732,5,9,1
249.55937133193947,7,5,1
249.56006070110016,1,6,1
249.56073950999416,2,5,1
249.56141787813976,12,5,1
249.56747985607944,5,6,1
249.5796911639627,7,6,1
249.5803873629775,12,6,1
249.58106613205746,1,7,1
249.5817504809238,2,6,1
249.58798598311841,5,7,1
249.5958534909878,12,7,1
249.59658738109283,2,7,1
249.60069674509577,8,4,1
249.60833267611451,4,9,1
249.6176363241393,10,4,1
249.61926676891744,8,9,1
249.626569370972,4,5,1
249.63912587799132,8,5,1
249.6401417059824,10,9,1
249.6732937239576,4,6,1
249.68713839608245,8,6,1
249.6890977609437,10,5,1
249.69014682993293,4,7,1
249.7003522820305,8,7,1
249.70374109596014,0,4,1
249.7103205579333,10,6,1
249.72459476301447,0,9,1
249.72670642100275,10,7,1
249.74408079194836,0,5,1
249.7602951300796,0,6,1
249.77171882614493,0,7,1
249.80736059206538,3,9,1
249.8274280470796,3,5,1
249.84658656804822,3,6,1
249.86204377491958,3,7,1
249.90236764098518,6,7,1
249.90325691504404,9,6,1
249.90463416301645,11,6,1
249.91601562895812,11,7,1
249.92088327300735,9,7,1
250.01079755998217,5,8,1
250.01170465513133,12,8,1
250.01242792513222,7,8,1
250.0131671561394,1,8,1
250.01393903698772,2,8,1
250.03592578601092,5,12,2
250.0367131580133,1,12,2
250.0374524181243,2,12,2
250.03814004710875,12,11,2
250.04117247113027,7,12,2
250.05817866092548,1,11,2
250.05889391107485,2,11,2
250.05962196108885,5,11,2
250.06203350797296,7,11,2
250.09748677909374,8,12,2
250.10408858209848,4,8,1
250.1118890470825,10,8,1
250.11392033309676,8,11,2
250.1222974450793,4,12,2
250.12863281997852,10,12,2
250.13801148999482,4,11,2
250.14484825893305,10,11,2
250.19577445811592,0,8,1
250.21136080892757,0,12,2
250.2270288830623,0,11,2
250.30579273193143,3,8,1
250.3214129540138,3,12,2
250.33713992894627,3,11,2
250.35279100202024,3,10,2
250.39577718102373,6,8,1
250.40068030706607,9,8,1
250.4094001580961,6,12,2
250.4117525429465,11,8,1
250.42088441597298,6,11,2
250.42291508195922,9,12,2
250.43205412500538,6,10,2
250.43403151910752,11,12,2
250.44110934599303,9,11,2
250.45485934591852,11,10,2
250.45690994313918,9,10,2
250.49865584797226,7,10,2
250.51095647807233,5,10,2
250.51172672910616,1,10,2
250.51340957614593,12,10,2
250.51411966513842,2,10,2
250.6033123030793,4,10,2
250.60403179214336,8,10,2
250.6983448320534,0,10,2
256.80729982210323,3,0,1
256.89780513592996,9,0,1
256.90202858299017,6,0,1
256.9091020890046,11,0,1
257.005990620004,1,0,1
257.0075162220746,12,0,1
257.01078863209113,7,0,1
257.0116025151219,5,0,1
257.0143719720654,2,0,1
257.1016270860564,8,0,1
257.1054760219995,4,0,1
257.11599017400295,10,0,1
258.2001096410677,0,2,1
258.31298865401186,3,2,1
258.4012966880109,9,2,1
258.4031151479576,6,2,1
258.41310327500105,11,2,1
258.50881240307353,12,2,1
258.5095975850709,7,2,1
258.5103194350377,1,2,1
258.51173338410445,5,2,1
258.60342996101826,8,2,1
258.60717534506693,4,2,1
258.61749920994043,10,2,1
258.9045218429528,9,3,1
258.9053682361264,6,3,1
258.91175783309154,11,3,1
259.0093193720095,7,3,1
259.01343501592055,12,3,1
259.0142347679939,1,3,1
259.01494330796413,5,3,1
259.0171815599315,2,3,1
259.03223945596255,7,1,1
259.0386052329559,12,1,1
259.03934489306994,2,1,1
259.0400408420246,5,1,1
259.1035301189404,8,3,1
259.10727010294795,4,3,1
259.11733700102195,10,3,1
259.1273145470768,4,1,1
259.12802110705525,8,1,1
259.1370029959362,10,1,1
259.2016933551058,0,3,1
259.22120221494697,0,1,1
259.3088028191123,3,1,1
259.3282199469395,3,4,1
259.404675551923,6,1,1
259.4054159829393,9,1,1
259.40671692905016,11,1,1
259.4252127499785,11,4,1
259.4268462159671,6,4,1
259.42757359612733,9,4,1
259.4427975770086,11,9,1
259.4455838140566,9,5,1
259.4462824331131,6,9,1
259.4537627301179,11,5,1
259.46106219198555,6,5,1
259.506364536006,7,4,1
259.5071141771041,1,4,1
259.50851109600626,12,4,1
259.5126011490356,5,4,1
259.5174937939737,1,9,1
259.5236748349853,2,4,1
259.53120902297087,12,9,1
259.53194024413824,1,5,1
259.53265624307096,7,9,1
259.53334352211095,5,9,1
259.5444400899578,1,6,1
259.551619758131,2,9,1
259.5564107010141,7,5,1
259.5571760919411,12,5,1
259.5578754011076,5,6,1
259.55856718006544,1,7,1
259.5747836891096,2,5,1
259.575563540915,12,6,1
259.5763213620521,7,6,1
259.5838373401202,5,7,1
259.5878717920277,12,7,1
259.58861590200104,2,6,1
259.6026649409905,8,4,1
259.6040208279155,2,7,1
259.60747602395713,4,9,1
259.610327223083,10,4,1
259.62529980693944,8,9,1
259.62867509108037,10,9,1
259.62970692897215,4,5,1
259.64960531005636,8,5,1
259.65062071802095,4,6,1
259.65163426613435,10,5,1
259.66956783202477,4,7,1
259.6705797999166,10,6,1
259.6715846781153,8,6,1
259.6845713069197,8,7,1
259.6856094361283,10,7,1
259.70068014296703,0,4,1
259.7192388959229,0,9,1
259.73827640293166,0,5,1
259.7537208199501,0,6,1
259.7665848371107,0,7,1
259.80633489694446,3,9,1
259.8272697359789,3,5,1
259.8471609361004,3,6,1
259.8637630250305,3,7,1
259.9025215781294,6,7,1
259.90371029102243,9,6,1
259.9047110991087,11,6,1
259.918669244973,11,7,1
259.91975461505353,9,7,1
260.00356434402056,7,8,1
260.0071321129799,12,8,1
260.00821159314364,1,8,1
260.0092071199324,5,8,1
260.0143941240385,2,8,1
260.02493759593926,7,12,2
260.028562186053,1,12,2
260.02971321810037,5,12,2
260.03070651507005,12,11,2
260.03182357596233,2,12,2
260.04641795996577,7,11,2
260.04829507204704,1,11,2
260.04934493103065,2,11,2
260.0505638939794,5,11,2
260.0956697529182,8,12,2
260.1037188761402,4,8,1
260.11316803703085,8,11,2
260.11401520995423,10,8,1
260.1195311229676,4,12,2
260.12991112004966,10,12,2
260.13483997713774,4,11,2
260.14587545208633,10,11,2
260.1950691230595,0,8,1
260.20994188496843,0,12,2
260.225300260121,0,11,2
260.30880952998996,3,8,1
260.32834427105263,3,12,2
260.34712387109175,3,11,2
260.3625148071442,3,10,2
260.40031495294534,9,8,1
260.4045242690481,6,8,1
260.40776086901315,11,8,1
260.4231348349713,9,12,2
260.4261985691264,11,12,2
260.4273812419269,6,12,2
260.4465248810593,6,11,2
260.44756726012565,9,11,2
260.44855270697735,11,10,2
260.4642202910036,9,10,2
260.46524551999755,6,10,2
260.50792507105507,1,10,2
260.51183617906645,12,10,2
260.5129443791229,7,10,2
260.5139581169933,5,10,2
260.51620334992185,2,10,2
260.6023384530563,8,10,2
260.6068194170948,4,10,2
260.6970039429143,0,10,2
266.80709974095225,3,0,1
266.9010760220699,6,0,1
266.9021473219618,9,0,1
266.90911609400064,11,0,1
267.0094642320182,7,0,1
267.0105154910125,1,0,1
267.01154389907606,5,0,1
267.01356332493015,12,0,1
267.01828158600256,2,0,1
267.10100719495676,8,0,1
267.10238491301425,4,0,1
267.1153537221253,10,0,1
268.2006303081289,0,2,1
268.3096724259667,3,2,1
268.4021186749451,9,2,1
268.40401833713986,6,2,1
268.4112630279269,11,2,1
268.5088614190463,7,2,1
268.5098960681353,12,2,1
268.5129054109566,1,2,1
268.51469769096,5,2,1
268.6025648920331,8,2,1
268.60723009100184,4,2,1
268.61787824705243,10,2,1
268.9039350131061,9,3,1
268.9067453111056,6,3,1
268.9136446521152,11,3,1
269.0114255079534,12,3,1
269.01245362707414,7,3,1
269.01562870503403,1,3,1
269.0166545130778,5,3,1
269.01768105104566,2,3,1
269.0362776760012,12,1,1
269.03729317407124,7,1,1
269.0393590021413,2,1,1
269.0414920800831,5,1,1
269.10196133400314,8,3,1
269.11287423595786,4,3,1
269.11934048496187,10,3,1
269.1220252290368,8,1,1
269.1373915350996,4,1,1
269.1408958120737,10,1,1
269.2017990569584,0,3,1
269.22124638501555,0,1,1
269.3102283680346,3,1,1
269.3299132930115,3,4,1
269.40305762691423,6,1,1
269.4038251989987,9,1,1
269.4120821871329,11,1,1
269.42445922014304,6,4,1
269.4260580739938,9,4,1
269.43493385007605,11,4,1
269.44265332398936,6,9,1
269.4453870090656,9,5,1
269.45645566494204,11,9,1
269.4585207719356,6,5,1
269.473175548017,11,5,1
269.50734198396094,7,4,1
269.5102507439442,12,4,1
269.5131739350036,1,4,1
269.51388958492316,5,4,1
269.51690141903237,2,4,1
269.5327633670531,12,9,1
269.53347284696065,7,9,1
269.5369562630076,5,9,1
269.53766699298285,1,9,1
269.5383548019454,2,9,1
269.5607296610251,7,5,1
269.5614879219793,1,5,1
269.5622333730571,2,5,1
269.5629259920679,5,6,1
269.5676605629269,12,5,1
269.5842594129499,7,6,1
269.58502726396546,1,6,1
269.58574135391973,2,6,1
269.5864617440384,5,7,1
269.58716884301975,12,6,1
269.60551740112714,2,7,1
269.60649819811806,12,7,1
269.6073540819343,1,7,1
269.60953273205087,8,4,1
269.61097159213386,4,9,1
269.6144626981113,10,4,1
269.6308633231092,8,9,1
269.63484205305576,10,9,1
269.6355734129902,4,5,1
269.66788200708106,8,5,1
269.67712866305374,4,6,1
269.6864011499565,8,6,1
269.68706096801907,10,5,1
269.693727202015,4,7,1
269.7051491490565,10,6,1
269.7057255350519,0,4,1
269.70624026912265,8,7,1
269.71609654207714,10,7,1
269.7244621729478,0,9,1
269.74289439292625,0,5,1
269.75844896398485,0,6,1
269.7697777969297,0,7,1
269.8066895289812,3,9,1
269.8266194900498,3,5,1
269.8461193300318,3,6,1
269.86181272403337,3,7,1
269.90419844794087,6,7,1
269.9050715321209,11,6,1
269.9060123679228,9,6,1
269.91777243302204,11,7,1
269.9239377740305,9,7,1
270.00413341401145,7,8,1
270.0060218961444,12,8,1
270.0074117439799,1,8,1
270.0081245440524,5,8,1
270.01289467606694,2,8,1
270.0285823000595,7,12,2
270.0293730320409,12,11,2
270.03008401207626,1,12,2
270.0307859410532,5,12,2
270.03152437205426,2,12,2
270.05047240597196,7,11,2
270.05125588714145,1,11,2
270.051989298081,2,11,2
270.0526989379432,5,11,2
270.09649686003104,8,12,2
270.10402968805283,4,8,1
270.1134991310537,10,8,1
270.1182374721393,8,11,2
270.1200691720005,4,12,2
270.1332609169185,10,12,2
270.1353025541175,4,11,2
270.1489645820111,10,11,2
270.19619136909023,0,8,1
270.21183603210375,0,12,2
270.2274640449323,0,11,2
270.3085851101205,3,8,1
270.3284886509646,3,12,2
270.347397784004,3,11,2
270.3628150310833,3,10,2
270.4010082781315,9,8,1
270.4029671619646,6,8,1
270.41037629707716,11,8,1
270.42452723905444,9,12,2
270.42552920710295,6,12,2
270.43392722913995,11,12,2
270.4466622120235,9,11,2
270.44771859096363,6,11,2
270.4553375320975,11,10,2
270.46430815011263,9,10,2
270.46532314806245,6,10,2
270.4986805119552,7,10,2
270.5092634840403,1,10,2
270.51028135209344,5,10,2
270.51131381094456,12,10,2
270.51689039496705,2,10,2
270.6035428440664,8,10,2
270.6072115250863,4,10,2
270.69709649309516,0,10,2
276.80747224600054,3,0,1
276.8994085600134,9,0,1
276.90126043208875,6,0,1
276.9115763369482,11,0,1
277.00721548404545,7,0,1
277.0105997379869,12,0,1
277.0130849769339,5,0,1
277.01383156795055,1,0,1
277.01513143396005,2,0,1
277.09495437308215,8,0,1
277.1090745141264,4,0,1
277.1127741159871,10,0,1
278.11512262304313,10,2,1
278.1997520059813,0,2,1
278.30901898094453,3,2,1
278.4017032170668,9,2,1
278.40258368104696,6,2,1
278.41098604304716,11,2,1
278.5079503080342,7,2,1
278.51143639395013,5,2,1
278.5125454950612,1,2,1
278.51354605308734,12,2,1
278.5961639499292,8,2,1
278.60735555994324,4,2,1
278.90524001512676,9,3,1
278.90712286694907,6,3,1
278.9139637169428,11,3,1
279.00876449095085,7,3,1
279.01492999191396,5,3,1
279.01597840106115,12,3,1
279.01695082802325,1,3,1
279.01955556008033,2,3,1
279.039341988042,7,1,1
279.04034986603074,2,1,1
279.0413285731338,5,1,1
279.0423554710578,12,1,1
279.09569138800725,8,3,1
279.11380134895444,4,3,1
279.1145414800849,8,1,1
279.11582742491737,10,3,1
279.13609391613863,10,1,1
279.136803656118,4,1,1
279.20165888103656,0,3,1
279.2216468239203,0,1,1
279.3103461100254,3,1,1
279.33089437894523,3,4,1
279.4033570350148,6,1,1
279.40410444606096,9,1,1
279.4130281119142,11,1,1
279.42755436501466,9,4,1
279.4296334120445,6,4,1
279.4357537520118,11,4,1
279.4466918851249,6,9,1
279.4489877980668,9,5,1
279.4552893920336,11,9,1
279.4618700549472,6,5,1
279.4705748760607,11,5,1
279.5072416011244,7,4,1
279.5126581811346,5,4,1
279.51383903296664,12,4,1
279.5149455240462,1,4,1
279.516238149954,2,4,1
279.5293832139578,7,9,1
279.53828397998586,2,9,1
279.5393200290855,12,9,1
279.54038100806065,5,9,1
279.541439677123,1,9,1
279.54776869295165,7,5,1
279.56556831509806,2,5,1
279.5693544300739,12,5,1
279.57088824291714,7,6,1
279.57200653408654,1,5,1
279.57312176492997,5,6,1
279.5801070779562,2,6,1
279.59208148904145,1,6,1
279.5928315499332,2,7,1
279.5935300590936,5,7,1
279.5942131381016,12,6,1
279.60311033413745,8,4,1
279.6052722239401,1,7,1
279.61030721408315,4,9,1
279.61201147106476,12,7,1
279.6149179020431,10,4,1
279.6214103610255,8,9,1
279.6339557389729,10,9,1
279.6346533780452,4,5,1
279.6680293120444,8,5,1
279.6872206230182,4,6,1
279.68824672093615,8,6,1
279.68922793795355,10,5,1
279.7061832079198,0,4,1
279.7080437890254,4,7,1
279.70908461813815,10,6,1
279.7103125420399,8,7,1
279.72326364112087,10,7,1
279.7251134419348,0,9,1
279.7427908810787,0,5,1
279.75823596911505,0,6,1
279.76955490210094,0,7,1
279.79934190702625,3,9,1
279.81827865098603,3,5,1
279.8380743190646,3,6,1
279.8540994229261,3,7,1
279.90215253294446,6,7,1
279.9031623811461,9,6,1
279.90500771207735,11,6,1
279.91929031698965,11,7,1
279.92030627513304,9,7,1
280.0086211899761,7,12,2
280.0121215370018,5,12,2
280.01558009302244,12,8,1
280.01628732308745,2,12,2
280.0170242029708,1,12,2
280.02312322193757,5,8,1
280.0373123451136,2,8,1
280.03874505404383,7,8,1
280.040210545063,5,11,2
280.0408282720018,12,11,2
280.04177332809195,1,8,1
280.0571065330878,2,11,2
280.0576523379423,7,11,2
280.05949074891396,1,11,2
280.0973586770706,8,12,2
280.10856039705686,10,12,2
280.1119028991088,4,12,2
280.1137936920859,8,11,2
280.1193645361345,10,8,1
280.13222915213555,10,11,2
280.1341166750062,4,8,1
280.1523450789973,4,11,2
280.19981297291815,0,12,2
280.2205368669238,0,8,1
280.2401060790289,0,11,2
280.30815162207,3,12,2
280.3281362259295,3,8,1
280.34717390313745,3,11,2
280.3626401911024,3,10,2
280.4017131929286,9,12,2
280.40275114099495,6,12,2
280.41075058304705,11,12,2
280.42444540211,6,8,1
280.42546810000204,9,8,1
280.43087134999223,11,8,1
280.4473079650197,9,11,2
280.44912329502404,6,11,2
280.45017470396124,11,10,2
280.46462504402734,9,10,2
280.4656598630827,6,10,2
280.5099537889473,7,10,2
280.5109659070149,5,10,2
280.51198635506444,12,10,2
280.51401316095144,1,10,2
280.51815632614307,2,10,2
280.60282952012494,8,10,2
280.60626807506196,4,10,2
280.69563241908327,0,10,2
286.80746831698343,3,0,1
286.9011746321339,6,0,1
286.90180280897766,9,0,1
286.90909664100036,11,0,1
287.0040398100391,7,0,1
287.0109829120338,12,0,1
287.011843506014,1,0,1
287.0142222610302,5,0,1
287.0149795319885,2,0,1
287.10143822594546,8,0,1
287.1061918779742,4,0,1
287.1133376059588,10,0,1
288.1921202649828,0,2,1
288.30217134207487,3,2,1
288.39206488104537,9,2,1
288.4036662019789,11,2,1
288.40462178806774,6,2,1
288.49556825705804,7,2,1
288.5067608759273,1,2,1
288.50718670804054,5,2,1
288.5109461019747,12,2,1
288.6003382981289,4,2,1
288.6031667860225,8,2,1
288.61414761911146,10,2,1
288.89575199713,9,3,1
288.9054099540226,11,3,1
288.9077074979432,6,3,1
289.0108207829762,5,3,1
289.01116138207726,7,3,1
289.01148950099014,1,3,1
289.01304305391386,12,3,1
289.0159984061029,2,3,1
289.03271642909385,5,1,1
289.03388287103735,2,1,1
289.0349953719415,7,1,1
289.03700967808254,12,1,1
289.09374123904854,8,3,1
289.1005886080675,4,3,1
289.10843425500207,8,1,1
289.10942170303315,10,3,1
289.11279638600536,4,1,1
289.12022705213167,10,1,1
289.1926314770244,0,3,1
289.20528015703894,0,1,1
289.3155542600434,3,1,1
289.33485771506093,3,4,1
289.39791603107005,9,1,1
289.40370429097675,11,1,1
289.4057734981179,6,1,1
289.4098135600798,9,4,1
289.41500097396784,11,4,1
289.4230529870838,9,5,1
289.42751590092666,11,9,1
289.4300415411126,6,4,1
289.4387349509634,11,5,1
289.45052195806056,11,6,1
289.4513248100411,6,9,1
289.4678016861435,6,5,1
289.5052535729483,12,4,1
289.505854499992,1,4,1
289.50787948607467,7,4,1
289.50984197994694,5,4,1
289.5251142331399,12,9,1
289.525476322975,1,9,1
289.5260783890262,5,9,1
289.5271203981247,2,4,1
289.5286691710353,7,9,1
289.5461789960973,12,5,1
289.54695509700105,1,5,1
289.54758215509355,5,6,1
289.54941225610673,7,5,1
289.5501865670085,2,9,1
289.56652099010535,12,6,1
289.56686952896416,1,6,1
289.5676327201072,5,7,1
289.56919655413367,7,6,1
289.5700307469815,2,5,1
289.58562770904973,1,7,1
289.58603911008686,12,7,1
289.58643682091497,2,6,1
289.5924009559676,8,4,1
289.5976406710688,2,7,1
289.60762253706343,8,9,1
289.60831731697544,10,4,1
289.60866849613376,4,9,1
289.6237106129993,8,5,1
289.6241621149238,4,5,1
289.6245786070358,10,9,1
289.63991007208824,8,6,1
289.6403549241368,4,6,1
289.640780946007,10,5,1
289.6560457679443,8,7,1
289.6565074811224,4,7,1
289.65695095295087,10,6,1
289.6691024301108,10,7,1
289.70073365513235,0,4,1
289.7193856020458,0,9,1
289.73961723200046,0,5,1
289.7572987820022,0,6,1
289.77292920509353,0,7,1
289.80766140599735,3,9,1
289.82801798009314,3,5,1
289.8482624210883,3,6,1
289.8643436860293,3,7,1
289.89804003899917,6,7,1
289.89845519000664,9,6,1
289.90267942706123,11,7,1
289.9095018559601,9,7,1
289.9142441570293,11,12,2
289.9952839210164,7,11,2
290.0032547619194,12,11,2
290.0082325800322,1,11,2
290.0092617380433,5,11,2
290.01016630302183,7,12,2
290.0106459169183,2,11,2
290.01427948707715,12,8,1
290.02601303206757,1,12,2
290.0264647649601,5,12,2
290.026894435985,2,12,2
290.02750034304336,7,8,1
290.0415076110512,1,8,1
290.0419493629597,2,8,1
290.0423761950806,5,8,1
290.0935682230629,8,11,2
290.0994667559862,4,11,2
290.11088785203174,8,12,2
290.1115455899853,10,11,2
290.1124832560308,4,12,2
290.1261685451027,4,8,1
290.12687232508324,10,12,2
290.1370439159218,10,8,1
290.19210608094,0,11,2
290.2047245700378,0,12,2
290.2158649589401,0,8,1
290.30163315404207,3,11,2
290.3133584589232,3,12,2
290.324250850128,3,8,1
290.33517783298157,3,10,2
290.3931772680953,9,11,2
290.3941957161296,6,11,2
290.40514490008354,11,8,1
290.407220967114,6,12,2
290.4083173680119,9,12,2
290.42077010311186,11,10,2
290.4217982410919,9,8,1
290.4228429100476,6,8,1
290.43191795097664,9,10,2
290.4371751169674,6,10,2
290.50043550902046,7,10,2
290.5040083171334,12,10,2
290.5047221169807,5,10,2
290.5071642049588,1,10,2
290.518852078123,2,10,2
290.5932571189478,8,10,2
290.6043747270014,4,10,2
290.69189930008724,0,10,2
296.7991479760967,3,0,1
296.9016298139468,6,0,1
296.9027275640983,11,0,1
296.9034961150028,9,0,1
297.00058631412685,7,0,1
297.0034736341331,5,0,1
297.0037935329601,12,0,1
297.00411230209284,1,0,1
297.0087031889707,2,0,1
297.09214519010857,8,0,1
297.10169285396114,4,0,1
297.1068149260245,10,0,1
298.1067668481264,10,2,1
298.1909136879258,0,2,1
298.3021584090311,3,2,1
298.39320218004286,9,2,1
298.3952215160243,6,2,1
298.406646261923,11,2,1
298.49779244698584,7,2,1
298.5034491941333,12,2,1
298.5063499340322,5,2,1
298.50675615505315,1,2,1
298.59332381305285,8,2,1
298.6005086109508,4,2,1
298.89678087597713,9,3,1
298.89849706413224,6,3,1
298.9034112400841,11,3,1
298.9977327219676,7,3,1
299.0029374160804,12,3,1
299.00543620507233,1,3,1
299.00849018013105,5,3,1
299.01111694192514,2,3,1
299.01888855802827,7,1,1
299.02519568195567,12,1,1
299.02763085998595,2,1,1
299.02844556211494,5,1,1
299.0954976291396,8,3,1
299.10836171591654,4,3,1
299.11031913012266,8,1,1
299.112218412105,10,3,1
299.12891764496453,4,1,1
299.13065466308035,10,1,1
299.1959429511335,0,3,1
299.2072506339755,0,1,1
299.3038235891145,3,1,1
299.31761755095795,3,4,1
299.396601278102,6,1,1
299.3973497990519,9,1,1
299.40309708798304,11,1,1
299.41353247710504,6,4,1
299.41385740600526,9,4,1
299.415280564921,11,4,1
299.4299679619726,11,9,1
299.4303159120027,6,9,1
299.4306352210697,9,5,1
299.4438464769628,6,5,1
299.4441700959578,11,5,1
299.4554850291461,11,6,1
299.49655335606076,7,4,1
299.5008266249206,12,4,1
299.5059020849876,1,4,1
299.5096386289224,5,4,1
299.5224234529305,1,9,1
299.5256017309148,12,9,1
299.52631103014573,7,9,1
299.52699366910383,2,4,1
299.529075457016,5,9,1
299.54289924004115,1,5,1
299.5436255300883,12,5,1
299.54787655803375,7,5,1
299.5486561190337,2,9,1
299.5494140700903,5,6,1
299.55737988092005,1,6,1
299.55814881203696,12,6,1
299.5685991619248,2,5,1
299.5715105920099,7,6,1
299.57228030404076,1,7,1
299.5736499109771,5,7,1
299.57441655313596,12,7,1
299.58325847797096,2,6,1
299.59612913406454,2,7,1
299.60146878194064,8,4,1
299.60590674495324,4,9,1
299.61415578308515,10,4,1
299.6204653980676,8,9,1
299.62939259503037,4,5,1
299.6326972770039,10,9,1
299.639944287017,8,5,1
299.6537926609162,4,6,1
299.6544853700325,10,5,1
299.65615673712455,8,6,1
299.67271961504593,8,7,1
299.67341157398187,4,7,1
299.67410541395657,10,6,1
299.6916973409243,0,4,1
299.6924216009211,10,7,1
299.7020985491108,0,9,1
299.71277700411156,0,5,1
299.72341643902473,0,6,1
299.73398075206205,0,7,1
299.8075055880472,3,9,1
299.82833881513216,3,5,1
299.8490758589469,3,6,1
299.8656787890941,3,7,1
299.9008089720737,9,6,1
299.902032275917,6,7,1
299.90372948301956,11,7,1
299.9117083940655,9,7,1
300.0079226780217,7,12,2
