t_s,reporter,target,reason
10.345504255965352,7,0,1
10.813237046124414,7,11,2
10.843910533003509,7,8,1
10.867505240021273,7,6,1
10.870302729075775,10,0,1
10.88724978803657,7,5,1
10.897806775989011,10,2,1
10.906939205015078,7,4,1
10.92177005414851,7,3,1
10.934983757091686,7,12,2
10.946214805124328,7,8,1
10.981737219030038,7,11,2
11.035802287049592,10,11,2
11.059308831114322,10,8,1
11.081206290051341,8,0,1
11.11120571801439,10,6,1
11.115990643156692,8,2,1
11.130508224014193,10,7,1
11.143745168112218,10,5,1
11.186914788093418,10,4,1
11.193660018965602,11,0,1
11.201220571994781,10,3,1
11.214763035066426,10,12,2
11.21550455596298,11,2,1
11.226173798087984,10,8,1
11.237620521103963,10,11,2
11.511426920071244,8,11,2
11.525992681039497,4,0,1
11.534247815143317,8,6,1
11.544894976075739,4,2,1
11.584513045148924,8,7,1
11.619483994087204,8,5,1
11.63259151414968,8,4,1
11.63331369496882,11,8,1
11.685713316081092,8,3,1
11.69330661999993,11,6,1
11.8132149791345,8,12,2
11.81491633807309,11,7,1
11.815570976119488,8,11,2
11.81612911215052,11,5,1
11.880927982972935,11,4,1
11.88152306014672,11,3,1
11.882070366060361,7,10,2
11.88258102000691,11,12,2
11.891891393112019,7,10,2
11.895740451989695,11,8,1
11.991056306054816,0,2,1
12.001558562973514,8,10,2
12.014091826975346,8,10,2
12.025188341038302,3,0,1
12.030051117995754,4,11,2
12.031426656991243,5,0,1
12.08455645898357,6,0,1
12.086434202035889,3,2,1
12.090302271069959,5,2,1
12.099504220997915,4,8,1
12.100323315011337,6,2,1
12.107756314100698,9,0,1
12.110025498084724,3,6,1
12.113497117068619,5,6,1
12.114701301092282,0,6,1
12.116394659038633,11,10,2
12.188279340043664,11,10,2
12.189248378155753,5,7,1
12.189705450087786,0,7,1
12.190155093092471,3,7,1
12.190606146119535,9,2,1
12.191063159145415,4,6,1
12.210625912062824,3,5,1
12.211560818133876,5,4,1
12.21232566004619,0,5,1
12.21419571316801,4,7,1
12.217605899088085,12,0,1
12.219690658152103,6,7,1
12.287091362988576,5,3,1
12.288039920153096,0,4,1
12.289910743013024,3,4,1
12.290903241140768,12,2,1
12.291995102073997,4,5,1
12.29321601614356,6,5,1
12.31444778596051,6,4,1
12.315250439103693,5,12,2
12.315989900147542,3,12,2
12.316715630004182,7,9,1
12.317412150092423,4,3,1
12.380728240124881,0,3,1
12.40376873104833,7,9,1
12.404320937115699,6,3,1
12.405283264117315,0,12,2
12.40583211905323,3,8,1
12.406265801982954,5,8,1
12.406700894003734,4,12,2
12.411213851068169,9,6,1
12.41202232404612,2,0,1
12.42951594805345,4,8,1
12.480665483977646,6,12,2
12.481127977138385,0,8,1
12.48160400101915,9,7,1
12.482049433048815,5,11,2
12.482839026022702,3,11,2
12.503997764084488,4,11,2
12.506222886964679,5,10,2
12.506780862109736,6,8,1
12.507228095084429,9,5,1
12.507641327101737,0,11,2
12.508063559187576,3,10,2
12.51327469595708,8,9,1
12.532702475087717,0,10,2
12.58081451500766,6,11,2
12.582639666972682,4,10,2
12.58337258710526,9,4,1
12.584266292164102,5,10,2
12.584998353151605,8,9,1
12.58568320213817,10,9,1
12.595131430076435,0,10,2
12.59952003415674,4,10,2
12.601603392045945,6,10,2
12.603877156972885,9,3,1
12.606652205111459,3,10,2
12.607175520155579,10,9,1
12.613641193136573,5,9,1
12.618612663121894,6,10,2
12.680973276030272,9,12,2
12.68198609398678,3,9,1
12.68306143512018,5,9,1
12.683910869061947,11,9,1
12.692200533114374,3,9,1
12.69389574113302,9,8,1
12.704296935116872,11,9,1
12.707165166037157,9,11,2
12.721554063027725,6,9,1
12.722826809156686,9,10,2
12.723615901079029,12,5,1
12.73736439901404,6,9,1
12.73786057299003,9,10,2
12.738903073128313,12,4,1
12.751781217055395,12,3,1
12.752533428138122,1,0,1
12.76682497211732,12,8,1
12.767818270018324,1,2,1
12.791620463132858,12,11,2
12.806320348987356,12,10,2
12.807194393128157,2,5,1
12.820025876164436,12,10,2
12.82160816108808,2,4,1
12.833227209048346,12,9,1
12.834620868088678,2,3,1
12.845443054102361,12,9,1
12.847567924065515,2,12,2
12.859594124136493,2,8,1
12.886372321052477,2,11,2
12.898948877118528,2,10,2
12.910683968104422,2,10,2
12.922189723001793,2,9,1
12.931707913056016,2,9,1
13.017198789166287,4,9,1
13.027064618188888,4,9,1
13.10585580416955,0,9,1
13.11582391615957,0,9,1
13.198963416041806,1,5,1
13.209596317028627,1,4,1
13.222172331996262,1,3,1
13.234458009013906,1,12,2
13.246694205095991,1,8,1
13.258958742022514,1,11,2
13.271065164124593,1,10,2
13.281669994117692,1,10,2
13.293342052958906,1,9,1
13.306615299079567,1,9,1
17.225259624188766,6,0,1
17.22733119316399,12,0,1
17.308873647125438,2,0,1
17.309944347012788,7,0,1
17.4118933591526,9,0,1
17.427950703073293,9,2,1
17.504617060068995,8,0,1
17.52582586905919,4,0,1
17.52884639496915,10,0,1
17.529966306174174,8,2,1
17.548721845960245,4,2,1
17.549726905068383,10,2,1
17.615407661069185,3,0,1
17.61911762598902,5,0,1
17.620242407079786,0,2,1
17.621233246056363,11,0,1
17.638699209084734,3,2,1
17.64176714606583,11,2,1
17.642881978070363,5,2,1
17.702377919107676,1,0,1
17.728438555961475,6,2,1
17.729433614062145,1,2,1
17.730389631120488,12,2,1
17.814074096037075,7,2,1
18.22983752703294,6,1,1
18.231694150017574,12,1,1
18.316482346039265,7,1,1
18.320127038983628,2,1,1
18.420845355140045,9,1,1
18.51066682417877,8,1,1
18.530247948132455,4,1,1
18.532313746167347,10,1,1
18.61891999398358,3,1,1
18.622130775125697,0,1,1
18.62286070501432,5,1,1
18.626486708177254,11,1,1
18.917612835997716,9,6,1
19.008350820979103,8,6,1
19.025061993161216,4,6,1
19.028797128004953,10,6,1
19.11874274117872,0,6,1
19.11960349511355,3,6,1
19.122762964107096,5,6,1
19.12458339612931,11,6,1
19.20827336097136,1,6,1
19.228349309181795,6,7,1
19.23645273805596,1,7,1
19.2371747281868,12,6,1
19.260533157968894,12,7,1
19.311362045118585,7,6,1
19.322685565100983,2,6,1
19.345669655129313,2,7,1
19.416918328031898,9,7,1
19.43793734209612,9,5,1
19.456917759031057,9,4,1
19.47366232215427,9,3,1
19.506925562163815,8,7,1
19.528920284006745,4,7,1
19.52995235309936,8,5,1
19.531773964175954,10,7,1
19.553151219151914,8,4,1
19.55417207814753,4,5,1
19.555146675091237,10,5,1
19.572581948013976,8,3,1
19.575594873167574,4,3,1
19.576809897087514,10,4,1
19.591710197972134,4,12,2
19.59408803516999,10,3,1
19.61062822304666,10,12,2
19.61445501097478,5,7,1
19.615743918111548,0,7,1
19.617722104070708,3,7,1
19.62619713298045,11,7,1
19.628605141071603,5,4,1
19.63540475303307,3,5,1
19.638492291094735,0,5,1
19.640742134070024,5,3,1
19.648556905100122,3,4,1
19.65064077405259,11,5,1
19.660417810082436,5,12,2
19.661428939085454,3,12,2
19.662406707182527,0,4,1
19.688510603969917,11,4,1
19.693712091073394,0,3,1
19.707975414115936,11,3,1
19.708874750183895,0,12,2
19.711156394099817,1,5,1
19.723515754099935,12,5,1
19.72456477303058,11,12,2
19.730172312119976,6,5,1
19.73466200917028,12,4,1
19.737807097146288,1,4,1
19.745446203975007,12,3,1
19.753995285136625,6,4,1
19.756412202958018,1,3,1
19.772624102188274,1,12,2
19.77443007309921,6,3,1
19.78982934798114,6,12,2
19.808423483977094,7,5,1
19.812964492011815,2,5,1
19.829318134114146,7,4,1
19.832567586097866,2,4,1
19.85065140714869,7,3,1
19.85164659516886,2,3,1
19.868628005031496,2,12,2
19.869343125028536,7,12,2
19.908609885023907,9,12,2
19.99771355302073,8,12,2
20.224256276153028,12,8,1
20.305798521032557,7,8,1
20.310555746080354,2,8,1
20.418246268993244,9,8,1
20.438255154993385,9,11,2
20.506087242159992,8,11,2
20.52824701811187,8,9,1
20.528966448036954,4,8,1
20.53019228298217,10,8,1
20.551534906961024,4,11,2
20.552244207123294,10,11,2
20.56989095499739,4,9,1
20.571507691172883,10,9,1
20.614349912153557,5,8,1
20.61677476996556,0,8,1
20.617465570103377,3,8,1
20.62130215810612,11,8,1
20.630274722119793,5,11,2
20.644228937104344,0,11,2
20.6457361089997,3,11,2
20.646419347962365,11,9,1
20.647094147047028,5,9,1
20.664110078010708,0,9,1
20.664840709185228,3,9,1
20.703321265988052,1,8,1
20.729458515066653,1,11,2
20.730174125172198,12,11,2
20.7308508050628,6,8,1
20.75192206003703,1,9,1
20.753192206146196,12,9,1
20.75387481506914,6,11,2
20.77314335014671,6,9,1
20.773833790095523,12,10,2
20.790685976156965,6,10,2
20.806029840139672,7,11,2
20.81016387604177,2,11,2
20.824960564961657,7,9,1
20.82844751304947,2,9,1
20.84598666918464,7,10,2
20.8480068561621,2,10,2
20.919854717096314,9,10,2
21.00627147918567,8,10,2
21.0248033630196,4,10,2
21.112341806991026,5,10,2
21.11356162116863,3,10,2
21.11478731618263,0,10,2
21.123568654060364,11,10,2
21.19931039516814,1,10,2
27.22547211498022,6,0,1
27.227312496164814,12,0,1
27.306563716148958,7,0,1
27.308552123140544,2,0,1
27.415425313171,9,0,1
27.5045648929663,8,0,1
27.527299795066938,4,0,1
27.529166548047215,8,2,1
27.53020936716348,10,0,1
27.550144850974903,10,2,1
27.551172140054405,4,2,1
27.61358768399805,3,0,1
27.617889716057107,5,0,1
27.61973210796714,0,2,1
27.62181362695992,11,0,1
27.63503813999705,3,2,1
27.64014694513753,5,2,1
27.641978156985715,11,2,1
27.701789817074314,1,0,1
27.725492587080225,1,2,1
27.727566195186228,6,2,1
27.729790518060327,12,2,1
27.80689225718379,7,2,1
27.916917816968635,9,2,1
28.226449876092374,6,1,1
28.22835607896559,12,1,1
28.310235664015636,2,1,1
28.31126383296214,7,1,1
28.416260660160333,9,1,1
28.50593966501765,8,1,1
28.527032781159505,4,1,1
28.528946505161002,10,1,1
28.618220448028296,3,1,1
28.61903468100354,0,1,1
28.619758971966803,5,1,1
28.62245942815207,11,1,1
28.916600201977417,9,6,1
29.00674398918636,8,6,1
29.022996068000793,10,6,1
29.026612231042236,4,6,1
29.11713713896461,0,6,1
29.11798808304593,3,6,1
29.12083977414295,5,6,1
29.125081384088844,11,6,1
29.203411158174276,1,6,1
29.226927772164345,6,7,1
29.227664693025872,1,7,1
29.229744632029906,12,6,1
29.25238310196437,12,7,1
29.31054918607697,7,6,1
29.312029788037762,2,6,1
29.327838483965024,2,7,1
29.41695905313827,9,7,1
29.436844075098634,9,5,1
29.455287777120247,9,4,1
29.471181916072965,9,3,1
29.508443078957498,8,7,1
29.526982143055648,4,7,1
29.53180236904882,8,5,1
29.532571531133726,10,7,1
29.54840754903853,4,5,1
29.552530465181917,8,4,1
29.556556299095973,10,5,1
29.571899192174897,4,3,1
29.572647113120183,8,3,1
29.57482099509798,10,4,1
29.59041164512746,10,3,1
29.600494811078534,10,12,2
29.61449303617701,3,7,1
29.61923409998417,5,7,1
29.619933230103925,0,7,1
29.62301254714839,11,7,1
29.636165308998898,3,5,1
29.643375582061708,5,4,1
29.644692419096828,11,5,1
29.645415030186996,0,5,1
29.654328412143514,3,4,1
29.667440683115274,11,4,1
29.668220685096458,0,4,1
29.668909564148635,5,3,1
29.670491689117625,3,12,2
29.686044977977872,5,12,2
29.686777559109032,11,3,1
29.687470118980855,0,3,1
29.697681917110458,11,12,2
29.705802717013285,0,12,2
29.707616708008572,1,5,1
29.730063603026792,12,5,1
29.73078437312506,1,4,1
29.731472852174193,6,5,1
29.753962937975302,1,3,1
29.7547240590211,12,4,1
29.755407568998635,6,4,1
29.772271305089816,1,12,2
29.775098476093262,12,3,1
29.77579788514413,6,3,1
29.789201284060255,6,12,2
29.807580894092098,7,5,1
29.812408490106463,2,5,1
29.82923109503463,7,4,1
29.834209186024964,2,4,1
29.848932102089748,7,3,1
29.85631299111992,2,3,1
29.865124890115112,7,12,2
29.87327792099677,2,12,2
29.9123142240569,9,12,2
29.998023166088387,8,12,2
30.020802760031074,4,12,2
30.224508847109973,12,8,1
30.303159879986197,7,8,1
30.306293718982488,2,8,1
30.418271623086184,9,8,1
30.43937206012197,9,11,2
30.502607827074826,8,11,2
30.52084824303165,8,9,1
30.526912614004686,4,8,1
30.52826307201758,10,8,1
30.546291852137074,10,11,2
30.547722512157634,4,11,2
30.562274124007672,10,9,1
30.564799424959347,4,9,1
30.611155034974217,0,8,1
30.616359862033278,5,8,1
30.617065991973504,3,8,1
30.62307792203501,11,8,1
30.630931604187936,0,11,2
30.64094314700924,11,9,1
30.641669718082994,3,11,2
30.64358149212785,5,11,2
30.645813905168325,0,9,1
30.66092051216401,3,9,1
30.6616282411851,5,9,1
30.703578097047284,1,8,1
30.729299074038863,1,11,2
30.72990471101366,6,8,1
30.730216579977423,12,11,2
30.751251275185496,1,9,1
30.751836721086875,12,9,1
30.753384744981304,6,11,2
30.773110282141715,12,10,2
30.77382998308167,6,9,1
30.788055525161326,6,10,2
30.806921428069472,7,11,2
30.812003831146285,2,11,2
30.82721535116434,7,9,1
30.832086919108406,2,9,1
30.847093874122947,7,10,2
30.84919780306518,2,10,2
30.918013998074457,9,10,2
31.007297151023522,8,10,2
31.02445511613041,4,10,2
31.111629580147564,0,10,2
31.1128844760824,5,10,2
31.114075399003923,3,10,2
31.121236921055242,11,10,2
31.200013638008386,1,10,2
37.22562916018069,6,0,1
37.22794518596493,12,0,1
37.30796324717812,7,0,1
37.311554859159514,2,0,1
37.414902940159664,9,0,1
37.50500496616587,8,0,1
37.522799919126555,4,0,1
37.532653188100085,8,2,1
37.53334269695915,10,0,1
37.54313085414469,4,2,1
37.55438874196261,10,2,1
37.613413371145725,3,0,1
37.61662574112415,0,2,1
37.61731119104661,5,0,1
37.6203000950627,11,0,1
37.637575692962855,3,2,1
37.64016419602558,5,2,1
37.64140697102994,11,2,1
37.70234776404686,1,0,1
37.72871374897659,6,2,1
37.729424719000235,1,2,1
37.73013903899118,12,2,1
37.80599013296887,7,2,1
37.91732776002027,9,2,1
38.22657684003934,6,1,1
38.22860225709155,12,1,1
38.30682556796819,7,1,1
38.31461281818338,2,1,1
38.41584814013913,9,1,1
38.506042778957635,8,1,1
38.52459032298066,4,1,1
38.52811054303311,10,1,1
38.61079939012416,3,1,1
38.61365828011185,5,1,1
38.61434513004497,0,1,1
38.6238937091548,11,1,1
38.91764942207374,9,6,1
39.00641528097913,8,6,1
39.02512846002355,4,6,1
39.02866403898224,10,6,1
39.118923980975524,0,6,1
39.12071717111394,5,6,1
39.12140520103276,3,6,1
39.122763719176874,11,6,1
39.205094216158614,1,6,1
39.22972777206451,1,7,1
39.23042809218168,6,7,1
39.23110261117108,12,6,1
39.251312422100455,12,7,1
39.31398358405568,2,6,1
39.31475325510837,7,6,1
39.328560485038906,2,7,1
39.417001174995676,9,7,1
39.43695806898177,9,5,1
39.45555593515746,9,4,1
39.47128005907871,9,3,1
39.507461701054126,8,7,1
39.52800638298504,4,7,1
39.531494171125814,10,7,1
39.53220575116575,8,5,1
39.55220331600867,8,4,1
39.55295773711987,4,5,1
39.55364533700049,10,5,1
39.57133904704824,8,3,1
39.57406183402054,10,4,1
39.5747534041293,4,3,1
39.58931291499175,10,3,1
39.615691191051155,3,7,1
39.618465489009395,0,7,1
39.61921925004572,5,7,1
39.624695835169405,11,7,1
39.64197877398692,3,5,1
39.64270038413815,0,5,1
39.64514650311321,5,4,1
39.646202023141086,11,5,1
39.664651594124734,0,4,1
39.66601816308685,3,4,1
39.66735829110257,11,4,1
39.66861532605253,5,3,1
39.68676583911292,3,12,2
39.687468249117956,0,3,1
39.68814179813489,5,12,2
39.68912341608666,11,3,1
39.70091623906046,0,12,2
39.70281863305718,11,12,2
39.710668744985014,1,5,1
39.72916581807658,6,5,1
39.731242006178945,12,5,1
39.733209352009,1,4,1
39.75279442500323,12,4,1
39.75359268812463,6,4,1
39.75434156903066,1,3,1
39.77221996500157,1,12,2
39.77485594898462,12,3,1
39.77554378914647,6,3,1
39.78964255703613,6,12,2
39.801733338972554,7,5,1
39.81169718015008,2,5,1
39.81777893216349,7,4,1
39.8341922161635,7,3,1
39.83567738812417,2,4,1
39.84983426798135,7,12,2
39.857255917973816,2,3,1
39.872842559125274,2,12,2
39.91519760503434,9,12,2
39.997691886965185,8,12,2
40.02188305114396,10,12,2
40.022614971967414,4,12,2
40.22893464216031,12,8,1
40.30655053607188,7,8,1
40.30778172099963,2,8,1
40.41846660897136,9,8,1
40.43853078596294,9,11,2
40.506136797135696,8,11,2
40.52836388605647,8,9,1
40.52907709614374,4,8,1
40.52975805499591,10,8,1
40.55156057118438,10,11,2
40.55227318103425,4,11,2
40.570872547104955,10,9,1
40.57158398698084,4,9,1
40.61716742510907,3,8,1
40.61788013507612,5,8,1
40.61962179397233,0,8,1
40.621691703097895,11,8,1
40.64465394197032,3,11,2
40.64534647203982,11,9,1
40.646024361019954,5,11,2
40.64670292008668,0,11,2
40.66513556102291,5,9,1
40.66587140201591,3,9,1
40.66655096109025,0,9,1
40.70384366507642,1,8,1
40.72838469897397,1,11,2
40.72893264400773,6,8,1
40.729536581085995,12,11,2
40.75023473612964,1,9,1
40.75154010299593,12,9,1
40.75226530316286,6,11,2
40.76813979214057,6,9,1
40.77029821299948,12,10,2
40.78301661205478,6,10,2
40.81232219096273,7,11,2
40.81487306300551,2,11,2
40.833146039163694,2,9,1
40.8338624201715,7,9,1
40.854582955129445,7,10,2
40.85528517514467,2,10,2
40.917270136997104,9,10,2
41.00603741616942,8,10,2
41.025728831999004,4,10,2
41.111178806982934,3,10,2
41.113454532111064,5,10,2
41.114673495991156,0,10,2
41.12119395006448,11,10,2
41.19895256799646,1,10,2
47.227795799961314,12,0,1
47.30537942308001,7,0,1
47.30962801305577,2,0,1
47.4153783521615,9,0,1
47.50451981113292,8,0,1
47.52777084801346,8,2,1
47.52854570001364,10,0,1
47.5292411390692,4,0,1
47.55109161697328,10,2,1
47.55182206816971,4,2,1
47.613801539177075,3,0,1
47.61639327299781,5,0,1
47.61714717396535,0,2,1
47.62085499917157,11,0,1
47.637870820006356,5,2,1
47.63860019017011,3,2,1
47.64112554118037,11,2,1
47.702492776094005,1,0,1
47.72753011318855,1,2,1
47.72831434616819,6,0,1
47.72903970605694,12,2,1
47.74832753208466,6,2,1
47.806652219966054,7,2,1
47.91815620101988,9,2,1
48.22674027318135,6,1,1
48.229010727023706,12,1,1
48.31232514209114,7,1,1
48.31467690807767,2,1,1
48.417346119182184,9,1,1
48.50674450607039,8,1,1
48.52532294113189,4,1,1
48.5304401461035,10,1,1
48.61893061711453,3,1,1
48.62161271297373,0,1,1
48.62298574205488,11,1,1
48.62368139112368,5,1,1
48.91675972403027,9,6,1
49.01158047397621,8,6,1
49.02633203100413,4,6,1
49.03122209897265,10,6,1
49.11420007515699,0,6,1
49.11955287610181,3,6,1
49.124266169033945,11,6,1
49.12549723405391,5,6,1
49.2042707700748,1,6,1
49.22907202108763,1,7,1
49.22976425103843,6,7,1
49.230442620115355,12,6,1
49.2502349591814,12,7,1
49.31288691004738,2,6,1
49.314240008126944,7,6,1
49.33374447003007,2,7,1
49.41621752013452,9,7,1
49.43658932601102,9,5,1
49.45518108108081,9,4,1
49.471046870108694,9,3,1
49.50954240816645,8,7,1
49.52874138997868,4,7,1
49.533994659082964,8,5,1
49.53472886001691,10,7,1
49.55630393908359,8,4,1
49.55703413998708,4,5,1
49.55831250618212,10,5,1
49.57844894495793,8,3,1
49.57975861313753,10,4,1
49.580477053066716,4,3,1
49.59453324996866,10,3,1
49.61119438102469,10,12,2
49.61802466399968,0,7,1
49.61902067204937,5,7,1
49.61997964908369,3,7,1
49.62222574301995,11,7,1
49.64502495713532,11,5,1
49.64603640604764,0,5,1
49.64697539201006,3,5,1
49.647961820010096,5,4,1
49.66984467813745,5,3,1
49.670818406157196,3,4,1
49.67176468297839,11,4,1
49.67279045213945,0,4,1
49.690770379966125,5,12,2
49.69176858803257,3,12,2
49.692756386008114,11,3,1
49.69377910508774,0,3,1
49.70753787411377,11,12,2
49.70856757299043,0,12,2
49.71176640316844,1,5,1
49.728821826167405,6,5,1
49.73314436804503,1,4,1
49.73437924217433,12,5,1
49.748731108149514,6,4,1
49.752987458137795,1,3,1
49.75706311315298,12,4,1
49.76910246396437,1,12,2
49.771852961042896,6,3,1
49.78044972498901,12,3,1
49.79101206315681,6,12,2
49.81053064507432,2,5,1
49.811780360061675,7,5,1
49.832918947096914,7,4,1
49.833638058044016,2,4,1
49.854661752004176,2,3,1
49.855390252079815,7,3,1
49.872150496114045,7,12,2
49.87339652096853,2,12,2
49.91250061709434,9,12,2
49.99817572813481,8,12,2
50.01579371606931,4,12,2
50.22421407699585,12,8,1
50.30662701604888,7,8,1
50.31119351508096,2,8,1
50.417523770127445,9,8,1
50.437911255983636,9,11,2
50.506918136030436,8,11,2
50.52935375017114,8,9,1
50.530128431972116,10,8,1
50.53081941208802,4,8,1
50.55283391405828,10,11,2
50.55357991508208,4,11,2
50.57198006496765,4,9,1
50.5727007961832,10,9,1
50.61725039407611,0,8,1
50.61796905496158,5,8,1
50.61864985409193,3,8,1
50.62191293598153,11,8,1
50.64451666502282,0,11,2
50.64532891800627,5,11,2
50.64601456699893,3,11,2
50.646689787041396,11,9,1
50.66536442399956,5,9,1
50.66638663318008,3,9,1
50.66736365109682,0,9,1
50.704674766166136,1,8,1
50.72990045812912,1,11,2
50.73088952596299,6,8,1
50.73184515303001,12,11,2
50.75243051513098,1,9,1
50.75324736814946,12,9,1
50.753934188047424,6,11,2
50.77119073504582,6,9,1
50.772499562008306,12,10,2
50.78615598799661,6,10,2
50.81096816016361,2,11,2
50.81168926996179,7,11,2
50.83161792298779,7,9,1
50.83237097412348,2,9,1
50.8510483619757,7,10,2
50.851740782149136,2,10,2
50.916778129991144,9,10,2
51.00590125913732,8,10,2
51.02548173209652,4,10,2
51.11148556298576,0,10,2
51.112732608104125,5,10,2
51.11391541105695,3,10,2
51.123082471080124,11,10,2
51.19909237907268,1,10,2
57.22706749406643,12,0,1
57.30622415104881,7,0,1
57.30799692100845,2,0,1
57.416296422015876,9,0,1
57.50471403100528,8,0,1
57.527999269077554,8,2,1
57.52877175109461,10,0,1
57.52946624113247,4,0,1
57.55168634909205,4,2,1
57.55247260117903,10,2,1
57.61655595200136,0,2,1
57.617320334073156,5,0,1
57.61801894311793,3,0,1
57.620315368054435,11,0,1
57.639673945028335,3,2,1
57.642699921038,11,2,1
57.644009137991816,5,2,1
57.70171849918552,1,0,1
57.725290595088154,6,0,1
57.72675718716346,1,2,1
57.729146774159744,12,2,1
57.74570718198083,6,2,1
57.805871673161164,7,2,1
57.91976621118374,9,2,1
58.226529801031575,6,1,1
58.22847153618932,12,1,1
58.30524431611411,7,1,1
58.30932195112109,2,1,1
58.417007805081084,9,1,1
58.50875648809597,8,1,1
58.52766327210702,4,1,1
58.529096252983436,10,1,1
58.61863009305671,0,1,1
58.61936899414286,5,1,1
58.620069002965465,3,1,1
58.62280507106334,11,1,1
58.9169964750763,9,6,1
59.00632814015262,8,6,1
59.02843157504685,4,6,1
59.029224917059764,10,6,1
59.11888221115805,3,6,1
59.119629932101816,0,6,1
59.12206230103038,5,6,1
59.124204121064395,11,6,1
59.203825942007825,1,6,1
59.22948919702321,1,7,1
59.230290150037035,6,7,1
59.23099392000586,12,6,1
59.25101818609983,12,7,1
59.3086437440943,7,6,1
59.313307736068964,2,6,1
59.333547158166766,2,7,1
59.41793185309507,9,7,1
59.437828914960846,9,5,1
59.45604031998664,9,4,1
59.47180440509692,9,3,1
59.50839072908275,8,7,1
59.53012946411036,4,7,1
59.53146825218573,8,5,1
59.53221301315352,10,7,1
59.55443069105968,8,4,1
59.55517634213902,10,5,1
59.55590602196753,4,5,1
59.57530318107456,8,3,1
59.57608485314995,10,4,1
59.57681294414215,4,3,1
59.59163610218093,10,3,1
59.61845091008581,3,7,1
59.619231892051175,0,7,1
59.6199142311234,5,7,1
59.62274333112873,11,7,1
59.64575032214634,3,5,1
59.64650877309032,11,5,1
59.64719007210806,0,5,1
59.64786930195987,5,4,1
59.670899202115834,11,4,1
59.67167885415256,3,4,1
59.67240150505677,5,3,1
59.673078584019095,0,4,1
59.69132052012719,5,12,2
59.69206418097019,3,12,2
59.69282695208676,11,3,1
59.693511652061716,0,3,1
59.706347434083,11,12,2
59.70709032518789,0,12,2
59.71033626701683,1,5,1
59.731433582957834,6,5,1
59.73221890605055,1,4,1
59.732907155063,12,5,1
59.756516392109916,1,3,1
59.75784267997369,6,4,1
59.75853359908797,12,4,1
59.77582097798586,1,12,2
59.77858588611707,12,3,1
59.779326477088034,6,3,1
59.794755953131244,6,12,2
59.80783211207017,7,5,1
59.81188715714961,2,5,1
59.82825734000653,7,4,1
59.83142997906543,2,4,1
59.84978765808046,7,3,1
59.85107609513216,2,3,1
59.867710455087945,2,12,2
59.86844441504218,7,12,2
59.912877751048654,9,12,2
60.0036653871648,8,12,2
60.02286550006829,10,12,2
60.02420425717719,4,12,2
60.22452518902719,12,8,1
60.30517744808458,7,8,1
60.30955344205722,2,8,1
60.415347191970795,9,8,1
60.43107816716656,9,11,2
60.509629897074774,8,11,2
60.529403866035864,4,8,1
60.53071931307204,8,9,1
60.531454554060474,10,8,1
60.554108493961394,10,11,2
60.554825003957376,4,11,2
60.573724198155105,10,9,1
60.574424028163776,4,9,1
60.613629196072,0,8,1
60.61713881511241,3,8,1
60.61787147610448,5,8,1
60.62430412811227,11,8,1
60.63698852597736,0,11,2
60.642172222957015,5,11,2
60.643530250992626,3,11,2
60.64607451297343,11,9,1
60.65356104518287,0,9,1
60.66106564714573,5,9,1
60.66234141308814,3,9,1
60.70340697304346,1,8,1
60.7299003819935,12,11,2
60.730624882970005,1,11,2
60.73130800202489,6,8,1
60.75009114318527,12,9,1
60.75079591316171,1,9,1
60.75457484903745,6,11,2
60.770353825064376,12,10,2
60.77163310209289,6,9,1
60.78780513908714,6,10,2
60.80612994614057,7,11,2
60.81005171709694,2,11,2
60.825271047186106,7,9,1
60.82845241809264,2,9,1
60.846458197105676,7,10,2
60.847760843113065,2,10,2
60.91737265116535,9,10,2
61.010756930103526,8,10,2
61.025675281183794,4,10,2
61.109053418040276,3,10,2
61.11379539198242,0,10,2
61.120304936077446,5,10,2
61.12102305609733,11,10,2
61.20083150197752,1,10,2
67.22769261407666,12,0,1
67.3061355901882,7,0,1
67.30796151212417,2,0,1
67.41566678602248,9,0,1
67.50405712402426,8,0,1
67.5276228801813,4,0,1
67.52841253299266,8,2,1
67.52911683311686,10,0,1
67.55276228114963,10,2,1
67.55350339203142,4,2,1
67.6162652161438,0,2,1
67.61700573610142,5,0,1
67.61775323818438,3,0,1
67.61992322909646,11,0,1
67.64166159299202,3,2,1
67.64242825517431,11,2,1
67.64312730403617,5,2,1
67.70237802900374,1,0,1
67.725738089066,1,2,1
67.72842768509872,6,0,1
67.73084795405157,12,2,1
67.75034763501026,6,2,1
67.80633217701688,7,2,1
67.91697569401003,9,2,1
68.22702727699652,6,1,1
68.22873542504385,12,1,1
68.30779805011116,7,1,1
68.30976054514758,2,1,1
68.4122636821121,9,1,1
68.50590705918148,8,1,1
68.52721218112856,4,1,1
68.5294592641294,10,1,1
68.61424105009064,3,1,1
68.6149819411803,0,1,1
68.61781015107408,5,1,1
68.62212894298136,11,1,1
68.91671915911138,9,6,1
69.00677280407399,8,6,1
69.02552960417233,4,6,1
69.02962874015793,10,6,1
69.11588853807189,3,6,1
69.11670100106858,0,6,1
69.11987914005294,5,6,1
69.12361735617742,11,6,1
69.20494526508264,1,6,1
69.22921150107868,1,7,1
69.22995247202925,6,7,1
69.23064367100596,12,6,1
69.2530638051685,12,7,1
69.31313210213557,2,6,1
69.31414980115369,7,6,1
69.33462536009029,2,7,1
69.41685935412534,9,7,1
69.43709791614674,9,5,1
69.45543906418607,9,4,1
69.47132198303007,9,3,1
69.51097601396032,8,7,1
69.52791642211378,4,7,1
69.53173709101975,10,7,1
69.532474771142,8,5,1
69.55241212504916,4,5,1
69.55311574507505,8,4,1
69.55379597400315,10,5,1
69.57350356108509,8,3,1
69.57475277618505,10,4,1
69.57543677510694,4,3,1
69.59015006106347,10,3,1
69.61376074911095,3,7,1
69.61449999012984,0,7,1
69.62008399702609,5,7,1
69.62197582097724,11,7,1
69.63985675596632,3,5,1
69.64060007710941,0,5,1
69.64360922202468,11,5,1
69.6443297220394,5,4,1
69.66349859512411,3,4,1
69.6642247850541,0,4,1
69.66546071018092,11,4,1
69.66686859005131,5,3,1
69.68529455014504,0,3,1
69.68600125005469,3,12,2
69.68668414000422,11,3,1
69.68736586906016,5,12,2
69.70046987896785,11,12,2
69.70121571002528,0,12,2
69.70505218906328,1,5,1
69.71699772612192,6,5,1
69.72753912396729,1,4,1
69.72906138701364,6,4,1
69.73099887208082,12,5,1
69.74047163012438,6,3,1
69.74986336496659,1,3,1
69.75191254308447,6,12,2
69.75352907902561,12,4,1
69.76600430207327,1,12,2
69.77240732195787,12,3,1
69.80744291213341,7,5,1
69.81169930309989,2,5,1
69.82860370003618,2,4,1
69.82989123696461,7,4,1
69.8410172010772,2,3,1
69.84902166808024,7,3,1
69.85628436296247,2,12,2
69.86520439502783,7,12,2
69.91628041910008,9,12,2
69.99815599201247,8,12,2
70.02268929616548,10,12,2
70.02361958217807,4,12,2
70.22427544300444,12,8,1
70.30374346906319,7,8,1
70.31049666996114,2,8,1
70.41713656298816,9,8,1
70.43826341116801,9,11,2
70.50925370701589,8,11,2
70.5290550570935,4,8,1
70.53034279309213,8,9,1
70.53103472315706,10,8,1
70.55182634014636,10,11,2
70.55258498201147,4,11,2
70.57056893012486,4,9,1
70.57126997900195,10,9,1
70.61540664709173,3,8,1
70.61833015014417,0,8,1
70.6190344390925,5,8,1
70.62187930010259,11,8,1
70.64263095706701,5,11,2
70.64339085808024,3,11,2
70.6440833681263,0,11,2
70.64480450795963,11,9,1
70.66234132414684,3,9,1
70.66309162508696,0,9,1
70.66378861502744,5,9,1
70.70433805999346,1,8,1
70.72903922898695,1,11,2
70.72976359911263,6,8,1
70.73045037896372,12,11,2
70.75047178403474,1,9,1
70.75172183010727,12,9,1
70.75244079018012,6,11,2
70.76835988997482,6,9,1
70.77045943913981,12,10,2
70.78262298298068,6,10,2
70.80875657196157,7,11,2
70.81212345696986,2,11,2
70.83158014714718,7,9,1
70.8323193481192,2,9,1
70.8521045469679,2,10,2
70.85286087798886,7,10,2
70.91732412017882,9,10,2
71.01056829513982,8,10,2
71.02533569210209,4,10,2
71.11140827508643,3,10,2
71.11230531102046,5,10,2
71.11302449111827,0,10,2
71.12340322416276,11,10,2
71.19644059799612,1,10,2
77.22729334118776,12,0,1
77.30903833103366,2,0,1
77.30977110215463,7,0,1
77.41538052703254,9,0,1
77.50471799215302,8,0,1
77.52698640106246,4,0,1
77.5282722171396,10,0,1
77.52896174718626,8,2,1
77.54985770699568,10,2,1
77.55055721709505,4,2,1
77.6122916219756,3,0,1
77.61600993713364,0,2,1
77.6167659079656,5,0,1
77.61946927499957,11,0,1
77.63347594998777,3,2,1
77.63865146716125,5,2,1
77.63999286503531,11,2,1
77.70080587314442,1,0,1
77.72478827112354,1,2,1
77.725499431137,6,0,1
77.72896148916334,12,2,1
77.74553225701675,6,2,1
77.80557037401013,7,2,1
77.91765440208837,9,2,1
78.2263921070844,6,1,1
78.22894887905568,12,1,1
78.30552797415294,7,1,1
78.31074409116991,2,1,1
78.41824076906778,9,1,1
78.49771860498004,8,1,1
78.51591124897823,4,1,1
78.52789951814339,10,1,1
78.60239894408733,3,1,1
78.61786234099418,0,1,1
78.61858362099156,5,1,1
78.62126170704141,11,1,1
78.91745296795852,9,6,1
79.0064689530991,8,6,1
79.0252250940539,4,6,1
79.02988858614117,10,6,1
79.11791727296077,3,6,1
79.12049366603605,0,6,1
79.1212567081675,5,6,1
79.12613188498653,11,6,1
79.20311543112621,1,6,1
79.22787271114066,6,7,1
79.2286034009885,1,7,1
79.22990141808987,12,6,1
79.24956673406996,12,7,1
79.31420287117362,2,6,1
79.31505934498273,7,6,1
79.33434180007316,2,7,1
79.41692892415449,9,7,1
79.43702622200362,9,5,1
79.45552483503707,9,4,1
79.47127843997441,9,3,1
79.508712077979,8,7,1
79.52803807402961,8,5,1
79.52919718716294,4,7,1
79.53019198495895,10,7,1
79.54306895914488,8,4,1
79.55176601395942,4,5,1
79.55278731300496,10,5,1
79.55847628414631,8,3,1
79.57187413307838,10,4,1
79.57263649511151,4,3,1
79.58786464505829,10,3,1
79.5988838460762,10,12,2
79.61502127209678,3,7,1
79.61574155301787,0,7,1
79.61839366704226,5,7,1
79.62275517103262,11,7,1
79.6419156130869,0,5,1
79.64261048217304,3,5,1
79.64384641707875,11,5,1
79.6445568271447,5,4,1
79.66639014403336,3,4,1
79.66708355396986,11,4,1
79.66775895305909,5,3,1
79.66847170307301,0,4,1
79.68706681812182,3,12,2
79.68776583811268,0,3,1
79.68847563816234,5,12,2
79.6891545271501,11,3,1
79.69765863800421,1,5,1
79.70210106298327,0,12,2
79.70280672307126,11,12,2
79.70877834199928,1,4,1
79.72121933405288,1,3,1
79.72655122517608,6,5,1
79.7312217161525,12,5,1
79.7332435331773,1,12,2
79.7478197151795,12,4,1
79.74853647616692,6,4,1
79.76601441018283,12,3,1
79.76836128602736,6,3,1
79.78348808316514,6,12,2
79.8094873081427,7,5,1
79.81019773799926,2,5,1
79.83171431603841,7,4,1
79.83242995711043,2,4,1
79.85365011612885,2,3,1
79.85433850600384,7,3,1
79.87043758109212,7,12,2
79.87115975096822,2,12,2
79.91480021504685,9,12,2
79.99802555702627,8,12,2
80.0199670670554,4,12,2
80.22402662411332,12,8,1
80.3036657650955,7,8,1
80.30784263298847,2,8,1
80.41771840816364,9,8,1
80.4380122711882,9,11,2
80.5062391301617,8,11,2
80.5285248591099,8,9,1
80.52927952096798,4,8,1
80.53057342697866,10,8,1
80.55347625515424,10,11,2
80.55419306503609,4,11,2
80.5740258351434,4,9,1
80.57473403518088,10,9,1
80.61497573298402,3,8,1
80.61577284499072,0,8,1
80.6180439190939,5,8,1
80.62254149699584,11,8,1
80.6402145861648,3,11,2
80.64224406308495,0,11,2
80.64330780296586,11,9,1
80.64432218205184,5,11,2
80.66041512717493,3,9,1
80.66190857905895,5,9,1
80.66263122996315,0,9,1
80.7055004411377,1,8,1
80.72528150002472,1,11,2
80.72734903916717,6,8,1
80.7292021010071,12,11,2
80.74566712602973,1,9,1
80.74916936503723,12,9,1
80.74988765618764,6,11,2
80.76831219601445,6,9,1
80.76905238698237,12,10,2
80.78400643006898,6,10,2
80.80798440705985,7,11,2
80.81258714804426,2,11,2
80.82761621195823,7,9,1
80.83086094399914,2,9,1
80.84890723414719,7,10,2
80.85018296004273,2,10,2
80.91359399212524,9,10,2
81.00624638097361,8,10,2
81.025611147983,4,10,2
81.10914288903587,5,10,2
81.11109905410558,0,10,2
81.11193041712977,3,10,2
81.11409798800014,11,10,2
81.19454414211214,1,10,2
87.22687585512176,12,0,1
87.30289773317054,2,0,1
87.30797399696894,7,0,1
87.41684431396425,9,0,1
87.43792416900396,9,2,1
87.50159619911574,8,0,1
87.52748927101493,4,0,1
87.52824877202511,8,2,1
87.5289393120911,10,0,1
87.55080172000453,10,2,1
87.55153897101991,4,2,1
87.61656408803537,3,0,1
87.618387500057,5,0,1
87.6190859801136,0,2,1
87.62158590997569,11,0,1
87.64077249215916,5,2,1
87.641473561991,3,2,1
87.64507708395831,11,2,1
87.7025942101609,1,0,1
87.72732481802814,1,2,1
87.72871351800859,6,0,1
87.72944104811177,12,2,1
87.74861481017433,6,2,1
87.81031949399039,7,2,1
88.2259611999616,6,1,1
88.22782479296438,12,1,1
88.30749835516326,7,1,1
88.31417232309468,2,1,1
88.41844742116518,9,1,1
88.50552985118702,8,1,1
88.52476201509126,4,1,1
88.52856269315816,10,1,1
88.61735228216276,0,1,1
88.61809723312035,5,1,1
88.61879007215612,3,1,1
88.62220964906737,11,1,1
88.91716614505276,9,6,1
89.00629813410342,8,6,1
89.02673126105219,4,6,1
89.02852734201588,10,6,1
89.1186317789834,3,6,1
89.12069239700213,0,6,1
89.1220079541672,5,6,1
89.12330090114847,11,6,1
89.20319693814963,1,6,1
89.22758857812732,6,7,1
89.22837586002424,1,7,1
89.22988816304132,12,6,1
89.24949198705144,12,7,1
89.31308710412122,2,6,1
89.31440370203927,7,6,1
89.33333613700233,2,7,1
89.41676564514637,9,7,1
89.43705367809162,9,5,1
89.45561022218317,9,4,1
89.47155940299854,9,3,1
89.4986503389664,8,7,1
89.51071944995783,8,5,1
89.52300159703009,8,4,1
89.5287769001443,4,7,1
89.53252243599854,10,7,1
89.53401501802728,8,3,1
89.55311574810185,4,5,1
89.5542621400673,10,5,1
89.57466609706171,10,4,1
89.57499356614426,4,3,1
89.59122453513555,10,3,1
89.60272102011368,3,7,1
89.618058352964,3,5,1
89.62034886796027,5,7,1
89.62108580907807,0,7,1
89.62238100497052,11,7,1
89.62861853209324,3,4,1
89.64491886203177,3,12,2
89.64632692211308,0,5,1
89.64703226205893,11,5,1
89.64771517110057,5,4,1
89.66771583608352,0,4,1
89.66851015901193,5,3,1
89.66984675708227,11,4,1
89.68367663701065,0,3,1
89.68566273408942,5,12,2
89.6869871111121,11,3,1
89.69581211102195,0,12,2
89.7036311221309,11,12,2
89.70804641698487,1,5,1
89.73068918613717,6,5,1
89.73153931996785,1,4,1
89.73229207098484,12,5,1
89.75457985210232,1,3,1
89.75534835318103,12,4,1
89.75604467303492,6,4,1
89.77660406404175,1,12,2
89.7773499651812,6,3,1
89.77806138503365,12,3,1
89.79362590517849,6,12,2
89.80821221717633,7,5,1
89.81028142618015,2,5,1
89.82980550802313,2,4,1
89.83050960698165,7,4,1
89.85161586408503,7,3,1
89.85235692514107,2,3,1
89.86958294198848,2,12,2
89.87028507096693,7,12,2
89.91318353405222,9,12,2
90.00438005104661,8,12,2
90.02128979912959,10,12,2
90.02267717802897,4,12,2
90.22442691004835,12,8,1
90.3069103511516,7,8,1
90.30774767510593,2,8,1
90.41773852310143,9,8,1
90.43780206004158,9,11,2
90.50755726103671,8,11,2
90.52868791902438,4,8,1
90.52945035113953,8,9,1
90.53015279001556,10,8,1
90.5513323689811,10,11,2
90.55205213907175,4,11,2
90.57135149417445,4,9,1
90.57206079410389,10,9,1
90.61774742603302,0,8,1
90.61852103797719,5,8,1
90.61922043701634,3,8,1
90.62192340404727,11,8,1
90.64448210108094,0,11,2
90.64527588407509,5,11,2
90.64597423304804,3,11,2
90.64665191317908,11,9,1
90.66439511417411,3,9,1
90.66508985403925,0,9,1
90.66580155398697,5,9,1
90.70513063506223,1,8,1
90.72969964006916,1,11,2
90.73074470902793,12,11,2
90.73174740816467,6,8,1
90.75115028605796,1,9,1
90.75221312604845,12,9,1
90.75319941411726,6,11,2
90.77086496306583,12,10,2
90.77188928215764,6,9,1
90.78636988112703,6,10,2
90.80995647818781,7,11,2
90.81096955598332,2,11,2
90.8309580811765,7,9,1
90.8319730500225,2,9,1
90.85297515406273,2,10,2
90.8539922030177,7,10,2
90.91708261496387,9,10,2
91.00683250208385,8,10,2
91.02503195614554,4,10,2
91.11179510806687,5,10,2
91.11274418514222,3,10,2
91.1134793960955,0,10,2
91.12299594515935,11,10,2
91.19883927796036,1,10,2
97.22152742696926,12,0,1
97.22406442812644,6,0,1
97.30835536099039,2,0,1
97.31009342009202,7,0,1
97.41510545718484,9,0,1
97.50539493910037,8,0,1
97.51567139010876,4,0,1
97.53041365602985,4,2,1
97.5323641311843,8,2,1
97.5330633611884,10,0,1
97.55471968301572,10,2,1
97.61717240815051,0,2,1
97.61788754817098,5,0,1
97.61860374896787,3,0,1
97.62142618815415,11,0,1
97.64283539308235,3,2,1
97.64357302407734,11,2,1
97.64431508514099,5,2,1
97.7012709050905,1,0,1
97.72166730114259,6,2,1
97.7243157660123,1,2,1
97.7311943799723,12,2,1
97.7977693520952,7,2,1
97.91686317813583,9,2,1
98.22667280305177,6,1,1
98.2282818891108,12,1,1
98.30913351406343,7,1,1
98.310356548056,2,1,1
98.41642648610286,9,1,1
98.50593504495919,8,1,1
98.5249886540696,4,1,1
98.52965338598005,10,1,1
98.61747609800659,0,1,1
98.61820665909909,5,1,1
98.618900408037,3,1,1
98.62138077802956,11,1,1
98.91713160602376,9,6,1
99.00772527605295,8,6,1
99.02810505311936,4,6,1
99.03014508006163,10,6,1
99.11920577706769,0,6,1
99.11992919817567,5,6,1
99.12065304815769,3,6,1
99.1246107199695,11,6,1
99.20342415710911,1,6,1
99.22887299605645,1,7,1
99.22958078607917,6,7,1
99.23026157612912,12,6,1
99.24990014103241,12,7,1
99.30998430913314,7,6,1
99.3140465640463,2,6,1
99.33595666312613,2,7,1
99.41720965900458,9,7,1
99.43826531409286,9,5,1
99.45729382196441,9,4,1
99.47454624902457,9,3,1
99.50678281998262,8,7,1
99.52904519997537,4,7,1
99.5303891079966,8,5,1
99.53108608699404,10,7,1
99.553439529147,8,4,1
99.55419251997955,4,5,1
99.55489601008594,10,5,1
99.57331010117196,8,3,1
99.57484027417377,4,3,1
99.5755734150298,10,4,1
99.59056636807509,10,3,1
99.62041307217441,0,7,1
99.62119168415666,5,7,1
99.62187420297414,3,7,1
99.62255436205305,11,7,1
99.6485744479578,5,4,1
99.64925841707736,3,5,1
99.64993700617924,11,5,1
99.65061992616393,0,5,1
99.67234289017506,11,4,1
99.6730313191656,0,4,1
99.6737158880569,5,3,1
99.67439597798511,3,4,1
99.69236765499227,3,12,2
99.69314654706977,11,3,1
99.69383842707612,0,3,1
99.69452335615642,5,12,2
99.70619175606407,11,12,2
99.70700517902151,0,12,2
99.70959674217738,1,5,1
99.73059473605826,1,4,1
99.73131390614435,12,5,1
99.73200137517415,6,5,1
99.75409515015781,1,3,1
99.75488910218701,6,4,1
99.75565804401413,12,4,1
99.77074050996453,1,12,2
99.77570427116007,12,3,1
99.77697327709757,6,3,1
99.79209486418404,6,12,2
99.80800970410928,2,5,1
99.8088137160521,7,5,1
99.82349534099922,2,4,1
99.83211226505227,7,4,1
99.83935351995751,2,3,1
99.85445141606033,7,3,1
99.85583987506106,2,12,2
99.87138396408409,7,12,2
99.91413659299724,9,12,2
99.99855815898627,8,12,2
100.02210852410644,10,12,2
100.02336955000646,4,12,2
100.22399571002461,12,8,1
100.30591222504154,7,8,1
100.30681118997745,2,8,1
100.41736881504767,9,8,1
100.43844398017973,9,11,2
100.50642336113378,8,11,2
100.52832488017157,8,9,1
100.52906188112684,10,8,1
100.52975142118521,4,8,1
100.5511472451035,4,11,2
100.55188634595834,10,11,2
100.56999391806312,10,9,1
100.57073434907943,4,9,1
100.61800768505782,0,8,1
100.61874509602785,5,8,1
100.61944190599024,3,8,1
100.62171554006636,11,8,1
100.64552520308644,0,11,2
100.64622765197419,5,11,2
100.64691973198205,3,11,2
100.64759664097801,11,9,1
100.66555550904013,0,9,1
100.66626684903167,5,9,1
100.6669506879989,3,9,1
100.70358842308633,1,8,1
100.72907145414501,1,11,2
100.72982028499246,6,8,1
100.730531365145,12,11,2
100.7506752840709,1,9,1
100.75141433509998,6,11,2
100.75210658507422,12,9,1
100.7676907950081,6,9,1
100.77028784807771,12,10,2
100.77930394303985,6,10,2
100.80803252500482,7,11,2
100.8100440420676,2,11,2
100.82985305204056,7,9,1
100.83055494213477,2,9,1
100.8512020050548,2,10,2
100.85190268512815,7,10,2
100.91729114297777,9,10,2
101.00735454796813,8,10,2
101.02489124401473,4,10,2
101.11190117313527,0,10,2
101.11271175602451,5,10,2
101.11341533600353,3,10,2
101.1203014710918,11,10,2
101.19949848810211,1,10,2
107.22710841498338,12,0,1
107.30465736612678,7,0,1
107.30947563215159,2,0,1
107.41549293813296,9,0,1
107.5044673930388,8,0,1
107.52640253305435,4,0,1
107.5277578511741,8,2,1
107.5284974721726,10,0,1
107.54914245498367,10,2,1
107.54989131609909,4,2,1
107.61613658908755,0,2,1
107.61692568100989,5,0,1
107.61762203113176,3,0,1
107.61981512303464,11,0,1
107.64257928612642,5,2,1
107.64332502707839,3,2,1
107.64402069617063,11,2,1
107.70100828702562,1,0,1
107.72493332298473,1,2,1
107.72568730497733,6,0,1
107.72848173300736,12,2,1
107.7459999890998,6,2,1
107.80900191911496,7,2,1
107.91712470515631,9,2,1
108.22679989715107,6,1,1
108.22847873414867,12,1,1
108.30699290311895,2,1,1
108.31009759102017,7,1,1
108.40919992118143,9,1,1
108.49880933412351,8,1,1
108.52393525396474,4,1,1
108.52791056595743,10,1,1
108.61741927615367,0,1,1
108.61791013902985,5,1,1
108.61837198212743,3,1,1
108.6213013951201,11,1,1
108.91732107102871,9,6,1
109.00583441299386,8,6,1
109.02456695213914,4,6,1
109.0283269979991,10,6,1
109.10562509298325,3,6,1
109.11831103102304,0,6,1
109.12117480207235,5,6,1
109.1224948191084,11,6,1
109.20429515116848,1,6,1
109.22907790215686,1,7,1
109.22982816305012,6,7,1
109.23051858204417,12,6,1
109.25044084596448,12,7,1
109.3101187821012,7,6,1
109.31368145206943,2,6,1
109.33759256917983,2,7,1
109.41734111215919,9,7,1
109.43769749696366,9,5,1
109.4562866431661,9,4,1
109.47228981507942,9,3,1
109.5083070229739,8,7,1
109.52985779196024,4,7,1
109.53140825615264,8,5,1
109.53196469205432,10,7,1
109.55394194298424,8,4,1
109.5545189990662,10,5,1
109.55507227405906,4,5,1
109.57395907817408,8,3,1
109.57550654211082,4,3,1
109.5760754281655,10,4,1
109.59102469007485,10,3,1
109.6179242010694,0,7,1
109.61858405009843,5,7,1
109.61913259513676,3,7,1
109.6212005331181,11,7,1
109.64487442211248,0,5,1
109.64546364918351,5,4,1
109.64601183403283,3,5,1
109.64655614015646,11,5,1
109.6686749451328,3,4,1
109.66929174307734,11,4,1
109.66983773815446,0,4,1
109.67037777299993,5,3,1
109.68902544002049,0,3,1
109.68962141708471,3,12,2
109.69016748201102,5,12,2
109.6907084081322,11,3,1
109.70468675298616,0,12,2
109.70525001897477,11,12,2
109.70705137006007,1,5,1
109.72998656798154,1,4,1
109.73055009404197,12,5,1
109.73111700010486,6,5,1
109.7534454211127,1,3,1
109.75443706917576,12,4,1
109.75499006407335,6,4,1
109.76798094110563,1,12,2
109.7755069041159,12,3,1
109.77606739010662,6,3,1
109.79168047104031,6,12,2
109.80807092506438,7,5,1
109.80986919510178,2,5,1
109.82970821601339,2,4,1
109.83042559609748,7,4,1
109.85148401116021,2,3,1
109.85221107210964,7,3,1
109.8695192411542,7,12,2
109.87022511102259,2,12,2
109.9131655851379,9,12,2
110.00235742516816,8,12,2
110.02188232704066,10,12,2
110.02263249806128,4,12,2
110.22497513704002,12,8,1
110.30611750017852,2,8,1
110.30735489400104,7,8,1
110.41717415815219,9,8,1
110.43830116512254,9,11,2
110.50316757918335,8,11,2
110.52012105705217,8,9,1
110.52277216198854,10,8,1
110.52354430407286,4,8,1
110.5338552761823,10,11,2
110.5432552411221,4,11,2
110.54425340006128,10,9,1
110.55817248299718,4,9,1
110.60682847816497,0,8,1
110.61622617417015,11,8,1
110.61777061712928,3,8,1
110.61870101303793,5,8,1
110.62755830399692,11,9,1
110.62934433412738,0,11,2
110.64032126404345,5,11,2
110.64131985302083,3,11,2
110.64648241898976,0,9,1
110.65926807001233,3,9,1
110.6605300961528,5,9,1
110.7023156969808,1,8,1
110.72743556601927,1,11,2
110.72882912610658,6,8,1
110.7301081221085,12,11,2
110.74695196817629,1,9,1
110.75033535412513,6,11,2
110.75102310301736,12,9,1
110.76702785515226,6,9,1
110.76933974097483,12,10,2
110.78208981105126,6,10,2
110.80816152808256,7,11,2
110.80995527817868,2,11,2
110.82834513811395,7,9,1
110.82905012811534,2,9,1
110.84957246808335,2,10,2
110.85027638799511,7,10,2
110.91717912908643,9,10,2
111.00632136804052,8,10,2
111.0257177259773,4,10,2
111.10871333209798,3,10,2
111.11452603596263,0,10,2
111.11732556507923,5,10,2
111.12176348012872,11,10,2
111.19860535208136,1,10,2
117.22676149616018,12,0,1
117.30657023401,7,0,1
117.30884984508157,2,0,1
117.41620467510074,9,0,1
117.50706161814742,8,0,1
117.52906814217567,8,2,1
117.52976957010105,10,0,1
117.5304463179782,4,0,1
117.55223227711394,4,2,1
117.55291641503572,10,2,1
117.6133237190079,3,0,1
117.6181588480249,0,2,1
117.61885634600185,5,0,1
117.62010986916721,11,0,1
117.64164003101178,3,2,1
117.64233321906067,11,2,1
117.64301658701152,5,2,1
117.70123114297166,1,0,1
117.7253241231665,1,2,1
117.7260639721062,6,0,1
117.72907737200148,12,2,1
117.74665663903579,6,2,1
117.80686930799857,7,2,1
117.9199882610701,9,2,1
118.22681119805202,6,1,1
118.22961786296219,12,1,1
118.30781114916317,7,1,1
118.31007809913717,2,1,1
118.41752575314604,9,1,1
118.50881566712633,8,1,1
118.5279709349852,4,1,1
118.52871242514811,10,1,1
118.61684509506449,3,1,1
118.61756470403634,0,1,1
118.61824432201684,5,1,1
118.62114953901619,11,1,1
118.91705998708494,9,6,1
119.01099614216946,8,6,1
119.02858302905224,4,6,1
119.02928804815747,10,6,1
119.11592254810967,5,6,1
119.11868700198829,3,6,1
119.11943596205674,0,6,1
119.12363289296627,11,6,1
119.2031365740113,1,6,1
119.22845556703396,6,7,1
119.22919624717906,1,7,1
119.22993176616728,12,6,1
119.25206693308428,12,7,1
119.31312972516753,7,6,1
119.31390008609742,2,6,1
119.33632608107291,2,7,1
119.41676555713639,9,7,1
119.43638092814945,9,5,1
119.45487659913488,9,4,1
119.4709801771678,9,3,1
119.50249675405212,8,7,1
119.52008385118097,8,5,1
119.52045883098617,4,7,1
119.52218094700947,10,7,1
119.53622551006265,10,5,1
119.53662424115464,8,4,1
119.53693100903183,4,5,1
119.55230131698772,10,4,1
119.55261821509339,4,3,1
119.55292753316462,8,3,1
119.56643234216608,10,3,1
119.56674261996523,4,12,2
119.57752312696539,10,12,2
119.6153071001172,3,7,1
119.61601851903833,0,7,1
119.6167400481645,5,7,1
119.62278769910336,11,7,1
119.64213679311797,3,5,1
119.64283805107698,0,5,1
119.64351991913281,5,4,1
119.64478237298317,11,5,1
119.66376589704305,3,4,1
119.66503585106693,0,4,1
119.6657159391325,5,3,1
119.66639160714112,11,4,1
119.67420136416331,3,12,2
119.6845685990993,0,3,1
119.68525290698744,5,12,2
119.68593482603319,11,3,1
119.69955387804657,11,12,2
119.70028163702227,0,12,2
119.70411237818189,1,5,1
119.72728119418025,1,4,1
119.72859767917544,6,5,1
119.73016713000834,12,5,1
119.75129519216716,1,3,1
119.75199265009724,6,4,1
119.75269967899658,12,4,1
119.76808275701478,1,12,2
119.7716909230221,6,3,1
119.77389250113629,12,3,1
119.78441453096457,6,12,2
119.79756676009856,7,5,1
119.80894646211527,7,4,1
119.81104841805063,2,5,1
119.81958429515362,7,3,1
119.83042066311464,7,12,2
119.83187160105444,2,4,1
119.85055018705316,2,3,1
119.86573405005038,2,12,2
119.9127974100411,9,12,2
119.9978260290809,8,12,2
120.22394141415134,12,8,1
120.31236076308414,7,8,1
120.31360457604751,2,8,1
120.41747046401724,9,8,1
120.43759180814959,9,11,2
120.5090139650274,8,11,2
120.52891394402832,4,8,1
120.53045561513864,8,9,1
120.53115579299629,10,8,1
120.55063525098376,4,11,2
120.55483351205476,10,11,2
120.56719515100121,4,9,1
120.57317348918878,10,9,1
120.6180449409876,0,8,1
120.61880466109142,5,8,1
120.61952066002414,3,8,1
120.62170763802715,11,8,1
120.64506297907792,11,9,1
120.64584609912708,0,11,2
120.6465293681249,5,11,2
120.64721090602688,3,11,2
120.66600488498807,3,9,1
120.66670554317534,0,9,1
120.66738998214714,5,9,1
120.70432982314378,1,8,1
120.72939450806007,1,11,2
120.7301095770672,6,8,1
120.73080066614784,12,11,2
120.74936521914788,1,9,1
120.75293353409506,6,11,2
120.7541744071059,12,9,1
120.76909589301795,6,9,1
120.77520802500658,12,10,2
120.78580721700564,6,10,2
120.80917388712987,7,11,2
120.81049043196253,2,11,2
120.82979153515771,2,9,1
120.8305415851064,7,9,1
120.85090224607848,2,10,2
120.85161459515803,7,10,2
120.91669782297686,9,10,2
121.00142580410466,8,10,2
121.02499397005886,4,10,2
121.1140773461666,5,10,2
121.11481932597235,0,10,2
121.11717635812238,3,10,2
121.12116499408148,11,10,2
121.19969639996998,1,10,2
127.22691613202915,12,0,1
127.30558938300237,7,0,1
127.3127158919815,2,0,1
127.4166297041811,9,0,1
127.50003360118717,8,0,1
127.51339045516215,8,2,1
127.52280857600272,4,0,1
127.52685937308706,10,0,1
127.54423813614994,4,2,1
127.5474403500557,10,2,1
127.61001046304591,3,0,1
127.61111042299308,5,0,1
127.61341470410116,0,2,1
127.62513762596063,11,0,1
127.62677774904296,3,2,1
127.62770765414461,5,2,1
127.64660317613743,11,2,1
127.70248694112524,1,0,1
127.72552453400567,1,2,1
127.7277428030502,6,0,1
127.72966597415507,12,2,1
127.74754576897249,6,2,1
127.80630014115013,7,2,1
127.91802852996625,9,2,1
128.22830151813105,6,1,1
128.2291099689901,12,1,1
128.30722804600373,7,1,1
128.3146209521219,2,1,1
128.41666674404405,9,1,1
128.50587051617913,8,1,1
128.52648257417604,4,1,1
128.5284856571816,10,1,1
128.61314035695978,5,1,1
128.61473768018186,0,1,1
128.6154800390359,3,1,1
128.6219067000784,11,1,1
128.9183324300684,9,6,1
129.00606738217175,8,6,1
129.02513070916757,4,6,1
129.02985124406405,10,6,1
129.11976221413352,0,6,1
129.12034453009255,5,6,1
129.12086287303828,3,6,1
129.12437000707723,11,6,1
129.20490217814222,1,6,1
129.22263236902654,6,7,1
129.22575393202715,12,6,1
129.2267024370376,1,7,1
129.2385437421035,12,7,1
129.30157100805081,7,6,1
129.3048417251557,2,6,1
129.32039531809278,2,7,1
129.40970356203616,9,7,1
129.42157717817463,9,5,1
129.43229239317589,9,4,1
129.44362897402607,9,3,1
129.51056192303076,8,7,1
129.5279431049712,4,7,1
129.53136543603614,8,5,1
129.5331659540534,10,7,1
129.55066162906587,8,4,1
129.5513667881023,4,5,1
129.5558280160185,10,5,1
129.56257473607548,8,3,1
129.57014326704666,4,3,1
129.57565891416743,10,4,1
129.5928348901216,10,3,1
129.60317867505364,3,7,1
129.60968729807064,5,7,1
129.61680243816227,0,7,1
129.62150514195673,3,5,1
129.62470142706297,11,7,1
129.62578409607522,5,4,1
129.63462081109174,3,4,1
129.63712197705172,0,5,1
129.64701525098644,3,12,2
129.64884324907325,5,3,1
129.6498763570562,11,5,1
129.65490761003457,0,4,1
129.6680752511602,5,12,2
129.66910391813144,11,4,1
129.67092380602844,0,3,1
129.68701869412325,0,12,2
129.68939894717187,11,3,1
129.70517905708402,11,12,2
129.70694783399813,1,5,1
129.73043585801497,1,4,1
129.7314294851385,12,5,1
129.7324275909923,6,5,1
129.75310655101202,1,3,1
129.7540095250588,6,4,1
129.75470738415606,12,4,1
129.7666286600288,1,12,2
129.7749016501475,12,3,1
129.7756204791367,6,3,1
129.7903001201339,6,12,2
129.80812069308013,2,5,1
129.81008056597784,7,5,1
129.82704126718454,2,4,1
129.82940321904607,7,4,1
129.84578253515065,2,3,1
129.8493014180567,7,3,1
129.8642103341408,2,12,2
129.8649522040505,7,12,2
129.91597127099521,9,12,2
129.99881230317988,8,12,2
130.02193583804183,10,12,2
130.0229279641062,4,12,2
130.2246450970415,12,8,1
130.3107417060528,2,8,1
130.31165459100157,7,8,1
130.41793092596345,9,8,1
130.43954699113965,9,11,2
130.50858718599193,8,11,2
130.52943006996065,8,9,1
130.5304508570116,4,8,1
130.53143044398166,10,8,1
130.55237517110072,4,11,2
130.55339201795869,10,11,2
130.57096985518,10,9,1
130.5719675309956,4,9,1
130.614058570005,3,8,1
130.61896663112566,0,8,1
130.62000514916144,5,8,1
130.6230208890047,11,8,1
130.63978876406327,3,11,2
130.6436245071236,0,11,2
130.64476593700238,11,9,1
130.64577488414943,5,11,2
130.6582500350196,3,9,1
130.66092758718878,0,9,1
130.6651098181028,5,9,1
130.70527651603334,1,8,1
130.73021212918684,1,11,2
130.73122920608148,6,8,1
130.73223625216633,12,11,2
130.7517992630601,1,9,1
130.7538240761496,6,11,2
130.7549905469641,12,9,1
130.77105611399747,6,9,1
130.77362697315402,12,10,2
130.78622003807686,6,10,2
130.8084688889794,7,11,2
130.81094387499616,2,11,2
130.82776185218245,7,9,1
130.8319837639574,2,9,1
130.84951520012692,7,10,2
130.8524864690844,2,10,2
130.91866408917122,9,10,2
131.01114167808555,8,10,2
131.02499347599223,4,10,2
131.1112755900249,3,10,2
131.1123193979729,0,10,2
131.1154669020325,5,10,2
131.12230913410895,11,10,2
131.19972715200856,1,10,2
137.22676972299814,6,0,1
137.22782801114954,12,0,1
137.30574972415343,7,0,1
137.3128081120085,2,0,1
137.41615486098453,9,0,1
137.50497521506622,8,0,1
137.52688828809187,4,0,1
137.52793941600248,10,0,1
137.52894924301654,8,2,1
137.55056431796402,4,2,1
137.5515600941144,10,2,1
137.61189898010343,3,0,1
137.61591980606318,5,0,1
137.61849322495982,0,2,1
137.62113427510485,11,0,1
137.633498004172,3,2,1
137.63901005103253,5,2,1
137.64281993196346,11,2,1
137.70157170505263,1,0,1
137.72541143000126,1,2,1
137.72740028309636,6,2,1
137.72940211603418,12,2,1
137.80588438012637,7,2,1
137.91960021597333,9,2,1
138.22653048299253,6,1,1
138.2285288660787,12,1,1
138.30137944500893,7,1,1
138.30508922296576,2,1,1
138.40913899196312,9,1,1
138.4986017420888,8,1,1
138.5160378459841,4,1,1
138.52837960398756,10,1,1
138.6174091231078,0,1,1
138.61860530497506,5,1,1
138.61974124610424,3,1,1
138.62234613508917,11,1,1
138.9166161150206,9,6,1
139.00692119798623,8,6,1
139.02553607313894,4,6,1
139.03095059702173,10,6,1
139.11793660209514,3,6,1
139.11924635712057,0,6,1
139.12181984516792,5,6,1
139.12348706997,11,6,1
139.2037315950729,1,6,1
139.22907155007124,1,7,1
139.22982747014612,6,7,1
139.23050826811232,12,6,1
139.25015242118388,12,7,1
139.31079755397514,7,6,1
139.31205481803045,2,6,1
139.3338349671103,2,7,1
139.41710360301659,9,7,1
139.43745483504608,9,5,1
139.45581030310132,9,4,1
139.47165294503793,9,3,1
139.50844567408785,8,7,1
139.52772593707778,10,7,1
139.52939582103863,4,7,1
139.5300811000634,8,5,1
139.55173826613463,8,4,1
139.55246079503559,4,5,1
139.553137563169,10,5,1
139.57155385310762,8,3,1
139.57280809711665,10,4,1
139.57351591601036,4,3,1
139.5869868840091,10,3,1
139.6141528270673,3,7,1
139.61486851610243,0,7,1
139.61967093404382,5,7,1
139.62166772712953,11,7,1
139.64104195311666,0,5,1
139.64174356102012,3,5,1
139.64242723910138,5,4,1
139.64364215102978,11,5,1
139.66279588104226,0,4,1
139.66528940806165,5,3,1
139.6660102470778,11,4,1
139.66669452516362,3,4,1
139.6821284859907,5,12,2
139.68336083809845,0,3,1
139.68403470609337,11,3,1
139.68474086513743,3,12,2
139.69954750896432,11,12,2
139.70028331899084,0,12,2
139.70554764918052,1,5,1
139.71727062109858,6,5,1
139.72889992012642,6,4,1
139.7306243160274,1,4,1
139.73132150503807,12,5,1
139.73946998198517,6,3,1
139.75255503016524,6,12,2
139.75381522299722,1,3,1
139.7545311730355,12,4,1
139.7704183550086,1,12,2
139.77340643503703,12,3,1
139.80784327117726,7,5,1
139.81078956997953,2,5,1
139.8300189911388,7,4,1
139.83139692805707,2,4,1
139.85112507315353,2,3,1
139.85181500203907,7,3,1
139.86919234413654,7,12,2
139.86989014199935,2,12,2
139.91313335299492,9,12,2
139.9979431401007,8,12,2
140.02150914701633,10,12,2
140.02223801705986,4,12,2
140.2244218380656,6,8,1
140.22514984710142,12,8,1
140.2972597561311,7,8,1
140.3082649691496,2,8,1
140.4173477019649,9,8,1
140.43746085697785,9,11,2
140.50764501513913,8,11,2
140.5296023201663,8,9,1
140.53062233701348,4,8,1
140.53160935314372,10,8,1
140.55262166215107,4,11,2
140.5544403900858,10,11,2
140.5721490320284,4,9,1
140.57320800004527,10,9,1
140.61320626502857,3,8,1
140.61798874195665,0,8,1
140.6190111390315,5,8,1
140.62450645514764,11,8,1
140.63705234904774,3,11,2
140.64077900815755,5,11,2
140.64276623097248,0,11,2
140.6457250500098,11,9,1
140.6579352351837,3,9,1
140.66035361913964,0,9,1
140.6615063000936,5,9,1
140.7053203859832,1,8,1
140.7301364960149,1,11,2
140.73114109318703,6,11,2
140.7321012490429,12,11,2
140.75261620501988,1,9,1
140.753973901039,6,9,1
140.75466891913675,12,9,1
140.77537066000514,12,10,2
140.77607727912255,6,10,2
140.80790941603482,7,11,2
140.80995487095788,2,11,2
140.82804244197905,2,9,1
140.82879511197098,7,9,1
140.84931235807016,2,10,2
140.85001424700022,7,10,2
140.91707658115774,9,10,2
141.00645560096018,8,10,2
141.02424935414456,4,10,2
141.11245092214085,0,10,2
141.1136953351088,3,10,2
141.11750844609924,5,10,2
141.12373715196736,11,10,2
141.1996424421668,1,10,2
147.22602775716223,6,0,1
147.22841320117004,12,0,1
147.3106094400864,7,0,1
147.31300006317906,2,0,1
147.41553945397027,9,0,1
147.50497802603059,8,0,1
147.5271290061064,4,0,1
147.53241712716408,8,2,1
147.5336675401777,10,0,1
147.5513541509863,4,2,1
147.55471182102337,10,2,1
147.61424321611412,3,0,1
147.61739801010117,5,0,1
147.61809375905432,0,2,1
147.62151880003512,11,0,1
147.63888663216494,5,2,1
147.6396014119964,3,2,1
147.64229446300305,11,2,1
147.70175148616545,1,0,1
147.72759647504427,1,2,1
147.72838108614087,6,2,1
147.72980698407628,12,2,1
147.8091965180356,7,2,1
147.91983843501657,9,2,1
148.22640846017748,6,1,1
148.22790979011916,12,1,1
148.31015013111755,2,1,1
148.31139990407974,7,1,1
148.40912972716615,9,1,1
148.49889641813934,8,1,1
148.51945679518394,4,1,1
148.5207336989697,10,1,1
148.6131010700483,3,1,1
148.61522246617824,0,1,1
148.61844451213256,5,1,1
148.62248701998033,11,1,1
148.91747075715102,9,6,1
149.011390238069,8,6,1
149.02530021918938,4,6,1
149.02888216404244,10,6,1
149.1176639990881,3,6,1
149.11840030900203,0,6,1
149.1225212381687,5,6,1
149.12326065800153,11,6,1
149.2038315141108,1,6,1
149.22923595109023,1,7,1
149.22998794098385,6,7,1
149.2306890701875,12,6,1
149.2527198169846,12,7,1
149.3102182780858,7,6,1
149.31423324509524,2,6,1
149.3357777390629,2,7,1
149.4173397619743,9,7,1
149.43845822406,9,5,1
149.457505291095,9,4,1
149.4743126090616,9,3,1
149.51050093304366,8,7,1
149.5251802240964,4,7,1
149.53733562817797,10,7,1
149.53803857718594,8,5,1
149.5454393341206,4,5,1
149.56333754118532,8,4,1
149.56404878897592,10,5,1
149.56532564410008,4,3,1
149.58123572799377,10,4,1
149.5819773171097,8,3,1
149.59342306200415,10,3,1
149.6087251601275,10,12,2
149.61431535915472,5,7,1
149.61556525202468,3,7,1
149.61934593203478,0,7,1
149.6229350680951,11,7,1
149.63163773017004,5,4,1
149.63724056910723,3,5,1
149.64515999006107,0,5,1
149.64584566908889,11,5,1
149.64772720914334,5,3,1
149.65432766405866,3,4,1
149.66766667016782,11,4,1
149.66840517916717,0,4,1
149.66908819810487,5,12,2
149.66976631595753,3,12,2
149.6915264450945,0,3,1
149.6933139229659,11,3,1
149.70411217096262,0,12,2
149.70908268308267,11,12,2
149.71159205003642,1,5,1
149.72851250995882,6,5,1
149.73361241607927,1,4,1
149.73430460505188,12,5,1
149.74794326815754,6,4,1
149.75645344518125,1,3,1
149.75878796703182,12,4,1
149.76696712500416,6,3,1
149.7729007829912,1,12,2
149.78382392413914,12,3,1
149.78633455117233,6,12,2
149.80968810315244,7,5,1
149.81042413203977,2,5,1
149.83200648706406,7,4,1
149.83273867703974,2,4,1
149.8548589060083,2,3,1
149.85563823697157,7,3,1
149.87197946198285,7,12,2
149.87331543816254,2,12,2
149.91278686909936,9,12,2
149.99839090998285,8,12,2
150.02059089113027,4,12,2
150.2240914220456,12,8,1
150.30551923206076,7,8,1
150.30865827505477,2,8,1
150.4183824781794,9,8,1
150.438774300972,9,11,2
150.50643710396253,8,11,2
150.52780996309593,4,8,1
150.53150956216268,8,9,1
150.5345949740149,10,8,1
150.54801136208698,4,11,2
150.5545863569714,10,11,2
150.56465655518696,4,9,1
150.57090916112065,10,9,1
150.61465923697688,5,8,1
150.61732694809325,3,8,1
150.61860078200698,0,8,1
150.62179251713678,11,8,1
150.6393458840903,5,11,2
150.64234667411074,11,9,1
150.64351104502566,3,11,2
150.6445281531196,0,11,2
150.65895253699273,5,9,1
150.66161617799662,3,9,1
150.6628534910269,0,9,1
150.7050470551476,1,8,1
150.7296118789818,1,11,2
150.7303804801777,6,8,1
150.73107125796378,12,11,2
150.75126157607883,1,9,1
150.75329516013153,6,11,2
150.7540010891389,12,9,1
150.7705774710048,6,9,1
150.7738639980089,12,10,2
150.7862012470141,6,10,2
150.81079039210454,2,11,2
150.81182997999713,7,11,2
150.8316307370551,7,9,1
150.8327008250635,2,9,1
150.8531310299877,2,10,2
150.85414685704745,7,10,2
150.91717164614238,9,10,2
151.00704826111905,8,10,2
151.0241479461547,4,10,2
151.11098925000988,3,10,2
151.11321049905382,5,10,2
151.11441675107926,0,10,2
151.1224438350182,11,10,2
151.19924235111102,1,10,2
157.2270342221018,6,0,1
157.22820452298038,12,0,1
157.30674478714354,2,0,1
157.3086354471743,7,0,1
157.41521625895984,9,0,1
157.5045638300944,8,0,1
157.5279485930223,8,2,1
157.52900585206226,10,0,1
157.53000045800582,4,0,1
157.55143803916872,10,2,1
157.5524922881741,4,2,1
157.6149479530286,0,2,1
157.61596625018865,5,0,1
157.61696985713206,3,0,1
157.6240785859991,11,0,1
157.63756946614012,5,2,1
157.6424622661434,3,2,1
157.6500344881788,11,2,1
157.70069759804755,1,0,1
157.72144452109933,1,2,1
157.72732703899965,6,2,1
157.73122829315253,12,2,1
157.809305294184,7,2,1
157.91695459396578,9,2,1
158.22629600111395,6,1,1
158.22842671815306,12,1,1
158.3097415061202,2,1,1
158.31108246115036,7,1,1
158.41613428201526,9,1,1
158.49949642503634,8,1,1
158.52367083914578,4,1,1
158.52494722418487,10,1,1
158.6166978990659,5,1,1
158.61744166910648,0,1,1
158.61813446809538,3,1,1
158.62447338714264,11,1,1
158.91985285212286,9,6,1
159.00653634313494,8,6,1
159.02541143703274,4,6,1
159.03014811314642,10,6,1
159.1051832230296,3,6,1
159.1160651841201,0,6,1
159.11681880406104,5,6,1
159.1236153950449,11,6,1
159.20379045209847,1,6,1
159.2296790331602,6,7,1
159.23042265302502,1,7,1
159.23110979096964,12,6,1
159.25123378797434,12,7,1
159.3088991851546,7,6,1
159.31427865917794,2,6,1
159.33565648808144,2,7,1
159.4173248060979,9,7,1
159.43754845508374,9,5,1
159.45578478113748,9,4,1
159.47156854206696,9,3,1
159.51132165198214,8,7,1
159.52813076018356,4,7,1
159.5322949909605,8,5,1
159.53353885514662,10,7,1
159.55214685108513,4,5,1
159.55286775017157,8,4,1
159.55550753115676,10,5,1
159.57206098199822,8,3,1
159.5733598161023,4,3,1
159.5740461749956,10,4,1
159.5905079941731,10,3,1
159.60522124613635,3,7,1
159.61975240404718,0,7,1
159.6205998561345,3,5,1
159.62132890615612,5,7,1
159.62323571601883,11,7,1
159.64586794003844,3,4,1
159.646666651126,0,5,1
159.6474661321845,11,5,1
159.64821940218098,5,4,1
159.66863810713403,0,4,1
159.66967430408113,3,12,2
159.67066959105432,5,3,1
159.6717047491111,11,4,1
159.6793059820775,0,3,1
159.69015630101785,5,12,2
159.69120214902796,11,3,1
159.69224811717868,0,12,2
159.70368156116456,11,12,2
159.70736258896068,1,5,1
159.73121148510836,1,4,1
159.7323919669725,12,5,1
159.7334949860815,6,5,1
159.7542698001489,1,3,1
159.7553451191634,12,4,1
159.7563826669939,6,4,1
159.77280093403533,1,12,2
159.77577493316494,12,3,1
159.77696604514495,6,3,1
159.78958742204122,6,12,2
159.80745297810063,7,5,1
159.81261245603673,2,5,1
159.82937408308499,7,4,1
159.83438855595887,2,4,1
159.8486190661788,7,3,1
159.85640875296667,2,3,1
159.86494237114675,7,12,2
159.87300404603593,2,12,2
159.91364162997343,9,12,2
159.99811877217144,8,12,2
160.02294527506456,10,12,2
160.0245354170911,4,12,2
160.22442251699977,12,8,1
160.30602700309828,7,8,1
160.31254151603207,2,8,1
160.41708946414292,9,8,1
160.43716961005703,9,11,2
160.50641493615694,8,11,2
160.5278145270422,8,9,1
160.52887692605145,4,8,1
160.53070769412443,10,8,1
160.55090846307576,4,11,2
160.55191349005327,10,11,2
160.5699981120415,10,9,1
160.57100880914368,4,9,1
160.61522915796377,3,8,1
160.61612785211764,0,8,1
160.61877703201026,5,8,1
160.6226758561097,11,8,1
160.64024328510277,3,11,2
160.6432806761004,5,11,2
160.6439766350668,11,9,1
160.64470989396796,0,11,2
160.65993060008623,3,9,1
160.66214010911062,5,9,1
160.66283247713,0,9,1
160.70396809396334,1,8,1
160.7293297611177,1,11,2
160.73013485199772,6,8,1
160.7308202511631,12,11,2
160.75211256812327,1,9,1
160.75289456918836,12,9,1
160.75357680697925,6,11,2
160.77079996606335,6,9,1
160.77225192496553,12,10,2
160.78606349416077,6,10,2
160.80889719212428,7,11,2
160.81270937412046,2,11,2
160.83121492806822,2,9,1
160.8318272640463,7,9,1
160.85270445002243,2,10,2
160.85349282203242,7,10,2
160.91620191396214,9,10,2
161.00628984696232,8,10,2
161.02426151605323,4,10,2
161.11206141696312,0,10,2
161.11434309813194,3,10,2
161.1195863680914,5,10,2
161.12137065501884,11,10,2
161.20039195311256,1,10,2
167.22620563511737,12,0,1
167.30591582204215,7,0,1
167.31284206709825,2,0,1
167.41522927908227,9,0,1
167.50528685213067,8,0,1
167.52488718507811,4,0,1
167.52963812206872,10,0,1
167.53065066901036,8,2,1
167.54709708713926,4,2,1
167.55133643117733,10,2,1
167.60477989702486,3,0,1
167.61882594204508,0,2,1
167.61952742002904,5,0,1
167.62241849699058,3,2,1
167.6231448170729,11,0,1
167.640498009976,5,2,1
167.64351318008266,11,2,1
167.70211606402881,1,0,1
167.72808882710524,6,0,1
167.72881384706125,1,2,1
167.72954507614486,12,2,1
167.74861319502816,6,2,1
167.80652088997886,7,2,1
167.91695723705925,9,2,1
168.22629600204527,6,1,1
168.2277971021831,12,1,1
168.3066098149866,7,1,1
168.31435616197996,2,1,1
168.41645266697742,9,1,1
168.5060497079976,8,1,1
168.52650821302086,4,1,1
168.52850239700638,10,1,1
168.6177360280417,5,1,1
168.6184562870767,3,1,1
168.6197216110304,0,1,1
168.62140950607136,11,1,1
168.9098475840874,9,6,1
169.00108904903755,8,6,1
169.02502672816627,4,6,1
169.03035546001047,10,6,1
169.11802440905012,3,6,1
169.12106818100438,0,6,1
169.12300143297762,11,6,1
169.1241453329567,5,6,1
169.20334138604812,1,6,1
169.2287869961001,1,7,1
169.2294873939827,6,7,1
169.23016400216147,12,6,1
169.2496808329597,12,7,1
169.3129827431403,2,6,1
169.3141625840217,7,6,1
169.33353164116852,2,7,1
169.41646894509904,9,7,1
169.43761929916218,9,5,1
169.4566496370826,9,4,1
169.4724710190203,9,3,1
169.510400762083,8,7,1
169.53121109702624,10,7,1
169.53251636214554,4,7,1
169.53695950005203,8,5,1
169.55407938710414,10,5,1
169.5581657961011,4,5,1
169.55885200505145,8,4,1
169.57582419808023,10,4,1
169.57852886011824,4,3,1
169.5792152681388,8,3,1
169.59181271400303,10,3,1
169.60361323901452,10,12,2
169.61778238718398,0,7,1
169.6184870461002,5,7,1
169.61916823405772,3,7,1
169.6215053270571,11,7,1
169.64483700017445,0,5,1
169.64559844997711,5,4,1
169.64628054806963,3,5,1
169.6469571159687,11,5,1
169.66837896802463,3,4,1
169.669085187139,11,4,1
169.66976843518205,0,4,1
169.67048770398833,5,3,1
169.68759959097952,3,12,2
169.68982058018446,11,3,1
169.69050917797722,0,3,1
169.6911836459767,5,12,2
169.70099323801696,1,5,1
169.70274573517963,11,12,2
169.7034393029753,0,12,2
169.71869237115607,1,4,1
169.73183221113868,6,5,1
169.73461921606213,12,5,1
169.73661452904344,1,3,1
169.75440764403902,1,12,2
169.75534477899782,12,4,1
169.7560839180369,6,4,1
169.7667897841893,12,3,1
169.7726169100497,6,3,1
169.78711939696223,6,12,2
169.80638380115852,7,5,1
169.81040975800715,2,5,1
169.82719771703705,7,4,1
169.83046203409322,2,4,1
169.84926910605282,7,3,1
169.8505588900298,2,3,1
169.86788865202107,7,12,2
169.86865014303476,2,12,2
169.91242233105004,9,12,2
169.9980435471516,8,12,2
170.0155144929886,4,12,2
170.22480225912295,12,8,1
170.30565523705445,7,8,1
170.30975870718248,2,8,1
170.4170808910858,9,8,1
170.43715711706318,9,11,2
170.50726413796656,8,11,2
170.52965313615277,10,8,1
170.53071800409816,8,9,1
170.53168727015145,4,8,1
170.55175253609195,4,11,2
170.55253320606425,10,11,2
170.5708161040675,10,9,1
170.57162471604533,4,9,1
170.61728919507004,3,8,1
170.61815317813307,0,8,1
170.61896512913518,5,8,1
170.6216177700553,11,8,1
170.64488892210647,5,11,2
170.6456587719731,3,11,2
170.64635346108116,11,9,1
170.64706857013516,0,11,2
170.66472785104997,3,9,1
170.66546294116415,0,9,1
170.66614592913538,5,9,1
170.70516764116473,1,8,1
170.72921772208065,1,11,2
170.72992110112682,6,8,1
170.73060767911375,12,11,2
170.75209882296622,1,9,1
170.7528669841122,6,11,2
170.7535562920384,12,9,1
170.7709927370306,6,9,1
170.7723013421055,12,10,2
170.78620652412064,6,10,2
170.80659407703206,2,11,2
170.80929746013135,7,11,2
170.82278608018532,2,9,1
170.8264616180677,7,9,1
170.83826985303313,2,10,2
170.84483989910223,7,10,2
170.91687460197136,9,10,2
171.0063076489605,8,10,2
171.0245967770461,4,10,2
171.11189657705836,0,10,2
171.11266840808094,3,10,2
171.11337073612958,5,10,2
171.12146799312904,11,10,2
171.20089248311706,1,10,2
177.22594347712584,6,0,1
177.22731460398063,12,0,1
177.3083938290365,2,0,1
177.30918198009022,7,0,1
177.41578944702633,9,0,1
177.50445337616839,8,0,1
177.52985054417513,10,0,1
177.53091157204472,8,2,1
177.53190569812432,4,0,1
177.5527279751841,4,2,1
177.5537453519646,10,2,1
177.61175706097856,3,0,1
177.615973663982,0,2,1
177.61672850418836,5,0,1
177.62214519898407,11,0,1
177.63390313298441,3,2,1
177.63639873918146,5,2,1
177.64587848307565,11,2,1
177.7008837221656,1,0,1
177.72244168817997,1,2,1
177.72841490712017,6,2,1
177.73156022117473,12,2,1
177.806413579965,7,2,1
177.91691982210614,9,2,1
178.22777902614325,6,1,1
178.22854563617148,12,1,1
178.30522918398492,7,1,1
178.30877582915127,2,1,1
178.41662012017332,9,1,1
178.5067085560877,8,1,1
178.52488451101817,4,1,1
178.52842849609442,10,1,1
178.6148813951295,3,1,1
178.61684071808122,0,1,1
178.61807770095766,5,1,1
178.62400671909563,11,1,1
178.90983281400986,9,6,1
178.99898310611024,8,6,1
179.0192012861371,4,6,1
179.02089288108982,10,6,1
179.1026706751436,3,6,1
179.12025606515817,0,6,1
179.12430903408676,5,6,1
179.12610413110815,11,6,1
179.20350254909135,1,6,1
179.228370614117,1,7,1
179.22913763416,6,7,1
179.2298316231463,12,6,1
179.2496447020676,12,7,1
179.3126080140937,7,6,1
179.3155688131228,2,6,1
179.33641443005763,2,7,1
179.416616612114,9,7,1
179.4365729051642,9,5,1
179.45507172914222,9,4,1
179.47094082296826,9,3,1
179.5095222541131,8,7,1
179.5279968881514,4,7,1
179.53140179812908,8,5,1
179.53334237006493,10,7,1
179.55169559107162,4,5,1
179.55242614005692,8,4,1
179.5559852051083,10,5,1
179.5691652370151,8,3,1
179.57220861804672,4,3,1
179.57573171309195,10,4,1
179.59151609404944,10,3,1
179.61718897009268,3,7,1
179.6179545109626,0,7,1
179.61864248896018,5,7,1
179.62147522415034,11,7,1
179.64466304401867,0,5,1
179.6454209741205,5,4,1
179.6461090729572,3,5,1
179.6467870811466,11,5,1
179.66904546506703,11,4,1
179.669833276188,5,3,1
179.6705237450078,0,4,1
179.67119962302968,3,4,1
179.68967171618715,3,12,2
179.69040275597945,5,12,2
179.6911247051321,11,3,1
179.69181121396832,0,3,1
179.69593732408248,1,5,1
179.70725892600603,11,12,2
179.70796454511583,0,12,2
179.70868103415705,1,4,1
179.72108986601233,1,3,1
179.7270466350019,6,5,1
179.7311204141006,12,5,1
179.732911542058,1,12,2
179.74862001114525,6,4,1
179.74931629002094,12,4,1
179.7702659291681,12,3,1
179.77096396801062,6,3,1
179.78581922501326,6,12,2
179.80773412017152,2,5,1
179.808488560142,7,5,1
179.82495902013034,2,4,1
179.82846144400537,7,4,1
179.8407926929649,2,3,1
179.84789351304062,7,3,1
179.85639431001619,2,12,2
179.86379886814393,7,12,2
179.91244879807346,9,12,2
179.9974783300422,8,12,2
180.02109769009985,10,12,2
180.022372065112,4,12,2
180.22390293818898,12,8,1
180.30764514603652,7,8,1
180.30851390911266,2,8,1
180.41728028515354,9,8,1
180.43721491703764,9,11,2
180.5067897560075,8,11,2
180.52890231716447,8,9,1
180.5297014580574,10,8,1
180.53043408808298,4,8,1
180.55274781398475,10,11,2
180.55345702311024,4,11,2
180.57225226517767,4,9,1
180.5729530339595,10,9,1
180.6170984429773,3,8,1
180.61785514303483,0,8,1
180.6195540591143,5,8,1
180.621771738166,11,8,1
180.64495184714906,11,9,1
180.6456895871088,0,11,2
180.64637295505963,5,11,2
180.64705284312367,3,11,2
180.66485794913024,5,9,1
180.66558641917072,3,9,1
180.66627238714136,0,9,1
180.70425708196126,1,8,1
180.72943054395728,1,11,2
180.73019772511907,6,8,1
180.73088254313916,12,11,2
180.75022767018527,1,9,1
180.75211480003782,12,9,1
180.75417913496494,6,11,2
180.7717241239734,12,10,2
180.77244749316014,6,9,1
180.78803495015018,6,10,2
180.80796069209464,7,11,2
180.8099003941752,2,11,2
180.8296384110581,2,9,1
180.8303466301877,7,9,1
180.8513474210631,2,10,2
180.85205358010717,7,10,2
180.9168051299639,9,10,2
181.0078366920352,8,10,2
181.02425492112525,4,10,2
181.11120421416126,3,10,2
181.11194811412133,0,10,2
181.1183966170065,5,10,2
181.12510266597383,11,10,2
181.1988482561428,1,10,2
187.22693457012065,6,0,1
187.22773700207472,12,0,1
187.3114102780819,7,0,1
187.3136845990084,2,0,1
187.41527467500418,9,0,1
187.5047069261782,8,0,1
187.52871586801484,8,2,1
187.5294627980329,4,0,1
187.5301573460456,10,0,1
187.55219030496664,4,2,1
187.5529347350821,10,2,1
187.61676083202474,0,2,1
187.61750415107235,3,0,1
187.61819869000465,5,0,1
187.6216023110319,11,0,1
187.6430129429791,5,2,1
187.6437546031084,11,2,1
187.6444822230842,3,2,1
187.70142210507765,1,0,1
187.72602042299695,1,2,1
187.72682431410067,6,2,1
187.73109469818883,12,2,1
187.8091281040106,7,2,1
187.91709756106138,9,2,1
188.22671792912297,6,1,1
188.2281474871561,12,1,1
188.3103825750295,2,1,1
188.31112001510337,7,1,1
188.41626906697638,9,1,1
188.50660711200908,8,1,1
188.52677151118405,4,1,1
188.52807214600034,10,1,1
188.61735436297022,0,1,1
188.61810243315995,5,1,1
188.61879609106109,3,1,1
188.62274368712679,11,1,1
188.91767310211435,9,6,1
189.0097062829882,8,6,1
189.01725507504307,4,6,1
189.02974457805976,10,6,1
189.11436708108522,0,6,1
189.11507284012623,3,6,1
189.12487994204275,5,6,1
189.12596885114908,11,6,1
189.20509833702818,1,6,1
189.2288817029912,6,7,1
189.23210677900352,1,7,1
189.23297708202153,12,6,1
189.25300213810988,12,7,1
189.314482931979,2,6,1
189.3155754711479,7,6,1
189.33658500318415,2,7,1
189.41664994414896,9,7,1
189.43651714501902,9,5,1
189.4550707109738,9,4,1
189.4708998040296,9,3,1
189.50714249303564,8,7,1
189.52944135898724,8,5,1
189.52999161416665,10,7,1
189.5305114481598,4,7,1
189.5530043200124,8,4,1
189.5535223830957,4,5,1
189.55444601806812,10,5,1
189.5738139359746,4,3,1
189.5743622200098,8,3,1
189.57680646609515,10,4,1
189.5936790870037,10,3,1
189.6128536700271,0,7,1
189.61408902308904,3,7,1
189.61792986514047,5,7,1
189.6221039071679,11,7,1
189.6288077160716,0,5,1
189.63926323596388,3,5,1
189.64240677002817,5,4,1
189.64436513208784,11,5,1
189.64504241012037,0,4,1
189.66520730918273,0,3,1
189.66590114799328,5,3,1
189.6665951369796,3,4,1
189.66727054514922,11,4,1
189.68104073312134,0,12,2
189.68396768113598,3,12,2
189.68484182399698,11,3,1
189.68666659318842,5,12,2
189.69417924410664,11,12,2
189.70422886312008,1,5,1
189.72904544696212,1,4,1
189.7301778770052,6,5,1
189.7321444391273,12,5,1
189.7527856209781,1,3,1
189.75390535104088,6,4,1
189.75487774703652,12,4,1
189.77128637605347,1,12,2
189.77431952697225,6,3,1
189.7750902280677,12,3,1
189.78883843496442,6,12,2
189.8045043940656,2,5,1
189.80722216702998,7,5,1
189.81547154812142,2,4,1
189.8266958470922,2,3,1
189.8287360521499,7,4,1
189.8368982099928,2,12,2
189.84884754009545,7,3,1
189.8638821921777,7,12,2
189.9097716291435,9,12,2
189.99905335600488,8,12,2
190.02295832615346,10,12,2
190.02414665813558,4,12,2
190.22461214801297,12,8,1
190.30180194205604,7,8,1
190.31644529406913,2,8,1
190.41777221299708,9,8,1
190.43909200304188,9,11,2
190.50628228997812,8,11,2
190.52892935601994,8,9,1
190.5299461830873,4,8,1
190.53093821904622,10,8,1
190.55384943215176,10,11,2
190.55486206896603,4,11,2
190.5737908349838,10,9,1
190.5748149030842,4,9,1
190.60782077512704,3,8,1
190.6134502561763,5,8,1
190.61447210307233,0,8,1
190.6229359190911,3,11,2
190.62489362200722,11,8,1
190.6293317701202,5,11,2
190.6409230499994,3,9,1
190.64170343102887,0,11,2
190.64409013511613,5,9,1
190.64535021898337,11,9,1
190.65977727412246,0,9,1
190.70439952798188,1,8,1
190.7293577049859,1,11,2
190.73037694208324,12,11,2
190.7313585190568,6,8,1
190.75021783309057,12,9,1
190.75123130017892,1,9,1
190.75451349816285,6,11,2
190.7701074751094,12,10,2
190.77260889206082,6,9,1
190.79005760815926,6,10,2
190.80813469202258,7,11,2
190.81185917113908,2,11,2
190.82988668303005,7,9,1
190.83066961402074,2,9,1
190.85209808708169,7,10,2
190.85284148715436,2,10,2
190.9169200011529,9,10,2
191.00611069612205,8,10,2
191.0256514591165,4,10,2
191.10753685818054,3,10,2
191.11065027210861,0,10,2
191.11441064206883,5,10,2
191.12369960104115,11,10,2
191.2009354759939,1,10,2
197.21894520707428,6,0,1
197.22043049614877,12,0,1
197.30397859215736,7,0,1
197.30443055415526,2,0,1
197.40769024705514,9,0,1
197.41827715002,9,2,1
197.4974412091542,8,0,1
197.50953353196383,8,2,1
197.51924563199282,4,0,1
197.51993932016194,10,0,1
197.5335932560265,10,2,1
197.53391723404638,4,2,1
197.6115931731183,5,0,1
197.61282771616243,0,2,1
197.61425090418197,11,0,1
197.61536795413122,3,0,1
197.62630470702425,5,2,1
197.6269836050924,11,2,1
197.63569232798181,3,2,1
197.69479314913042,1,0,1
197.70756952115335,1,2,1
197.71891450416297,6,2,1
197.72049120697193,12,2,1
197.80982253700495,7,2,1
198.2218152221758,12,1,1
198.22287562000565,6,1,1
198.29900332703255,7,1,1
198.3109446570743,2,1,1
198.41705869603902,9,1,1
198.4983889029827,8,1,1
198.51901817508042,4,1,1
198.52055794605985,10,1,1
198.60831236396916,0,1,1
198.60907111503184,5,1,1
198.60947236511856,3,1,1
198.61537624313496,11,1,1
198.91683507012203,9,6,1
198.9986586200539,8,6,1
199.01855476316996,4,6,1
199.0203507100232,10,6,1
199.1054570081178,3,6,1
199.11407100898214,5,6,1
199.11680348217487,11,6,1
199.1190490021836,0,6,1
199.2052239680197,1,6,1
199.21858975617215,6,7,1
199.22781308298,1,7,1
199.23037041118369,12,6,1
199.25162241002545,12,7,1
199.29971494711936,7,6,1
199.31188168213703,2,6,1
199.33411398809403,2,7,1
199.41770695499144,9,7,1
199.43864088505507,9,5,1
199.45349852298386,9,4,1
199.46547073312104,9,3,1
199.50097108306363,8,7,1
199.5131726800464,8,5,1
199.5265725280624,8,4,1
199.52758783497848,10,7,1
199.52862763311714,4,7,1
199.5407465470489,10,5,1
199.5417322940193,8,3,1
199.55032847402617,4,5,1
199.55221667396836,10,4,1
199.5630558251869,10,3,1
199.56994685903192,4,3,1
199.57415565196425,10,12,2
199.58633691817522,4,12,2
199.60581562900916,3,7,1
199.60771717014723,0,7,1
199.61991360597312,5,7,1
199.62097571510822,11,7,1
199.62201530206949,0,5,1
199.62311648204923,3,5,1
199.63992397207767,11,5,1
199.64061927003786,0,4,1
199.64104323205538,3,4,1
199.641890054103,5,4,1
199.6577802700922,3,12,2
199.6582138510421,11,4,1
199.65916423709132,0,3,1
199.66119806095958,5,3,1
199.673865650082,11,3,1
199.67487635696307,0,12,2
199.67682066909038,5,12,2
199.6857381979935,11,12,2
199.69407709105872,1,5,1
199.7073327060789,1,4,1
199.7228668720927,6,5,1
199.7238860190846,1,3,1
199.72488383599557,12,5,1
199.73989008716308,12,4,1
199.74035097006708,1,12,2
199.74077126104385,6,4,1
199.75424947100691,6,3,1
199.75468007312156,12,3,1
199.76615959010087,6,12,2
199.79976156912744,7,5,1
199.81245472910814,7,4,1
199.81450945418328,2,5,1
199.82474853796884,7,3,1
199.8370431070216,7,12,2
199.83942282106727,2,4,1
199.857935506152,2,3,1
199.8735604151152,2,12,2
199.91283532604575,9,12,2
199.99877381604165,8,12,2
200.22497780015692,12,8,1
200.30545030417852,7,8,1
200.30901256902143,2,8,1
200.40907884715125,9,8,1
200.42109370906837,9,11,2
200.50544492597692,8,11,2
200.51727094314992,4,8,1
200.52786127710715,8,9,1
200.5298485599924,4,11,2
200.53208453999832,10,8,1
200.53962661116384,4,9,1
200.55408977903426,10,11,2
200.5722889751196,10,9,1
200.6126048550941,5,8,1
200.61554711312056,3,8,1
200.61698917206377,11,8,1
200.6176943311002,0,8,1
200.62589385011233,5,11,2
200.63779255910777,3,11,2
200.6382004399784,11,9,1
200.6386031000875,0,11,2
200.63899902114645,5,9,1
200.6514312340878,0,9,1
200.6518366651144,3,9,1
200.70913511817344,1,8,1
200.71966977999546,6,8,1
200.72147118812427,1,11,2
200.73346125916578,6,11,2
200.73404472507536,1,9,1
200.73472130298615,12,11,2
200.74479748215526,6,9,1
200.7549577851314,12,9,1
200.75674118218012,6,10,2
200.76618266501464,12,10,2
200.8005320839584,7,11,2
200.80273244297132,2,11,2
200.81478676595725,2,9,1
200.81579065299593,7,9,1
200.82872273912653,7,10,2
200.8297156561166,2,10,2
200.9174045829568,9,10,2
201.0068958280608,8,10,2
201.02458986197598,4,10,2
201.10921091702767,0,10,2
201.11301908805035,3,10,2
201.11419221013784,5,10,2
201.11540931207128,11,10,2
201.20059249317273,1,10,2
207.22713672509417,6,0,1
207.22790825599805,12,0,1
207.3064847800415,2,0,1
207.30950688105077,7,0,1
207.40859663509764,9,0,1
207.4212355329655,9,2,1
207.49861303600483,8,0,1
207.51124532404356,8,2,1
207.52006624010392,4,0,1
207.52206930401735,10,0,1
207.5338700201828,10,2,1
207.5343070521485,4,2,1
207.60724822501652,3,0,1
207.60832857410423,5,0,1
207.60873885499313,0,2,1
207.62263364717364,3,2,1
207.62322568311356,5,2,1
207.62541471095756,11,0,1
207.64821655210108,11,2,1
207.69457207317464,1,0,1
207.7073017549701,1,2,1
207.73118294402957,6,2,1
207.73195385513827,12,2,1
207.8073492939584,7,2,1
208.2204602190759,6,1,1
208.2274526951369,12,1,1
208.30492917099036,2,1,1
208.3098244019784,7,1,1
208.41746126511134,9,1,1
208.49881421402097,8,1,1
208.51670173206367,4,1,1
208.52098012715578,10,1,1
208.60501540801488,3,1,1
208.60983296716586,5,1,1
208.6165794080589,0,1,1
208.6246652440168,11,1,1
208.9179297189694,9,6,1
209.01123066805303,8,6,1
209.01637593610212,4,6,1
209.02243402809836,10,6,1
209.10987200099044,3,6,1
209.11302033509128,5,6,1
209.114632578101,0,6,1
209.1155380520504,11,6,1
209.19532140903175,1,6,1
209.20940802711993,1,7,1
209.22752994205803,6,7,1
209.22942675300874,12,6,1
209.24984792014584,12,7,1
209.30535173602402,2,6,1
209.3074433421716,7,6,1
209.31592452898622,2,7,1
209.41789970104583,9,7,1
209.4391939721536,9,5,1
209.4583052431699,9,4,1
209.47526125703007,9,3,1
209.51024164399132,8,7,1
209.52033817511983,4,7,1
209.5217456331011,10,7,1
209.53334679314867,8,5,1
209.53550711111166,10,5,1
209.53583227004856,4,5,1
209.5511980310548,10,4,1
209.551616222132,4,3,1
209.55224192910828,8,4,1
209.56199913099408,10,3,1
209.56832560012117,8,3,1
209.60498154209927,3,7,1
209.6077337260358,0,7,1
209.61658957297914,5,7,1
209.617682592012,11,7,1
209.62014382798225,3,5,1
209.6218479340896,0,5,1
209.6351863811724,5,4,1
209.6355637111701,11,5,1
209.6359147510957,3,4,1
209.6362351491116,0,4,1
209.65386696113274,5,3,1
209.65454281005077,3,12,2
209.65493398997933,11,4,1
209.65524411806837,0,3,1
209.66952431108803,5,12,2
209.6698513701558,11,3,1
209.67016176809557,0,12,2
209.68061833805405,11,12,2
209.69538399297744,1,5,1
209.70614257198758,1,4,1
209.71933363517746,1,3,1
209.73284033709206,1,12,2
209.73459315416403,6,5,1
209.73662648908794,12,5,1
209.76168438908644,6,4,1
209.7626306451857,12,4,1
209.7784107180778,6,3,1
209.77943603508174,12,3,1
209.80737959314138,6,12,2
209.8137458639685,7,5,1
209.8141975661274,2,5,1
209.82489105314016,7,4,1
209.82663782010786,2,4,1
209.83913548407145,2,3,1
209.83947568316944,7,3,1
209.85324833216146,7,12,2
209.85357889113948,2,12,2
209.91017337702215,9,12,2
209.9984152810648,8,12,2
210.01976005197503,4,12,2
210.02163077308796,10,12,2
210.21943418099545,6,8,1
210.22031906503253,12,8,1
210.3047378771007,7,8,1
210.3080831160769,2,8,1
210.41772551299073,9,8,1
210.43831099499948,9,11,2
210.51112245512195,8,11,2
210.51931685511954,4,8,1
210.52113808412105,10,8,1
210.53209652705118,8,9,1
210.5341171710752,10,11,2
210.53465056605637,4,11,2
210.54685023310594,4,9,1
210.54718328104354,10,9,1
210.61257451307029,5,8,1
210.61312834802084,0,8,1
210.6135793600697,3,8,1
210.61587846116163,11,8,1
210.6320524951443,0,11,2
210.6326897421386,5,11,2
210.63300808006898,3,11,2
210.63331921910867,11,9,1
210.64759604097344,0,9,1
210.6479870621115,5,9,1
210.6483514511492,3,9,1
210.69745316705666,1,8,1
210.7114563321229,1,11,2
210.72872927505523,6,11,2
210.7294245630037,1,9,1
210.7301115919836,12,11,2
210.74943158915266,6,9,1
210.75120564596727,12,9,1
210.7702120160684,6,10,2
210.77145892917179,12,10,2
210.80642892606556,7,11,2
210.80948289809749,2,11,2
210.82109174900688,2,9,1
210.8220193539746,7,9,1
210.83132970309816,2,10,2
210.83887471514754,7,10,2
210.9095255981665,9,10,2
211.00246482808143,8,10,2
211.01663368800655,4,10,2
211.10777378897183,3,10,2
211.1089532400947,0,10,2
211.10986648499966,5,10,2
211.11582870502025,11,10,2
211.19637914304622,1,10,2
217.21981058316305,6,0,1
217.22059879405424,12,0,1
217.3050944590941,2,0,1
217.30942184501328,7,0,1
217.4085357710719,9,0,1
217.42067668703385,9,2,1
217.49794707796536,8,0,1
217.5107888621278,8,2,1
217.51610935502686,4,0,1
217.52881446504034,4,2,1
217.53206066298299,10,0,1
217.55327994097024,10,2,1
217.6070713631343,3,0,1
217.60770281008445,5,0,1
217.61632040096447,11,0,1
217.6175004921388,0,2,1
217.62811183696613,3,2,1
217.6288858181797,5,2,1
217.6370672970079,11,2,1
217.70167799899355,1,0,1
217.7188970411662,6,2,1
217.7223961739801,1,2,1
217.72903323196806,12,2,1
217.80961610213853,7,2,1
218.219255983131,6,1,1
218.22103307116777,12,1,1
218.30330825597048,2,1,1
218.31098246201873,7,1,1
218.40800960315391,9,1,1
218.49940479313955,8,1,1
218.51687020109966,4,1,1
218.52151609607972,10,1,1
218.605994860176,3,1,1
218.61234482005239,5,1,1
218.61501462198794,11,1,1
218.61632332718,0,1,1
218.9117183361668,9,6,1
218.99928500317037,8,6,1
219.01559113012627,4,6,1
219.02574474201538,10,6,1
219.11970379110426,0,6,1
219.1201650740113,11,6,1
219.1209063141141,3,6,1
219.12163494317792,5,6,1
219.19587017409503,1,6,1
219.21665592095815,1,7,1
219.219270021189,6,7,1
219.22089394414797,12,6,1
219.23190704896115,12,7,1
219.31300569418818,7,6,1
219.31342754513025,2,6,1
219.3314012971241,2,7,1
219.40951932105236,9,7,1
219.4228822691366,9,5,1
219.4403686481528,9,4,1
219.45671212603338,9,3,1
219.50707221613266,8,7,1
219.5289549031295,4,7,1
219.53025186806917,8,5,1
219.531516041141,10,7,1
219.54778781812638,8,4,1
219.55480134603567,4,5,1
219.5555048850365,10,5,1
219.56234980816953,8,3,1
219.57707934314385,10,4,1
219.5777877420187,4,3,1
219.59489158005454,10,3,1
219.61524097598158,0,7,1
219.61665228405036,3,7,1
219.61923022312112,5,7,1
219.6228363700211,11,7,1
219.64217959810048,0,5,1
219.64292163797654,5,4,1
219.6436348471325,3,5,1
219.64439922804013,11,5,1
219.66659871302545,3,4,1
219.66746120597236,11,4,1
219.66829812899232,0,4,1
219.6690638391301,5,3,1
219.6875537650194,3,12,2
219.68836186616682,0,3,1
219.6890636649914,11,3,1
219.68974448298104,5,12,2
219.70453559001908,0,12,2
219.7057374319993,11,12,2
219.70784480916336,1,5,1
219.73026562016457,1,4,1
219.7312937171664,12,5,1
219.73229512409307,6,5,1
219.75415586004965,1,3,1
219.75515635707416,12,4,1
219.75611596298404,6,4,1
219.77091701002792,1,12,2
219.77611723914742,6,3,1
219.77713721618056,12,3,1
219.7928369170986,6,12,2
219.8113247230649,7,5,1
219.8121056840755,2,5,1
219.8337087230757,2,4,1
219.83443938195705,7,4,1
219.8552005290985,7,3,1
219.85657000611536,2,3,1
219.87249579303898,7,12,2
219.87377676717006,2,12,2
219.9134598011151,9,12,2
220.00489711295813,8,12,2
220.0226656589657,10,12,2
220.02423328114673,4,12,2
220.22424152307212,12,8,1
220.30682499799877,7,8,1
220.3113328581676,2,8,1
220.4101500781253,9,8,1
220.42269745399244,9,11,2
220.49857462896034,8,11,2
220.51000977517106,8,9,1
220.51896849507466,4,8,1
220.52085169614293,10,8,1
220.53303944296204,10,11,2
220.53348767501302,4,11,2
220.54641066095792,4,9,1
220.54741935804486,10,9,1
220.61481492500752,3,8,1
220.6158411630895,0,8,1
220.61683826008812,5,8,1
220.62284392118454,11,8,1
220.641912532039,11,9,1
220.64290667814203,0,11,2
220.64385294402018,5,11,2
220.64487375109456,3,11,2
220.66227185796015,0,9,1
220.66339500807226,5,9,1
220.66451724804938,3,9,1
220.7037661401555,1,8,1
220.72593743400648,6,8,1
220.72667450411245,12,11,2
220.7273800431285,1,11,2
220.74548011901788,6,11,2
220.7462127080653,12,9,1
220.74691485706717,1,9,1
220.76253168610856,12,10,2
220.7632797160186,6,9,1
220.77744511514902,6,10,2
220.8127545020543,7,11,2
220.8158799961675,2,11,2
220.83882119110785,7,9,1
220.84064686996862,2,9,1
220.85777280898765,7,10,2
220.85957303713076,2,10,2
220.91655201511458,9,10,2
221.00251866015606,8,10,2
221.02465396397747,4,10,2
221.1120349969715,0,10,2
221.11307788500562,3,10,2
221.11403752001934,5,10,2
221.12229782203212,11,10,2
221.19908555108123,1,10,2
227.22684779413976,12,0,1
227.31136381207034,7,0,1
227.31301733618602,2,0,1
227.4151005439926,9,0,1
227.5060542151332,8,0,1
227.5252494700253,4,0,1
227.52940928097814,10,0,1
227.53040593815967,8,2,1
227.54685129900463,4,2,1
227.55016885814257,10,2,1
227.61696284008212,0,2,1
227.61769552901387,5,0,1
227.61838311818428,3,0,1
227.62112747202627,11,0,1
227.6455685570836,3,2,1
227.64631038717926,5,2,1
227.64699564618059,11,2,1
227.7009842239786,1,0,1
227.7294697680045,12,2,1
227.73022908810526,1,2,1
227.73091765702702,6,0,1
227.75082499114797,6,2,1
227.8066139081493,7,2,1
227.91935392213054,9,2,1
228.22629287699237,6,1,1
228.22865840001032,12,1,1
228.3084743320942,7,1,1
228.31077063409612,2,1,1
228.41750435717404,9,1,1
228.50640425202437,8,1,1
228.52524142805487,4,1,1
228.52904250007123,10,1,1
228.61708330200054,0,1,1
228.61786361318082,3,1,1
228.61859343200922,5,1,1
228.62159827305004,11,1,1
228.91871798504144,9,6,1
229.01156427618116,8,6,1
229.024999035988,4,6,1
229.02881879918277,10,6,1
229.11073307599872,3,6,1
229.11529662902467,0,6,1
229.1202209009789,5,6,1
229.12452028598636,11,6,1
229.20673759304918,1,6,1
229.226146023022,12,6,1
229.23153922799975,1,7,1
229.23305414803326,6,7,1
229.24230780708604,12,7,1
229.31238490715623,7,6,1
229.31313142715953,2,6,1
229.33355835499242,2,7,1
229.41698234318756,9,7,1
229.4370251011569,9,5,1
229.4556737721432,9,4,1
229.47153914812952,9,3,1
229.5074163901154,8,7,1
229.5269920551218,4,7,1
229.53076372714713,8,5,1
229.532443262171,10,7,1
229.5507594831288,4,5,1
229.55146707198583,8,4,1
229.555100830039,10,5,1
229.57155980099924,8,3,1
229.57235818216577,4,3,1
229.57474778709002,10,4,1
229.59120915806852,10,3,1
229.61919276905246,0,7,1
229.61997465998866,5,7,1
229.62078727199696,3,7,1
229.62314912606962,11,7,1
229.64663638616912,5,4,1
229.64737730612978,3,5,1
229.64806033414789,11,5,1
229.64878779300489,0,5,1
229.66976722609252,0,4,1
229.67052468610927,5,3,1
229.67121010506526,3,4,1
229.67188773304224,11,4,1
229.68986005499028,0,3,1
229.69063061615452,5,12,2
229.6913174551446,3,12,2
229.69199321302585,11,3,1
229.70489891897887,0,12,2
229.70559930801392,11,12,2
229.70697822514921,1,5,1
229.73270468506962,1,4,1
229.73343645501882,6,5,1
229.73412088304758,12,5,1
229.75559927895665,1,3,1
229.75689909397624,6,4,1
229.7576682351064,12,4,1
229.77183295506984,1,12,2
229.77562484703958,6,3,1
229.78047528699972,12,3,1
229.7899991320446,6,12,2
229.8030566619709,2,5,1
229.8057588050142,7,5,1
229.8134700320661,2,4,1
229.82060251315124,7,4,1
229.8243052221369,2,3,1
229.83688058005646,2,12,2
229.8380084100645,7,3,1
229.85363570018671,7,12,2
229.91312873596326,9,12,2
229.99829526105896,8,12,2
230.02196591696702,10,12,2
230.02359296008945,4,12,2
230.22478011902422,12,8,1
230.30422565108165,7,8,1
230.31036561517976,2,8,1
230.41767470515333,9,8,1
230.43749783700332,9,11,2
230.50717778597027,8,11,2
230.52896050107665,8,9,1
230.53003714000806,4,8,1
230.53101358609274,10,8,1
230.55221798503771,4,11,2
230.55320480116643,10,11,2
230.57203325699084,10,9,1
230.57279797713272,4,9,1
230.6128147810232,3,8,1
230.61822540615685,0,8,1
230.6189279849641,5,8,1
230.6221745130606,11,8,1
230.63520547212102,3,11,2
230.64340806216933,0,11,2
230.64408851996996,5,11,2
230.64479109901004,11,9,1
230.65152853005566,3,9,1
230.66170046315528,5,9,1
230.66238509118557,0,9,1
230.70441107917577,1,8,1
230.72851616609842,1,11,2
230.72905247006565,6,8,1
230.7295616939664,12,11,2
230.75233764504083,1,9,1
230.75303422403522,6,11,2
230.75370942195877,12,9,1
230.76921381801367,6,9,1
230.77443701797165,12,10,2
230.78484864812344,6,10,2
230.80226316512562,2,11,2
230.80676647508517,7,11,2
230.8120137769729,2,9,1
230.82502676500008,2,10,2
230.82712623197585,7,9,1
230.84548540506512,7,10,2
230.91683667013422,9,10,2
231.00734772812575,8,10,2
231.02477871603332,4,10,2
231.11171817895956,3,10,2
231.11256178212352,0,10,2
231.11328072100878,5,10,2
231.12315052608028,11,10,2
231.19859142112546,1,10,2
237.2265483441297,6,0,1
237.22731930506416,12,0,1
237.30634069698863,7,0,1
237.30814570514485,2,0,1
237.41569607309066,9,0,1
237.50474204402417,8,0,1
237.5274308831431,4,0,1
237.52929285308346,8,2,1
237.53028386016376,10,0,1
237.55112907895818,4,2,1
237.55212526605465,10,2,1
237.61247297609225,3,0,1
237.61751082213596,0,2,1
237.6181994001381,5,0,1
237.62212895508856,11,0,1
237.63525631814264,3,2,1
237.6408376779873,5,2,1
237.64262029598467,11,2,1
237.7017767841462,1,0,1
237.7263668840751,6,2,1
237.72693147906102,1,2,1
237.72906026709825,12,2,1
237.80282268696465,7,2,1
237.91889117308892,9,2,1
238.22731973510236,6,1,1
238.22873458312824,12,1,1
238.3066411050968,2,1,1
238.3080458031036,7,1,1
238.4162767890375,9,1,1
238.50660123396665,8,1,1
238.52669815416448,4,1,1
238.52887430298142,10,1,1
238.6151493890211,5,1,1
238.6158658079803,3,1,1
238.6173857189715,0,1,1
238.6212379320059,11,1,1
238.91648377012461,9,6,1
239.00624944106676,8,6,1
239.02669139998034,4,6,1
239.02842560596764,10,6,1
239.11783109698445,3,6,1
239.11863316898234,0,6,1
239.1193260969594,5,6,1
239.12250799313188,11,6,1
239.20403384207748,1,6,1
239.22917567705736,1,7,1
239.2299528180156,6,7,1
239.23063988611102,12,6,1
239.25032790517434,12,7,1
239.31101919501089,7,6,1
239.31207233318128,2,6,1
239.33305620704778,2,7,1
239.4167964051012,9,7,1
239.43672374007292,9,5,1
239.45520406705327,9,4,1
239.4709259190131,9,3,1
239.51036061812192,8,7,1
239.5285744171124,4,7,1
239.5303746049758,10,7,1
239.53279988118447,8,5,1
239.55415110406466,8,4,1
239.5548959739972,4,5,1
239.55558448215015,10,5,1
239.57739067799412,10,4,1
239.57812746800482,4,3,1
239.57883558701724,8,3,1
239.5927317601163,10,3,1
239.60332892509177,10,12,2
239.61527269496582,3,7,1
239.61771029117517,0,7,1
239.61879238998517,5,7,1
239.62255805102177,11,7,1
239.63739942898974,3,5,1
239.64246224518865,0,5,1
239.64345468208194,5,4,1
239.6444681789726,11,5,1
239.6596460470464,3,4,1
239.6651504151523,11,4,1
239.66587847401388,0,4,1
239.66658278298564,5,3,1
239.6964275049977,3,12,2
239.70053620496765,5,12,2
239.70228576217778,0,3,1
239.70302096218802,11,3,1
239.7038164329715,1,5,1
239.7192092060577,11,12,2
239.72159843100235,0,12,2
239.72471538418904,1,4,1
239.72834311216138,6,5,1
239.72904595010914,12,5,1
239.7406631121412,1,3,1
239.75027929106727,12,4,1
239.75060217897408,6,4,1
239.75591783202253,1,12,2
239.78860623016953,6,3,1
239.78930382896215,12,3,1
239.80839835107327,6,12,2
239.8098380600568,2,5,1
239.81105657317676,7,5,1
239.82631326210685,2,4,1
239.82998358109035,7,4,1
239.84249173710123,2,3,1
239.8491157651879,7,3,1
239.85763922403567,2,12,2
239.8661435621325,7,12,2
239.90846145898104,9,12,2
240.00353212212212,8,12,2
240.02039406402037,4,12,2
240.22238062904216,12,8,1
240.30358022009023,7,8,1
240.30840599001385,2,8,1
240.41693309415132,9,8,1
240.43832272896543,9,11,2
240.50725770997815,8,11,2
240.52967296214774,8,9,1
240.53069454897195,10,8,1
240.5316812749952,4,8,1
240.552921526134,4,11,2
240.5539525640197,10,11,2
240.57166653918102,4,9,1
240.57280187006108,10,9,1
240.6175976030063,3,8,1
240.61872728308663,0,8,1
240.6196822191123,5,8,1
240.6219734600745,11,8,1
240.64461023896,11,9,1
240.64560480508953,0,11,2
240.64655589102767,5,11,2
240.64753046701662,3,11,2
240.66494543501176,0,9,1
240.66567122400738,5,9,1
240.66638172301464,3,9,1
240.70470863208175,1,8,1
240.7291184880305,1,11,2
240.72965706209652,6,8,1
240.73017044598237,12,11,2
240.750774650136,1,9,1
240.75185947911814,12,9,1
240.75239959312603,6,11,2
240.77044207812287,6,9,1
240.77112976601347,12,10,2
240.78591019310988,6,10,2
240.8072823670227,2,11,2
240.80892371106893,7,11,2
240.82361717615277,2,9,1
240.82708728918806,7,9,1
240.84519994514994,2,10,2
240.8467302271165,7,10,2
240.91694627213292,9,10,2
241.00768365897238,8,10,2
241.02485077013262,4,10,2
241.11193197895773,0,10,2
241.1127119101584,5,10,2
241.1139923450537,3,10,2
241.12358972313814,11,10,2
241.19851743499748,1,10,2
247.2267389090266,12,0,1
247.30611244100146,7,0,1
247.31225668615662,2,0,1
247.41497197700664,9,0,1
247.50397638813592,8,0,1
247.52722445316613,8,2,1
247.52796695311554,4,0,1
247.52869120216928,10,0,1
247.55058381101117,10,2,1
247.5512995501049,4,2,1
247.61233527003787,3,0,1
247.61566319898702,5,0,1
247.61642553005368,0,2,1
247.61953239305876,11,0,1
247.6333703249693,3,2,1
247.6388320219703,5,2,1
247.6401532071177,11,2,1
247.70114714605734,1,0,1
247.72509637009352,1,2,1
247.72584389010444,6,0,1
247.7289743940346,12,2,1
247.74870202410966,6,2,1
247.8090058651287,7,2,1
247.91742600803263,9,2,1
248.22742482903413,6,1,1
248.228252541041,12,1,1
248.30745564005338,7,1,1
248.3139506741427,2,1,1
248.41681795800105,9,1,1
248.50721781817265,8,1,1
248.52723863604479,4,1,1
248.52860979316756,10,1,1
248.61348229297437,3,1,1
248.61748091108166,0,1,1
248.61821642098948,5,1,1
248.62131786416285,11,1,1
248.917140414007,9,6,1
249.00644319411367,8,6,1
249.0269837360829,4,6,1
249.02900992007926,10,6,1
249.11784639814869,5,6,1
249.11867131013423,3,6,1
249.11936089815572,0,6,1
249.1272054000292,11,6,1
249.20470168208703,1,6,1
249.2303192310501,1,7,1
249.23132601799443,6,7,1
249.2323856560979,12,6,1
249.25110572902486,12,7,1
249.3113290881738,7,6,1
249.31613319716416,2,6,1
249.33727779518813,2,7,1
249.4172260640189,9,7,1
249.4370677471161,9,5,1
249.4539922219701,9,4,1
249.4696114321705,9,3,1
249.5085019271355,8,7,1
249.52889458509162,4,7,1
249.53172118100338,8,5,1
249.5324426810257,10,7,1
249.55396270914935,8,4,1
249.55521250213496,10,5,1
249.55589861096814,4,5,1
249.5740602791775,8,3,1
249.5755763889756,4,3,1
249.57628309796564,10,4,1
249.59108009608462,10,3,1
249.61288364208303,5,7,1
249.61417972715572,3,7,1
249.61545612104237,0,7,1
249.62281877896748,11,7,1
249.63962068106048,5,4,1
249.64037368097343,3,5,1
249.64105239906348,0,5,1
249.64350518514402,11,5,1
249.663026669994,3,4,1
249.66372194816358,5,3,1
249.66443234705366,0,4,1
249.66510966606438,11,4,1
249.6786360091064,3,12,2
249.6793314779643,5,12,2
249.68767202203162,0,3,1
249.6894792211242,11,3,1
249.7037958560977,0,12,2
249.70637051505037,1,5,1
249.7070819339715,11,12,2
249.73053949396126,1,4,1
249.73126187408343,12,5,1
249.731950142188,6,5,1
249.755285569001,6,4,1
249.75597568810917,12,4,1
249.75668942718767,1,3,1
249.774740772089,1,12,2
249.77707520499825,12,3,1
249.77776576415636,6,3,1
249.7917056081351,6,12,2
249.80454956297763,7,5,1
249.81335810013115,2,5,1
249.8273725269828,7,4,1
249.8337642280385,2,4,1
249.84588065417483,7,3,1
249.85158160701394,2,3,1
249.86517204297706,7,12,2
249.86678531602956,2,12,2
249.9083105821628,9,12,2
249.99791851011105,8,12,2
250.02196262707002,4,12,2
250.024669919163,10,12,2
250.2281263479963,12,8,1
250.30352558405139,7,8,1
250.30932379001752,2,8,1
250.41058550216258,9,8,1
250.42259251512587,9,11,2
250.5068511189893,8,11,2
250.52589465095662,10,8,1
250.5270825130865,8,9,1
250.52770574996248,4,8,1
250.53731698798947,10,11,2
250.54863781202585,10,9,1
250.55041431006975,4,11,2
250.5678999000229,4,9,1
250.60757954698056,3,8,1
250.61310094501823,0,8,1
250.61700272001326,5,8,1
250.6213865580503,11,8,1
250.63032773812301,3,11,2
250.63684002310038,0,11,2
250.63959103706293,5,11,2
250.64096762402914,11,9,1
250.6487442429643,3,9,1
250.65641080914065,0,9,1
250.65711520798504,5,9,1
250.70563822216354,1,8,1
250.72160581103526,12,11,2
250.72762204310857,1,11,2
250.73005118896253,6,8,1
250.73151420801878,12,9,1
250.74777532508597,12,10,2
250.74859424703754,1,9,1
250.75019329995848,6,11,2
250.76536791818216,6,9,1
250.78092662617564,6,10,2
250.80283206515014,2,11,2
250.80605076113716,7,11,2
250.81274086097255,2,9,1
250.8242384600453,2,10,2
250.82610785006545,7,9,1
250.8446658491157,7,10,2
250.9173491629772,9,10,2
251.00701075303368,8,10,2
251.0246312371455,4,10,2
251.11507435701787,3,10,2
251.11721977498382,0,10,2
251.11795621505007,5,10,2
251.1216001631692,11,10,2
251.20030773896724,1,10,2
257.2187110281084,6,0,1
257.22010087617673,12,0,1
257.3030210251454,2,0,1
257.3091710610315,7,0,1
257.4154683391098,9,0,1
257.50514960102737,8,0,1
257.52718367404304,4,0,1
257.52899345196784,8,2,1
257.52998507907614,10,0,1
257.55012726108544,10,2,1
257.55113941803575,4,2,1
257.6143401081208,3,0,1
257.6219000010751,0,2,1
257.62288873805664,5,0,1
257.62472305702977,11,0,1
257.64086121111177,3,2,1
257.6445059690159,5,2,1
257.6486505200155,11,2,1
257.7017281281296,1,0,1
257.72800020407885,1,2,1
257.72902472200803,6,2,1
257.72997412714176,12,2,1
257.8070417700801,7,2,1
257.91693230508827,9,2,1
258.22629784513265,6,1,1
258.2280971640721,12,1,1
258.3096378671471,7,1,1
258.3105140400585,2,1,1
258.41614231118,9,1,1
258.505900825141,8,1,1
258.52547267102636,4,1,1
258.52913851011544,10,1,1
258.6142788201105,3,1,1
258.6204077950679,0,1,1
258.62277098814957,5,1,1
258.6245397760067,11,1,1
258.9171224050224,9,6,1
259.00734389107674,8,6,1
259.0294084351044,4,6,1
259.0301464451477,10,6,1
259.10313757811673,3,6,1
259.1193087331485,0,6,1
259.1203320911154,5,6,1
259.121315847151,11,6,1
259.20430079917423,1,6,1
259.22880906797945,12,6,1
259.22926756110974,6,7,1
259.22968046204187,1,7,1
259.2470829200465,12,7,1
259.30034202197567,7,6,1
259.31168549717404,2,6,1
259.33224531007,2,7,1
259.41722990595736,9,7,1
259.43798238411546,9,5,1
259.45946657215245,9,4,1
259.47629046509974,9,3,1
259.50637197401375,8,7,1
259.5250561470166,8,5,1
259.5259325799998,10,7,1
259.52670135116205,4,7,1
259.5454850560054,8,4,1
259.54652885417454,10,5,1
259.5474965600297,4,5,1
259.563719507074,8,3,1
259.564629081171,10,4,1
259.56536888098344,4,3,1
259.576470089145,10,3,1
259.6184140571859,3,7,1
259.61919042817317,0,7,1
259.61988519714214,5,7,1
259.62728738598526,11,7,1
259.6431031310931,3,5,1
259.64384194114245,0,5,1
259.6451534861699,5,4,1
259.65395699301735,11,5,1
259.6552653480321,3,4,1
259.66094542108476,0,4,1
259.67031109309755,3,12,2
259.67507497104816,5,3,1
259.6757771400735,11,4,1
259.6770800750237,0,3,1
259.692460878985,0,12,2
259.69381091510877,5,12,2
259.69450537418015,11,3,1
259.7058629391249,11,12,2
259.70924060000107,1,5,1
259.722584689036,12,5,1
259.72692354605533,6,5,1
259.7324434451293,1,4,1
259.7337687499821,12,4,1
259.7469938460272,12,3,1
259.75052637117915,6,4,1
259.7543543339707,1,3,1
259.76995864417404,6,3,1
259.7706529821735,1,12,2
259.7847280711867,6,12,2
259.7986933460925,7,5,1
259.8131412451621,2,5,1
259.8144179589581,7,4,1
259.83467254415154,7,3,1
259.83543001511134,2,4,1
259.8521347241476,7,12,2
259.8547371739987,2,3,1
259.8691741221119,2,12,2
259.91308719315566,9,12,2
259.99741579196416,8,12,2
260.0220939251594,10,12,2
260.02363138715737,4,12,2
260.2247060651425,12,8,1
260.30942037398927,2,8,1
260.3114057981875,7,8,1
260.4175509030465,9,8,1
260.43745822808705,9,11,2
260.50717712403275,8,11,2
260.52836157311685,8,9,1
260.5291136340238,4,8,1
260.5306829661131,10,8,1
260.5513563021086,10,11,2
260.5521002120804,4,11,2
260.57001292402856,4,9,1
260.57082428596914,10,9,1
260.6170471191872,3,8,1
260.6177625581622,5,8,1
260.6195151549764,0,8,1
260.62167767318897,11,8,1
260.644195079105,3,11,2
260.64489718806,11,9,1
260.6455754961353,0,11,2
260.6462506139651,5,11,2
260.6642035471741,0,9,1
260.6649000560865,5,9,1
260.6655767241027,3,9,1
260.70415995200165,1,8,1
260.73034344706684,1,11,2
260.7310479551088,6,8,1
260.73172362404875,12,11,2
260.75378745701164,1,9,1
260.75504261115566,12,9,1
260.755730280187,6,11,2
260.7751590120606,6,9,1
260.775844510179,12,10,2
260.79071923112497,6,10,2
260.81090176315047,7,11,2
260.81161670200527,2,11,2
260.83140793512575,7,9,1
260.8321116741281,2,9,1
260.8518579751253,7,10,2
260.852588445181,2,10,2
260.91706707910635,9,10,2
261.00665498897433,8,10,2
261.0252770399675,4,10,2
261.1114183180034,0,10,2
261.11215703818016,3,10,2
261.11548213707283,5,10,2
261.1245421010535,11,10,2
261.1996829120908,1,10,2
267.22668903996237,6,0,1
267.22803876618855,12,0,1
267.30611414811574,7,0,1
267.3114703120664,2,0,1
267.4150953111239,9,0,1
267.507592700189,8,0,1
267.525832581101,4,0,1
267.52929874509573,8,2,1
267.5300688550342,10,0,1
267.54746115300804,4,2,1
267.5508401640691,10,2,1
267.61183918616734,3,0,1
267.61649485118687,5,0,1
267.6172131211497,0,2,1
267.62033806508407,11,0,1
267.633505549049,3,2,1
267.6374840759672,5,2,1
267.64072344405577,11,2,1
267.6953102319967,1,0,1
267.7074445991311,1,2,1
267.72152844816446,6,2,1
267.7221708961297,12,2,1
267.7987065850757,7,2,1
267.91718400409445,9,2,1
268.2272828000132,6,1,1
268.2286218460649,12,1,1
268.3099821070209,2,1,1
268.3110497549642,7,1,1
268.41619514510967,9,1,1
268.50573910516687,8,1,1
268.52482284908183,4,1,1
268.53001791913994,10,1,1
268.6176931189839,5,1,1
268.6185223311186,3,1,1
268.6197738950141,0,1,1
268.62111371103674,11,1,1
268.91737834503874,9,6,1
269.0113888559863,8,6,1
269.02513577602804,4,6,1
269.02899239910766,10,6,1
269.1193438710179,0,6,1
269.120240915101,5,6,1
269.1209456040524,3,6,1
269.12313855299726,11,6,1
269.20429587806575,1,6,1
269.2299218180124,1,7,1
269.23062203708105,6,7,1
269.23130239499733,12,6,1
269.2513084341772,12,7,1
269.30389956897125,7,6,1
269.315610465128,2,6,1
269.3379010951612,2,7,1
269.4177960550878,9,7,1
269.43885889207013,9,5,1
269.4579229450319,9,4,1
269.47489782213233,9,3,1
269.5118738079909,8,7,1
269.52640458918177,4,7,1
269.5324567621574,10,7,1
269.5334622389637,8,5,1
269.55327954213135,4,5,1
269.5543091201689,8,4,1
269.5552747959737,10,5,1
269.5743386889808,8,3,1
269.5753818571102,10,4,1
269.5764123450499,4,3,1
269.59212001715787,10,3,1
269.61842293618247,0,7,1
269.61943129310384,5,7,1
269.6204603801016,3,7,1
269.6224947250448,11,7,1
269.6455439249985,0,5,1
269.6465628531296,5,4,1
269.64752435917035,3,5,1
269.6485640669707,11,5,1
269.66908047907054,5,3,1
269.67009217618033,3,4,1
269.67105136206374,11,4,1
269.6720318980515,0,4,1
269.68965029297397,0,3,1
269.69069756101817,3,12,2
269.69168814714067,5,12,2
269.6927556160372,11,3,1
269.70503219706006,0,12,2
269.706129596103,11,12,2
269.7090817561839,1,5,1
269.72929647006094,6,5,1
269.73062719614245,1,4,1
269.73136875615455,12,5,1
269.75302913901396,1,3,1
269.7537801491562,12,4,1
269.7544886081014,6,4,1
269.7744253249839,1,12,2
269.7760879790876,12,3,1
269.7771327281371,6,3,1
269.7901568580419,6,12,2
269.8016550880857,7,5,1
269.8127010150347,2,5,1
269.8220756370574,7,4,1
269.83414096198976,2,4,1
269.84067102801055,7,3,1
269.8519357009791,2,3,1
269.85731380595826,7,12,2
269.8666753480211,2,12,2
269.9144883751869,9,12,2
269.9991327940952,8,12,2
270.02345983916894,4,12,2
270.02449435717426,10,12,2
270.22447841009125,12,8,1
270.311538743088,7,8,1
270.31264256313443,2,8,1
270.4187622501049,9,8,1
270.43935541505925,9,11,2
270.50683396100067,8,11,2
270.5291696621571,8,9,1
270.5301702490542,4,8,1
270.5311351751443,10,8,1
270.552645644173,4,11,2
270.5536375711672,10,11,2
270.57114867214113,4,9,1
270.5729812621139,10,9,1
270.61848008609377,0,8,1
270.6194827230647,5,8,1
270.6204995911103,3,8,1
270.62245473312214,11,8,1
270.645990496967,11,9,1
270.6469761831686,0,11,2
270.6479350691661,5,11,2
270.6489713671617,3,11,2
270.6663632451091,5,9,1
270.66736476216465,3,9,1
270.668369759107,0,9,1
270.70413007214665,1,8,1
270.7291283751838,6,8,1
270.73010711115785,1,11,2
270.731083518127,12,11,2
270.7517693841364,1,9,1
270.752808972029,12,9,1
270.7537724580616,6,11,2
270.77077134605497,6,9,1
270.77176389307715,12,10,2
270.78651902009733,6,10,2
270.80642063496634,7,11,2
270.81516225100495,2,11,2
270.8247207880486,7,9,1
270.83552861912176,2,9,1
270.8438763341401,7,10,2
270.8553179020528,2,10,2
270.9174648851622,9,10,2
271.0115927190054,8,10,2
271.02420798898675,4,10,2
271.10265572112985,3,10,2
271.11124793207273,0,10,2
271.1134123301599,5,10,2
271.12310207099654,11,10,2
271.1989669231698,1,10,2
277.2268799720332,12,0,1
277.3063743431121,7,0,1
277.3086667340249,2,0,1
277.415042669978,9,0,1
277.50457770098,8,0,1
277.5276936830487,8,2,1
277.528756772168,4,0,1
277.52973778918386,10,0,1
277.5510875340551,10,2,1
277.5520901910495,4,2,1
277.6120284451172,0,2,1
277.6138668640051,3,0,1
277.61488787201233,5,0,1
277.6233200491406,11,0,1
277.636041671969,5,2,1
277.6371005701367,3,2,1
277.6473809571471,11,2,1
277.70143839297816,1,0,1
277.7272771289572,1,2,1
277.72836292814463,6,0,1
277.72937266598456,12,2,1
277.74830240616575,6,2,1
277.8079561921768,7,2,1
277.91729587712325,9,2,1
278.22674325318076,6,1,1
278.2286324740853,12,1,1
278.30923467502,7,1,1
278.310296083102,2,1,1
278.41627204813994,9,1,1
278.50633640401065,8,1,1
278.52493322407827,4,1,1
278.5289323120378,10,1,1
278.61782786715776,0,1,1
278.6188337940257,5,1,1
278.61980408011004,3,1,1
278.6226565770339,11,1,1
278.91994730499573,9,6,1
279.0065568680875,8,6,1
279.0253967961762,4,6,1
279.0293581120204,10,6,1
279.1182269761339,0,6,1
279.1192282331176,5,6,1
279.1202313101385,3,6,1
279.1231567491777,11,6,1
279.20401959703304,1,6,1
279.22969146911055,1,7,1
279.23046870017424,6,7,1
279.23115757806227,12,6,1
279.2509256009944,12,7,1
279.311444201041,7,6,1
279.3154607990291,2,6,1
279.3351518600248,2,7,1
279.41644947999157,9,7,1
279.4364539789967,9,5,1
279.4549894281663,9,4,1
279.47093157703057,9,3,1
279.51240843511187,8,7,1
279.52562116109766,4,7,1
279.5314732179977,10,7,1
279.5328509460669,8,5,1
279.55014324118383,4,5,1
279.55269577004947,8,4,1
279.5533946391661,10,5,1
279.57189411716536,8,3,1
279.57318327203393,4,3,1
279.57387601118535,10,4,1
279.58955787308514,10,3,1
279.61791817704216,0,7,1
279.6189710360486,5,7,1
279.61996383196674,3,7,1
279.62271127616987,11,7,1
279.6474068220705,0,5,1
279.6484334091656,5,4,1
279.64941521617584,3,5,1
279.6503923521377,11,5,1
279.6734083921183,5,3,1
279.6743913681712,3,4,1
279.6753476441372,11,4,1
279.6763622611761,0,4,1
279.69457080215216,5,12,2
279.6955554881133,3,12,2
279.6965624350123,11,3,1
279.6975650519598,0,3,1
279.70445777801797,1,5,1
279.71129800216295,0,12,2
279.7122834890615,11,12,2
279.7295037531294,1,4,1
279.7302127419971,6,5,1
279.73089114995673,12,5,1
279.7540452040266,1,3,1
279.75474063307047,12,4,1
279.75542421103455,6,4,1
279.77359827118926,1,12,2
279.7750716910232,12,3,1
279.7757596289739,6,3,1
279.78963766316883,6,12,2
279.80978002608754,7,5,1
279.8114800711628,2,5,1
279.83316918602213,2,4,1
279.8339471369982,7,4,1
279.8561282940209,2,3,1
279.856863243971,7,3,1
279.87461065198295,7,12,2
279.87532594101503,2,12,2
279.91632774611935,9,12,2
279.9985515109729,8,12,2
280.021498039132,10,12,2
280.0228418461047,4,12,2
280.2239964751061,12,8,1
280.3061882290058,7,8,1
280.30883014015853,2,8,1
280.4184519329574,9,8,1
280.4386553070508,9,11,2
280.5063445910346,8,11,2
280.5278527899645,8,9,1
280.52914288500324,4,8,1
280.5303644579835,10,8,1
280.55159802013077,10,11,2
280.5523481501732,4,11,2
280.5706778841559,4,9,1
280.5713802629616,10,9,1
280.61172757996246,0,8,1
280.6146563789807,3,8,1
280.6173206411768,5,8,1
280.62510979012586,11,8,1
280.6277670620475,0,11,2
280.6360332851764,3,11,2
280.6398751679808,5,11,2
280.6440766809974,0,9,1
280.6504415930249,11,9,1
280.65428131609224,3,9,1
280.6570617610123,5,9,1
280.70448568905704,1,8,1
280.7191572240554,1,11,2
280.72812771610916,12,11,2
280.7288870061748,6,8,1
280.72957118507475,1,9,1
280.74175157304853,12,9,1
280.7514773150906,6,11,2
280.7527573290281,12,10,2
280.76843888196163,6,9,1
280.7838864780497,6,10,2
280.809909848962,7,11,2
280.8119814451784,2,11,2
280.83133172709495,2,9,1
280.83263266202994,7,9,1
280.8488823401276,2,10,2
280.85222723009065,7,10,2
280.91701751505025,9,10,2
281.01142818899825,8,10,2
281.024996685097,4,10,2
281.1113529810682,0,10,2
281.11511388304643,3,10,2
281.11912325117737,5,10,2
281.12539805006236,11,10,2
281.19965275004506,1,10,2
287.22618823405355,12,0,1
287.3080832019914,7,0,1
287.3094120970927,2,0,1
287.4157918151468,9,0,1
287.5049977391027,8,0,1
287.5282800970599,8,2,1
287.52900664601475,10,0,1
287.5296962449793,4,0,1
287.55163682601415,4,2,1
287.5523577260319,10,2,1
287.6172022840474,0,2,1
287.61795455403626,5,0,1
287.6186488221865,3,0,1
287.62351304409094,11,0,1
287.640104371123,3,2,1
287.6408165600151,5,2,1
287.64932468906045,11,2,1
287.7023731090594,1,0,1
287.72678037709557,1,2,1
287.72758044907823,6,0,1
287.73124793800525,12,2,1
287.74785013496876,6,2,1
287.8068904969841,7,2,1
287.91646353015676,9,2,1
288.22629751218483,6,1,1
288.2277209900785,12,1,1
288.3100069081411,2,1,1
288.3113729751203,7,1,1
288.41743773408234,9,1,1
288.5061423559673,8,1,1
288.526977277128,4,1,1
288.52936516096815,10,1,1
288.6178267560899,0,1,1
288.61857229610905,5,1,1
288.61926782503724,3,1,1
288.62271233811043,11,1,1
288.9123348351568,9,6,1
289.0068822540343,8,6,1
289.02484939899296,4,6,1
289.02878361498006,10,6,1
289.10254761297256,3,6,1
289.11621317104436,11,6,1
289.1167871670332,0,6,1
289.12585526215844,5,6,1
289.2047611181624,1,6,1
289.2290639439598,1,7,1
289.22989116609097,6,7,1
289.2306646371726,12,6,1
289.2500797000248,12,7,1
289.30344897904433,7,6,1
289.30541301216,2,6,1
289.31660414417274,2,7,1
289.41188604198396,9,7,1
289.4271851251833,9,5,1
289.44492685305886,9,4,1
289.46201548399404,9,3,1
289.50867286208086,8,7,1
289.5286650301423,4,7,1
289.53308272897266,10,7,1
289.53378835809417,8,5,1
289.55195325799286,4,5,1
289.55504784197547,8,4,1
289.5562536341604,10,5,1
289.5754981231876,8,3,1
289.57655912218615,10,4,1
289.5775439380668,4,3,1
289.5919472661335,10,3,1
289.60315733915195,10,12,2
289.6130128041841,5,7,1
289.61452785506845,3,7,1
289.6153028460685,0,7,1
289.62527400511317,11,7,1
289.62776355212554,3,5,1
289.6281964231748,5,4,1
289.6439490080811,11,5,1
289.6444746730849,5,3,1
289.64548479998484,3,4,1
289.64627170097083,0,5,1
289.66311275516637,11,4,1
289.6639302270487,5,12,2
289.66426633601077,3,12,2
289.6658093081787,0,4,1
289.6760456240736,11,3,1
289.68960248911753,11,12,2
289.69041765108705,0,3,1
289.69636031100526,1,5,1
289.70188002008945,0,12,2
289.7089680910576,1,4,1
289.72131382417865,6,5,1
289.72293361718766,1,3,1
289.7235975251533,12,5,1
289.73737428709865,6,4,1
289.7377056060359,1,12,2
289.7380203041248,12,4,1
289.7516267111059,12,3,1
289.7519418699667,6,3,1
289.7630061779637,6,12,2
289.80486620613374,2,5,1
289.8058285419829,7,5,1
289.81938612810336,7,4,1
289.8197994190268,2,4,1
289.8337231541518,2,3,1
289.8341640161816,7,3,1
289.8472897701431,7,12,2
289.84773117210716,2,12,2
289.9161050261464,9,12,2
289.9981915981043,8,12,2
290.0211434571538,4,12,2
290.2243136749603,12,8,1
290.30593764502555,7,8,1
290.31070881406777,2,8,1
290.41676057316363,9,8,1
290.43688712618314,9,11,2
290.5067359791137,8,11,2
290.5286185091827,8,9,1
290.529381260043,4,8,1
290.5300766581204,10,8,1
290.5521575631574,10,11,2
290.5528707031626,4,11,2
290.5708153261803,4,9,1
290.57151205511764,10,9,1
290.6188356911298,0,8,1
290.6197258750908,5,8,1
290.62047080509365,3,8,1
290.6232088189572,11,8,1
290.64588999096304,0,11,2
290.6466869020369,5,11,2
290.64737788098864,3,11,2
290.6480599991046,11,9,1
290.6663088409696,0,9,1
290.6670228901785,5,9,1
290.66770138801076,3,9,1
290.7043932781089,1,8,1
290.7295976781752,12,11,2
290.73031053715385,1,11,2
290.73099902505055,6,8,1
290.7506361741107,12,9,1
290.7513296431862,1,9,1
290.75496398098767,6,11,2
290.7723483899608,12,10,2
290.77305736904964,6,9,1
290.7886719701346,6,10,2
290.8100489161443,2,11,2
290.81080554705113,7,11,2
290.8305419990793,2,9,1
290.83125213813037,7,9,1
290.8510763931554,2,10,2
290.85190392518416,7,10,2
290.916709932033,9,10,2
291.01078385906294,8,10,2
291.02524476801045,4,10,2
291.1145489360206,5,10,2
291.11545097106136,3,10,2
291.1179684191011,0,10,2
291.12200464704074,11,10,2
291.1990013329778,1,10,2
297.2256118080113,6,0,1
297.2269280240871,12,0,1
297.3092970661819,2,0,1
297.3105629400816,7,0,1
297.41596295312047,9,0,1
297.5046751459595,8,0,1
297.52894990099594,8,2,1
297.52957314718515,10,0,1
297.53008446097374,4,0,1
297.55209535500035,4,2,1
297.55264611006714,10,2,1
297.6134554001037,0,2,1
297.614084396977,5,0,1
297.6156657889951,3,0,1
297.61979519110173,11,0,1
297.63231956912205,5,2,1
297.6416259300895,11,2,1
297.6422539171763,3,2,1
297.70203861012124,1,0,1
297.7273186009843,1,2,1
297.72933366615325,6,2,1
297.7304399360437,12,2,1
297.80931192310527,7,2,1
297.9202018850483,9,2,1
298.22654760908335,6,1,1
298.22863030503504,12,1,1
298.3103024479933,2,1,1
298.3115258810576,7,1,1
298.4171870909631,9,1,1
298.50570611911826,8,1,1
298.52450411603786,4,1,1
298.5283352190163,10,1,1
298.6171686560847,0,1,1
298.617901846068,5,1,1
298.61858398397453,3,1,1
298.6208954860922,11,1,1
298.9169240521733,9,6,1
299.00867312797345,8,6,1
299.0249115161132,4,6,1
299.02873047906905,10,6,1
299.11863164417446,0,6,1
299.1193595540244,5,6,1
299.12007888313383,3,6,1
299.1229006589856,11,6,1
299.20507783605717,1,6,1
299.22937483200803,1,7,1
299.23041734006256,6,7,1
299.231416817056,12,6,1
299.25108171696775,12,7,1
299.31302041816525,2,6,1
299.31422824109904,7,6,1
299.3334025081713,2,7,1
299.41703660413623,9,7,1
299.4373852130957,9,5,1
299.45807446097024,9,4,1
299.47491678618826,9,3,1
299.5077057899907,8,7,1
299.5279080059845,4,7,1
299.5324057270773,10,7,1
299.53309374512173,8,5,1
299.55232114414684,4,5,1
299.5553528361488,8,4,1
299.55604119505733,10,5,1
299.5745805250481,8,3,1
299.57584106898867,10,4,1
299.57654959801584,4,3,1
299.59211616800167,10,3,1
299.6180370771326,11,7,1
299.6192924110219,3,7,1
299.61998487007804,0,7,1
299.6207009491045,5,7,1
299.6288004370872,11,5,1
299.64502806495875,11,4,1
299.6463861220982,0,5,1
299.6470679801423,5,4,1
299.647743729176,3,5,1
299.6557647450827,11,3,1
299.66898977197707,3,4,1
299.6696797001641,0,4,1
299.6703570380341,11,12,2
299.67103423713706,5,3,1
299.6865109440405,3,12,2
299.68719949317165,0,3,1
299.6878757411614,5,12,2
299.69787646108307,0,12,2
299.70805875607766,1,5,1
299.73031811602414,1,4,1
299.7310505460482,6,5,1
299.7317358541768,12,5,1
299.7545080091804,1,3,1
299.7552661090158,12,4,1
299.75595286814496,6,4,1
299.7750879339874,1,12,2
299.77590942615643,6,3,1
299.7767191580497,12,3,1
299.79051640001126,6,12,2
299.81109063513577,2,5,1
299.8116298301611,7,5,1
299.8330933691468,7,4,1
299.83381391805597,2,4,1
299.8548547660466,2,3,1
299.8555654750671,7,3,1
299.87286709202453,7,12,2
299.8735518301837,2,12,2
299.91332885297015,9,12,2
300.00321710901335,8,12,2
