t_s,reporter,target,reason
11.217659418936819,4,1,1
11.279716563876718,4,0,1
11.489291790872812,4,2,1
11.686170978005975,4,11,2
11.78997951396741,4,9,1
11.883369634859264,4,11,2
11.985324667999521,4,12,2
12.09194860397838,4,3,1
12.18784138490446,4,3,1
12.281309318030253,4,12,2
12.377141667995602,4,7,1
12.383401784813032,4,7,1
13.814886705949903,6,1,1
14.047454522922635,9,1,1
14.122260568896309,8,1,1
14.150638181017712,7,1,1
14.16556270280853,7,0,1
14.256245977943763,9,2,1
14.270094519015402,9,11,2
14.282533180899918,9,11,2
14.28356717992574,2,1,1
14.302654389990494,2,0,1
14.303703479934484,9,12,2
14.306172939017415,8,2,1
14.309163874015212,6,2,1
14.315688578877598,9,3,1
14.320644587976858,8,11,2
14.332394630881026,9,3,1
14.336115355836228,8,9,1
14.377211428014562,6,11,2
14.390955656999722,9,12,2
14.395790533861145,2,11,2
14.396708549931645,8,11,2
14.398520460817963,6,9,1
14.409676025854424,9,7,1
14.416374885942787,2,9,1
14.420934784924611,6,11,2
14.423857577843592,8,12,2
14.477326398948207,9,7,1
14.478261795826256,7,2,1
14.486716454848647,2,11,2
14.491169410990551,6,12,2
14.491988903842866,8,3,1
14.501009268919006,7,11,2
14.505141855916008,2,12,2
14.507387799909338,8,3,1
14.508806469850242,6,3,1
14.511434383923188,10,1,1
14.577607514802366,8,12,2
14.580966849811375,6,3,1
14.582748470827937,2,3,1
14.583671726984903,7,9,1
14.596895111026242,10,0,1
14.598525987006724,6,12,2
14.599350990029052,8,7,1
14.600125511875376,7,11,2
14.600923783844337,2,3,1
14.618402348831296,8,7,1
14.619369085878134,2,12,2
14.6213292919565,7,12,2
14.622136784018949,6,7,1
14.632322081830353,6,7,1
14.685843416024,7,3,1
14.68667203001678,2,7,1
14.700475269928575,7,3,1
14.700944822980091,2,7,1
14.709351850906387,5,1,1
14.71238616690971,7,12,2
14.726317050866783,5,0,1
14.852192719932646,3,1,1
14.85281591792591,0,1,1
14.853509287815541,3,0,1
14.85428292886354,1,0,1
14.855041570961475,12,1,1
14.855830282904208,12,0,1
14.856676816940308,0,2,1
14.859467356000096,11,1,1
14.867193373851478,0,11,2
14.872214325936511,11,0,1
14.879828771809116,0,9,1
14.893825877923518,0,11,2
14.906511155888438,0,12,2
14.920023137936369,0,3,1
14.93161456589587,0,3,1
14.942341930000111,0,12,2
14.95499259699136,0,7,1
14.96612706198357,0,7,1
14.996805068803951,10,2,1
15.009908189997077,10,11,2
15.02286780695431,10,9,1
15.033799686003476,10,11,2
15.046024151844904,10,12,2
15.058449693024158,10,3,1
15.071964104892686,10,3,1
15.074139066971838,11,2,1
15.085223799804226,10,12,2
15.089316405821592,11,9,1
15.09994399594143,11,12,2
15.100798771018162,10,7,1
15.113647333811969,10,7,1
15.115233098855242,11,3,1
15.12634905287996,11,3,1
15.136763327987865,11,12,2
15.1488370988518,11,7,1
15.15904594794847,11,7,1
15.218180609866977,5,2,1
15.230430135969073,5,11,2
15.237049433868378,3,2,1
15.24331069085747,5,9,1
15.243970108916983,12,2,1
15.250281287822872,3,11,2
15.257157031912357,5,11,2
15.25856547197327,12,11,2
15.262321737827733,3,9,1
15.274024478858337,12,9,1
15.27436679881066,5,12,2
15.274681207956746,3,11,2
15.293150049867108,12,11,2
15.293604732956737,3,12,2
15.29850038094446,5,3,1
15.308666318887845,3,12,2
15.309765609912574,12,3,1
15.311926060821861,5,3,1
15.31602841685526,1,2,1
15.3256791299209,3,7,1
15.326280396897346,12,3,1
15.326665897853673,5,12,2
15.32964743184857,1,11,2
15.344417850021273,3,7,1
15.346515669021755,1,9,1
15.346844017971307,12,7,1
15.347158537013456,5,7,1
15.362600723979995,1,11,2
15.362938542850316,12,7,1
15.363248651847243,5,7,1
15.380110648926347,1,12,2
15.393004833953455,1,3,1
15.40424941200763,1,3,1
15.414409179007635,1,12,2
15.427299943985417,1,7,1
15.439949500840157,1,7,1
17.84682648582384,4,1,1
17.851765744853765,0,1,1
17.86292979097925,2,1,1
17.909349493915215,7,1,1
18.000146681908518,10,1,1
18.076299124863,11,1,1
18.091362840961665,11,0,1
18.21589282201603,5,1,1
18.226519542979077,5,0,1
18.234916059998795,3,1,1
18.24030957184732,12,1,1
18.24497356498614,3,0,1
18.252730443840846,12,0,1
18.253525995882228,9,1,1
18.26519004581496,9,0,1
18.29679559986107,8,1,1
18.309889169875532,6,1,1
18.31198272900656,1,0,1
18.314556882018223,8,0,1
18.334393162978813,6,0,1
18.345787124941126,4,0,1
18.36197346285917,2,0,1
18.41054909583181,7,0,1
18.49970612791367,10,0,1
18.913924971828237,7,4,1
18.997843425022438,10,4,1
19.070734335808083,11,4,1
19.218155374983326,5,4,1
19.23238160694018,5,8,1
19.247853844892234,12,4,1
19.249679455999285,3,4,1
19.269171837950125,12,8,1
19.269847417017445,9,4,1
19.27798197697848,3,8,1
19.297143128933385,9,8,1
19.30772137781605,8,4,1
19.313113829819486,6,4,1
19.32483878196217,1,4,1
19.330290796002373,8,5,1
19.34177937102504,1,8,1
19.34268324682489,6,8,1
19.35982163087465,1,5,1
19.376981156878173,0,4,1
19.377779688918963,4,8,1
19.382543514017016,2,4,1
19.38821663381532,6,5,1
19.390478037996218,4,5,1
19.39457592391409,0,8,1
19.398427652893588,2,8,1
19.403893226990476,4,6,1
19.414826556807384,0,5,1
19.418106799013913,2,5,1
19.41854357183911,4,10,2
19.418866390828043,7,8,1
19.435048399027437,7,5,1
19.436224961886182,0,6,1
19.43731908290647,2,6,1
19.453424277948216,0,10,2
19.453970342874527,7,6,1
19.454412535997108,2,10,2
19.46635406394489,7,10,2
19.498958765994757,10,8,1
19.51436492195353,10,5,1
19.52837829780765,10,6,1
19.572149235988036,11,8,1
19.586520521901548,11,5,1
19.60100598190911,11,6,1
19.614890133962035,11,10,2
19.718099043006077,5,6,1
19.730740069877356,5,10,2
19.746190316975117,5,2,1
19.748642107006162,12,5,1
19.75123407994397,3,5,1
19.754738048883155,9,5,1
19.76110958890058,12,6,1
19.769516366999596,9,6,1
19.774471967015415,12,10,2
19.776346019934863,3,6,1
19.782054791925475,9,10,2
19.78679344500415,12,2,1
19.808736305916682,9,2,1
19.811054670950398,6,10,2
19.81274594902061,3,10,2
19.816673730965704,8,6,1
19.82650219788775,3,2,1
19.826838827924803,6,2,1
19.83024475397542,1,6,1
19.841853332007304,8,10,2
19.85478111798875,1,10,2
19.856365592917427,0,2,1
19.876823560800403,8,2,1
19.87723395298235,4,2,1
19.879623129963875,0,3,1
19.88002992188558,2,3,1
19.89895672700368,2,9,1
19.899380378890783,1,2,1
19.899786640889943,0,9,1
19.913404335966334,4,3,1
19.915945767890662,2,11,2
19.91639345092699,0,11,2
19.916839982848614,7,2,1
19.931233539944515,4,9,1
19.93181267590262,7,3,1
19.9443668408785,4,11,2
19.944869715953246,7,9,1
19.95534913195297,7,11,2
19.99539048387669,10,2,1
20.01866963203065,10,3,1
20.033640655921772,10,9,1
20.04581987997517,10,11,2
20.06888697296381,11,2,1
20.080902511952445,11,3,1
20.091571843950078,11,9,1
20.216236668871716,5,3,1
20.22582151996903,5,9,1
20.238490997813642,3,9,1
20.239296330837533,5,11,2
20.24037240096368,12,3,1
20.256695822812617,5,12,2
20.257147405995056,12,9,1
20.257581708021462,9,3,1
20.25801474088803,3,11,2
20.272511519957334,12,11,2
20.272977253887802,3,12,2
20.27340937592089,9,11,2
20.285662981914356,9,12,2
20.311149642802775,6,3,1
20.313920081825927,8,3,1
20.314653642009944,1,3,1
20.330909811891615,1,9,1
20.333081163000315,6,9,1
20.333805894013494,8,9,1
20.352999635972083,1,11,2
20.354440697003156,4,12,2
20.355865506920964,0,12,2
20.356676029972732,6,11,2
20.357478342950344,8,11,2
20.36651133792475,2,12,2
20.366998851997778,1,12,2
20.370693316916004,6,12,2
20.375410540029407,8,12,2
20.410641905851662,7,12,2
20.493276952998713,10,12,2
20.506093906005844,10,7,1
20.577443142887205,11,12,2
20.59856134094298,11,7,1
20.719523270847276,5,7,1
20.74169029784389,12,7,1
20.743078117026016,3,7,1
20.75299077690579,9,7,1
20.79481077985838,6,7,1
20.80110432789661,8,7,1
20.812181232031435,1,7,1
20.847056817961857,4,7,1
20.85155742499046,0,7,1
20.863148852949962,2,7,1
27.851249493891373,4,1,1
27.859742213971913,0,1,1
27.87130711087957,2,1,1
27.917703752871603,7,1,1
28.00199414580129,10,1,1
28.07714491081424,11,1,1
28.09772762283683,11,0,1
28.22383193881251,5,1,1
28.24720100988634,3,1,1
28.247934791026637,5,0,1
28.248734283959493,12,1,1
28.26316994195804,9,1,1
28.268794931005687,12,0,1
28.271732464898378,3,0,1
28.28125480399467,9,0,1
28.303878902923316,6,1,1
28.305746315978467,8,1,1
28.32396997185424,8,0,1
28.324814264895394,6,0,1
28.326191755011678,1,0,1
28.353748903842643,4,0,1
28.37015395797789,2,0,1
28.41622330993414,7,0,1
28.499930417863652,10,0,1
28.917689880821854,7,4,1
28.999926825985312,10,4,1
29.077651083935052,11,4,1
29.22323551098816,5,4,1
29.247858756920323,5,8,1
29.248759352834895,3,4,1
29.24970091902651,12,4,1
29.265978389885277,9,4,1
29.27100668195635,12,8,1
29.274862550897524,3,8,1
29.286251222947612,9,8,1
29.307504853932187,6,4,1
29.308901292970404,8,4,1
29.32487605488859,1,4,1
29.329676390858367,6,8,1
29.333670923952013,8,5,1
29.341119325021282,1,8,1
29.34828967694193,6,5,1
29.35908985300921,1,5,1
29.36009807093069,0,4,1
29.361092258943245,4,8,1
29.37153324484825,2,4,1
29.38084467803128,0,8,1
29.381930998992175,4,5,1
29.393176646903157,2,8,1
29.400663737906143,4,6,1
29.40167716681026,0,5,1
29.418085590936244,2,5,1
29.41991807287559,0,6,1
29.42101425398141,7,8,1
29.422254618955776,4,10,2
29.435765450820327,0,10,2
29.436812169849873,7,5,1
29.43779921787791,2,6,1
29.450020333984867,2,10,2
29.4510301228147,7,6,1
29.461166119901463,7,10,2
29.504431993002072,10,8,1
29.52628195984289,10,5,1
29.544766552979127,10,6,1
29.578092196024954,11,8,1
29.59830585680902,11,5,1
29.618499897886068,11,6,1
29.63663160102442,11,10,2
29.723655281821266,5,6,1
29.747470584930852,5,10,2
29.748473423998803,3,5,1
29.749469451839104,12,5,1
29.765231478028,9,5,1
29.769202319905162,5,2,1
29.772848753025755,3,6,1
29.774654443841428,12,6,1
29.786119147902355,9,6,1
29.809457388008013,3,10,2
29.810580879915506,12,10,2
29.812646767823026,6,10,2
29.81408280902542,9,10,2
29.815275992965326,8,6,1
29.817413952900097,1,6,1
29.82737495494075,12,2,1
29.828364702872932,3,2,1
29.83047291287221,1,10,2
29.831504991976544,9,2,1
29.83966413186863,8,10,2
29.840797144919634,6,2,1
29.84198138792999,1,2,1
29.891375995008275,4,2,1
29.894036119803786,8,2,1
29.895296175964177,0,2,1
29.89633118500933,2,3,1
29.913722947007045,4,3,1
29.919671784853563,2,9,1
29.9204268460162,0,3,1
29.921157956821844,7,2,1
29.927478855010122,4,9,1
29.94283091998659,4,11,2
29.943824318004772,7,3,1
29.94481815584004,2,11,2
29.945839314954355,0,9,1
29.95959808398038,0,11,2
29.9614688269794,7,9,1
29.975278016878292,7,11,2
30.000724946847185,10,2,1
30.021866904804483,10,3,1
30.03948558284901,10,9,1
30.0552326280158,10,11,2
30.073880955809727,11,2,1
30.090080644004047,11,3,1
30.099638673942536,11,9,1
30.220937203848734,5,3,1
30.237124581821263,3,9,1
30.238121279980987,5,9,1
30.24732706998475,12,3,1
30.24843952199444,3,11,2
30.258445685030892,5,11,2
30.262006195029244,3,12,2
30.263059194898233,9,3,1
30.265029040863737,12,9,1
30.272989975987002,5,12,2
30.280309052905068,9,11,2
30.282804963877425,12,11,2
30.29623788385652,9,12,2
30.305675139883533,8,3,1
30.30670491885394,6,3,1
30.322712871944532,1,3,1
30.326111757894978,8,9,1
30.32718746783212,6,9,1
30.340051831910387,1,9,1
30.349336104933172,8,11,2
30.350352953886613,4,12,2
30.351363361813128,6,11,2
30.360514970961958,0,12,2
30.361585590988398,1,11,2
30.362873166799545,8,12,2
30.36855435790494,6,12,2
30.377096049953252,2,12,2
30.383263103896752,1,12,2
30.41430547181517,7,12,2
30.501055764965713,10,12,2
30.5213109778706,10,7,1
30.57406249991618,11,12,2
30.594655451830477,11,7,1
30.719713508849964,5,7,1
30.74520301888697,3,7,1
30.75068048387766,12,7,1
30.757791814859957,9,7,1
30.799889266025275,6,7,1
30.801800269866362,8,7,1
30.815942719811574,1,7,1
30.85659654880874,4,7,1
30.86052691983059,0,7,1
30.873772345017642,2,7,1
37.856626552995294,4,1,1
37.860969356959686,0,1,1
37.87316215084866,2,1,1
37.91800995985977,7,1,1
38.00128927384503,10,1,1
38.07733406499028,11,1,1
38.095341173931956,11,0,1
38.225482403999195,5,1,1
38.24810029286891,5,0,1
38.24914502282627,3,1,1
38.25016994192265,12,1,1
38.263717404799536,9,1,1
38.26941078598611,3,0,1
38.27233079797588,12,0,1
38.28370026987977,9,0,1
38.30233542690985,6,1,1
38.3087844599504,8,1,1
38.3209540839307,1,0,1
38.321689364966005,6,0,1
38.32778987684287,8,0,1
38.35399438790046,4,0,1
38.36976891383529,2,0,1
38.41713834297843,7,0,1
38.49897466786206,10,0,1
38.91807780880481,7,4,1
39.00080807786435,10,4,1
39.07673769490793,11,4,1
39.223622338846326,5,4,1
39.24699500994757,5,8,1
39.248021218925714,3,4,1
39.249606103869155,12,4,1
39.27049835398793,9,4,1
39.27284160093404,3,8,1
39.273605132009834,12,8,1
39.29192686988972,9,8,1
39.30606165993959,6,4,1
39.308932680869475,8,4,1
39.31955315102823,1,4,1
39.32972701895051,8,5,1
39.33079206896946,6,8,1
39.339960349025205,1,8,1
39.34706432884559,6,5,1
39.36101242387667,1,5,1
39.36181109584868,4,8,1
39.362493835855275,0,4,1
39.38404732500203,2,4,1
39.3942016819492,4,5,1
39.39854664495215,0,8,1
39.4054050790146,2,8,1
39.422128511825576,0,5,1
39.42294382490218,4,6,1
39.42363735497929,7,8,1
39.424901199992746,2,5,1
39.442516267998144,0,6,1
39.44406491192058,2,6,1
39.44478356302716,4,10,2
39.44601621781476,7,5,1
39.455493084853515,2,10,2
39.45618154481053,0,10,2
39.46303281793371,7,6,1
39.49086692580022,7,10,2
39.50052407896146,10,8,1
39.52108994987793,10,5,1
39.54013365902938,10,6,1
39.577357060974464,11,8,1
39.59735025698319,11,5,1
39.61699646292254,11,6,1
39.63263967493549,11,10,2
39.72402837895788,5,6,1
39.74871001695283,5,10,2
39.749598141992465,3,5,1
39.75029910192825,12,5,1
39.76210522581823,9,5,1
39.771743088029325,5,2,1
39.772514269920066,3,6,1
39.773823807016015,12,6,1
39.784378674812615,9,6,1
39.79628778202459,12,10,2
39.79705680394545,3,10,2
39.81775860884227,8,6,1
39.818791118916124,12,2,1
39.81977013591677,3,2,1
39.820857896935195,9,10,2
39.82211052183993,6,10,2
39.82320715393871,1,6,1
39.83177875587717,9,2,1
39.84253187989816,8,10,2
39.843533837934956,6,2,1
39.88162107486278,1,10,2
39.893752997973934,4,2,1
39.896527136908844,8,2,1
39.89896864583716,2,3,1
39.899816469987854,0,2,1
39.90386731387116,1,2,1
39.92428981186822,2,9,1
39.92503225291148,4,3,1
39.92573120188899,0,3,1
39.92644487298094,7,2,1
39.92712217196822,1,3,1
39.94929321901873,4,9,1
39.95007608085871,1,9,1
39.95076822093688,0,9,1
39.951443559955806,2,11,2
39.95381098682992,7,3,1
39.983882686821744,4,11,2
39.98422989691608,0,11,2
39.99069413985126,7,9,1
40.000258209882304,10,2,1
40.00745144300163,7,11,2
40.020525333005935,10,3,1
40.03801320795901,10,9,1
40.05341304303147,10,11,2
40.07791200582869,11,2,1
40.10132904793136,11,3,1
40.11790924682282,11,9,1
40.21595689887181,5,3,1
40.226406674832106,5,9,1
40.24132879683748,5,11,2
40.242098727962,3,9,1
40.245063873007894,12,3,1
40.25149744399823,5,12,2
40.26383759290911,3,11,2
40.26457697385922,12,9,1
40.2653324350249,9,3,1
40.28454368887469,3,12,2
40.28536441200413,12,11,2
40.286068161949515,9,11,2
40.305690167006105,9,12,2
40.30643627792597,6,3,1
40.30716789793223,8,3,1
40.31734904600307,1,11,2
40.3257666148711,8,9,1
40.32648116489872,6,9,1
40.33242555288598,1,12,2
40.343942667823285,8,11,2
40.34490236500278,6,11,2
40.35144618083723,4,12,2
40.360519046895206,8,12,2
40.36159814801067,6,12,2
40.36212381301448,0,12,2
40.366478506010026,2,12,2
40.41527580586262,7,12,2
40.50086826598272,10,12,2
40.521181519841775,10,7,1
40.57754209381528,11,12,2
40.59878888493404,11,7,1
40.72465518396348,5,7,1
40.74775403691456,12,7,1
40.749196607852355,3,7,1
40.758327275980264,9,7,1
40.79993201280013,6,7,1
40.80139525397681,8,7,1
40.819574317894876,1,7,1
40.85721826180816,0,7,1
40.85829571285285,4,7,1
40.87157648894936,2,7,1
47.85647634090856,4,1,1
47.86020113597624,0,1,1
47.87142110383138,2,1,1
47.91820818698034,7,1,1
48.00045970198698,10,1,1
48.07690785382874,11,1,1
48.09506339789368,11,0,1
48.223555970937014,5,1,1
48.24714320781641,3,1,1
48.2478808388114,5,0,1
48.24921271693893,12,1,1
48.265772534999996,9,1,1
48.26828446588479,3,0,1
48.26906680781394,12,0,1
48.28556252387352,9,0,1
48.30303667788394,8,1,1
48.30450442992151,6,1,1
48.32090662396513,8,0,1
48.32377008488402,1,0,1
48.32511956291273,6,0,1
48.353256398811936,4,0,1
48.37018982693553,2,0,1
48.41647242591716,7,0,1
48.50104861683212,10,0,1
48.91775304102339,7,4,1
48.9998161108233,10,4,1
49.07698635291308,11,4,1
49.223407703917474,5,4,1
49.24664129083976,5,8,1
49.24766246881336,3,4,1
49.2495564930141,12,4,1
49.26692320383154,9,4,1
49.27052403590642,3,8,1
49.271603115834296,12,8,1
49.28794149798341,9,8,1
49.31000029202551,6,4,1
49.31102439085953,8,4,1
49.318893073825166,1,4,1
49.33301099296659,6,8,1
49.335783450864255,8,5,1
49.33929872093722,1,8,1
49.3512711788062,6,5,1
49.35792901692912,4,8,1
49.36054575187154,1,5,1
49.362625719979405,0,4,1
49.375453722896054,2,4,1
49.37931193201803,4,5,1
49.38275907980278,0,8,1
49.40157439187169,4,6,1
49.402577159926295,0,5,1
49.40354873682372,2,8,1
49.423658965853974,4,10,2
49.42471033590846,0,6,1
49.42570724384859,2,5,1
49.4267248630058,7,8,1
49.43776474497281,0,10,2
49.441740507027134,2,6,1
49.44592431583442,7,5,1
49.45356514188461,2,10,2
49.46367081697099,7,6,1
49.47900939080864,7,10,2
49.500530858989805,10,8,1
49.5207352808211,10,5,1
49.54034841596149,10,6,1
49.57726843981072,11,8,1
49.59763238602318,11,5,1
49.61683816788718,11,6,1
49.63232784694992,11,10,2
49.718917805003,5,6,1
49.74101559002884,5,10,2
49.74709483189508,3,5,1
49.750972031848505,12,5,1
49.76144924783148,5,2,1
49.764550214866176,9,5,1
49.769887106027454,3,6,1
49.775408441899344,12,6,1
49.786559817846864,9,6,1
49.78866117680445,3,10,2
49.81543770385906,12,10,2
49.81681041303091,6,10,2
49.81797177600674,3,2,1
49.81914692884311,9,10,2
49.81993545196019,8,6,1
49.82067855284549,1,6,1
49.83037815685384,12,2,1
49.83107161591761,9,2,1
49.8413977578748,6,2,1
49.842101057991385,8,10,2
49.87812634697184,1,10,2
49.88781777094118,4,2,1
49.89519699988887,0,2,1
49.89618595689535,8,2,1
49.89674248290248,2,3,1
49.89827780681662,1,2,1
49.91284666885622,4,3,1
49.91602029791102,0,3,1
49.91769993584603,2,9,1
49.921472942922264,7,2,1
49.93668727297336,0,9,1
49.937527406960726,2,11,2
49.93829039786942,4,9,1
49.9406894959975,7,3,1
49.95168717694469,0,11,2
49.97721986891702,4,11,2
49.977967749815434,7,9,1
49.99306696699932,7,11,2
50.00412677996792,10,2,1
50.02656644396484,10,3,1
50.04418869293295,10,9,1
50.06066908896901,10,11,2
50.07748127402738,11,2,1
50.09820763999596,11,3,1
50.11590935080312,11,9,1
50.22037674486637,5,3,1
50.24167621694505,3,9,1
50.24242252786644,5,9,1
50.24538007192314,12,3,1
50.26401545898989,3,11,2
50.26482298201881,9,3,1
50.26551620080136,5,11,2
50.266188609879464,12,9,1
50.28562613995746,9,11,2
50.28637959086336,3,12,2
50.28706182981841,12,11,2
50.305776418885216,9,12,2
50.30651904991828,6,3,1
50.3092437768355,8,3,1
50.321809282992035,1,3,1
50.32583851693198,6,9,1
50.33134553185664,8,9,1
50.34183556889184,1,9,1
50.34427687781863,6,11,2
50.35916476882994,8,11,2
50.3599175598938,4,12,2
50.37669935496524,0,12,2
50.377430794993415,6,12,2
50.37811091495678,1,11,2
50.38494254788384,8,12,2
50.38669099682011,1,12,2
50.38799172383733,2,12,2
50.41386927594431,7,12,2
50.4992097588256,10,12,2
50.51929394691251,10,7,1
50.57705646986142,11,12,2
50.597451156936586,11,7,1
50.723098299931735,5,12,2
50.741451038978994,3,7,1
50.74468088988215,5,7,1
50.751474051969126,12,7,1
50.76107029384002,9,7,1
50.79827995598316,8,7,1
50.799547941889614,6,7,1
50.81521850498393,1,7,1
50.85680498089641,4,7,1
50.860727480845526,0,7,1
50.87097843084484,2,7,1
57.85667398199439,4,1,1
57.86049801087938,0,1,1
57.87264745403081,2,1,1
57.91798299597576,7,1,1
57.99373827781528,10,1,1
58.068540283013135,11,1,1
58.07931961794384,11,0,1
58.22265763091855,5,1,1
58.24479819694534,3,1,1
58.245506456820294,5,0,1
58.24872967787087,12,1,1
58.26492605591193,9,1,1
58.26621370296925,3,0,1
58.267912349896505,12,0,1
58.28345189988613,9,0,1
58.30643840995617,6,1,1
58.30995763000101,8,1,1
58.31739828991704,1,0,1
58.32705421280116,6,0,1
58.3286766288802,8,0,1
58.353341025998816,4,0,1
58.36928310687654,2,0,1
58.416666336823255,7,0,1
58.49852599087171,10,0,1
58.918295281007886,7,4,1
58.99989249790087,10,4,1
59.076696570031345,11,4,1
59.22264120681211,5,4,1
59.246890981914476,3,4,1
59.24789770087227,5,8,1
59.248909740010276,12,4,1
59.26797875785269,9,4,1
59.27120803995058,12,8,1
59.272349101956934,3,8,1
59.2886862938758,9,8,1
59.306737274862826,8,4,1
59.30746714491397,6,4,1
59.319880635943264,1,4,1
59.32974828500301,6,8,1
59.33049406600185,8,5,1
59.34135832381435,1,8,1
59.34741021483205,6,5,1
59.361155912978575,4,8,1
59.36215175082907,0,4,1
59.36443139589392,1,5,1
59.38355099596083,2,4,1
59.385978574864566,4,5,1
59.38669126480818,0,8,1
59.404484358849004,4,6,1
59.40727000683546,0,5,1
59.40931548480876,2,8,1
59.42199430381879,4,10,2
59.42497337795794,0,6,1
59.42622514301911,7,8,1
59.428360293852165,2,5,1
59.435359621886164,0,10,2
59.44565243180841,2,6,1
59.44935543695465,7,5,1
59.45744771580212,2,10,2
59.464889195980504,7,6,1
59.48166918102652,7,10,2
59.501714827958494,10,8,1
59.52195557998493,10,5,1
59.541157552972436,10,6,1
59.57750197080895,11,8,1
59.59758767881431,11,5,1
59.61682864301838,11,6,1
59.632191966986284,11,10,2
59.7232464319095,5,6,1
59.74733409285545,3,5,1
59.74834150192328,5,10,2
59.74936407990754,12,5,1
59.767744519980624,9,5,1
59.769967993022874,5,2,1
59.772939066868275,3,6,1
59.774079338880256,12,6,1
59.79216950084083,9,6,1
59.79665394802578,3,10,2
59.79874258697964,12,10,2
59.81997019681148,6,10,2
59.82099214592017,3,2,1
59.821962212910876,9,10,2
59.82297175191343,8,6,1
59.82414408493787,12,2,1
59.82628601486795,1,6,1
59.83263511490077,9,2,1
59.880916949827224,6,2,1
59.882129513891414,8,10,2
59.8857023648452,1,10,2
59.89441945194267,0,2,1
59.89540541986935,4,2,1
59.895833691814914,2,3,1
59.90672576986253,1,2,1
59.907858771970496,8,2,1
59.921527558006346,2,9,1
59.92265315982513,0,3,1
59.92377702193335,4,3,1
59.92498592589982,1,3,1
59.92634584498592,7,2,1
59.93397943000309,2,11,2
59.93734284583479,0,9,1
59.94115336285904,4,9,1
59.94483261695132,7,3,1
59.97732198587619,0,11,2
59.97845086781308,4,11,2
59.9949573748745,7,9,1
60.00253540882841,10,2,1
60.010828313883394,7,11,2
60.02544869692065,10,3,1
60.04333809297532,10,9,1
60.05908000795171,10,11,2
60.07751211896539,11,2,1
60.098587475018576,11,3,1
60.115929344901815,11,9,1
60.224703690968454,5,3,1
60.23982375883497,3,9,1
60.245799217838794,5,9,1
60.246995171997696,12,3,1
60.262718135956675,3,11,2
60.263725803932175,9,3,1
60.26560087688267,5,11,2
60.266783750848845,12,9,1
60.284400468925014,9,11,2
60.28525674296543,3,12,2
60.285959612810984,12,11,2
60.30571544193663,8,3,1
60.30644774297252,9,12,2
60.30714209191501,6,3,1
60.31575271580368,1,9,1
60.32498421589844,8,9,1
60.326238391920924,6,9,1
60.33386008790694,1,11,2
60.35130281094462,6,11,2
60.35214143502526,8,11,2
60.35362366680056,0,12,2
60.35448276088573,1,12,2
60.35526223294437,4,12,2
60.3688901278656,6,12,2
60.37844258802943,2,12,2
60.379363683983684,8,12,2
60.41398123302497,7,12,2
60.50316804484464,10,12,2
60.526222586864606,10,7,1
60.57745333597995,11,12,2
60.59810250881128,11,7,1
60.723536925856024,5,12,2
60.7476640578825,12,7,1
60.74872386781499,5,7,1
60.74971844581887,3,7,1
60.75839458196424,9,7,1
60.793970577884465,6,7,1
60.8023079528939,8,7,1
60.81175963091664,1,7,1
60.85776510089636,4,7,1
60.863751020981,2,7,1
60.86479810089804,0,7,1
67.85015211789869,4,1,1
67.86039416701533,0,1,1
67.87195343384519,2,1,1
67.91829865402542,7,1,1
68.00048390799202,10,1,1
68.07711730501615,11,1,1
68.09766722586937,11,0,1
68.22314343391918,5,1,1
68.24479383602738,5,0,1
68.24679746292531,3,1,1
68.24877202883363,12,1,1
68.26339666196145,9,1,1
68.26716984901577,3,0,1
68.26789246988483,12,0,1
68.2815506758634,9,0,1
68.2936592279002,6,1,1
68.30826959083788,6,0,1
68.31115824286826,1,0,1
68.3126976059284,8,1,1
68.33187854895368,8,0,1
68.35370492585935,4,0,1
68.37153934990056,2,0,1
68.41668991697952,7,0,1
68.49862628383562,10,0,1
68.9119980619289,7,4,1
69.00127813592553,10,4,1
69.06893777893856,11,4,1
69.22303053596988,5,4,1
69.24773485492915,5,8,1
69.24906034185551,3,4,1
69.25016710394993,12,4,1
69.26147899380885,9,4,1
69.27142053493299,12,8,1
69.27233121986501,3,8,1
69.28467523888685,9,8,1
69.30388676282018,6,4,1
69.30519313993864,8,4,1
69.32276124600321,1,4,1
69.32633801782504,8,5,1
69.32702724682167,6,8,1
69.34506490686908,1,8,1
69.34575736685656,6,5,1
69.36118035297841,4,8,1
69.36354885995388,1,5,1
69.36423304886557,0,4,1
69.37082531582564,2,4,1
69.38814963493496,0,8,1
69.38888476602733,4,5,1
69.39200379396789,2,8,1
69.41088950796984,4,6,1
69.41160367894918,0,5,1
69.41408002888784,2,5,1
69.41846395283937,7,8,1
69.42925678798929,4,10,2
69.42995068687014,0,6,1
69.43063332699239,2,6,1
69.44238195894286,7,5,1
69.44408178701997,2,10,2
69.44479644694366,0,10,2
69.46092129289173,7,6,1
69.47664074692875,7,10,2
69.50102775683627,10,8,1
69.5213650118094,10,5,1
69.54063901701011,10,6,1
69.57780310790986,11,8,1
69.60117548890412,11,5,1
69.62233030702919,11,6,1
69.64138349588029,11,10,2
69.72306957584806,5,6,1
69.74754491797648,3,5,1
69.7482841280289,5,10,2
69.74957169499248,12,5,1
69.76180344098248,9,5,1
69.77153458585963,5,2,1
69.7728286718484,3,6,1
69.7735223218333,12,6,1
69.78258616779931,9,6,1
69.7935770789627,3,10,2
69.79502439987846,12,10,2
69.81681986595504,9,10,2
69.82016550097615,3,2,1
69.82122348085977,6,10,2
69.82201052294113,8,6,1
69.82278276490979,12,2,1
69.8246829980053,1,6,1
69.83139079785906,9,2,1
69.83631306700408,6,2,1
69.8965164499823,0,2,1
69.8973813438788,1,10,2
69.89813746581785,8,10,2
69.89882644498721,2,9,1
69.8995079039596,4,2,1
69.92610521684401,1,2,1
69.92729781987146,8,2,1
69.92830998892896,0,9,1
69.92940021981485,2,3,1
69.9304645198863,7,2,1
69.93145327689126,4,9,1
69.94898903393187,2,11,2
69.95048380596563,0,3,1
69.95122043695301,4,3,1
69.95195350702852,7,9,1
69.98640539194457,0,11,2
69.98712947196327,4,11,2
69.98970396490768,7,3,1
70.00232070102356,10,2,1
70.0033569210209,7,11,2
70.02489696000703,10,9,1
70.04214193695225,10,3,1
70.05768046691082,10,11,2
70.07941039092839,11,2,1
70.09856905299239,11,9,1
70.11876968387514,11,3,1
70.22094111284241,5,9,1
70.24215623294003,3,9,1
70.24329307489097,5,3,1
70.24544315598905,12,9,1
70.26507301093079,9,3,1
70.26618403196335,5,11,2
70.2672949838452,12,3,1
70.26849490799941,3,11,2
70.28593539097346,12,11,2
70.28706153295934,9,11,2
70.28816814394668,3,12,2
70.30313547700644,6,9,1
70.3064111599233,9,12,2
70.30775374802761,8,9,1
70.31458548083901,1,9,1
70.32537261582911,6,3,1
70.33114344882779,1,3,1
70.33244024589658,8,3,1
70.34617545385845,6,11,2
70.35061715985648,1,11,2
70.37694843392819,8,11,2
70.37772261584178,4,12,2
70.37851934880018,6,12,2
70.3792797899805,0,12,2
70.39024095982313,1,12,2
70.3910418828018,2,12,2
70.39184803585522,8,12,2
70.41417983686551,7,12,2
70.50008460599929,10,12,2
70.52003762987442,10,7,1
70.57773970183916,11,12,2
70.59784316993318,11,7,1
70.72286830493249,5,12,2
70.74317516991869,3,7,1
70.74565202998929,5,7,1
70.74704894889146,12,7,1
70.75884191202931,9,7,1
70.79885454382747,6,7,1
70.8016672139056,8,7,1
70.81065320782363,1,7,1
70.85641000093892,4,7,1
70.86111790500581,0,7,1
70.87137846485712,2,7,1
77.85013654083014,4,1,1
77.86099150800146,0,1,1
77.87253269390203,2,1,1
77.91784986597486,7,1,1
78.00078596081585,10,1,1
78.07676687883213,11,1,1
78.09471864695661,11,0,1
78.2248134848196,5,1,1
78.2455571219325,3,1,1
78.2486990808975,5,0,1
78.25203379499726,12,1,1
78.26292325300165,9,1,1
78.26580669381656,3,0,1
78.26964138285257,12,0,1
78.28088165982626,9,0,1
78.30324537283741,6,1,1
78.30558199901134,8,1,1
78.32088407198898,1,0,1
78.32388872699812,8,0,1
78.32458193600178,6,0,1
78.35358560597524,4,0,1
78.37048891396262,2,0,1
78.41622780798934,7,0,1
78.5000460979063,10,0,1
78.91719117201865,7,4,1
78.99981922889128,10,4,1
79.07650455692783,11,4,1
79.22330947802402,5,4,1
79.24686869396828,5,8,1
79.2476029950194,3,4,1
79.24892198201269,12,4,1
79.26734987297095,9,4,1
79.27095818496309,12,8,1
79.27165871486068,3,8,1
79.28770577791147,9,8,1
79.30318080587313,6,4,1
79.30559629388154,8,4,1
79.32603254192509,1,4,1
79.32676132302731,8,5,1
79.32744703185745,6,8,1
79.34705822682008,6,5,1
79.34946575481445,1,8,1
79.35776362894103,4,8,1
79.36009863484651,0,4,1
79.3698211000301,1,5,1
79.37165805185214,2,4,1
79.38012788188644,4,5,1
79.38430501986295,0,8,1
79.39157251501456,2,8,1
79.40096318093129,4,6,1
79.40380733087659,0,5,1
79.41307472391054,2,5,1
79.41955697583035,4,10,2
79.42075155000202,0,6,1
79.42187380185351,7,8,1
79.42822361201979,2,6,1
79.43325216392986,0,10,2
79.4416401409544,2,10,2
79.44346775300801,7,5,1
79.46079149283469,7,6,1
79.47629748098552,7,10,2
79.5009360278491,10,8,1
79.52123637101613,10,5,1
79.54032300086692,10,6,1
79.5775154128205,11,8,1
79.59898691996932,11,5,1
79.61936132586561,11,6,1
79.63786631892435,11,10,2
79.72377168782987,5,6,1
79.7471724099014,5,10,2
79.74858833989128,3,5,1
79.74942897399887,12,5,1
79.76873967982829,9,5,1
79.7713533139322,5,2,1
79.77275275299326,12,6,1
79.77408449095674,3,6,1
79.79723280481994,12,10,2
79.79850947088562,3,10,2
79.80074533401057,9,6,1
79.81891710800119,6,10,2
79.82003825996071,8,6,1
79.82167005585507,12,2,1
79.82243150798604,3,2,1
79.82325477083214,9,10,2
79.82412796583958,1,6,1
79.84490374289453,9,2,1
79.87691113795154,1,10,2
79.87821409502067,8,10,2
79.88033056491986,6,2,1
79.89099368685856,4,2,1
79.89417380583473,0,2,1
79.89715987094678,8,2,1
79.89802268496715,1,2,1
79.89922307897359,2,3,1
79.90552989696153,0,3,1
79.91793091781437,4,3,1
79.91985040181316,0,9,1
79.92203086381778,2,9,1
79.92341300286353,7,2,1
79.93303214502521,0,11,2
79.9365879658144,4,9,1
79.93866500398144,2,11,2
79.95086535881273,7,3,1
79.9530410009902,4,11,2
79.9870228418149,7,9,1
80.00126423384063,10,2,1
80.00310985581018,7,11,2
80.022602527868,10,3,1
80.03990148683079,10,9,1
80.0553611938376,10,11,2
80.07840846595354,11,2,1
80.09986805194058,11,3,1
80.11887289001606,11,9,1
80.22292326181196,5,3,1
80.24285539495759,12,3,1
80.24433374684304,3,9,1
80.24515789980069,5,9,1
80.26134869782254,12,9,1
80.26237231702544,9,3,1
80.26421192893758,3,11,2
80.26479746587574,5,11,2
80.2809514128603,3,12,2
80.28231623093598,12,11,2
80.28358757682145,9,11,2
80.3050884748809,9,12,2
80.30608583288267,8,3,1
80.30709030199796,6,3,1
80.3234679249581,8,9,1
80.32553066289984,6,9,1
80.32661894382909,1,3,1
80.343270144891,8,11,2
80.34570199297741,6,11,2
80.34927176497877,1,9,1
80.35394378588535,4,12,2
80.36012194096111,8,12,2
80.36162165389396,6,12,2
80.3624501968734,0,12,2
80.37104291003197,2,12,2
80.37920341081917,1,11,2
80.39467802783474,1,12,2
80.41412249789573,7,12,2
80.50182200782001,10,12,2
80.52214615186676,10,7,1
80.57696149195544,11,12,2
80.59844180988148,11,7,1
80.72362579894252,5,12,2
80.7446623139549,3,7,1
80.7459676808212,12,7,1
80.74667222099379,5,7,1
80.7578861778602,9,7,1
80.80091128498316,6,7,1
80.8017417578958,8,7,1
80.8149642618373,1,7,1
80.8563636818435,4,7,1
80.86027047294192,0,7,1
80.87153152097017,2,7,1
87.85651867999695,4,1,1
87.86099012591876,0,1,1
87.87189950491302,2,1,1
87.9189865658991,7,1,1
88.00071400683373,10,1,1
88.07705043582246,11,1,1
88.09625929780304,11,0,1
88.22315140580758,5,1,1
88.24486408988014,3,1,1
88.24589489889331,5,0,1
88.24976552883163,12,1,1
88.25679364684038,9,1,1
88.26887450902723,3,0,1
88.27236530790105,12,0,1
88.2755904388614,9,0,1
88.30384077783674,6,1,1
88.30581263289787,8,1,1
88.31922751292586,1,0,1
88.32400196790695,6,0,1
88.32719691796228,8,0,1
88.35338042792864,4,0,1
88.36964714783244,2,0,1
88.41655919491313,7,0,1
88.49964981386438,10,0,1
88.91772816493176,7,4,1
89.00095178792253,10,4,1
89.07660867692903,11,4,1
89.22191358590499,5,4,1
89.2392871468328,3,4,1
89.23971302900463,5,8,1
89.24167986493558,12,4,1
89.25767795694992,3,8,1
89.26058314880356,12,8,1
89.26105772284791,9,4,1
89.2734722038731,9,8,1
89.29848513100296,8,4,1
89.30822455580346,6,4,1
89.314706238918,8,5,1
89.31616932083853,1,4,1
89.33214125293307,1,8,1
89.33263176586479,6,8,1
89.34946452197619,1,5,1
89.35170777491294,6,5,1
89.35205974499695,0,4,1
89.35239841486327,4,8,1
89.36694848700427,0,8,1
89.36727857589722,4,5,1
89.36762115592137,2,4,1
89.38348605390638,4,10,2
89.38393283681944,2,8,1
89.3843600989785,0,5,1
89.4009134969674,4,6,1
89.40155600500293,2,5,1
89.40229848586023,0,10,2
89.41713807592168,7,8,1
89.41761145880446,0,6,1
89.4179250979796,2,10,2
89.43149215192534,7,5,1
89.43181628081948,2,6,1
89.4432345139794,7,10,2
89.45410708081909,7,6,1
89.4917093438562,10,8,1
89.5111848548986,10,5,1
89.53090816293843,10,6,1
89.57791741192341,11,8,1
89.59827478695661,11,5,1
89.61712638987228,11,10,2
89.63477060897276,11,6,1
89.72361120092683,5,10,2
89.74815283482894,5,6,1
89.74890175601467,3,5,1
89.74963115691207,12,5,1
89.76206234795973,9,5,1
89.77371139801107,5,2,1
89.77448520995677,3,10,2
89.77517213881947,12,10,2
89.7828175148461,9,10,2
89.79586234386079,3,6,1
89.79691295395605,12,6,1
89.8219987929333,6,10,2
89.82300616102293,9,6,1
89.82375560281798,8,10,2
89.82448530290276,12,2,1
89.82525200489908,3,2,1
89.82598218601197,1,10,2
89.8348500658758,9,2,1
89.84097519889474,6,2,1
89.87716287281364,8,6,1
89.89850795594975,8,2,1
89.89954315591604,4,2,1
89.90050770295784,2,9,1
89.9015382619109,0,2,1
89.9026721639093,1,6,1
89.92523974180222,1,2,1
89.92668205290101,4,9,1
89.92746723489836,2,11,2
89.92815516400151,7,2,1
89.92887787497602,0,9,1
89.94913241802715,2,3,1
89.94985894788988,0,11,2
89.95057738781907,4,11,2
89.95126790786162,7,9,1
89.98586427583359,4,3,1
89.98729966697283,0,3,1
89.9879977859091,7,11,2
90.00103022484109,7,3,1
90.00279622501694,10,2,1
90.02088009589352,10,9,1
90.04024235298857,10,11,2
90.05623346590437,10,3,1
90.07742651482113,11,2,1
90.09566157101654,11,9,1
90.11601084587164,11,3,1
90.21823748596944,5,9,1
90.23737422702834,3,9,1
90.23811362800188,5,11,2
90.23937281384133,12,9,1
90.25671025388874,3,11,2
90.2575028068386,12,11,2
90.25821061688475,5,3,1
90.25892954692245,9,11,2
90.27309609693475,12,3,1
90.27380554680713,3,12,2
90.2745339279063,9,3,1
90.28846201184206,9,12,2
90.30205988581292,6,9,1
90.30346411583014,8,9,1
90.31037953100167,1,9,1
90.3228590239305,1,11,2
90.32356011401862,8,11,2
90.3248320298735,6,11,2
90.33364964881912,1,3,1
90.34322250983678,8,3,1
90.34537393087521,1,12,2
90.34793172287755,6,3,1
90.35083002480678,4,12,2
90.35796709684655,8,12,2
90.35970596596599,0,12,2
90.37706994684413,6,12,2
90.37788633001037,2,12,2
90.41446053492837,7,12,2
90.49707774003036,10,12,2
90.51269704196602,10,7,1
90.57690194691531,11,12,2
90.59707160689868,11,7,1
90.72274979087524,5,12,2
90.74437184189446,3,7,1
90.74517363496125,5,7,1
90.74873567582108,12,7,1
90.75659577781335,9,7,1
90.80046903900802,8,7,1
90.80123559990898,6,7,1
90.81558647588827,1,7,1
90.85670922882855,4,7,1
90.86057745781727,0,7,1
90.87148301699199,2,7,1
97.8574458588846,4,1,1
97.86142900190316,0,1,1
97.87221934692934,2,1,1
97.91454891394824,7,1,1
97.9984256348107,10,1,1
98.07699216599576,11,1,1
98.09499778598547,11,0,1
98.22454391792417,5,1,1
98.24703979492188,3,1,1
98.24778443598188,5,0,1
98.24906504200771,12,1,1
98.256365877809,9,1,1
98.26956658088602,12,0,1
98.27030502189882,3,0,1
98.27099217195064,9,0,1
98.30498001188971,8,1,1
98.30627275886945,6,1,1
98.31701035285369,1,0,1
98.32560876593925,6,0,1
98.32634916692041,8,0,1
98.35339508089237,4,0,1
98.37023246684112,2,0,1
98.41808671085164,7,0,1
98.49808426201344,10,0,1
98.91837715590373,7,4,1
98.99940427695401,10,4,1
99.07748162397183,11,4,1
99.22247355384752,5,4,1
99.24659537593834,3,4,1
99.24734642682597,5,8,1
99.24867016403005,12,4,1
99.25623000785708,9,4,1
99.27177366800606,9,8,1
99.27303784294054,3,8,1
99.27390628797002,12,8,1
99.3054236988537,6,4,1
99.31009539100341,8,4,1
99.31949033681303,1,4,1
99.32643526280299,6,8,1
99.33286012499593,8,5,1
99.33943080087192,1,8,1
99.34475925099105,6,5,1
99.36090609780513,1,5,1
99.36166056897491,4,8,1
99.36293332488276,0,4,1
99.3791583138518,2,4,1
99.38938011298887,4,5,1
99.39188762381673,0,8,1
99.40336321783252,2,8,1
99.41090106102638,4,6,1
99.41414702287875,0,5,1
99.42014675284736,7,8,1
99.4209015138913,2,5,1
99.4347889968194,0,6,1
99.43551905686036,4,10,2
99.43808063981123,2,6,1
99.43878594995476,7,5,1
99.44739540293813,0,10,2
99.44884639396332,2,10,2
99.45438799099065,7,6,1
99.46642718091607,7,10,2
99.50055649597198,10,8,1
99.52022619196214,10,5,1
99.53947435691953,10,6,1
99.57750793197192,11,8,1
99.59765461180359,11,5,1
99.61676669190638,11,6,1
99.63214508700185,11,10,2
99.72307067690417,5,6,1
99.7479861418251,3,5,1
99.7487313428428,5,10,2
99.74947118386626,12,5,1
99.75638820999302,9,5,1
99.77480829996057,9,6,1
99.77557498193346,3,6,1
99.77626087190583,5,2,1
99.77698191185482,12,6,1
99.79145120084286,9,10,2
99.80480916891247,12,10,2
99.80963383498602,6,10,2
99.81035019480623,3,10,2
99.81996756698936,9,2,1
99.82074881880544,8,6,1
99.82211114792153,12,2,1
99.82308892603032,3,2,1
99.82640670984983,1,6,1
99.82818097993731,6,2,1
99.8920826758258,1,10,2
99.89345693495125,8,10,2
99.89416098501533,2,11,2
99.89657095284201,0,2,1
99.89775325683877,4,2,1
99.9184618818108,8,2,1
99.91925765480846,2,3,1
99.9199447738938,1,2,1
99.92236058181152,4,11,2
99.92311068391427,0,11,2
99.92380011291243,7,2,1
99.93372007389553,2,9,1
99.94554942799732,0,3,1
99.94627295783721,4,3,1
99.94754667393863,7,11,2
99.98389140190557,4,9,1
99.98460376192816,0,9,1
99.99339061090723,7,3,1
100.000947563909,10,2,1
100.01367648388259,7,9,1
100.02353873290122,10,11,2
100.0427631768398,10,3,1
100.05673219100572,10,9,1
100.07863396080211,11,2,1
100.10137217398733,11,3,1
100.11929604993202,11,9,1
100.21611305791885,5,11,2
100.23466247180477,5,3,1
100.24173589190468,3,11,2
100.2448104689829,12,11,2
100.25821690796874,5,9,1
100.26079160091467,3,9,1
100.26214470993727,12,3,1
100.26284140883945,9,11,2
100.27942568785511,3,12,2
100.28017181903124,12,9,1
100.28092609997839,9,3,1
100.30145630100742,9,12,2
100.3037216749508,8,11,2
100.30449879681692,6,11,2
100.31694963900372,1,11,2
100.3215445689857,8,3,1
100.32488059299067,6,3,1
100.33519565500319,1,3,1
100.33652526303194,8,9,1
100.3415572149679,6,9,1
100.35721651697531,8,12,2
100.35894944588654,1,9,1
100.35965629690327,4,12,2
100.36040322785266,0,12,2
100.3611246778164,6,12,2
100.36766595300287,2,12,2
100.38390409201384,1,12,2
100.41443429491483,7,12,2
100.50091326981783,10,12,2
100.52115405187942,10,7,1
100.57721275789663,11,12,2
100.59899352281354,11,7,1
100.72303714090958,5,12,2
100.74692702596076,5,7,1
100.7482405428309,3,7,1
100.74955816101283,12,7,1
100.75796417798847,9,7,1
100.79842913197353,6,7,1
100.80111348791979,8,7,1
100.81498560984619,1,7,1
100.8564556830097,4,7,1
100.86010461580008,0,7,1
100.87134166387841,2,7,1
107.8561314388644,4,1,1
107.86002124892548,0,1,1
107.8710629909765,2,1,1
107.91806236980483,7,1,1
107.9996912679635,10,1,1
108.07696499302983,11,1,1
108.09756000596099,11,0,1
108.22263690200634,5,1,1
108.2445302309934,3,1,1
108.2452620009426,5,0,1
108.24824034585617,12,1,1
108.26527871680446,3,0,1
108.2659848369658,9,1,1
108.26670088688843,12,0,1
108.28423968399875,9,0,1
108.30451635690406,6,1,1
108.30586781492457,8,1,1
108.32260943786241,1,0,1
108.32542936783284,8,0,1
108.32613460789435,6,0,1
108.35318852285855,4,0,1
108.36946797301061,2,0,1
108.41643827082589,7,0,1
108.49832449597307,10,0,1
108.91842921380885,7,4,1
109.00224510394037,10,4,1
109.07297421386465,11,4,1
109.2230405958835,5,4,1
109.24664139398374,5,8,1
109.24796393094584,3,4,1
109.24930542893708,12,4,1
109.26810184097849,9,4,1
109.27082552784123,3,8,1
109.27213089494035,12,8,1
109.28965252987109,9,8,1
109.30780925299041,6,4,1
109.308572224807,8,4,1
109.32209097687155,1,4,1
109.33260507392697,8,5,1
109.33336683595553,6,8,1
109.34267558902502,1,8,1
109.3544327809941,6,5,1
109.35772668500431,4,8,1
109.36344400583766,0,4,1
109.36743069882505,1,5,1
109.3808501388412,2,4,1
109.38277783291414,4,5,1
109.38886481500231,0,8,1
109.40533007099293,4,6,1
109.40634854882956,0,5,1
109.4073365968652,2,8,1
109.42114644800313,7,8,1
109.4251261500176,4,10,2
109.42620613100007,0,6,1
109.42718170792796,2,5,1
109.44229266582988,0,10,2
109.44330029399134,2,6,1
109.44428947195411,7,5,1
109.45417849184014,2,10,2
109.46053264080547,7,6,1
109.48417819989845,7,10,2
109.50085062091239,10,8,1
109.52099115098827,10,5,1
109.54112972994335,10,6,1
109.57770512392744,11,8,1
109.59824143489823,11,5,1
109.61739766597748,11,6,1
109.63275593100116,11,10,2
109.72366446093656,5,6,1
109.74776949291117,5,10,2
109.74916883185506,3,5,1
109.7498915118631,12,5,1
109.76309513580054,9,5,1
109.76827932195738,5,2,1
109.77154650492594,3,6,1
109.77457291982137,12,6,1
109.78457655292004,9,6,1
109.78973636892624,3,10,2
109.80917497887276,12,10,2
109.81243890081532,6,10,2
109.8181628829334,9,10,2
109.81917457096279,3,2,1
109.8221966070123,8,6,1
109.82500862586312,12,2,1
109.82574784685858,1,6,1
109.82895416789688,6,2,1
109.8306191349402,9,2,1
109.88731639785692,1,10,2
109.89357588486746,8,10,2
109.89435878698714,0,2,1
109.89511026791297,4,2,1
109.89579967781901,2,11,2
109.90571596799418,1,2,1
109.92279438092373,8,2,1
109.92353249201551,4,11,2
109.92430031392723,7,2,1
109.92503168387339,2,3,1
109.92571533401497,0,11,2
109.94640293787234,0,3,1
109.94714927999303,4,3,1
109.94787946995348,2,9,1
109.94857220980339,7,11,2
109.9599463918712,4,9,1
109.97677881689742,0,9,1
109.97892706794664,7,3,1
109.99420452001505,7,9,1
110.00256156595424,10,2,1
110.0197722229641,10,11,2
110.03654480702244,10,3,1
110.05106350802816,10,9,1
110.07722402689978,11,2,1
110.09971779282205,11,3,1
110.11713754595257,11,9,1
110.22001252393238,5,11,2
110.23859550990164,5,3,1
110.2399212969467,3,11,2
110.25499343289994,12,11,2
110.25702654081397,9,11,2
110.25774888088927,5,9,1
110.2590465079993,3,9,1
110.26794838998467,9,3,1
110.28213737090118,3,12,2
110.28289040201344,12,3,1
110.28358681197278,9,12,2
110.30290194787085,12,9,1
110.30420949496329,8,11,2
110.30821681790985,6,11,2
110.32070613093674,1,11,2
110.32140714093111,8,3,1
110.33784827589989,6,3,1
110.33859778684564,8,9,1
110.34185569896363,1,3,1
110.35268686595373,4,12,2
110.35965134180151,8,12,2
110.37747916695662,6,9,1
110.3781758158002,0,12,2
110.37873635184951,1,9,1
110.38205808587372,2,12,2
110.38551051286049,6,12,2
110.39401241391897,1,12,2
110.41415655380115,7,12,2
110.4962603948079,10,12,2
110.5163059819024,10,7,1
110.57729795598425,11,12,2
110.59781463583931,11,7,1
110.72366549400613,5,12,2
110.74738636496477,12,7,1
110.74796592094935,5,7,1
110.7485340568237,3,7,1
110.76191531587392,9,7,1
110.7933580048848,6,7,1
110.80156157701276,8,7,1
110.81557903299108,1,7,1
110.85734358383343,4,7,1
110.86210200795904,0,7,1
110.87239024881274,2,7,1
117.8561116210185,4,1,1
117.8606597899925,0,1,1
117.87096485099755,2,1,1
117.9184222118929,7,1,1
118.0005083240103,10,1,1
118.07704474800266,11,1,1
118.09645900595933,11,0,1
118.22486284584738,5,1,1
118.24677321594208,12,1,1
118.24814357492141,3,1,1
118.24893688689917,5,0,1
118.26546745398082,9,1,1
118.26620509498753,12,0,1
118.26692948583513,3,0,1
118.28385716490448,9,0,1
118.30363666382618,6,1,1
118.30555548798293,8,1,1
118.32097246381454,1,0,1
118.32495624595322,6,0,1
118.32625944283791,8,0,1
118.35327886696905,4,0,1
118.36932195094414,2,0,1
118.41647157398984,7,0,1
118.49804470990784,10,0,1
118.91697518480942,7,4,1
118.99985287780873,10,4,1
119.07736060884781,11,4,1
119.22492344095372,5,4,1
119.24912021495402,12,4,1
119.25014239386655,5,8,1
119.2511152618099,3,4,1
119.2644656188786,9,4,1
119.27240028395317,12,8,1
119.27316844486631,3,8,1
119.28519527590834,9,8,1
119.30595605191775,8,4,1
119.30698116100393,6,4,1
119.32065031700768,1,4,1
119.32912464695983,6,8,1
119.33013270585798,8,5,1
119.34220126690343,1,8,1
119.3473018608056,6,5,1
119.35918045695871,4,8,1
119.36211074981838,1,5,1
119.36378650693223,0,4,1
119.3786264769733,2,4,1
119.38969288999215,0,8,1
119.39040787983686,4,5,1
119.39689900283702,2,8,1
119.41401321697049,2,5,1
119.41475596791133,0,5,1
119.41544622788206,4,6,1
119.41866745892912,7,8,1
119.43511192384176,0,6,1
119.43585399491712,2,6,1
119.43655592482537,4,10,2
119.43900896399282,7,5,1
119.4484565409366,2,10,2
119.450767575996,0,10,2
119.45816516596824,7,6,1
119.47766577685252,7,10,2
119.50387608795427,10,8,1
119.52648660680279,10,5,1
119.54545187298208,10,6,1
119.57342954399064,11,8,1
119.59245726303197,11,5,1
119.61140613793395,11,6,1
119.62730649788864,11,10,2
119.72354590892792,5,6,1
119.74735054187477,12,5,1
119.74868760001846,5,10,2
119.74940088996664,3,5,1
119.76118684280664,12,6,1
119.76514029502869,9,5,1
119.77141604200006,5,2,1
119.7735343920067,12,10,2
119.77681305492297,3,6,1
119.78710392583162,12,2,1
119.78997201682068,9,6,1
119.7974969400093,6,10,2
119.80418083793484,3,10,2
119.8131327519659,8,6,1
119.8191019599326,6,2,1
119.82032637484372,9,10,2
119.82466547796503,3,2,1
119.82594564394094,1,6,1
119.82717636902817,8,10,2
119.83852725988254,8,2,1
119.87787813181058,9,2,1
119.88975746789947,1,10,2
119.89442636002786,0,2,1
119.89552481099963,4,2,1
119.89634785498492,2,3,1
119.9184818698559,1,2,1
119.92291832598858,4,3,1
119.92366322688758,2,11,2
119.92435546591878,0,3,1
119.92512761801481,7,2,1
119.94520742585883,0,11,2
119.945996157825,4,11,2
119.94668176700361,2,9,1
119.94736492680386,7,3,1
119.95914401998743,0,9,1
119.95985549991019,4,9,1
119.98200347600505,7,11,2
119.99875658983365,7,9,1
120.00268063088879,10,2,1
120.02422444988042,10,3,1
120.04339148197323,10,11,2
120.05799127393402,10,9,1
120.07784401602112,11,2,1
120.100810874952,11,3,1
120.11859669792466,11,9,1
120.2163533619605,5,3,1
120.22896843892522,5,11,2
120.24023807700723,3,11,2
120.24920647102408,5,9,1
120.24996020202525,12,3,1
120.25650607701391,3,9,1
120.25932822702453,9,3,1
120.27264038287103,12,11,2
120.27526196697727,3,12,2
120.27596662682481,9,11,2
120.29412558092736,9,12,2
120.29513639886864,12,9,1
120.2983182289172,6,3,1
120.3027601649519,8,3,1
120.31250836001709,6,11,2
120.32279821089469,8,11,2
120.32378762890585,1,3,1
120.32487013982609,6,9,1
120.33657807088457,6,12,2
120.33715479681268,8,9,1
120.34452774585225,1,11,2
120.35075958189555,8,12,2
120.35418799892068,4,12,2
120.37691575102508,1,9,1
120.37771413382143,0,12,2
120.3850784318056,2,12,2
120.39377515786327,1,12,2
120.41387006593868,7,12,2
120.49879884696566,10,12,2
120.51944592082873,10,7,1
120.57721621380188,11,12,2
120.59921275591478,11,7,1
120.72320110187866,5,12,2
120.74740840587765,5,7,1
120.74888438801281,3,7,1
120.74960094783455,12,7,1
120.76404895680025,9,7,1
120.80280790291727,8,7,1
120.80358951492235,6,7,1
120.81562121491879,1,7,1
120.8563312459737,4,7,1
120.86024904600345,0,7,1
120.87187868496403,2,7,1
127.84990420285612,4,1,1
127.85984695400111,0,1,1
127.87253031181172,2,1,1
127.91799797792919,7,1,1
127.99924466386437,10,1,1
128.07451125280932,11,1,1
128.0883928348776,11,0,1
128.22344601294026,5,1,1
128.2450428539887,5,0,1
128.24580290494487,3,1,1
128.24889670289122,12,1,1
128.26954657700844,12,0,1
128.27127733593807,9,1,1
128.2720002559945,3,0,1
128.29027513298206,9,0,1
128.30447997385636,8,1,1
128.30592074501328,6,1,1
128.32167014991865,1,0,1
128.32516416884027,6,0,1
128.32586506893858,8,0,1
128.35359844285995,4,0,1
128.37065058480948,2,0,1
128.4163861379493,7,0,1
128.49811532883905,10,0,1
128.91776000289246,7,4,1
128.9989890200086,10,4,1
129.07757478184067,11,4,1
129.22368605295196,5,4,1
129.2471456360072,5,8,1
129.24852444487624,3,4,1
129.24926869594492,12,4,1
129.26890205102973,9,4,1
129.2715228749439,12,8,1
129.27290587383322,3,8,1
129.28936325898394,9,8,1
129.3066488278564,6,4,1
129.30983908800408,8,4,1
129.3199955248274,1,4,1
129.32771776383743,6,8,1
129.33158266288228,8,5,1
129.3402467679698,1,8,1
129.3456795718521,6,5,1
129.3581662250217,4,8,1
129.36073710699566,1,5,1
129.36201399285346,0,4,1
129.37883747881278,2,4,1
129.38693244801834,4,5,1
129.39664592291228,0,8,1
129.40015630191192,2,8,1
129.40723029198125,4,6,1
129.417766449973,0,5,1
129.42202006001025,2,5,1
129.4244296979159,4,10,2
129.42519462993369,7,8,1
129.4355119408574,0,6,1
129.43812242499553,2,6,1
129.45059551787563,0,10,2
129.45132777793333,2,10,2
129.4526544958353,7,5,1
129.48265523393638,7,6,1
129.49941246793605,7,10,2
129.50162147986703,10,8,1
129.52110966085456,10,5,1
129.5401822209824,10,6,1
129.5775857779663,11,8,1
129.59891308099031,11,5,1
129.6180241808761,11,6,1
129.63346033799462,11,10,2
129.7241162408609,5,6,1
129.73734533484094,3,5,1
129.7459498778917,5,10,2
129.75092882895842,3,6,1
129.7533105458133,12,5,1
129.76764009101316,3,10,2
129.7689371779561,5,2,1
129.77018505288288,9,5,1
129.7792868509423,12,6,1
129.7805418658536,3,2,1
129.79227416799404,9,6,1
129.81145715992898,12,10,2
129.81733563588932,6,10,2
129.81805495684966,8,6,1
129.8211302938871,9,10,2
129.82302073691972,12,2,1
129.82512952690013,1,6,1
129.8298577098176,8,10,2
129.87836327194236,9,2,1
129.88026771484874,6,2,1
129.89463090198115,8,2,1
129.89590244786814,1,10,2
129.89665350900032,4,2,1
129.8973355179187,0,2,1
129.89802055782638,2,9,1
129.92018601391464,7,2,1
129.92092827497981,1,2,1
129.9216262549162,4,9,1
129.92231413489208,2,3,1
129.92299332399853,0,9,1
129.93056702800095,7,9,1
129.94371767900884,4,3,1
129.9444148389157,7,3,1
129.94512433884665,0,3,1
129.9458071088884,2,11,2
129.98602506588213,7,11,2
129.98680085781962,0,11,2
129.98749274690636,4,11,2
130.00240503880195,10,2,1
130.02261536987498,10,9,1
130.042610734934,10,3,1
130.0580765728373,10,11,2
130.07744392985478,11,2,1
130.09611310786568,11,9,1
130.11573151289485,11,3,1
130.22332336497493,5,9,1
130.2454996719025,12,9,1
130.2462021918036,5,3,1
130.24688818096183,3,9,1
130.26584549690597,9,3,1
130.26711411192082,12,3,1
130.26838212786242,5,11,2
130.2691058688797,3,11,2
130.28632743586786,12,11,2
130.28709846781567,3,12,2
130.28778753685765,9,11,2
130.30291160498746,8,9,1
130.3042134710122,9,12,2
130.30497880280018,6,9,1
130.31725654983893,1,9,1
130.3195520248264,8,3,1
130.32589666498825,6,3,1
130.33662973786704,8,11,2
130.3373652389273,1,3,1
130.34386659180745,6,11,2
130.3564775090199,4,12,2
130.38135288190097,8,12,2
130.38423714390956,1,11,2
130.38635917380452,6,12,2
130.38771930290386,0,12,2
130.38893228699453,2,12,2
130.39668961591087,1,12,2
130.41334598697722,7,12,2
130.5014386069961,10,12,2
130.52144243288785,10,7,1
130.5774807468988,11,12,2
130.5994576488156,11,7,1
130.7234200439416,5,12,2
130.7420802109409,3,7,1
130.7446464728564,5,7,1
130.7508694299031,12,7,1
130.7575810989365,9,7,1
130.80241433694027,8,7,1
130.80314118694514,6,7,1
130.81306604784913,1,7,1
130.85624545882456,4,7,1
130.86088139982894,0,7,1
130.8731120559387,2,7,1
137.85638825781643,4,1,1
137.86110606091097,0,1,1
137.87317254184745,2,1,1
137.91799090895802,7,1,1
138.00086331181228,10,1,1
138.07705761585385,11,1,1
138.09587784903124,11,0,1
138.2249804979656,5,1,1
138.2474892148748,5,0,1
138.24824739596806,3,1,1
138.24900071695447,12,1,1
138.26308725588024,9,1,1
138.26905730483122,12,0,1
138.26980633591302,3,0,1
138.28130679088645,9,0,1
138.3070338878315,6,1,1
138.30906149582006,8,1,1
138.3175145748537,1,0,1
138.32664652285166,6,0,1
138.3311405198183,8,0,1
138.35325949499384,4,0,1
138.36949227401055,2,0,1
138.4165829049889,7,0,1
138.5011493959464,10,0,1
138.91784384683706,7,4,1
138.9998222750146,10,4,1
139.07698879600503,11,4,1
139.22479207487777,5,4,1
139.24777744500898,5,8,1
139.24853757582605,3,4,1
139.24925604695454,12,4,1
139.26186562282965,9,4,1
139.27116032596678,3,8,1
139.27189444680698,12,8,1
139.28204154386185,9,8,1
139.30530287092552,8,4,1
139.30859758495353,6,4,1
139.31990126380697,1,4,1
139.3282266089227,6,8,1
139.32953827595338,8,5,1
139.34206488984637,1,8,1
139.34368963586167,6,5,1
139.3549691948574,0,4,1
139.35862380894832,4,8,1
139.36063969600946,1,5,1
139.3659637158271,0,8,1
139.38089968799613,2,4,1
139.3855979219079,4,5,1
139.3898869229015,0,5,1
139.40831254282966,0,6,1
139.40905011398718,4,6,1
139.409735733876,2,8,1
139.42257235688157,7,8,1
139.42636303394102,0,10,2
139.42705923388712,4,10,2
139.42774311290123,2,5,1
139.44205700792372,2,6,1
139.44411588599905,7,5,1
139.45366071583703,2,10,2
139.46278095291927,7,6,1
139.47913131583482,7,10,2
139.50139264483005,10,8,1
139.5234438679181,10,5,1
139.54224625998177,10,6,1
139.57777639385313,11,8,1
139.60064161079936,11,5,1
139.62089400389232,11,6,1
139.63825357402675,11,10,2
139.72321786684915,5,6,1
139.7479206849821,5,10,2
139.74853722192347,3,5,1
139.74911002791487,12,5,1
139.76138527481817,9,5,1
139.77178691886365,5,2,1
139.7728439688217,3,6,1
139.77385345799848,12,6,1
139.78147064289078,9,6,1
139.79332846892066,3,10,2
139.80318833701313,12,10,2
139.81922177085653,6,10,2
139.81979775684886,9,10,2
139.82036326290108,8,6,1
139.82093741884455,3,2,1
139.82150021498092,12,2,1
139.82348909089342,1,6,1
139.8331050828565,9,2,1
139.88222535187379,8,10,2
139.8834935678169,6,2,1
139.88719118200243,1,10,2
139.89112247386947,0,2,1
139.89234159793705,4,2,1
139.89510378590785,2,9,1
139.8977011789102,8,2,1
139.91005764901638,4,9,1
139.9111628998071,0,9,1
139.91173262591474,1,2,1
139.92064641788602,2,3,1
139.92197831580415,4,3,1
139.92299098381773,7,2,1
139.92810526886024,0,3,1
139.93453189102001,4,11,2
139.93510032701306,2,11,2
139.942458354868,7,9,1
139.94364783796482,0,11,2
139.98244142485783,7,3,1
140.00052745686844,7,11,2
140.00157917593606,10,2,1
140.01984258182347,10,9,1
140.0398251079023,10,3,1
140.0556289239321,10,11,2
140.07785433297977,11,2,1
140.0977544649504,11,9,1
140.11728063691407,11,3,1
140.22201317781582,5,9,1
140.24161347188056,3,9,1
140.24458935600705,12,9,1
140.2462808538694,5,3,1
140.26686817593873,3,11,2
140.26736386981793,12,3,1
140.26770114991814,9,3,1
140.26831653690897,5,11,2
140.2863791079726,9,11,2
140.2867368478328,12,11,2
140.28705589682795,3,12,2
140.29988798988052,6,9,1
140.30024841986597,8,9,1
140.30246659298427,9,12,2
140.3108658399433,1,9,1
140.31916122487746,6,3,1
140.31955935596488,8,3,1
140.3242486990057,1,3,1
140.33906564791687,1,11,2
140.34014967782423,6,11,2
140.3412128079217,8,11,2
140.37729822890833,1,12,2
140.37926065386273,8,12,2
140.38008744688705,4,12,2
140.3808583188802,0,12,2
140.3815443390049,6,12,2
140.3911805509124,2,12,2
140.41451760102063,7,12,2
140.50050479196943,10,12,2
140.52102651190944,10,7,1
140.5773704049643,11,12,2
140.59845292102545,11,7,1
140.72356749791652,5,12,2
140.74397538485937,3,7,1
140.74677247391082,12,7,1
140.7483729289379,5,7,1
140.75726186088286,9,7,1
140.79306517285295,6,7,1
140.80024433601648,8,7,1
140.81508199498057,1,7,1
140.85674198297784,4,7,1
140.86011321889237,0,7,1
140.8734289149288,2,7,1
147.85636174399406,4,1,1
147.86003004782833,0,1,1
147.87097640684806,2,1,1
147.91788929281756,7,1,1
148.00056031998247,10,1,1
148.07713160500862,11,1,1
148.0969571659807,11,0,1
148.2234540518839,5,1,1
148.24748489097692,5,0,1
148.2482160020154,3,1,1
148.24892798182555,12,1,1
148.26700296299532,9,1,1
148.26944535202347,12,0,1
148.27035312796943,3,0,1
148.28776449989527,9,0,1
148.30426788586192,8,1,1
148.305023198016,6,1,1
148.3215103240218,1,0,1
148.32506099482998,6,0,1
148.32575577381067,8,0,1
148.35349086788483,4,0,1
148.369263113942,2,0,1
148.41616537002847,7,0,1
148.49931708094664,10,0,1
148.9176516579464,7,4,1
148.99977031885646,10,4,1
149.0769977529999,11,4,1
149.22352313483134,5,4,1
149.24752711388282,5,8,1
149.2482725349255,3,4,1
149.24904576689005,12,4,1
149.2618993499782,9,4,1
149.27185728191398,12,8,1
149.27257193182595,3,8,1
149.28281726199202,9,8,1
149.30491479602642,6,4,1
149.3073910358362,8,4,1
149.32183814491145,1,4,1
149.32777069299482,6,8,1
149.32878847094253,8,5,1
149.34467211994343,1,8,1
149.34870679490268,6,5,1
149.35025127790868,4,8,1
149.36711158487014,4,5,1
149.3678522359114,0,4,1
149.36854826495983,1,5,1
149.3711454689037,2,4,1
149.38771541696042,4,6,1
149.39288497297093,2,8,1
149.39870622800663,0,8,1
149.39998192386702,4,10,2
149.41413893480785,2,5,1
149.41862122085877,0,5,1
149.41986450599506,7,8,1
149.43395682401024,2,6,1
149.4361780968029,0,6,1
149.4369125678204,7,5,1
149.44947717292234,2,10,2
149.45017399289645,0,10,2
149.45213646884076,7,6,1
149.46694052685052,7,10,2
149.50042153382674,10,8,1
149.52027970482595,10,5,1
149.5395466198679,10,6,1
149.57731939782389,11,8,1
149.59918938600458,11,5,1
149.61892768391408,11,6,1
149.63543554092757,11,10,2
149.723410067847,5,6,1
149.74666759488173,3,5,1
149.7473734249361,5,10,2
149.75114013184793,12,5,1
149.7702162109781,5,2,1
149.77102866396308,3,6,1
149.77174999495037,9,5,1
149.7734427419491,12,6,1
149.7933675448876,12,10,2
149.79440741497092,3,10,2
149.7955241468735,9,6,1
149.81686095986515,8,6,1
149.82095496589318,3,2,1
149.821971434867,9,10,2
149.8229285518173,12,2,1
149.8238908490166,6,10,2
149.82496836897917,1,6,1
149.83729109796695,9,2,1
149.87699478003196,1,10,2
149.8810957558453,8,10,2
149.88209266401827,6,2,1
149.89566443790682,1,2,1
149.89851914788596,0,2,1
149.89971146197058,2,3,1
149.90079039288685,4,2,1
149.902681726031,8,2,1
149.91216386388987,2,9,1
149.91322317393497,0,3,1
149.92307845293544,4,3,1
149.9240840608254,7,2,1
149.92516995198093,2,11,2
149.9262012008112,0,9,1
149.93846255796961,0,11,2
149.93967279186472,4,9,1
149.9474472720176,7,3,1
149.98486402980052,4,11,2
149.9897409370169,7,9,1
150.00063395500183,10,2,1
150.01154469395988,7,11,2
150.02126964880154,10,3,1
150.03875270299613,10,9,1
150.05418508895673,10,11,2
150.07799391192384,11,2,1
150.1017467638012,11,3,1
150.12029715790413,11,9,1
150.22043241886422,5,3,1
150.23700408800505,5,9,1
150.2425755248405,3,9,1
150.24482483882457,12,3,1
150.25252647697926,5,11,2
150.2615152108483,12,9,1
150.26278435694985,9,3,1
150.26351130683906,3,11,2
150.28181188483723,9,11,2
150.28256044583395,12,11,2
150.28326462581754,3,12,2
150.30224756198004,9,12,2
150.3043742820155,8,3,1
150.30723439296708,6,3,1
150.31751355389133,1,3,1
150.31850238190964,8,9,1
150.32456494285725,6,9,1
150.33467958890833,8,11,2
150.33538385899737,1,9,1
150.34371697483584,6,11,2
150.35583667689934,1,11,2
150.3568234948907,8,12,2
150.35751202492975,4,12,2
150.3769907259848,6,12,2
150.37770487600937,2,12,2
150.37839133501984,0,12,2
150.38255173293874,1,12,2
150.41397122084163,7,12,2
150.50154114700854,10,12,2
150.52447545481846,10,7,1
150.57693468802609,11,12,2
150.59789432096295,11,7,1
150.7231003998313,5,12,2
150.74772528698668,5,7,1
150.74883431801572,3,7,1
150.75088159600273,12,7,1
150.75790120381862,9,7,1
150.8011511368677,6,7,1
150.8019053780008,8,7,1
150.8153910699766,1,7,1
150.85618662298657,0,7,1
150.85750289983116,4,7,1
150.8669123959262,2,7,1
157.85651699989103,4,1,1
157.86149703082629,0,1,1
157.87135979998857,2,1,1
157.91841773991473,7,1,1
158.00097190402448,10,1,1
158.07700590393506,11,1,1
158.09536676295102,11,0,1
158.22280607488938,5,1,1
158.2449071398005,3,1,1
158.24563849088736,5,0,1
158.2487727398984,12,1,1
158.2644022819586,9,1,1
158.2659888258204,3,0,1
158.26773734600283,12,0,1
158.28292320482433,9,0,1
158.3040626528673,6,1,1
158.3048273138702,8,1,1
158.32149985595606,1,0,1
158.32519385986961,8,0,1
158.32596899196506,6,0,1
158.3525449829176,4,0,1
158.37141580693424,2,0,1
158.4166934969835,7,0,1
158.49880273803137,10,0,1
158.9181004120037,7,4,1
158.99988834396936,10,4,1
159.07682491000742,11,4,1
159.22368270088919,5,4,1
159.2486077658832,5,8,1
159.24941809894517,12,4,1
159.25010392791592,3,4,1
159.26184459985234,9,4,1
159.2726794758346,12,8,1
159.2734055069741,3,8,1
159.28209756291471,9,8,1
159.3050187609624,6,4,1
159.30924864998087,8,4,1
159.3204241259955,1,4,1
159.32982146181166,6,8,1
159.33056358294562,8,5,1
159.346668937942,1,8,1
159.34915983793326,6,5,1
159.36043894686736,4,8,1
159.36185588687658,0,4,1
159.37712376890704,1,5,1
159.3795168970246,2,4,1
159.38876603799872,4,5,1
159.39257573592477,0,8,1
159.3999553148169,2,8,1
159.40933620999567,4,10,2
159.4144678749144,0,5,1
159.42322565289214,2,5,1
159.42422038083896,7,8,1
159.42522560898215,4,6,1
159.43107044394128,0,10,2
159.43922631489113,2,10,2
159.44566630688496,0,6,1
159.44750363891944,7,5,1
159.45208085794002,2,6,1
159.48310851491988,7,10,2
159.5024379619863,7,6,1
159.503031038912,10,8,1
159.5208018210251,10,5,1
159.53876927890815,10,6,1
159.577839324018,11,8,1
159.59899348183535,11,5,1
159.61830128682777,11,10,2
159.63382137590088,11,6,1
159.7233769078739,5,10,2
159.74815607792698,5,6,1
159.74920681794174,3,5,1
159.75017767585814,12,5,1
159.7617433029227,9,5,1
159.77209675498307,5,2,1
159.77321008685976,12,10,2
159.77505690883845,3,10,2
159.78267586487345,9,10,2
159.8055636510253,12,6,1
159.80668462300673,3,6,1
159.8111743798945,9,6,1
159.81243820581585,8,10,2
159.81970314099453,6,10,2
159.82179744099267,12,2,1
159.82228358392604,3,2,1
159.82548884488642,1,10,2
159.82817752100527,9,2,1
159.83185215387493,8,6,1
159.8970324669499,6,2,1
159.8983941958286,0,2,1
159.89914432680234,1,6,1
159.89987184782512,8,2,1
159.9006465699058,4,2,1
159.9013805508148,2,9,1
159.9223531729076,1,2,1
159.92370181088336,4,9,1
159.92440241086297,0,9,1
159.92515957192518,2,3,1
159.92584825190715,7,2,1
159.9461789969355,0,3,1
159.94718466489576,4,3,1
159.9481596229598,2,11,2
159.94922202290036,7,9,1
159.97952919988893,4,11,2
159.98025367991067,0,11,2
159.9899276739452,7,3,1
160.0013781269081,10,2,1
160.01210816088133,7,11,2
160.02127996995114,10,9,1
160.04076336091384,10,3,1
160.05629065982066,10,11,2
160.07752275001258,11,2,1
160.09580735699274,11,9,1
160.11580409202725,11,3,1
160.22161983395927,5,9,1
160.24179029394872,12,9,1
160.24305398995057,3,9,1
160.24378450983204,5,3,1
160.26750796101987,12,3,1
160.2683016229421,3,11,2
160.2690411140211,5,11,2
160.26972996396944,9,3,1
160.2903392368462,12,11,2
160.2912105708383,3,12,2
160.29301718180068,9,11,2
160.30111214099452,8,9,1
160.3039088200312,6,9,1
160.31099323998205,9,12,2
160.31926217395812,8,3,1
160.32268590084277,1,9,1
160.32588041084819,6,3,1
160.3351658838801,8,11,2
160.35016459785402,1,3,1
160.35132083995268,6,11,2
160.3542514028959,8,12,2
160.35504388599657,4,12,2
160.37771964701824,0,12,2
160.38426325190812,6,12,2
160.3924220718909,2,12,2
160.39380451082252,1,11,2
160.414875036804,1,12,2
160.4156393390149,7,12,2
160.50413195090368,10,12,2
160.52671980881132,10,7,1
160.5775588459801,11,12,2
160.59862829186022,11,7,1
160.7228758649435,5,12,2
160.74401966296136,3,7,1
160.74542443198152,12,7,1
160.74612843198702,5,7,1
160.76173207280226,9,7,1
160.80207227380015,8,7,1
160.80279430397786,6,7,1
160.81094412482344,1,7,1
160.85658377502114,4,7,1
160.85999690089375,0,7,1
160.87089217896573,2,7,1
167.85617590788752,4,1,1
167.85990460286848,0,1,1
167.8710567979142,2,1,1
167.91813727887347,7,1,1
168.00175166293047,10,1,1
168.07716919481754,11,1,1
168.09694844391197,11,0,1
168.225006734021,5,1,1
168.2466617668979,5,0,1
168.24795825290494,3,1,1
168.2495622090064,12,1,1
168.2627647118643,9,1,1
168.26793881785125,3,0,1
168.2716886238195,12,0,1
168.28170828800648,9,0,1
168.30470167682506,6,1,1
168.3054477989208,8,1,1
168.31726759299636,1,0,1
168.32587998593226,6,0,1
168.3265966270119,8,0,1
168.35339204384945,4,0,1
168.37009272584692,2,0,1
168.41622982081026,7,0,1
168.50209472794086,10,0,1
168.91746167093515,7,4,1
169.00067194295116,10,4,1
169.07707945280708,11,4,1
169.22302926890552,5,4,1
169.24669297784567,5,8,1
169.2480614669621,3,4,1
169.24936478282325,12,4,1
169.26203249185346,9,4,1
169.27014181087725,3,8,1
169.27236365387216,12,8,1
169.28262293385342,9,8,1
169.30250886594877,6,4,1
169.3109388339799,8,4,1
169.32271558698267,1,4,1
169.32473783381283,8,5,1
169.32673170091584,6,8,1
169.34606165695004,6,5,1
169.34676915686578,1,8,1
169.3573131749872,4,8,1
169.35801614494994,0,4,1
169.36724567599595,2,4,1
169.3679522459861,1,5,1
169.37839180091396,0,8,1
169.38770288485102,2,8,1
169.38841756503098,4,5,1
169.39469500188716,0,5,1
169.41080161789432,0,10,2
169.41150926798582,2,5,1
169.41222248785198,4,10,2
169.420842690859,7,8,1
169.4221126269549,0,6,1
169.4293454918079,2,10,2
169.430044461973,4,6,1
169.4419624088332,2,6,1
169.4437908299733,7,5,1
169.46217682980932,7,10,2
169.47781077190302,7,6,1
169.50392765994184,10,8,1
169.52684899792075,10,5,1
169.5456704099197,10,6,1
169.57771549583413,11,8,1
169.59777276287787,11,5,1
169.61677624098957,11,10,2
169.63441428891383,11,6,1
169.7236861528363,5,10,2
169.7469435299281,5,6,1
169.7483197399415,3,5,1
169.7496106659528,12,5,1
169.768142899964,9,5,1
169.77097304002382,5,2,1
169.77172540081665,3,10,2
169.77304478781298,12,10,2
169.7943779109046,12,6,1
169.79851407790557,9,10,2
169.79930872097611,3,6,1
169.80818611197174,6,10,2
169.81750109489076,8,10,2
169.82306067203172,3,2,1
169.82364050881006,9,6,1
169.824071170995,12,2,1
169.8263969058171,6,2,1
169.82847939501517,1,10,2
169.83511255285703,9,2,1
169.87707916880026,8,6,1
169.88539863494225,4,2,1
169.89859512797557,1,6,1
169.90065256599337,2,3,1
169.90125825302675,4,3,1
169.9017260458786,0,2,1
169.90216764900833,8,2,1
169.91877389792353,4,9,1
169.9228260528762,1,2,1
169.9238628919702,0,3,1
169.9248838708736,2,9,1
169.9259245598223,7,2,1
169.93178964592516,4,11,2
169.9381356749218,0,9,1
169.94602818787098,2,11,2
169.94678463996388,7,3,1
169.95380600891076,0,11,2
169.9628515439108,7,9,1
169.98984987684526,7,11,2
170.00172592280433,10,2,1
170.0233524448704,10,3,1
170.0413012318313,10,9,1
170.05781582882628,10,11,2
170.07843161188066,11,2,1
170.1014081509784,11,3,1
170.11790516786277,11,9,1
170.224891301943,5,3,1
170.23483455297537,3,9,1
170.24562062788755,5,9,1
170.24724202393554,3,11,2
170.24866992491297,12,3,1
170.2590465079993,3,12,2
170.2641651229933,9,3,1
170.2672718798276,5,11,2
170.26796913985163,12,9,1
170.28262128401548,9,11,2
170.2838836000301,12,11,2
170.2941973709967,6,3,1
170.306401606882,9,12,2
170.3072249398101,6,9,1
170.30806762399152,8,3,1
170.31290014996193,1,3,1
170.32005078182556,6,11,2
170.32725589582697,1,9,1
170.32899257494137,8,9,1
170.33320114389062,6,12,2
170.3401755609084,1,11,2
170.35124568385072,8,11,2
170.35526348790154,1,12,2
170.35608624084853,0,12,2
170.357560752891,4,12,2
170.38506517000496,8,12,2
170.38637102697976,2,12,2
170.41381901293062,7,12,2
170.50038279988803,10,12,2
170.52135532302782,10,7,1
170.5775534119457,11,12,2
170.5984228819143,11,7,1
170.72348531801254,5,12,2
170.74775582388975,5,7,1
170.74859813787043,3,7,1
170.74950675293803,12,7,1
170.75968734081835,9,7,1
170.80286226188764,8,7,1
170.80369764496572,6,7,1
170.81635746289976,1,7,1
170.8562117498368,4,7,1
170.86006335890852,0,7,1
170.8743248018436,2,7,1
177.85637589590624,4,1,1
177.86104203690775,0,1,1
177.87119387486018,2,1,1
177.91806894983165,7,1,1
178.0012381908018,10,1,1
178.07714771688916,11,1,1
178.09525624895468,11,0,1
178.21886499295942,5,1,1
178.23032155702822,5,0,1
178.24543044390157,3,1,1
178.2504204949364,12,1,1
178.26825022883713,3,0,1
178.26924965693615,9,1,1
178.2697760318406,12,0,1
178.29151057684794,9,0,1
178.29798471997492,8,1,1
178.30249013681896,6,1,1
178.32132423995063,6,0,1
178.32206704095006,8,0,1
178.3227770109661,1,0,1
178.35395447188057,4,0,1
178.3704736388754,2,0,1
178.41645395895466,7,0,1
178.49889424000867,10,0,1
178.9170147399418,7,4,1
179.00073085702024,10,4,1
179.07695996202528,11,4,1
179.2234159419313,5,4,1
179.24730518693104,5,8,1
179.24835717701353,3,4,1
179.24940015585162,12,4,1
179.26208163495176,9,4,1
179.27081052190624,3,8,1
179.2731192568317,12,8,1
179.28275652998127,9,8,1
179.30554133281112,6,4,1
179.30953538697213,8,4,1
179.31966614280827,1,4,1
179.32898672600277,6,8,1
179.33080556802452,8,5,1
179.3397919018753,1,8,1
179.34705883683637,6,5,1
179.36158617795445,1,5,1
179.36234142980538,4,8,1
179.36307064001448,0,4,1
179.37371404096484,2,4,1
179.38713805982843,0,8,1
179.38784057996236,4,5,1
179.39505082392134,2,8,1
179.40603077388369,4,6,1
179.40675276494585,0,5,1
179.41589745297097,2,5,1
179.41923006786965,7,8,1
179.42171463789418,4,10,2
179.42540193186142,0,6,1
179.43162041786127,2,6,1
179.44085922883824,0,10,2
179.4429913489148,2,10,2
179.44370010890998,7,5,1
179.46091338596307,7,6,1
179.47669550194405,7,10,2
179.5036749849096,10,8,1
179.52677201782353,10,5,1
179.54521436896175,10,6,1
179.568737343885,11,8,1
179.57971598487347,11,5,1
179.5920788338408,11,6,1
179.60470708087087,11,10,2
179.71548328292556,5,6,1
179.72696805698797,5,10,2
179.74054202088155,3,5,1
179.74091675085947,5,2,1
179.74126236094162,12,5,1
179.75736121693626,12,6,1
179.75770744588226,3,6,1
179.75803703581914,9,5,1
179.77386646298692,12,10,2
179.77424328401685,3,10,2
179.77456173300743,9,6,1
179.7920408269856,9,10,2
179.7925960419234,12,2,1
179.79677321086638,6,10,2
179.7972289638128,3,2,1
179.81243513384834,6,2,1
179.81488790293224,9,2,1
179.81622721091844,8,6,1
179.81993984500878,1,6,1
179.83675514091738,8,10,2
179.84012506599538,1,10,2
179.86283817794174,1,2,1
179.86387332784943,8,2,1
179.8769307769835,0,2,1
179.8780316680204,4,2,1
179.88221423584037,0,3,1
179.8829410970211,2,3,1
179.89443423203193,0,9,1
179.89806883386336,2,9,1
179.90445841499604,4,3,1
179.9058349938132,0,11,2
179.91457817098126,2,11,2
179.91967951483093,4,9,1
179.92108751484193,7,2,1
179.93432261887938,4,11,2
179.94141617999412,7,3,1
179.9590293278452,7,9,1
179.9748204438947,7,11,2
179.99994009383954,10,2,1
180.0216145568993,10,3,1
180.03987345285714,10,9,1
180.05655741482042,10,11,2
180.07732141180895,11,2,1
180.09800736699253,11,3,1
180.11551263090223,11,9,1
180.22268014098518,5,3,1
180.23878287593834,3,9,1
180.24175014998764,5,9,1
180.24906349694356,12,3,1
180.26359771797433,9,3,1
180.2643499688711,5,11,2
180.26512801088393,3,11,2
180.2658306309022,12,9,1
180.28489454998635,3,12,2
180.28590737795457,9,11,2
180.28688196581788,12,11,2
180.30583384190686,9,12,2
180.3068777108565,8,3,1
180.30785486893728,6,3,1
180.32608380401507,8,9,1
180.3270685118623,6,9,1
180.3280588600319,1,3,1
180.34619838302024,1,9,1
180.34728833381087,6,11,2
180.34836891386658,8,11,2
180.35658439691179,4,12,2
180.35780538083054,0,12,2
180.37718514888547,8,12,2
180.37831984087825,6,12,2
180.37937329080887,1,11,2
180.3803890189156,2,12,2
180.39252375182696,1,12,2
180.42110510985367,7,12,2
180.49983297591098,10,12,2
180.51990226400085,10,7,1
180.5773129069712,11,12,2
180.59781954600476,11,7,1
180.72383603896014,5,12,2
180.74485797295347,3,7,1
180.7458787218202,5,7,1
180.7494357319083,12,7,1
180.76233280682936,9,7,1
180.79883713880554,8,7,1
180.80001344182529,6,7,1
180.81152518792078,1,7,1
180.84736559097655,4,7,1
180.86215263884515,0,7,1
180.87233348586597,2,7,1
187.8561336568091,4,1,1
187.8611449180171,0,1,1
187.87158354301937,2,1,1
187.91768998699263,7,1,1
188.0003370139748,10,1,1
188.07692526793107,11,1,1
188.0951718739234,11,0,1
188.2230495188851,5,1,1
188.24667864688672,5,0,1
188.2474222779274,3,1,1
188.24882171791978,12,1,1
188.26852610497735,9,1,1
188.2693055169657,12,0,1
188.27000056602992,3,0,1
188.289848417975,9,0,1
188.30421604402363,6,1,1
188.30509623885155,8,1,1
188.32177935983054,1,0,1
188.32497217087075,6,0,1
188.32571279094554,8,0,1
188.35301788290963,4,0,1
188.37028469191864,2,0,1
188.41695174085908,7,0,1
188.49780945689417,10,0,1
188.9176533150021,7,4,1
188.99942772695795,10,4,1
189.07682017493062,11,4,1
189.22313728090376,5,4,1
189.24781378894113,5,8,1
189.2485694398638,3,4,1
189.24991510785185,12,4,1
189.26189484680071,9,4,1
189.27348381490447,12,8,1
189.27420410490595,3,8,1
189.28262878302485,9,8,1
189.3045793029014,8,4,1
189.30917505384423,6,4,1
189.31922896788456,1,4,1
189.32639166992158,8,5,1
189.32970714382827,6,8,1
189.3396195138339,1,8,1
189.34694359102286,6,5,1
189.3586881228257,4,8,1
189.36117219296284,1,5,1
189.36246118997224,0,4,1
189.3817259648349,4,5,1
189.38275798386894,2,4,1
189.39067467697896,0,8,1
189.4039190718904,4,6,1
189.40505909384228,2,8,1
189.41126418998465,0,5,1
189.42187863984145,4,10,2
189.4233599519357,7,8,1
189.42420420493,2,5,1
189.42933482001536,0,6,1
189.4411631450057,7,5,1
189.442062279908,2,6,1
189.44295526482165,0,10,2
189.45607848581858,2,10,2
189.4565496898722,7,6,1
189.4681245170068,7,10,2
189.50069367792457,10,8,1
189.52177855395712,10,5,1
189.54165611602366,10,6,1
189.57739742589183,11,8,1
189.59772560093552,11,5,1
189.61674603796564,11,6,1
189.6321698538959,11,10,2
189.7231470469851,5,6,1
189.74727756902575,5,10,2
189.74799250881188,3,5,1
189.74996048491448,12,5,1
189.76515512401238,9,5,1
189.76895854086615,5,2,1
189.7708444648888,3,6,1
189.77267757593654,12,6,1
189.78640902484767,9,6,1
189.78973188903183,3,10,2
189.7931462249253,12,10,2
189.81792522594333,8,6,1
189.82030323287472,6,10,2
189.8214545159135,9,10,2
189.82258120691404,12,2,1
189.8235736649949,3,2,1
189.82463635480963,1,6,1
189.87740405695513,8,10,2
189.87921985797584,6,2,1
189.8802351069171,9,2,1
189.88233259599656,1,10,2
189.89605112397112,2,3,1
189.90025071287528,4,2,1
189.9011191278696,8,2,1
189.9018671088852,0,2,1
189.90259164897725,1,2,1
189.91223485185765,2,11,2
189.92529507097788,4,3,1
189.9281329109799,2,9,1
189.92960541299544,7,2,1
189.93033848400228,0,3,1
189.94183704792522,4,11,2
189.9510180579964,0,11,2
189.95157374395058,7,3,1
189.981299364008,4,9,1
189.9858718640171,7,11,2
189.98659647395834,0,9,1
189.9987401368562,7,9,1
190.00118724582717,10,2,1
190.02146514994092,10,3,1
190.04047456686385,10,11,2
190.0545365049038,10,9,1
190.07763143698685,11,2,1
190.09834436280653,11,3,1
190.11560084088705,11,9,1
190.21647736197338,5,3,1
190.22750698402524,5,11,2
190.23982031201012,5,9,1
190.24323733896017,3,11,2
190.2471468099393,12,3,1
190.26167698996142,3,9,1
190.26365024596453,9,3,1
190.2650271449238,12,11,2
190.28289220994338,12,9,1
190.28364687087014,3,12,2
190.28435515100136,9,11,2
190.30543834692799,9,12,2
190.30598602280952,8,3,1
190.30812369287014,6,3,1
190.3246558799874,1,3,1
190.32558874692768,8,11,2
190.3276567258872,6,11,2
190.33687978587113,8,9,1
190.34976636990905,1,11,2
190.3504943109583,6,9,1
190.35283159697428,8,12,2
190.35353789688088,4,12,2
190.35576641000807,0,12,2
190.36786477197893,6,12,2
190.37725055683404,1,9,1
190.38490302395076,2,12,2
190.39289333997294,1,12,2
190.41393874492496,7,12,2
190.4954850699287,10,12,2
190.50827466184273,10,7,1
190.56940055894665,11,12,2
190.58150787185878,11,7,1
190.72469729883596,5,12,2
190.74226972600445,3,7,1
190.74543029582128,5,7,1
190.75148425693624,12,7,1
190.7577142729424,9,7,1
190.80031234701164,6,7,1
190.80288733984344,8,7,1
190.81590800802223,1,7,1
190.8584861420095,4,7,1
190.86030533281155,0,7,1
190.87171525601298,2,7,1
197.85633454588242,4,1,1
197.85998560884036,0,1,1
197.8711553348694,2,1,1
197.91779804392718,7,1,1
198.00076510896906,10,1,1
198.07683766889386,11,1,1
198.09604191198014,11,0,1
198.22320224693976,5,1,1
198.2470682610292,5,0,1
198.2478102419991,3,1,1
198.24914978980087,12,1,1
198.2646379279904,9,1,1
198.26833298290148,12,0,1
198.2696034689434,3,0,1
198.2833723980002,9,0,1
198.30549994297326,8,1,1
198.30734231485985,6,1,1
198.3242601538077,1,0,1
198.32704562181607,6,0,1
198.32832245784812,8,0,1
198.35323749296367,4,0,1
198.3693921288941,2,0,1
198.41639608796686,7,0,1
198.50089264684357,10,0,1
198.91803859896027,7,4,1
199.00106359599158,10,4,1
199.07687582890503,11,4,1
199.22325553791597,5,4,1
199.2471251420211,3,4,1
199.24787340289913,5,8,1
199.24923558183946,12,4,1
199.26310985395685,9,4,1
199.27129206480458,3,8,1
199.2720068958588,12,8,1
199.28425056184642,9,8,1
199.30295800999738,6,4,1
199.3123097650241,8,4,1
199.32308419886976,1,4,1
199.32409663801081,6,8,1
199.33510003890842,8,5,1
199.3450641108211,6,5,1
199.34606076893397,1,8,1
199.3614565639291,4,8,1
199.36247113300487,0,4,1
199.3643076948356,1,5,1
199.3708948509302,2,4,1
199.38939991383813,0,8,1
199.39316647080705,2,8,1
199.3956335799303,4,5,1
199.40953861386515,0,5,1
199.4157574789133,2,5,1
199.41888201795518,7,8,1
199.42001888994128,4,10,2
199.4291895988863,0,10,2
199.43500347295776,2,10,2
199.4389352549333,4,6,1
199.44001856492832,7,5,1
199.4410375538282,0,6,1
199.44550825981423,2,6,1
199.45644804881886,7,10,2
199.47110539395362,7,6,1
199.50142006087117,10,8,1
199.5213474938646,10,5,1
199.54049583501182,10,6,1
199.5733072028961,11,8,1
199.58968005585484,11,5,1
199.60543046100065,11,10,2
199.62130259000696,11,6,1
199.72375793592073,5,10,2
199.75209840689786,3,5,1
199.75324715999886,5,6,1
199.75426685879938,12,5,1
199.7620099268388,9,5,1
199.77542315702885,5,2,1
199.7764415249694,12,10,2
199.77748073497787,3,10,2
199.78237744281068,9,10,2
199.80668387981132,12,6,1
199.8074154809583,3,6,1
199.81254239589907,9,6,1
199.81728308997117,8,10,2
199.81981280096807,6,10,2
199.8215942119714,3,2,1
199.82235649297945,12,2,1
199.8258015308529,1,10,2
199.8272732628975,9,2,1
199.83771991799586,8,6,1
199.87780264089815,6,2,1
199.8848406400066,1,6,1
199.89280703500845,4,2,1
199.89560836390592,8,2,1
199.8970808358863,0,2,1
199.8977836559061,2,9,1
199.90903930389322,1,2,1
199.91146507300436,4,9,1
199.9146801829338,7,2,1
199.91797078587115,0,9,1
199.91869296692312,2,3,1
199.92701574182138,7,9,1
199.9277750228066,4,3,1
199.94225703296252,0,3,1
199.9435943409335,7,3,1
199.9443270608317,2,11,2
199.94505704194307,4,11,2
199.98141592997126,7,11,2
199.98274804791436,0,11,2
200.00330377882347,10,2,1
200.02184744295664,10,9,1
200.03863983787596,10,3,1
200.0551432138309,10,11,2
200.07751190685667,11,2,1
200.09717400185764,11,9,1
200.1171649978496,11,3,1
200.2231292729266,5,9,1
200.24188935291022,3,9,1
200.24527550884522,12,9,1
200.24659691588022,5,3,1
200.26464326586574,12,3,1
200.26544656883925,9,3,1
200.2661453988403,3,11,2
200.26799399103038,5,11,2
200.28744962089695,3,12,2
200.2882361228112,9,11,2
200.28898477484472,5,12,2
200.28967436403036,12,11,2
200.30374766187742,6,9,1
200.30534735694528,8,9,1
200.30706068500876,9,12,2
200.31619295384735,1,9,1
200.32636643084697,8,3,1
200.32710978202522,6,3,1
200.33488909201697,1,3,1
200.34419239498675,8,11,2
200.35127723496407,6,11,2
200.35866543394513,1,11,2
200.37694764090702,8,12,2
200.3818738698028,0,12,2
200.38605570886284,4,12,2
200.38741014688276,2,12,2
200.39135292801075,6,12,2
200.3935660009738,1,12,2
200.4133900308516,7,12,2
200.5040544839576,10,12,2
200.52671227487735,10,7,1
200.57698384602554,11,12,2
200.59853433491662,11,7,1
200.7191819259897,5,7,1
200.74234731099568,3,7,1
200.74476526887156,12,7,1
200.7579516619444,9,7,1
200.7938287158031,6,7,1
200.80295569403097,8,7,1
200.8110824439209,1,7,1
200.8468392349314,4,7,1
200.86016085091978,0,7,1
200.87184030096978,2,7,1
207.85655546095222,4,1,1
207.8603585290257,0,1,1
207.87148869293742,2,1,1
207.910655119922,7,1,1
207.99370761797763,10,1,1
208.0775672888849,11,1,1
208.0968151728157,11,0,1
208.2158003959339,5,1,1
208.2259515528567,5,0,1
208.24480216600932,3,1,1
208.24856001185253,12,1,1
208.26466160803102,9,1,1
208.26567196589895,3,0,1
208.2675616799388,12,0,1
208.28357036202215,9,0,1
208.3042471059598,6,1,1
208.30531703680754,8,1,1
208.3250635250006,8,0,1
208.3260602329392,6,0,1
208.3270387009252,1,0,1
208.3531787500251,4,0,1
208.3692601940129,2,0,1
208.41709605697542,7,0,1
208.49775112699717,10,0,1
208.91042373189703,7,4,1
208.99894513492472,10,4,1
209.07687389780767,11,4,1
209.22379572084174,5,4,1
209.24820046080276,5,8,1
209.24894655193202,3,4,1
209.24963918095455,12,4,1
209.26325608696789,9,4,1
209.27198812295683,12,8,1
209.27272031386383,3,8,1
209.28439998393878,9,8,1
209.3045531839598,6,4,1
209.30589988199063,8,4,1
209.32341867685318,1,4,1
209.3272058540024,8,5,1
209.3278904138133,6,8,1
209.34527596482076,6,5,1
209.34650473995134,1,8,1
209.35573913087137,4,8,1
209.36187963397242,0,4,1
209.36361612402834,1,5,1
209.38126313197426,2,4,1
209.38558866502717,4,5,1
209.38977467291988,0,8,1
209.40223039500415,2,8,1
209.40421011089347,4,6,1
209.4091996718198,0,5,1
209.4236642809119,2,5,1
209.42443428281695,7,8,1
209.42515370296314,4,10,2
209.42587215290405,0,6,1
209.44136703084223,0,10,2
209.4421093519777,2,6,1
209.44525428093038,7,5,1
209.45413457183167,2,10,2
209.46473431191407,7,6,1
209.48445758898742,7,10,2
209.50079537089914,10,8,1
209.52032613381743,10,5,1
209.53957613790408,10,6,1
209.57752848090604,11,8,1
209.59818198392168,11,5,1
209.61741476785392,11,6,1
209.63291712594219,11,10,2
209.7233557929285,5,6,1
209.75212104595266,3,5,1
209.75304619199596,5,10,2
209.7537407418713,12,5,1
209.76157722296193,9,5,1
209.7695828289725,5,2,1
209.77880372991785,12,6,1
209.78094528079964,3,6,1
209.78224958782084,9,6,1
209.8132210529875,9,10,2
209.81492833187804,12,10,2
209.81552018783987,3,10,2
209.81607629382052,6,10,2
209.81659056898206,8,6,1
209.82074076589197,1,6,1
209.83087412198074,3,2,1
209.8316151329782,9,2,1
209.83330988092348,12,2,1
209.84093562699854,6,2,1
209.87874617497437,8,10,2
209.87949063582346,1,10,2
209.896766444901,4,2,1
209.89751531602815,2,9,1
209.89823747682385,0,2,1
209.89893641602248,8,2,1
209.90128978295252,1,2,1
209.9216405779589,4,9,1
209.92308447882533,2,3,1
209.9237896190025,0,9,1
209.924474067986,7,2,1
209.94423518702388,4,3,1
209.94504706002772,2,11,2
209.9458371119108,0,3,1
209.94654531194828,7,9,1
209.95731009589508,4,11,2
209.9581840208266,0,11,2
209.96368733700365,7,3,1
209.990987297846,7,11,2
209.99915874982253,10,2,1
210.01821815781295,10,9,1
210.03835295699537,10,3,1
210.0548516139388,10,11,2
210.07728991797194,11,2,1
210.09696502401493,11,9,1
210.11709358287044,11,3,1
210.22156686685048,5,9,1
210.23787430790253,3,9,1
210.24560596584342,12,9,1
210.24678877997212,5,3,1
210.2556077989284,3,11,2
210.25988685991615,9,3,1
210.26201712992042,12,3,1
210.2692062628921,5,11,2
210.27117986883968,3,12,2
210.27848175494,12,11,2
210.27925870683976,9,11,2
210.29813141096383,9,12,2
210.30180045380257,8,9,1
210.30292020598426,6,9,1
210.32070710882545,8,3,1
210.3219453038182,1,9,1
210.32501424080692,6,3,1
210.34330830792896,8,11,2
210.34482465102337,6,11,2
210.34555783192627,1,3,1
210.3511524000205,4,12,2
210.35979846399277,0,12,2
210.36331865401007,8,12,2
210.37790766591206,1,11,2
210.3790811689105,6,12,2
210.3795058208052,2,12,2
210.39353515789844,1,12,2
210.41411444894038,7,12,2
210.5002480139956,10,12,2
210.5213267300278,10,7,1
210.5767579569947,11,12,2
210.59863356500864,11,7,1
210.72282018582337,5,12,2
210.7471162630245,3,7,1
210.74781213281676,5,7,1
210.74908804893494,12,7,1
210.76185470982455,9,7,1
210.79902679100633,6,7,1
210.80167237482965,8,7,1
210.81563499988988,1,7,1
210.85678415303119,0,7,1
210.85760699701495,4,7,1
210.87168923486024,2,7,1
217.85598007892258,4,1,1
217.85981424781494,0,1,1
217.87088904087432,2,1,1
217.91848235600628,7,1,1
218.00069547002204,10,1,1
218.07695368584245,11,1,1
218.0966940438375,11,0,1
218.2248903280124,5,1,1
218.25093397381715,5,0,1
218.25167816481553,12,1,1
218.25237308396026,3,1,1
218.2616384269204,9,1,1
218.27233305899426,3,0,1
218.27309635095298,12,0,1
218.27986582182348,9,0,1
218.30402882490307,6,1,1
218.30511826602742,8,1,1
218.32273226301186,1,0,1
218.325425428804,8,0,1
218.32655036100186,6,0,1
218.3526527688373,4,0,1
218.36909748381004,2,0,1
218.41644417284988,7,0,1
218.49888737290166,10,0,1
218.9179934898857,7,4,1
218.99948215391487,10,4,1
219.07659401395358,11,4,1
219.22274892497808,5,4,1
219.24685921682976,3,4,1
219.24766293982975,5,8,1
219.2490160278976,12,4,1
219.26625327486545,9,4,1
219.27033835090697,12,8,1
219.27107491181232,3,8,1
219.28718090686016,9,8,1
219.30255878088064,6,4,1
219.30919676902704,8,4,1
219.32195271900855,1,4,1
219.32319623488002,6,8,1
219.33240443491377,8,5,1
219.34408906497993,6,5,1
219.3455059248954,1,8,1
219.35720149590634,4,8,1
219.36264277994633,0,4,1
219.36655013985,1,5,1
219.37045864085667,2,4,1
219.37729026400484,4,5,1
219.39364292589016,2,8,1
219.39416747097857,0,8,1
219.39586202893406,4,10,2
219.41778039792553,4,6,1
219.41903559397906,2,5,1
219.4197149029933,0,5,1
219.42039431189187,7,8,1
219.43737600184977,0,10,2
219.4380649519153,2,10,2
219.43929119687527,7,5,1
219.4536593828816,2,6,1
219.45435967179947,0,6,1
219.4571363008581,7,10,2
219.4718106559012,7,6,1
219.50080313486978,10,8,1
219.52167327492498,10,5,1
219.541393982945,10,6,1
219.57807164895348,11,8,1
219.59981860383414,11,5,1
219.61955617181957,11,10,2
219.6358221420087,11,6,1
219.72315855091438,5,10,2
219.7473959759809,5,6,1
219.74812058592215,3,5,1
219.74945154390298,12,5,1
219.76768069993705,9,5,1
219.77159482985735,12,10,2
219.77266771090217,5,2,1
219.7736379879061,3,10,2
219.7925381718669,9,10,2
219.7933815359138,3,6,1
219.79413756681606,12,6,1
219.8183450519573,6,10,2
219.8191517838277,8,10,2
219.8206895578187,3,2,1
219.8215541120153,12,2,1
219.822342984844,9,6,1
219.82376890489832,1,10,2
219.83216685196385,9,2,1
219.8797131369356,6,2,1
219.8807742469944,1,6,1
219.88259008782916,8,6,1
219.89227783097886,2,9,1
219.897990782978,0,2,1
219.8987375239376,4,2,1
219.9056155688595,1,2,1
219.90637421002612,8,2,1
219.91811396181583,2,3,1
219.92010937794112,4,9,1
219.92155393888243,0,9,1
219.92283199494705,7,2,1
219.93936077295803,2,11,2
219.94069751095958,4,3,1
219.94200225686654,0,3,1
219.94273244799115,7,9,1
219.9840524259489,4,11,2
219.98757134494372,0,11,2
219.9909820118919,7,3,1
220.00365341990255,10,2,1
220.00548933190294,7,11,2
220.02069400181063,10,9,1
220.03936759987846,10,3,1
220.05521123786457,10,11,2
220.0780492629856,11,2,1
220.09689564583823,11,9,1
220.11712824786082,11,3,1
220.22324281698093,5,9,1
220.2400669530034,3,9,1
220.24507214385085,12,9,1
220.24735247902572,5,3,1
220.25943195982836,3,11,2
220.2612714220304,9,3,1
220.2622776008211,12,3,1
220.2697369819507,5,11,2
220.27997100097127,12,11,2
220.28099755989388,3,12,2
220.28196484781802,9,11,2
220.3025307690259,8,9,1
220.303728681989,6,9,1
220.3047721318435,9,12,2
220.31331142387353,1,9,1
220.32018141681328,8,3,1
220.32363079488277,6,3,1
220.33403348899446,1,3,1
220.33605674700812,8,11,2
220.34270303393714,6,11,2
220.3585664529819,8,12,2
220.3593211940024,1,11,2
220.36028831102885,4,12,2
220.37739388481714,6,12,2
220.37854549800977,0,12,2
220.38581262296066,1,12,2
220.38870868482627,2,12,2
220.41398941888474,7,12,2
220.50083118397743,10,12,2
220.52206135494635,10,7,1
220.5772740750108,11,12,2
220.59940863098018,11,7,1
220.7158590129111,5,12,2
220.72706335992552,5,7,1
220.73786075483076,3,7,1
220.73984973086044,12,7,1
220.75313023594208,9,7,1
220.7994275148958,8,7,1
220.80024912790395,6,7,1
220.81122431880794,1,7,1
220.85665044281632,4,7,1
220.86041224887595,0,7,1
220.87192356400192,2,7,1
227.85604497091845,4,1,1
227.85989569989033,0,1,1
227.87146730697714,2,1,1
227.91797322197817,7,1,1
228.00144253182225,10,1,1
228.07711938093416,11,1,1
228.09570994600654,11,0,1
228.2232380709611,5,1,1
228.2447452188935,3,1,1
228.24545275885612,5,0,1
228.24849897483364,12,1,1
228.26449834695086,9,1,1
228.26787451282144,12,0,1
228.26934886397794,3,0,1
228.28275832394138,9,0,1
228.304461466847,6,1,1
228.30522953881882,8,1,1
228.31984581192955,1,0,1
228.32579480996355,8,0,1
228.32707799598575,6,0,1
228.35355897480622,4,0,1
228.369629238965,2,0,1
228.41637406987138,7,0,1
228.50060503091663,10,0,1
228.91743023390882,7,4,1
229.00086770299822,10,4,1
229.07741874689236,11,4,1
229.22247197688557,5,4,1
229.24681088491343,5,8,1
229.24807296087965,3,4,1
229.24976796889678,12,4,1
229.26193607295863,9,4,1
229.27097813785076,3,8,1
229.27222520392388,12,8,1
229.2823784609791,9,8,1
229.30517347482964,6,4,1
229.3059120660182,8,4,1
229.3187638889067,1,4,1
229.32820948585868,8,5,1
229.32917695399374,6,8,1
229.3402106158901,1,8,1
229.34622551500797,6,5,1
229.35848771198653,4,8,1
229.36105239391327,1,5,1
229.36223148787394,0,4,1
229.37091600289568,2,4,1
229.37927088001743,4,5,1
229.3879691848997,0,8,1
229.3914396329783,2,8,1
229.3979446378071,4,6,1
229.4118090798147,0,5,1
229.4162551749032,4,10,2
229.41707543795928,2,5,1
229.41912704589777,7,8,1
229.42681741388515,0,6,1
229.43777363281697,2,6,1
229.4399194738362,0,10,2
229.44151667901315,7,5,1
229.44860752881505,2,10,2
229.4604388838634,7,6,1
229.4881741879508,7,10,2
229.50178636284545,10,8,1
229.52225120086223,10,5,1
229.54256059601903,10,6,1
229.57683447399177,11,8,1
229.59702699491754,11,5,1
229.61654674680904,11,6,1
229.63208711589687,11,10,2
229.72335082595237,5,6,1
229.74744690698572,3,5,1
229.74821101897396,5,10,2
229.74950622487813,12,5,1
229.76162691786885,9,5,1
229.77201042184606,5,2,1
229.77285069483332,12,6,1
229.7735504549928,3,6,1
229.7821742389351,9,6,1
229.7947800748516,3,10,2
229.79594892798923,12,10,2
229.8212655938696,6,10,2
229.82231546286494,9,10,2
229.82326923985966,8,6,1
229.82423932780512,12,2,1
229.8253258478362,3,2,1
229.8263097659219,1,6,1
229.8336797049269,9,2,1
229.88233251986094,8,10,2
229.8846653958317,1,10,2
229.886959890835,6,2,1
229.89773720502853,2,3,1
229.8985821788665,0,2,1
229.8993812620174,4,2,1
229.9001889550127,8,2,1
229.90786205185577,1,2,1
229.923306097975,0,3,1
229.92412335099652,4,3,1
229.92493598395959,7,2,1
229.92571290582418,2,9,1
229.94575519300997,4,9,1
229.9466041168198,2,11,2
229.94740627985448,0,9,1
229.9481734908186,7,3,1
229.98594705900177,4,11,2
229.98700019880198,0,11,2
229.98786406288855,7,9,1
230.0017956169322,10,2,1
230.00305868289433,7,11,2
230.02336381585337,10,3,1
230.0416660439223,10,9,1
230.05839221691713,10,11,2
230.07715937681496,11,2,1
230.09856655192561,11,3,1
230.11588710197248,11,9,1
230.22433451702818,5,3,1
230.2355868658051,3,9,1
230.24658426688984,5,9,1
230.24728341586888,12,3,1
230.24859298299998,3,11,2
230.26086098980159,9,3,1
230.26448969286866,3,12,2
230.2658160298597,12,9,1
230.26704706484452,5,11,2
230.27681961096823,9,11,2
230.28197526698932,12,11,2
230.29221803694963,9,12,2
230.30411034286954,8,3,1
230.30490095494315,6,3,1
230.3213510098867,8,9,1
230.32209698087536,1,3,1
230.32568880287,6,9,1
230.34002850786783,8,11,2
230.34358847886324,1,9,1
230.3485953498166,6,11,2
230.35121193388477,4,12,2
230.36086930683814,8,12,2
230.36773081100546,6,12,2
230.36878836085089,2,12,2
230.37815767596476,0,12,2
230.37962597701699,1,11,2
230.39675008086488,1,12,2
230.41407174081542,7,12,2
230.50037278002128,10,12,2
230.52098787296563,10,7,1
230.57637398899533,11,12,2
230.59764053998515,11,7,1
230.72300325380638,5,12,2
230.74493311392143,3,7,1
230.74567360500805,5,7,1
230.74877270194702,12,7,1
230.76176886982284,9,7,1
230.79886806802824,6,7,1
230.80127445585094,8,7,1
230.81103846197948,1,7,1
230.856524317991,4,7,1
230.86199826281518,0,7,1
230.87123763398267,2,7,1
237.85610215901397,4,1,1
237.86107066995464,0,1,1
237.87096290895715,2,1,1
237.91810206184164,7,1,1
238.00113029801287,10,1,1
238.0770260738209,11,1,1
238.0963483499363,11,0,1
238.22306450200267,5,1,1
238.24506060383283,5,0,1
238.24707087082788,3,1,1
238.24916279991157,12,1,1
238.26184083800763,9,1,1
238.26668535498902,3,0,1
238.26851357682608,12,0,1
238.28023118781857,9,0,1
238.30437572998926,6,1,1
238.30549809196964,8,1,1
238.3221996438224,1,0,1
238.32523874100298,6,0,1
238.3264264939353,8,0,1
238.3536895448342,4,0,1
238.37014055997133,2,0,1
238.41615843982436,7,0,1
238.50123066501692,10,0,1
238.91714929183945,7,4,1
239.0009336299263,10,4,1
239.0767200118862,11,4,1
239.22261681687087,5,4,1
239.24701841687784,5,8,1
239.24804669595324,3,4,1
239.24907226487994,12,4,1
239.26712392480113,9,4,1
239.27057393291034,12,8,1
239.27131747384556,3,8,1
239.28834299487062,9,8,1
239.30573827587068,6,4,1
239.3066279408522,8,4,1
239.32106883986853,1,4,1
239.3300007819198,6,8,1
239.3310164809227,8,5,1
239.3468365278095,1,8,1
239.35115449992009,6,5,1
239.35681576980278,4,8,1
239.36073077097535,0,4,1
239.37726956792176,1,5,1
239.38426635600626,2,4,1
239.38751294789836,0,8,1
239.38823428796604,4,5,1
239.40996254282072,2,8,1
239.41071839397773,4,10,2
239.41140568396077,0,5,1
239.41985285189003,7,8,1
239.43103439779952,0,10,2
239.43237626599148,4,6,1
239.4331778588239,2,5,1
239.44390270183794,0,6,1
239.44468153384514,7,5,1
239.44608086394146,2,10,2
239.4565018878784,2,6,1
239.46231950283982,7,10,2
239.47615923383273,7,6,1
239.49376075086184,10,8,1
239.50759119191207,10,5,1
239.51984414900653,10,6,1
239.56911748088896,11,8,1
239.58011075202376,11,5,1
239.59159959689714,11,10,2
239.60324865602888,11,6,1
239.7146877560299,5,10,2
239.72789143887348,5,6,1
239.7470312109217,5,2,1
239.7480438388884,3,5,1
239.74991137185134,12,5,1
239.76182438898832,9,5,1
239.76947652501985,3,10,2
239.77050212398171,12,10,2
239.78703097091056,3,6,1
239.78806328983046,9,10,2
239.79049408901483,12,6,1
239.81822613300756,3,2,1
239.81924294191413,9,6,1
239.82020241883583,12,2,1
239.82121441792697,6,10,2
239.82227708795108,8,10,2
239.82347461185418,1,10,2
239.83126380085014,9,2,1
239.84216463984922,6,2,1
239.84546153293923,1,6,1
239.8851673649624,8,6,1
239.89164995891042,0,2,1
239.89269339782186,4,2,1
239.89366502594203,1,2,1
239.89465813385323,2,9,1
239.90137191303074,8,2,1
239.91305152396671,0,9,1
239.91712993895635,2,11,2
239.91815811791457,4,9,1
239.92373821581714,7,2,1
239.9348591498565,0,11,2
239.93938380782492,2,3,1
239.94039722695015,4,11,2
239.9459045319818,7,9,1
239.9516618149355,0,3,1
239.97759206802584,4,3,1
239.98507706983946,7,11,2
239.9917350979522,10,2,1
240.0031292499043,7,3,1
240.00928430398926,10,9,1
240.0295834178105,10,11,2
240.04609770397656,10,3,1
240.07738224882632,11,2,1
240.09687135997228,11,9,1
240.1173206679523,11,3,1
240.2225969429128,5,9,1
240.2421647568699,12,9,1
240.24315194482915,3,9,1
240.24501631688327,5,11,2
240.25754091190174,12,11,2
240.26116457395256,9,11,2
240.26207622000948,3,11,2
240.2687959088944,12,3,1
240.2695799318608,5,3,1
240.27933307690546,9,3,1
240.28009569901042,3,12,2
240.2981973909773,9,12,2
240.30173097085208,8,9,1
240.30316016101278,6,9,1
240.3187878029421,8,11,2
240.32176721701398,1,9,1
240.32515176199377,6,11,2
240.34020571783185,8,3,1
240.34280633181334,6,3,1
240.3435699630063,1,11,2
240.35523798293434,4,12,2
240.3612477129791,8,12,2
240.3625365588814,6,12,2
240.36326875980012,0,12,2
240.36399731086567,1,3,1
240.3852742218878,1,12,2
240.3903281048406,2,12,2
240.4137453569565,7,12,2
240.4998512410093,10,12,2
240.51994954887778,10,7,1
240.57712752488442,11,12,2
240.60093437787145,11,7,1
240.72350056283176,5,12,2
240.74791741301306,5,7,1
240.74869651487097,3,7,1
240.74998488090932,12,7,1
240.76128304097801,9,7,1
240.80236036190763,8,7,1
240.80310056288727,6,7,1
240.81524671590887,1,7,1
240.85689745401032,4,7,1
240.86071708099917,0,7,1
240.87159056891687,2,7,1
247.8565224329941,4,1,1
247.8600023710169,0,1,1
247.8709850218147,2,1,1
247.9180850328412,7,1,1
247.99719371902756,10,1,1
248.0770582568366,11,1,1
248.09700307087041,11,0,1
248.22333475202322,5,1,1
248.25044110789895,12,1,1
248.25122328987345,5,0,1
248.25254549691454,3,1,1
248.26453938591294,9,1,1
248.27332761487924,12,0,1
248.2740732759703,3,0,1
248.28586743888445,9,0,1
248.30142289889045,8,1,1
248.30335800396279,6,1,1
248.31901411595754,8,0,1
248.32092492002994,1,0,1
248.3220832129009,6,0,1
248.3535982738249,4,0,1
248.36928373691626,2,0,1
248.41652658185922,7,0,1
248.50159310689196,10,0,1
248.91786255384795,7,4,1
249.00075448700227,10,4,1
249.07673646486364,11,4,1
249.22295389790088,5,4,1
249.24663206702098,5,8,1
249.2479324939195,3,4,1
249.24924462102354,12,4,1
249.268057432957,9,4,1
249.27150717983022,3,8,1
249.27229709294625,12,8,1
249.29094183980487,9,8,1
249.3012829318177,8,4,1
249.30254243779927,6,4,1
249.32104714098386,8,5,1
249.32299296581186,1,4,1
249.32428197190166,6,8,1
249.34399793995544,6,5,1
249.34531188686378,1,8,1
249.35786004085094,4,8,1
249.36137052089907,0,4,1
249.36394302290864,1,5,1
249.3781230340246,4,5,1
249.37942935083993,2,4,1
249.38635081681423,0,8,1
249.3961185729131,4,6,1
249.4006404299289,2,8,1
249.40806173998863,0,5,1
249.40937950788066,4,10,2
249.42358067887835,2,5,1
249.4243335998617,7,8,1
249.42612654087134,0,6,1
249.4398757489398,0,10,2
249.44058344885707,2,6,1
249.45053151086904,7,5,1
249.451828436926,2,10,2
249.4702428278979,7,6,1
249.48683837684803,7,10,2
249.50082418182865,10,8,1
249.52087452891283,10,5,1
249.53998202900402,10,6,1
249.57922737882473,11,8,1
249.60098058287986,11,5,1
249.6204705138225,11,6,1
249.63830860890448,11,10,2
249.72351300693117,5,6,1
249.74885110300966,3,5,1
249.74955578288063,5,10,2
249.75024795299396,12,5,1
249.76169319590554,9,5,1
249.77144567202777,5,2,1
249.77630927902646,12,6,1
249.7770293399226,3,6,1
249.78413503081538,9,6,1
249.80734829697758,3,10,2
249.81128735793754,12,10,2
249.81264641601592,6,10,2
249.81344016897492,8,6,1
249.81414374895394,9,10,2
249.8224187528249,3,2,1
249.82372328988276,1,6,1
249.83049378101714,12,2,1
249.83257626998238,9,2,1
249.8784728469327,8,10,2
249.87955025793053,6,2,1
249.88254369189963,1,10,2
249.89225008687936,4,2,1
249.89566001296043,8,2,1
249.89690678799525,2,3,1
249.89798368886113,0,2,1
249.9031090438366,1,2,1
249.92135135899298,2,9,1
249.9221960529685,7,2,1
249.92292567389086,0,3,1
249.9236503439024,4,3,1
249.9444445518311,2,11,2
249.94562177499756,0,9,1
249.94660819298588,4,9,1
249.94769685389474,7,3,1
249.9864395488985,0,11,2
249.98751680902205,4,11,2
249.9885375078302,7,9,1
250.00139639200643,10,2,1
250.00323097384535,7,11,2
250.02006693999283,10,3,1
250.03525925893337,10,9,1
250.05122396093793,10,11,2
250.0776686880272,11,2,1
250.09905062196776,11,3,1
250.11654344690032,11,9,1
250.22613591491245,5,3,1
250.23831749893725,3,9,1
250.24619662202895,12,3,1
250.24723813100718,5,9,1
250.2579386839643,3,11,2
250.26084954594262,12,9,1
250.26213201181963,9,3,1
250.26649762596935,5,11,2
250.2776111799758,3,12,2
250.2786565888673,9,11,2
250.27965627680533,12,11,2
250.2969246248249,9,12,2
250.30491890199482,8,3,1
250.3070457719732,6,3,1
250.32367052184418,8,9,1
250.3248401649762,1,3,1
250.32597349700518,6,9,1
250.3425236949697,8,11,2
250.34694346995093,6,11,2
250.34957602387294,4,12,2
250.35055605182424,1,9,1
250.35183022799902,0,12,2
250.36019187397324,8,12,2
250.36244377796538,6,12,2
250.38068815297447,2,12,2
250.3817678738851,1,11,2
250.40030165784992,1,12,2
250.41382875991985,7,12,2
250.50055811181664,10,12,2
250.52178420196287,10,7,1
250.5749641850125,11,12,2
250.5953274909407,11,7,1
250.7234027008526,5,12,2
250.74757657386363,3,7,1
250.74831654480658,5,7,1
250.7490537459962,12,7,1
250.75820787483826,9,7,1
250.8027747948654,6,7,1
250.80351960589178,8,7,1
250.81089110393077,1,7,1
250.85653024399653,4,7,1
250.86028877994977,0,7,1
250.87177103501745,2,7,1
257.8559972560033,4,1,1
257.8598258639686,0,1,1
257.8708782568574,2,1,1
257.9181453830097,7,1,1
258.0005527618341,10,1,1
258.0776065599639,11,1,1
258.09705546987243,11,0,1
258.2250464980025,5,1,1
258.2471032808535,5,0,1
258.2478085309267,3,1,1
258.2490826668218,12,1,1
258.26876840391196,3,0,1
258.26947170402855,9,1,1
258.27015164284967,12,0,1
258.2907492548693,9,0,1
258.30433328892104,6,1,1
258.30564741580747,8,1,1
258.3218994748313,1,0,1
258.3255949500017,8,0,1
258.32629372994415,6,0,1
258.35382821783423,4,0,1
258.3687865808606,2,0,1
258.41610204800963,7,0,1
258.4994380439166,10,0,1
258.9177671188954,7,4,1
259.0000495240092,10,4,1
259.0774073009379,11,4,1
259.22494789096527,5,4,1
259.24775804695673,5,8,1
259.24978496390395,3,4,1
259.25155727402307,12,4,1
259.2682146448642,9,4,1
259.27178266481496,3,8,1
259.27248391485773,12,8,1
259.2911595029291,9,8,1
259.3056234018877,8,4,1
259.30635101301596,6,4,1
259.32343473588116,1,4,1
259.3269814059604,8,5,1
259.3306140478235,6,8,1
259.3474498738069,1,8,1
259.34814849402755,6,5,1
259.3578147268854,4,8,1
259.3598905960098,0,4,1
259.36907917587087,1,5,1
259.3790021960158,2,4,1
259.38067015400156,0,8,1
259.38136524287984,4,5,1
259.4033742148895,0,5,1
259.40409368486144,4,6,1
259.40537966182455,2,8,1
259.4233800410293,0,6,1
259.42410262092017,4,10,2
259.4259767339099,7,8,1
259.4272224889137,2,5,1
259.4341144738719,0,10,2
259.44612049288116,2,6,1
259.4480906489771,7,5,1
259.4577878329437,2,10,2
259.464785290882,7,6,1
259.4796841519419,7,10,2
259.50247740582563,10,8,1
259.5227935509756,10,5,1
259.541666933801,10,6,1
259.57775023393333,11,8,1
259.5988093188498,11,5,1
259.61797935096547,11,6,1
259.6335879629478,11,10,2
259.7235591558274,5,6,1
259.74704853002913,5,10,2
259.74776816996746,3,5,1
259.7490529168863,12,5,1
259.76850998587906,9,5,1
259.7714313790202,5,2,1
259.7721924500074,3,6,1
259.77355170901865,12,6,1
259.7916107890196,9,6,1
259.7929985979572,3,10,2
259.80372505192645,12,10,2
259.81631417688914,8,6,1
259.817478279816,9,10,2
259.8195258779451,6,10,2
259.8209375180304,3,2,1
259.8221021608915,12,2,1
259.8249400819186,1,6,1
259.82989490102045,9,2,1
259.8781148539856,6,2,1
259.8793343589641,8,10,2
259.88036565785296,1,10,2
259.8880386548117,4,2,1
259.89227754483,2,9,1
259.89353005983867,0,2,1
259.9012241680175,1,2,1
259.9023480389733,8,2,1
259.91208690498024,0,9,1
259.9131564449053,4,9,1
259.9179745009169,2,3,1
259.9200971010141,7,2,1
259.9379176448565,4,3,1
259.9389527540188,0,3,1
259.9399616320152,2,11,2
259.9410610429477,7,9,1
259.9493098168168,4,11,2
259.97712795296684,0,11,2
259.98329996690154,7,3,1
260.00142265995964,7,11,2
260.00244383886456,10,2,1
260.0228669459466,10,9,1
260.0423625570256,10,3,1
260.0596406159457,10,11,2
260.07791421189904,11,2,1
260.09603638388216,11,9,1
260.1158950848039,11,3,1
260.22176559781656,5,9,1
260.2413668918889,3,9,1
260.2449468628038,12,9,1
260.2457083950285,5,3,1
260.25470431894064,9,3,1
260.25697022280656,3,11,2
260.2668597230222,9,11,2
260.26972458395176,5,11,2
260.2704179638531,12,3,1
260.2719323558267,3,12,2
260.2772656970192,9,12,2
260.28505185688846,12,11,2
260.30301170493476,6,9,1
260.30376117583364,8,9,1
260.31692359782755,1,9,1
260.32623533089645,6,3,1
260.32693512085825,8,3,1
260.3376758839004,1,3,1
260.3500153128989,6,11,2
260.3507101328578,8,11,2
260.35557245998643,4,12,2
260.3587125088088,0,12,2
260.3594039489981,1,11,2
260.36765091191046,8,12,2
260.36834098096006,6,12,2
260.3854894358665,1,12,2
260.3868941059336,2,12,2
260.4104343308136,7,12,2
260.50249155284837,10,12,2
260.5239856308326,10,7,1
260.57733527896926,11,12,2
260.59822003892623,11,7,1
260.7232917039655,5,12,2
260.7472395519726,5,7,1
260.74801569385454,3,7,1
260.749334160937,12,7,1
260.76184656494297,9,7,1
260.7981467198115,6,7,1
260.8009513099678,8,7,1
260.8155005609151,1,7,1
260.85635012597777,4,7,1
260.86004450987093,0,7,1
260.87153596500866,2,7,1
267.8562076159287,4,1,1
267.86020770901814,0,1,1
267.8713520739693,2,1,1
267.9186008099932,7,1,1
268.00004069088027,10,1,1
268.0771804819815,11,1,1
268.0972507498227,11,0,1
268.2251414139755,5,1,1
268.24705097381957,5,0,1
268.24892316688783,3,1,1
268.2499729159754,12,1,1
268.2650111108087,9,1,1
268.2685550809838,12,0,1
268.2693204130046,3,0,1
268.28331458894536,9,0,1
268.3060193208512,8,1,1
268.30735433800146,6,1,1
268.31699778093025,1,0,1
268.32640700694174,6,0,1
268.3271129669156,8,0,1
268.35328939696774,4,0,1
268.36935313092545,2,0,1
268.41664129681885,7,0,1
268.4987794389017,10,0,1
268.92015926982276,7,4,1
269.00004866789095,10,4,1
269.0769860029686,11,4,1
269.22536951699294,5,4,1
269.23732314491645,3,4,1
269.2501084958203,5,8,1
269.2537374889944,12,4,1
269.25505220587365,3,8,1
269.255788216833,9,4,1
269.2675525988452,9,8,1
269.27786313090473,12,8,1
269.2974584249314,6,4,1
269.29917311295867,8,4,1
269.31707052886486,6,8,1
269.3178410108667,8,5,1
269.3185397298075,1,4,1
269.33139775390737,1,8,1
269.3321095139254,6,5,1
269.34281018702313,1,5,1
269.34936708188616,4,8,1
269.35143245989457,0,4,1
269.3661042950116,4,5,1
269.3668120650109,0,8,1
269.3674979049247,2,4,1
269.3833921139594,2,8,1
269.3843188600149,0,5,1
269.38516134396195,4,10,2
269.40124922897667,2,5,1
269.40201754984446,0,10,2
269.4027619508561,4,6,1
269.41731209284626,2,10,2
269.4183165510185,0,6,1
269.41931080888025,7,8,1
269.42890437995084,2,6,1
269.4341427779291,7,5,1
269.44603140396066,7,10,2
269.45731403282844,7,6,1
269.50176925980486,10,8,1
269.52285308600403,10,5,1
269.54280920000747,10,6,1
269.5774740399793,11,8,1
269.59761118888855,11,5,1
269.6166748679243,11,10,2
269.6320717628114,11,6,1
269.7232998108957,5,10,2
269.7419158979319,3,5,1
269.74505795701407,5,6,1
269.7514210958034,12,5,1
269.76522071589716,5,2,1
269.76683282200247,3,10,2
269.7678841019515,9,5,1
269.77537016384304,12,10,2
269.7866131509654,3,6,1
269.7877866339404,9,10,2
269.8045934299007,12,6,1
269.81965231499635,9,6,1
269.8207025749143,8,10,2
269.82181885582395,3,2,1
269.8228009438608,6,10,2
269.82398807792924,12,2,1
269.8249445448164,1,10,2
269.83422861690633,8,6,1
269.83493688702583,9,2,1
269.8829855849035,6,2,1
269.8837038560305,1,6,1
269.890680402983,8,2,1
269.8914608848281,4,2,1
269.8930127788335,2,9,1
269.8945299719926,0,2,1
269.90221029892564,1,2,1
269.91442070389166,4,9,1
269.9174605999142,7,2,1
269.91815812001005,0,9,1
269.9188583889045,2,11,2
269.9359150219243,4,11,2
269.9366292420309,7,9,1
269.93904123990797,2,3,1
269.93973823986016,0,11,2
269.9541536970064,4,3,1
269.95485902694054,7,11,2
269.9555328458082,0,3,1
269.9821683089249,7,3,1
270.00198636902496,10,2,1
270.0232117488049,10,9,1
270.041944158962,10,11,2
270.0577072040178,10,3,1
270.07755258493125,11,2,1
270.0966589448508,11,9,1
270.11648342595436,11,3,1
270.22193827596493,5,9,1
270.24257436883636,12,9,1
270.2433935329318,3,9,1
270.24382444494404,5,11,2
270.25622885487974,12,11,2
270.26138304080814,3,11,2
270.2637317068875,9,11,2
270.2682282549795,12,3,1
270.2687249488663,5,3,1
270.2800909699872,3,12,2
270.2804271799978,9,3,1
270.3015043749474,9,12,2
270.30185611499473,8,9,1
270.30242038099095,6,9,1
270.32265355298296,8,11,2
270.3239344789181,1,9,1
270.3246506389696,6,11,2
270.3348965689074,8,3,1
270.34891762491316,6,3,1
270.3501603798941,8,12,2
270.35375452181324,1,11,2
270.35446093184873,4,12,2
270.35667682485655,0,12,2
270.3636148709338,6,12,2
270.38100902200677,2,12,2
270.3831779740285,1,3,1
270.3995117258746,1,12,2
270.41420488082804,7,12,2
270.5031710648909,10,12,2
270.52609469392337,10,7,1
270.5768772289157,11,12,2
270.5972050540149,11,7,1
270.7231676238589,5,12,2
270.7476222149562,12,7,1
270.74840466701426,3,7,1
270.74912711791694,5,7,1
270.7610176037997,9,7,1
270.80016071000136,6,7,1
270.8017472748179,8,7,1
270.81087567284703,1,7,1
270.85668995790184,4,7,1
270.86170474998653,0,7,1
270.8723682910204,2,7,1
277.8562969188206,4,1,1
277.86013389681466,0,1,1
277.8731207738165,2,1,1
277.91793785081245,7,1,1
278.0004432629794,10,1,1
278.07705836882815,11,1,1
278.0951864810195,11,0,1
278.2230026239995,5,1,1
278.24465474602766,3,1,1
278.2453885769937,5,0,1
278.2483928119764,12,1,1
278.26583517482504,3,0,1
278.2665499448776,9,1,1
278.26730285584927,12,0,1
278.2856183638796,9,0,1
278.2966533259023,6,1,1
278.30822100280784,8,1,1
278.3102036889177,6,0,1
278.31776689202525,1,0,1
278.3290013798978,8,0,1
278.3551232488826,4,0,1
278.3691970759537,2,0,1
278.41652754391544,7,0,1
278.4977161188144,10,0,1
278.9175978368148,7,4,1
278.9990394189954,10,4,1
279.07697481196374,11,4,1
279.22306136088446,5,4,1
279.24681459297426,5,8,1
279.24783846200444,3,4,1
279.24890126194805,12,4,1
279.2685663779266,9,4,1
279.2712748940103,3,8,1
279.2725719809532,12,8,1
279.28952959994785,9,8,1
279.29641035501845,6,4,1
279.30425959592685,8,4,1
279.31621649395674,6,8,1
279.3219050359912,1,4,1
279.32727508689277,8,5,1
279.33002429502085,6,5,1
279.3424861468375,1,8,1
279.3567572599277,4,8,1
279.3626708469819,0,4,1
279.36336884694174,1,5,1
279.37895306781866,2,4,1
279.3851558128372,4,5,1
279.39693564595655,0,8,1
279.4016148180235,2,8,1
279.405876068864,4,6,1
279.42059430480003,0,5,1
279.4231701968238,7,8,1
279.4243881118018,4,10,2
279.4255180938635,2,5,1
279.4338484290056,0,6,1
279.44354375381954,2,6,1
279.4445740629453,7,5,1
279.4456310230307,0,10,2
279.45423368597403,2,10,2
279.46222225180827,7,6,1
279.4828249840066,7,10,2
279.5044251650106,10,8,1
279.52479142998345,10,5,1
279.54432735196315,10,6,1
279.57780359801836,11,8,1
279.59974146890454,11,5,1
279.6194744759705,11,6,1
279.6360608949326,11,10,2
279.7231200058013,5,6,1
279.7475344359409,3,5,1
279.74825315596536,5,10,2
279.7495506128762,12,5,1
279.7644388140179,9,5,1
279.76729265390895,5,2,1
279.77112181298435,12,6,1
279.77237594802864,3,6,1
279.7912023398094,9,6,1
279.7925203978084,3,10,2
279.7932899489533,12,10,2
279.8212028290145,6,10,2
279.82191892899573,9,10,2
279.8226530889515,8,6,1
279.8233769298531,12,2,1
279.82406087894924,3,2,1
279.82478338992223,1,6,1
279.83601109683514,1,10,2
279.87688846187666,9,2,1
279.8813614388928,8,10,2
279.883238091832,6,2,1
279.8959094299935,1,2,1
279.8978184638545,0,2,1
279.8988739338238,2,9,1
279.900088757975,4,2,1
279.90523886401206,8,2,1
279.9201416450087,2,3,1
279.9217725908384,4,9,1
279.9225226819981,7,2,1
279.9233109939378,0,9,1
279.93130518100224,2,11,2
279.9432803988457,0,3,1
279.944025429897,4,3,1
279.9768417580053,7,9,1
279.98159599187784,4,11,2
279.98966859001666,0,11,2
279.99294987297617,7,3,1
280.00184396398254,10,2,1
280.00857340497896,7,11,2
280.01952073397115,10,9,1
280.0385203808546,10,3,1
280.05406334996223,10,11,2
280.0733772958629,11,2,1
280.0837963609956,11,9,1
280.09598492481746,11,3,1
280.2152007748373,5,9,1
280.2272533858195,5,3,1
280.2345138308592,3,9,1
280.2411327478476,12,9,1
280.2414557368029,5,11,2
280.2461326189805,3,11,2
280.2597098830156,5,12,2
280.260044752853,12,3,1
280.2603857018985,9,3,1
280.2607349718455,3,12,2
280.27443024888635,9,11,2
280.27474833792076,12,11,2
280.2868514198344,9,12,2
280.2952329169493,6,9,1
280.29593979683705,8,9,1
280.31111274589784,8,3,1
280.31145783583634,6,3,1
280.31509874900803,1,9,1
280.3248616848141,6,11,2
280.32519226381555,8,11,2
280.33717987290584,1,3,1
280.3386641750112,6,12,2
280.33922578091733,8,12,2
280.3554659099318,1,11,2
280.3565436999779,4,12,2
280.35972600989044,0,12,2
280.3699733498506,1,12,2
280.37319623096846,2,12,2
280.4140931169968,7,12,2
280.5027414120268,10,12,2
280.5244588458445,10,7,1
280.57718176580966,11,12,2
280.59874802595004,11,7,1
280.7187787988223,5,7,1
280.74493188783526,3,7,1
280.7487571758684,12,7,1
280.7621283638291,9,7,1
280.80021143099293,6,7,1
280.80178392492235,8,7,1
280.8151477528736,1,7,1
280.858314842917,4,7,1
280.8605506559834,0,7,1
280.87110218498856,2,7,1
287.8563881078735,4,1,1
287.86021824600175,0,1,1
287.8727742410265,2,1,1
287.91778120282106,7,1,1
288.00107391690835,10,1,1
288.0773143619299,11,1,1
288.0974676318001,11,0,1
288.22307644202374,5,1,1
288.24705939996056,3,1,1
288.2478752229363,5,0,1
288.24937390582636,12,1,1
288.2643127278425,9,1,1
288.26790661900304,12,0,1
288.26842811401,3,0,1
288.28271015780047,9,0,1
288.2942264829762,6,1,1
288.30065818480216,8,1,1
288.3058578618802,6,0,1
288.3104447820224,1,0,1
288.3154984738212,8,0,1
288.3546734219417,4,0,1
288.36646745493636,2,0,1
288.41605373681523,7,0,1
288.50089997495525,10,0,1
288.9177842589561,7,4,1
289.0004673358053,10,4,1
289.07743943086825,11,4,1
289.2228994430043,5,4,1
289.247003803961,5,8,1
289.24776900489815,3,4,1
289.2491030928213,12,4,1
289.26707145082764,9,4,1
289.2703757348936,12,8,1
289.2711105858907,3,8,1
289.28798959287815,9,8,1
289.3057079629507,8,4,1
289.3065559468232,6,4,1
289.3209249728825,1,4,1
289.32933501084335,6,8,1
289.3303718608804,8,5,1
289.3414226528257,1,8,1
289.34882284188643,6,5,1
289.3594115609303,4,8,1
289.3624470969662,1,5,1
289.3644454840105,0,4,1
289.3709218958393,2,4,1
289.38177287299186,4,5,1
289.38828663690947,0,8,1
289.3922928508837,2,8,1
289.3992194358725,4,6,1
289.40940257394686,0,5,1
289.4150724739302,2,5,1
289.4164803440217,4,10,2
289.41956106200814,7,8,1
289.4280469608493,0,6,1
289.43015091097914,2,6,1
289.44224373297766,0,10,2
289.4426935350057,2,10,2
289.44424064899795,7,5,1
289.461266719969,7,6,1
289.47677670791745,7,10,2
289.5023503419943,10,8,1
289.52389108994976,10,5,1
289.5436538190115,10,6,1
289.5776912709698,11,8,1
289.5994392859284,11,5,1
289.619865732966,11,6,1
289.636430560844,11,10,2
289.72297495696694,5,6,1
289.7471971218474,3,5,1
289.74795485381037,5,10,2
289.7492404298391,12,5,1
289.76135938288644,9,5,1
289.77164089283906,5,2,1
289.77235582401045,12,6,1
289.7730660538655,3,6,1
289.78147805086337,9,6,1
289.793071518885,3,10,2
289.79431814397685,12,10,2
289.8175971219316,9,10,2
289.8188990089111,8,6,1
289.81998263997957,12,2,1
289.82116403291,3,2,1
289.8223252359312,6,10,2
289.8253534408286,1,6,1
289.8305339179933,9,2,1
289.842561557889,8,10,2
289.8780980820302,1,10,2
289.87908490002155,6,2,1
289.88125805184245,4,2,1
289.8830094910227,2,9,1
289.90035906084813,0,2,1
289.90116143389605,2,3,1
289.9018930348102,8,2,1
289.9026438058354,1,2,1
289.9033515958581,4,9,1
289.9155595509801,2,11,2
289.9201225298457,0,9,1
289.92069231602363,7,2,1
289.9233434610069,4,3,1
289.9399329898879,7,9,1
289.94218086381443,0,3,1
289.94297860586084,4,11,2
289.9603585768491,0,11,2
289.9610574869439,7,3,1
289.9812471878249,7,11,2
290.0017333868891,10,2,1
290.0224886930082,10,9,1
290.0416272538714,10,3,1
290.0585399318952,10,11,2
290.0713948258199,11,2,1
290.08246854902245,11,9,1
290.0944849879015,11,3,1
290.2150363458786,5,9,1
290.2263987069018,5,3,1
290.2385864609387,3,9,1
290.23998633096926,5,11,2
290.2405751179904,12,9,1
290.2577153418679,5,12,2
290.25828011799604,12,3,1
290.25859189685434,3,11,2
290.258901234949,9,3,1
290.2746601908002,3,12,2
290.27516487496905,9,11,2
290.27547230385244,12,11,2
290.28663582890294,9,12,2
290.292363621993,6,9,1
290.3036643809173,8,9,1
290.304990257835,6,3,1
290.3185938128736,6,11,2
290.3209799500182,1,9,1
290.3216701399069,8,3,1
290.3291691218037,6,12,2
290.34189085196704,8,11,2
290.34283051802777,1,3,1
290.35370809491724,4,12,2
290.3568772249855,8,12,2
290.36185824591666,1,11,2
290.3634234899655,0,12,2
290.3774415059015,2,12,2
290.3797209209297,1,12,2
290.41414283402264,7,12,2
290.5023847578559,10,12,2
290.52511737984605,10,7,1
290.5771854920313,11,12,2
290.59773755283095,11,7,1
290.7189824199304,5,7,1
290.73953928099945,3,7,1
290.74769209092483,12,7,1
290.7615717339795,9,7,1
290.79978919401765,6,7,1
290.80115767288953,8,7,1
290.8152227499522,1,7,1
290.8566014699172,4,7,1
290.86026272387244,0,7,1
290.8716050738003,2,7,1
297.8592061398085,4,1,1
297.8631733718794,0,1,1
297.8709284309298,2,1,1
297.91777222487144,7,1,1
298.00097461696714,10,1,1
298.0769514939748,11,1,1
298.0949673638679,11,0,1
298.2230579238385,5,1,1
298.2467688038014,5,0,1
298.2475118848961,3,1,1
298.24889213382266,12,1,1
298.2645260069985,9,1,1
298.26802257495,12,0,1
298.2687344448641,3,0,1
298.2830075288657,9,0,1
298.30462926998734,6,1,1
298.3053476298228,8,1,1
298.3214856458362,1,0,1
298.3251952608116,8,0,1
298.32588564092293,6,0,1
298.3534826308023,4,0,1
298.36920885485597,2,0,1
298.4160433788784,7,0,1
298.501687659882,10,0,1
298.91728194686584,7,4,1
299.00059501081705,10,4,1
299.07650493690744,11,4,1
299.22289630491287,5,4,1
299.24655154300854,5,8,1
299.2478878709953,3,4,1
299.2486073609907,12,4,1
299.2674419239629,9,4,1
299.2720711748116,12,8,1
299.27280019503087,3,8,1
299.28850922896527,9,8,1
299.30049133789726,6,4,1
299.3054211169947,8,4,1
299.32238194695674,6,8,1
299.32446518493816,1,4,1
299.3266726278234,8,5,1
299.340812566923,6,5,1
299.3441953128204,1,8,1
299.35986193595454,4,8,1
299.3619749760255,0,4,1
299.36267199600115,1,5,1
299.3794357290026,2,4,1
299.38780602579936,0,8,1
299.3885109759867,4,5,1
299.4080088068731,2,8,1
299.41079348581843,0,5,1
299.4117789538577,4,6,1
299.42584608099423,7,8,1
299.42998456791975,0,6,1
299.4312264928594,4,10,2
299.4324659178965,2,5,1
299.44028415880166,0,10,2
299.4488277910277,2,6,1
299.45065932301804,7,5,1
299.460827679839,2,10,2
299.4679983628448,7,6,1
299.4828731128946,7,10,2
299.50285301799886,10,8,1
299.5234575299546,10,5,1
299.54258673102595,10,6,1
299.57729823188856,11,8,1
299.59765114681795,11,5,1
299.61682493891567,11,6,1
299.63216997287236,11,10,2
299.72314236382954,5,6,1
299.74716885294765,3,5,1
299.7478715728503,5,10,2
299.7493413349148,12,5,1
299.76126608182676,9,5,1
299.7713001850061,5,2,1
299.77205997682177,3,6,1
299.7727838368155,12,6,1
299.78378576785326,9,6,1
299.7944077788852,3,10,2
299.7956193529535,12,10,2
299.8165748650208,6,10,2
299.82009980501607,9,10,2
299.82081446493976,12,2,1
299.82150186388753,1,6,1
299.82218746398576,3,2,1
299.8228687129449,8,6,1
299.83604447497055,9,2,1
299.8367619649507,1,10,2
299.8374495448079,6,2,1
299.8769030298572,8,10,2
299.89321755082346,1,2,1
299.8973092669621,0,2,1
299.89804444788024,4,2,1
299.8987681779545,8,2,1
299.8994515778031,2,3,1
299.92411592486314,2,9,1
299.92499450896867,7,2,1
299.92576317093335,0,3,1
299.9265210828744,4,3,1
299.9465534489136,4,9,1
299.94728622981347,2,11,2
299.94797384901904,0,9,1
299.9487061300315,7,3,1
299.9612938349601,0,11,2
299.97758177598007,4,11,2
299.98250855482183,7,9,1
300.00115655199625,7,11,2
