t_s,reporter,target,reason
11.473239719169214,0,2,1
11.495980163104832,3,0,1
11.510198005009443,3,2,1
11.643399805994704,10,0,1
11.67339620506391,10,2,1
11.69361329707317,11,0,1
11.709416625089943,11,2,1
11.73592698504217,6,0,1
11.751285349950194,6,2,1
11.910463365959004,0,9,1
11.93005505995825,10,11,2
11.933293421985582,0,10,2
11.945700892945752,10,6,1
11.952681761002168,0,11,2
11.959623248083517,10,7,1
11.981545808026567,10,5,1
11.983428731095046,0,6,1
11.998448376078159,10,12,2
11.999210958136246,0,7,1
12.01259457715787,3,9,1
12.014899172121659,10,9,1
12.015656313160434,0,5,1
12.07510182610713,5,0,1
12.093154306989163,10,12,2
12.095765660982579,3,10,2
12.096393139101565,5,2,1
12.096905624028295,0,12,2
12.097437639022246,11,6,1
12.098959932103753,4,0,1
12.18265196098946,2,0,1
12.184340378968045,10,8,1
12.191547813126817,0,9,1
12.193110757041723,3,11,2
12.194258179981261,11,7,1
12.19584617507644,6,11,2
12.196438681101426,10,8,1
12.196968706091866,4,2,1
12.197501671034843,5,11,2
12.28036492713727,0,10,2
12.282532828161493,5,6,1
12.285553304012865,3,6,1
12.286171181127429,11,5,1
12.288269200129434,6,7,1
12.372159454971552,0,12,2
12.373327759094536,5,7,1
12.374234174145386,6,5,1
12.374950845027342,11,12,2
12.375682165147737,2,11,2
12.376366455107927,3,7,1
12.377484746044502,9,0,1
12.384419452166185,1,0,1
12.403784591006115,5,12,2
12.405182490125299,3,5,1
12.405905531020835,0,8,1
12.406707663089037,11,9,1
12.407822384964675,1,2,1
12.40853769495152,6,12,2
12.409321647137403,9,2,1
12.41009250911884,2,6,1
12.473881005076692,5,9,1
12.475348117062822,8,0,1
12.476266293087974,0,8,1
12.47730460204184,3,12,2
12.478215478127822,2,7,1
12.478990599047393,6,9,1
12.480027509154752,11,10,2
12.481869501061738,7,0,1
12.482626563170925,12,0,1
12.504240984097123,3,9,1
12.506220909999683,5,10,2
12.507058774121106,11,12,2
12.507791395066306,8,2,1
12.508473963942379,6,10,2
12.509234525961801,7,2,1
12.510022658156231,2,5,1
12.510746989166364,12,2,1
12.524435656145215,5,12,2
12.574972016038373,3,10,2
12.576203681062907,6,12,2
12.577372464118525,11,8,1
12.578204608056694,2,12,2
12.584389503113925,5,8,1
12.592207293957472,4,11,2
12.598122142022476,3,12,2
12.600148058962077,2,9,1
12.60111214616336,11,8,1
12.601998221129179,6,8,1
12.67246876610443,5,8,1
12.675568154081702,7,11,2
12.67682334012352,12,11,2
12.67953762714751,1,11,2
12.680679419077933,3,8,1
12.681111311074346,4,6,1
12.681537223048508,8,11,2
12.681966125033796,2,10,2
12.682383476989344,6,8,1
12.702912018168718,3,8,1
12.7033624809701,2,12,2
12.704299197066575,12,6,1
12.704752800054848,7,6,1
12.705177532043308,4,7,1
12.705519892042503,1,6,1
12.70583743113093,8,6,1
12.778022764017805,2,8,1
12.779000492068008,7,5,1
12.779646049952134,8,7,1
12.780185085954145,1,7,1
12.78064822894521,12,7,1
12.781181384110823,4,5,1
12.78163934708573,9,11,2
12.80469839903526,2,8,1
12.806932123145089,1,5,1
12.80761143215932,7,12,2
12.80812552710995,8,5,1
12.808538208017126,12,5,1
12.80899898102507,4,12,2
12.809439404169098,9,6,1
12.872593692038208,7,9,1
12.890776856103912,8,12,2
12.891377632971853,12,9,1
12.8918377161026,1,12,2
12.892292299075052,4,9,1
12.892703511053696,7,10,2
12.893115801969543,9,7,1
12.913798118010163,7,12,2
12.914783515967429,8,9,1
12.915254379156977,1,9,1
12.915757172973827,9,5,1
12.916210975963622,12,10,2
12.91663244809024,4,10,2
12.937588821165264,4,12,2
12.972598111955449,9,12,2
12.973234730074182,7,8,1
12.97365726204589,8,10,2
12.974079514155164,12,8,1
12.974520587129518,1,10,2
12.980534347007051,4,8,1
12.994902884121984,7,8,1
12.995908952085301,8,12,2
12.996935221133754,12,8,1
12.997768835164607,1,12,2
12.998618189012632,4,8,1
12.999504814157262,9,10,2
13.011254107113928,9,12,2
13.013068167958409,1,8,1
13.073412965983152,1,8,1
13.07534479117021,9,8,1
13.08737144106999,9,8,1
16.932701112003997,10,0,1
17.011081231059507,3,0,1
17.06086822017096,11,0,1
17.07451710710302,4,0,1
17.112148192012683,7,0,1
17.112882843008265,12,0,1
17.11659714812413,8,0,1
17.117917085066438,1,0,1
17.11860752501525,6,0,1
17.138940030010417,8,2,1
17.143972903024405,1,2,1
17.144749985076487,6,2,1
17.197740884963423,5,0,1
17.22195531008765,9,0,1
17.222681081155315,5,2,1
17.242483691079542,9,2,1
17.30108622997068,2,0,1
17.412811503047124,0,2,1
17.4350323821418,10,2,1
17.512385961133987,3,2,1
17.562889751046896,11,2,1
17.576688901986927,4,2,1
17.609351996099576,12,2,1
17.610385976033285,7,2,1
18.415674861054868,0,1,1
18.43753847014159,10,1,1
18.51750277308747,3,1,1
18.56534710805863,11,1,1
18.579256371129304,4,1,1
18.59118705894798,11,3,1
18.607744537992403,4,3,1
18.61996591417119,7,1,1
18.621380374068394,12,1,1
18.622095884056762,11,4,1
18.6249074540101,8,1,1
18.625685035949573,1,3,1
18.626417776104063,6,1,1
18.679210771108046,8,3,1
18.680210289079696,7,3,1
18.681019782088697,12,3,1
18.681838215095922,1,4,1
18.682581346016377,6,3,1
18.707710347138345,12,4,1
18.709020625101402,8,4,1
18.71002512308769,7,4,1
18.711147035006434,6,4,1
18.714659904129803,5,1,1
18.732581481104717,9,1,1
18.733364443061873,5,3,1
18.785276083042845,9,3,1
18.791376115987077,5,4,1
18.799505196046084,9,4,1
18.803837648127228,2,1,1
18.82378669315949,2,3,1
18.836527853971347,2,4,1
18.906706700101495,0,3,1
18.91942437994294,0,4,1
18.927654793020338,10,3,1
18.940737314056605,10,4,1
19.018641649046913,3,4,1
19.51279659708962,3,11,2
19.53408671915531,3,6,1
19.554221199126914,3,7,1
19.5630705000367,11,6,1
19.576047006994486,4,11,2
19.58353972900659,11,7,1
19.592254576040432,4,6,1
19.62063688901253,12,11,2
19.62138367095031,4,7,1
19.622141961939633,7,11,2
19.622916874010116,1,11,2
19.62370328605175,8,11,2
19.624424097128212,6,11,2
19.674183805007488,12,6,1
19.675054110120982,6,7,1
19.67582021211274,1,6,1
19.677094248123467,7,6,1
19.67782492795959,8,6,1
19.702103665098548,1,7,1
19.702841175952926,12,7,1
19.703594567952678,6,5,1
19.7043171080295,7,5,1
19.70560472505167,5,11,2
19.706293034134433,8,7,1
19.71274744695984,1,5,1
19.72544351615943,12,5,1
19.72923930408433,9,11,2
19.730035095941275,8,5,1
19.732140806037933,5,6,1
19.787015388952568,5,7,1
19.788430469110608,9,6,1
19.798625248018652,2,11,2
19.80873662396334,9,7,1
19.815306910080835,2,6,1
19.826086935121566,9,5,1
19.83146995701827,2,7,1
19.84723792411387,2,5,1
19.9113698489964,0,11,2
19.933879415970296,0,6,1
19.934631067095324,10,11,2
19.955205040052533,0,7,1
19.95653734798543,10,6,1
19.972667334135622,0,5,1
19.975242167012766,10,7,1
19.990962162148207,10,5,1
20.012893483042717,3,5,1
20.062424255069345,11,5,1
20.07456285902299,4,5,1
20.083113971166313,11,10,2
20.10592817608267,4,10,2
20.108025155961514,11,9,1
20.116545516997576,7,10,2
20.117330979090184,12,10,2
20.120198721066117,1,10,2
20.120910881087184,8,10,2
20.12159667001106,6,10,2
20.123982107033953,4,9,1
20.143803879152983,12,9,1
20.14455969003029,8,9,1
20.145269650034606,6,9,1
20.176008240086958,7,9,1
20.176749461097643,1,9,1
20.201233534142375,5,10,2
20.222958929138258,9,10,2
20.22369995014742,5,9,1
20.24444438703358,5,12,2
20.245184258092195,9,12,2
20.303091878071427,2,10,2
20.321808686945587,2,9,1
20.338087168056518,2,12,2
20.411979630123824,0,10,2
20.432261103997007,0,9,1
20.432974664028734,10,9,1
20.453406712040305,0,12,2
20.455225114012137,10,12,2
20.513060381170362,3,10,2
20.533231822075322,3,9,1
20.553181377006695,3,12,2
20.562032646965235,11,12,2
20.578614637022838,4,12,2
20.5822134190239,11,8,1
20.605533539084718,4,8,1
20.613648507976905,7,12,2
20.61570394714363,12,8,1
20.616976032033563,8,12,2
20.618268009042367,1,12,2
20.618956957943738,6,12,2
20.63700821995735,7,8,1
20.64034360414371,6,8,1
20.641042654169723,1,8,1
20.697127361083403,5,8,1
20.722428958164528,9,8,1
20.80369276809506,2,8,1
20.911091218004003,0,8,1
20.93423710297793,10,8,1
21.00856281700544,3,8,1
26.93184533296153,10,0,1
27.01290855696425,3,0,1
27.060713081154972,11,0,1
27.07477043895051,4,0,1
27.112728133099154,7,0,1
27.11535444809124,12,0,1
27.117032615002245,1,0,1
27.11777930613607,6,0,1
27.11850148695521,8,0,1
27.195643960032612,5,0,1
27.2167248071637,5,2,1
27.220468233106658,9,0,1
27.24030373408459,9,2,1
27.300129518145695,2,0,1
27.412788867019117,0,2,1
27.434299705084413,10,2,1
27.51314698695205,3,2,1
27.562511765165254,11,2,1
27.576721247052774,4,2,1
27.610911004943773,7,2,1
27.617241864092648,12,2,1
27.617949313949794,6,2,1
27.61864312295802,8,2,1
27.619334903080016,1,2,1
28.410632611019537,0,1,1
28.433241351041943,10,1,1
28.516054985113442,3,1,1
28.562072647968307,11,1,1
28.575095256092027,4,1,1
28.58261982910335,11,3,1
28.603122030152008,4,3,1
28.60633707116358,11,4,1
28.613696159096435,7,1,1
28.61823006812483,12,1,1
28.618959777988493,6,1,1
28.619692638982087,8,1,1
28.620381768094376,1,3,1
28.639777477132156,7,3,1
28.64610783709213,1,4,1
28.64688166906126,8,3,1
28.671618229011074,6,3,1
28.672353159170598,12,3,1
28.673038918990642,7,4,1
28.68811209499836,6,4,1
28.69311875710264,8,4,1
28.694376613013446,12,4,1
28.698325815144926,5,1,1
28.720102711115032,9,1,1
28.722186400089413,5,3,1
28.737534234067425,9,3,1
28.739582722075284,5,4,1
28.755463092122227,9,4,1
28.801712761167437,2,1,1
28.822143789147958,2,3,1
28.84115715813823,2,4,1
28.91132287401706,0,3,1
28.93426331295632,0,4,1
28.934987204149365,10,3,1
28.954761803150177,10,4,1
29.004665976157412,3,4,1
29.513119358103722,3,11,2
29.533583467127755,3,6,1
29.55414809915237,3,7,1
29.56250725616701,11,6,1
29.57604798907414,4,11,2
29.583230911986902,11,7,1
29.595748987048864,4,6,1
29.61902289604768,12,11,2
29.62035924405791,4,7,1
29.621100794989616,7,11,2
29.6218292650301,8,11,2
29.622524695005268,6,11,2
29.623209284152836,1,11,2
29.64851549011655,12,6,1
29.649225481087342,7,6,1
29.649952991167083,8,6,1
29.650639330036938,1,6,1
29.65132133010775,6,7,1
29.67265649395995,12,7,1
29.68669131095521,7,5,1
29.68750175414607,8,7,1
29.688233674969524,6,5,1
29.68891653395258,1,7,1
29.68963891500607,12,5,1
29.694563314085826,5,11,2
29.707023886963725,1,5,1
29.707840360002592,8,5,1
29.708529588999227,5,6,1
29.71857970394194,9,11,2
29.725610523018986,5,7,1
29.734745830995962,9,6,1
29.75226678699255,9,7,1
29.77183931111358,9,5,1
29.802863909164444,2,11,2
29.823229526169598,2,6,1
29.841059490107,2,7,1
29.856528948061168,2,5,1
29.912088591139764,0,11,2
29.93499665008858,0,6,1
29.93572186003439,10,11,2
29.957241168944165,0,7,1
29.958504315000027,10,6,1
29.976533035049215,0,5,1
29.977255046134815,10,7,1
29.993426433065906,10,5,1
30.01488340110518,3,5,1
30.054326417157426,11,5,1
30.06446908414364,11,9,1
30.07365305395797,4,5,1
30.075063984142616,11,10,2
30.093181557022035,4,9,1
30.10425153002143,7,9,1
30.10496886097826,12,9,1
30.12170838401653,4,10,2
30.1224280949682,6,9,1
30.123113194014877,7,10,2
30.123892296105623,1,9,1
30.124614116968587,8,9,1
30.12529927608557,12,10,2
30.140632060123608,6,10,2
30.173842040123418,8,10,2
30.176347121130675,1,10,2
30.19707892811857,5,9,1
30.218354530166835,9,10,2
30.21974625904113,5,10,2
30.239119548117742,5,12,2
30.240178058156744,9,12,2
30.302034099120647,2,9,1
30.323618329130113,2,10,2
30.343910783994943,2,12,2
30.40938657708466,0,9,1
30.431312008062378,0,10,2
30.432642905972898,10,9,1
30.453798964153975,0,12,2
30.454557236051187,10,12,2
30.510960662038997,3,9,1
30.532888583140448,3,10,2
30.55297515215352,3,12,2
30.560466754017398,11,12,2
30.576821106951684,4,12,2
30.580413988092914,11,8,1
30.591002427972853,4,8,1
30.60823495616205,7,12,2
30.609009508043528,12,8,1
30.610875450074673,6,12,2
30.611312282970175,8,12,2
30.611750805051997,1,12,2
30.62249225913547,7,8,1
30.62662600702606,1,8,1
30.62759949406609,6,8,1
30.693576270947233,5,8,1
30.714557945961133,9,8,1
30.803010479081422,2,8,1
30.912082585971802,0,8,1
30.93380660098046,10,8,1
31.009154153987765,3,8,1
36.93188257794827,10,0,1
37.014866336015984,3,0,1
37.053511270089075,11,0,1
37.07325579901226,4,0,1
37.11280445801094,12,0,1
37.11516742501408,7,0,1
37.116559464950114,1,0,1
37.11726775509305,8,0,1
37.11800471600145,6,0,1
37.195549939991906,5,0,1
37.22011561598629,5,2,1
37.22141205216758,9,0,1
37.241187832085416,9,2,1
37.30007176916115,2,0,1
37.412185232155025,0,2,1
37.43347443500534,10,2,1
37.51307683810592,3,2,1
37.561989253154024,11,2,1
37.57548077404499,4,2,1
37.61515998817049,12,2,1
37.61746793310158,7,2,1
37.618779010139406,8,2,1
37.6195386510808,1,2,1
37.62022937112488,6,2,1
38.41090004006401,0,1,1
38.43286719196476,10,1,1
38.51674070605077,3,1,1
38.56177143100649,11,1,1
38.57654825900681,4,1,1
38.582389834104106,11,3,1
38.60218048514798,11,4,1
38.6073497410398,4,3,1
38.61901633115485,6,1,1
38.619927287101746,1,3,1
38.620661318069324,8,1,1
38.6213558181189,7,1,1
38.62205019709654,12,1,1
38.64823158807121,12,3,1
38.64883603504859,7,3,1
38.64918588497676,6,3,1
38.649526464985684,1,4,1
38.64985135407187,8,3,1
38.677485946100205,12,4,1
38.679149023024365,8,4,1
38.679551295004785,7,4,1
38.680854412028566,6,4,1
38.688439056044444,5,1,1
38.69968054397032,5,3,1
38.71023160312325,5,4,1
38.718891378026456,9,1,1
38.73602932295762,9,3,1
38.752218981971964,9,4,1
38.80269142007455,2,1,1
38.824249000055715,2,3,1
38.84333446016535,2,4,1
38.91156094102189,0,3,1
38.93438636697829,0,4,1
38.93514248915017,10,3,1
38.95450701704249,10,4,1
39.01197689399123,3,4,1
39.512317445129156,3,11,2
39.532194257946685,3,6,1
39.55135691096075,3,7,1
39.56274656299502,11,6,1
39.57627518614754,4,11,2
39.58411105815321,11,7,1
39.600622395053506,4,6,1
39.61504218308255,12,11,2
39.617400320013985,7,11,2
39.620916028972715,4,7,1
39.62228274811059,1,11,2
39.6230160491541,6,11,2
39.623749929945916,8,11,2
39.640914106043056,7,6,1
39.64296161313541,12,6,1
39.645610749023035,1,6,1
39.647289876127616,6,7,1
39.64918042998761,8,6,1
39.65793782705441,7,5,1
39.68416216899641,12,7,1
39.68489253008738,1,7,1
39.68740666215308,6,5,1
39.68817608314566,8,7,1
39.70017506298609,5,11,2
39.70396537007764,12,5,1
39.70469743106514,1,5,1
39.70541401114315,8,5,1
39.72310650208965,5,6,1
39.72512460895814,9,11,2
39.74315976910293,5,7,1
39.74504452315159,9,6,1
39.76353386603296,9,7,1
39.779656731989235,9,5,1
39.80355164897628,2,11,2
39.82400732813403,2,6,1
39.84289007214829,2,7,1
39.858237577136606,2,5,1
39.91127915796824,0,11,2
39.933679861947894,0,6,1
39.93439545203,10,11,2
39.95495028398,0,7,1
39.95626995200291,10,6,1
39.97244972898625,0,5,1
39.97505554300733,10,7,1
39.99141519702971,10,5,1
40.017416602000594,3,5,1
40.06048875115812,11,5,1
40.07771657896228,4,5,1
40.08113749604672,11,10,2
40.10891508194618,11,9,1
40.111223438056186,4,10,2
40.11740398197435,8,10,2
40.11817890405655,12,10,2
40.118887674063444,7,10,2
40.119654566049576,6,10,2
40.120417647995055,1,10,2
40.1288121950347,4,9,1
40.139801966026425,8,9,1
40.17181046213955,6,9,1
40.172559913946316,7,9,1
40.173248483100906,1,9,1
40.1739338519983,12,9,1
40.196818540105596,5,10,2
40.21478538797237,5,9,1
40.22176580596715,9,10,2
40.233910829992965,5,12,2
40.241556165972725,9,12,2
40.30223055416718,2,10,2
40.32013324997388,2,9,1
40.33974310499616,2,12,2
40.41076745605096,0,10,2
40.430682088946924,0,9,1
40.43201927701011,10,9,1
40.45169185404666,0,12,2
40.452467855997384,10,12,2
40.51226092898287,3,10,2
40.53314333013259,3,9,1
40.55117175006308,3,12,2
40.56221115216613,11,12,2
40.5748201389797,4,12,2
40.582223379053175,11,8,1
40.59851831011474,4,8,1
40.613443952053785,7,12,2
40.61601746501401,8,12,2
40.616727085085586,12,8,1
40.617992070969194,6,12,2
40.61946526309475,1,12,2
40.63472922495566,7,8,1
40.63909742794931,6,8,1
40.64505391707644,1,8,1
40.69629100803286,5,8,1
40.722258092137054,9,8,1
40.80280224210583,2,8,1
40.910568612162024,0,8,1
40.933423039037734,10,8,1
41.00840437109582,3,8,1
46.93199673295021,10,0,1
47.01137466914952,3,0,1
47.06073395605199,11,0,1
47.07362402114086,4,0,1
47.11280054994859,12,0,1
47.1146406121552,7,0,1
47.116586497053504,1,0,1
47.11733740800992,8,0,1
47.11803059815429,6,0,1
47.19582749996334,5,0,1
47.21868151705712,5,2,1
47.221017653122544,9,0,1
47.24039045115933,9,2,1
47.30007374100387,2,0,1
47.41162852803245,0,2,1
47.43387942807749,10,2,1
47.51235551899299,3,2,1
47.56264569214545,11,2,1
47.57605028199032,4,2,1
47.61474370700307,7,2,1
47.61551511916332,12,2,1
47.61706932308152,8,2,1
47.61884941300377,1,2,1
47.61956594302319,6,2,1
48.410857210168615,0,1,1
48.43330900510773,10,1,1
48.514910554047674,3,1,1
48.56208234000951,11,1,1
48.570707384031266,4,1,1
48.587132949149236,11,4,1
48.58839821512811,4,3,1
48.61952186515555,11,3,1
48.620541834039614,7,1,1
48.62151840212755,12,1,1
48.62251312006265,6,1,1
48.6235924011562,1,4,1
48.624812884954736,8,1,1
48.64906863216311,7,4,1
48.65008878102526,1,3,1
48.6510601779446,12,4,1
48.652085127076134,8,4,1
48.653225149028,6,4,1
48.679647827055305,7,3,1
48.68279095599428,12,3,1
48.683539398014545,8,3,1
48.68484728503972,6,3,1
48.69306762702763,5,1,1
48.70984554197639,5,4,1
48.72443712502718,9,1,1
48.72685953299515,5,3,1
48.74438659916632,9,4,1
48.76382305007428,9,3,1
48.80251749511808,2,1,1
48.826059760991484,2,4,1
48.84758805995807,2,3,1
48.91334978211671,0,4,1
48.93571099406108,0,3,1
48.93648860603571,10,4,1
48.95981656713411,10,3,1
49.01370788202621,3,4,1
49.51241536694579,3,11,2
49.53411975107156,3,6,1
49.55403957515955,3,7,1
49.56434098700993,11,6,1
49.5806545689702,4,11,2
49.59026440116577,11,7,1
49.613637902075425,12,11,2
49.61439231294207,4,6,1
49.61512058414519,7,11,2
49.6173316470813,6,11,2
49.618575962027535,8,11,2
49.61926526110619,1,11,2
49.63939897110686,12,6,1
49.64268331415951,6,7,1
49.64338472415693,4,7,1
49.6440952741541,7,6,1
49.644786754157394,1,6,1
49.645474422955886,8,6,1
49.65817690314725,12,7,1
49.67625254415907,6,5,1
49.6769796051085,1,7,1
49.68033469002694,8,7,1
49.68068471015431,7,5,1
49.68157788505778,12,5,1
49.68886891100556,5,11,2
49.69896949711256,1,5,1
49.69948007212952,8,5,1
49.70048896013759,5,6,1
49.714227659162134,5,7,1
49.71607040101662,9,11,2
49.726712223142385,9,6,1
49.737821076996624,9,7,1
49.749316862085834,9,5,1
49.795026747044176,2,11,2
49.80763688310981,2,6,1
49.81931241415441,2,7,1
49.830087789101526,2,5,1
49.90417979611084,0,11,2
49.915744442958385,0,6,1
49.92683967715129,0,7,1
49.93737001507543,10,11,2
49.9382445900701,0,5,1
49.95020463899709,10,6,1
49.96095472294837,10,7,1
49.97198729496449,10,5,1
50.01067073014565,3,5,1
50.062797124963254,11,5,1
50.075985457981005,4,5,1
50.08335946709849,11,10,2
50.100856193108484,4,10,2
50.10960571002215,11,9,1
50.11650977609679,7,10,2
50.11752394400537,12,10,2
50.120105527108535,4,9,1
50.12118696793914,8,10,2
50.12217866606079,1,10,2
50.12317317398265,6,10,2
50.14295464404859,12,9,1
50.17219173209742,1,9,1
50.17328922310844,8,9,1
50.17431971197948,7,9,1
50.1767070190981,6,9,1
50.19798954203725,5,10,2
50.21684799506329,5,9,1
50.22554697212763,9,10,2
50.235400340054184,5,12,2
50.24634051998146,9,12,2
50.30202624597587,2,10,2
50.32000036514364,2,9,1
50.33963826112449,2,12,2
50.41070115217008,0,10,2
50.430878803133965,0,9,1
50.431654065148905,10,9,1
50.45193825894967,0,12,2
50.453745929989964,10,12,2
50.50600562011823,3,10,2
50.51740724197589,3,9,1
50.52750545809977,3,12,2
50.56328989099711,11,12,2
50.57771653914824,4,12,2
50.58398383599706,11,8,1
50.60101745906286,7,12,2
50.60309059708379,4,8,1
50.61599969305098,12,8,1
50.61823229608126,7,8,1
50.62035390594974,8,12,2
50.62133713415824,1,12,2
50.62236108304933,6,12,2
50.64244685112499,1,8,1
50.64426261303015,6,8,1
50.6967980901245,5,8,1
50.72469653910957,9,8,1
50.8041539080441,2,8,1
50.91153625701554,0,8,1
50.93419807916507,10,8,1
51.01232444006018,3,8,1
56.931849759072065,10,0,1
57.01092399796471,3,0,1
57.06069400603883,11,0,1
57.074642891064286,4,0,1
57.11554302810691,7,0,1
57.1169522581622,12,0,1
57.117659198120236,6,0,1
57.118353347992525,1,0,1
57.1190437481273,8,0,1
57.19862451008521,5,0,1
57.2218983580824,5,2,1
57.22274467209354,9,0,1
57.24292599409819,9,2,1
57.30054675415158,2,0,1
57.411173256114125,0,2,1
57.43335361313075,10,2,1
57.512882804032415,3,2,1
57.5627432949841,11,2,1
57.576953307027,4,2,1
57.6156609330792,12,2,1
57.61640918394551,7,2,1
57.61783342505805,8,2,1
57.619352708105,1,2,1
57.620106528978795,6,2,1
58.40700485999696,0,1,1
58.43304638704285,10,1,1
58.51455867406912,3,1,1
58.561717169126496,11,1,1
58.57846783311106,4,1,1
58.58264581114054,11,4,1
58.60617563710548,4,3,1
58.613545686006546,11,3,1
58.61425790609792,12,1,1
58.61653967015445,7,1,1
58.61856951797381,6,1,1
58.61925948713906,1,4,1
58.61999407806434,8,1,1
58.642841554945335,12,4,1
58.643632017076015,1,3,1
58.64438863797113,8,4,1
58.64508074801415,7,4,1
58.64576138695702,6,4,1
58.68473184015602,7,3,1
58.68555318308063,8,3,1
58.68625302310102,12,3,1
58.6869385431055,6,3,1
58.70094838901423,5,1,1
58.7233604141511,5,4,1
58.72410943498835,9,1,1
58.74423278402537,5,3,1
58.7449903159868,9,4,1
58.764440485974774,9,3,1
58.80249247304164,2,1,1
58.82198414509185,2,4,1
58.84194979001768,2,3,1
58.91081038909033,0,4,1
58.9344170470722,0,3,1
58.935120727168396,10,4,1
58.95581708312966,10,3,1
59.01193934096955,3,4,1
59.51237268396653,3,11,2
59.53256996604614,3,6,1
59.552023377036676,3,7,1
59.562796741956845,11,6,1
59.57711242698133,4,11,2
59.58681097114459,11,7,1
59.60471595800482,4,6,1
59.61390689807013,7,11,2
59.614626449067146,12,11,2
59.61826616199687,8,11,2
59.618954200996086,6,11,2
59.6196689910721,1,11,2
59.62537414301187,4,7,1
59.64355891710147,7,6,1
59.64410687307827,12,6,1
59.64462206698954,6,7,1
59.645133472047746,1,6,1
59.645657597109675,8,6,1
59.68728327495046,6,5,1
59.68809968815185,1,7,1
59.69009555410594,7,5,1
59.690805583959445,8,7,1
59.69134190911427,12,7,1
59.693213313119486,5,11,2
59.70727474009618,1,5,1
59.70790049806237,8,5,1
59.70940984110348,12,5,1
59.710369788110256,5,6,1
59.72033753013238,9,11,2
59.7268307141494,5,7,1
59.73673480399884,9,6,1
59.75239277794026,9,7,1
59.76801940007135,9,5,1
59.80305634113029,2,11,2
59.823302924167365,2,6,1
59.84321843809448,2,7,1
59.85898061399348,2,5,1
59.91122967307456,0,11,2
59.93410000996664,0,6,1
59.93485307204537,10,11,2
59.955428004032,0,7,1
59.957274926127866,10,6,1
59.97081834007986,0,5,1
59.977982792072,10,7,1
59.99454948096536,10,5,1
60.01560670696199,3,5,1
60.06236992101185,11,5,1
60.07546940096654,4,5,1
60.08462480013259,11,10,2
60.096560028148815,4,10,2
60.11657058401033,11,9,1
60.11738969804719,7,10,2
60.12053572712466,4,9,1
60.12132194894366,12,10,2
60.1221110210754,1,10,2
60.12286610295996,6,10,2
60.123596142977476,8,10,2
60.17184391897172,12,9,1
60.172570650000125,6,9,1
60.17433570907451,7,9,1
60.17513251211494,1,9,1
60.17592866416089,8,9,1
60.20106114610098,5,10,2
60.22166179912165,5,9,1
60.222449471009895,9,10,2
60.24303107406013,5,12,2
60.243815005989745,9,12,2
60.30197312193923,2,10,2
60.31980623700656,2,9,1
60.33932440914214,2,12,2
60.411211274098605,0,10,2
60.43134107301012,0,9,1
60.43214431614615,10,9,1
60.45249541196972,0,12,2
60.45414701895788,10,12,2
60.51285852002911,3,10,2
60.52897732704878,3,9,1
60.545648477971554,3,12,2
60.55371131608263,11,12,2
60.564564244123176,11,8,1
60.572101037018,4,12,2
60.588907402940094,4,8,1
60.6139026300516,7,12,2
60.61467027198523,12,8,1
60.61733266711235,1,12,2
60.61808774899691,6,12,2
60.61884321994148,8,12,2
60.6401432431303,7,8,1
60.6409019541461,6,8,1
60.64158224314451,1,8,1
60.69738190295175,5,8,1
60.72210348211229,9,8,1
60.802095387130976,2,8,1
60.9115961859934,0,8,1
60.93398115900345,10,8,1
61.00887106801383,3,8,1
66.93225547112525,10,0,1
67.0112373761367,3,0,1
67.0607379169669,11,0,1
67.07495819008909,4,0,1
67.11270110798068,7,0,1
67.11508361506276,12,0,1
67.11658531799912,1,0,1
67.11734818900004,6,0,1
67.11803588899784,8,0,1
67.19528212514706,5,0,1
67.22046543797478,5,2,1
67.22124864999205,9,0,1
67.24258544412442,9,2,1
67.30103458813392,2,0,1
67.41222302499227,0,2,1
67.43432425009087,10,2,1
67.51343290903606,3,2,1
67.56260176002979,11,2,1
67.57608285197057,4,2,1
67.6158501280006,7,2,1
67.61660635913722,12,2,1
67.61869278806262,8,2,1
67.6207442060113,6,2,1
67.62176099512726,1,2,1
68.41116202599369,0,1,1
68.43330262205563,10,1,1
68.5146968960762,3,1,1
68.56234524399042,11,1,1
68.57670329115354,4,1,1
68.5847087870352,11,4,1
68.60197141603567,4,3,1
68.61566076311283,11,3,1
68.61669580312446,7,1,1
68.6176790210884,12,1,1
68.62031398504041,1,4,1
68.62125457194634,6,1,1
68.6222343200352,8,1,1
68.64723812695593,1,3,1
68.64803979010321,8,4,1
68.64876115997322,12,4,1
68.64945157011971,7,4,1
68.65013850899413,6,4,1
68.68214054498821,7,3,1
68.68350778403692,8,3,1
68.68422189401463,12,3,1
68.68870882107876,6,3,1
68.69755059108138,5,1,1
68.71965236612596,5,4,1
68.72433012910187,9,1,1
68.73847458907403,5,3,1
68.74630869110115,9,4,1
68.76562622794881,9,3,1
68.8021247710567,2,1,1
68.822532128077,2,4,1
68.84308720007539,2,3,1
68.91097151115537,0,4,1
68.93460486014374,0,3,1
68.93533602100797,10,4,1
68.95631570508704,10,3,1
69.01283837412484,3,4,1
69.51228818902746,3,11,2
69.53215466113761,3,6,1
69.55140466615558,3,7,1
69.56270861602388,11,6,1
69.57972119702026,4,11,2
69.58303232095204,11,7,1
69.60562544106506,4,6,1
69.6143372671213,7,11,2
69.61505274707451,12,11,2
69.61899925908074,8,11,2
69.62073634797707,1,11,2
69.62145276903175,4,7,1
69.62215572898276,6,11,2
69.6428648349829,8,6,1
69.64359869598411,12,6,1
69.64428807515651,7,6,1
69.6449710840825,1,6,1
69.6472616889514,6,7,1
69.6866085419897,1,7,1
69.68731936300173,7,5,1
69.68804734316655,8,7,1
69.6887290221639,12,7,1
69.69265618408099,6,5,1
69.70247554103844,5,11,2
69.704653742956,12,5,1
69.70538416411728,1,5,1
69.70607840409502,8,5,1
69.72663866495714,5,6,1
69.72738310601562,9,11,2
69.74520890112035,5,7,1
69.74861067696474,9,6,1
69.76684324303642,9,7,1
69.78664726414718,9,5,1
69.8030544379726,2,11,2
69.82407368300483,2,6,1
69.84379384107888,2,7,1
69.86028817808256,2,5,1
69.91155993915163,0,11,2
69.93475006497465,0,6,1
69.9355007361155,10,11,2
69.9553809389472,0,7,1
69.95968547114171,10,6,1
69.97085031704046,0,5,1
69.97834612894803,10,7,1
69.99734374694526,10,5,1
70.01667206408456,3,5,1
70.06310396804474,11,5,1
70.07625093008392,4,5,1
70.08383610495366,11,10,2
70.1152832149528,11,9,1
70.11608844716102,4,10,2
70.11774293403141,12,10,2
70.11845913412981,7,10,2
70.11977654113434,6,10,2
70.12051604199223,8,10,2
70.12179427896626,1,10,2
70.13843361008912,4,9,1
70.17171712196432,7,9,1
70.17295278701931,12,9,1
70.17363964603283,6,9,1
70.17435724614188,8,9,1
70.17713148496114,1,9,1
70.20051619713195,5,10,2
70.2196786890272,5,9,1
70.22363729099743,9,10,2
70.23601175099611,5,12,2
70.24345692200586,9,12,2
70.30284532299265,2,10,2
70.32148637995124,2,9,1
70.34129318105988,2,12,2
70.41138006397523,0,10,2
70.4314140509814,0,9,1
70.43332831514999,10,9,1
70.45255270996131,0,12,2
70.45547575200908,10,12,2
70.51203789305873,3,10,2
70.53022894798778,3,9,1
70.54993575601839,3,12,2
70.55800779396668,11,12,2
70.57227050815709,4,12,2
70.57439471804537,11,8,1
70.5903107279446,4,8,1
70.61529691610485,7,12,2
70.61610559816472,12,8,1
70.61916672508232,1,12,2
70.6199159361422,6,12,2
70.62062870594673,8,12,2
70.64214602508582,7,8,1
70.64284730516374,6,8,1
70.6436058760155,1,8,1
70.69708817009814,5,8,1
70.72434350196272,9,8,1
70.80209229211323,2,8,1
70.91110967705026,0,8,1
70.93388062203303,10,8,1
71.00836044014432,3,8,1
76.93224064912647,10,0,1
77.01068016909994,3,0,1
77.0606599340681,11,0,1
77.07380963605829,4,0,1
77.11215087096207,7,0,1
77.11566034005955,12,0,1
77.11625622701831,8,0,1
77.11722505511716,1,0,1
77.11775772995315,6,0,1
77.18853917298838,5,0,1
77.19935567909852,5,2,1
77.22077744500712,9,0,1
77.24105789908208,9,2,1
77.30017486214638,2,0,1
77.41250299103558,0,2,1
77.43422105605714,10,2,1
77.51272905711085,3,2,1
77.56250714603812,11,2,1
77.57618642295711,4,2,1
77.61428720108233,7,2,1
77.61772831901908,12,2,1
77.6185067910701,8,2,1
77.6192739631515,6,2,1
77.62002124404535,1,2,1
78.41129291709512,0,1,1
78.43361871899106,10,1,1
78.51473309402354,3,1,1
78.56220908812247,11,1,1
78.57579857297242,4,1,1
78.58179308194667,11,4,1
78.60044848010875,4,3,1
78.60616618208587,11,3,1
78.6165589960292,7,1,1
78.61822839314118,12,1,1
78.6190162061248,8,1,1
78.61982856900431,6,1,1
78.62054585898295,1,4,1
78.64511225395836,1,3,1
78.64588593598455,12,4,1
78.64661031705327,6,4,1
78.64729926595464,7,4,1
78.64809761894867,8,4,1
78.68371875700541,12,3,1
78.68447832809761,6,3,1
78.68520835903473,7,3,1
78.68589325807989,8,3,1
78.69316648412496,5,1,1
78.7127797990106,5,4,1
78.72369164810516,9,1,1
78.73453373508528,5,3,1
78.74451446696185,9,4,1
78.7651222399436,9,3,1
78.80204011499882,2,1,1
78.82145502511412,2,4,1
78.8415586440824,2,3,1
78.91088396613486,0,4,1
78.93373622209765,0,3,1
78.93474243115634,10,4,1
78.95499708410352,10,3,1
79.0158607759513,3,4,1
79.51316296006553,3,11,2
79.53413361404091,3,6,1
79.55552835902199,3,7,1
79.56442123115994,11,6,1
79.57656153407879,4,11,2
79.58754710503854,11,7,1
79.59745011501946,4,6,1
79.6209029990714,8,11,2
79.62170070200227,12,11,2
79.62243720307015,7,11,2
79.62315787305124,1,11,2
79.6238900241442,4,7,1
79.62457565311342,6,11,2
79.65030130115338,12,6,1
79.65104842209257,7,6,1
79.65178994298913,1,6,1
79.65249408315867,8,6,1
79.65319312294014,6,7,1
79.66742659616284,7,5,1
79.68484026798978,6,5,1
79.68559588002972,1,7,1
79.68630793015473,8,7,1
79.68700866005383,12,7,1
79.70463558915071,8,5,1
79.7054412921425,12,5,1
79.70625949511304,1,5,1
79.70773926610127,5,11,2
79.72620778903365,5,6,1
79.72770741209388,9,11,2
79.74446383607574,5,7,1
79.74778499011882,9,6,1
79.76678990805522,9,7,1
79.78269811812788,9,5,1
79.8027413750533,2,11,2
79.82337333913893,2,6,1
79.84286936116405,2,7,1
79.85846961196512,2,5,1
79.91139487014152,0,11,2
79.93357826815918,0,6,1
79.93540815007873,10,11,2
79.95455500204116,0,7,1
79.95729376911186,10,6,1
79.9700230890885,0,5,1
79.97790254210122,10,7,1
79.99478464014828,10,5,1
80.01288064196706,3,5,1
80.06265350105241,11,5,1
80.0762329150457,4,5,1
80.08536580298096,11,10,2
80.10340130398981,4,10,2
80.11626289808191,11,9,1
80.1217971041333,6,10,2
80.12281184294261,1,10,2
80.12382358196191,12,10,2
80.12483222014271,4,9,1
80.12598026311025,8,10,2
80.12709570396692,7,10,2
80.14434961299412,6,9,1
80.14537475211546,1,9,1
80.17188621195965,7,9,1
80.1729555320926,12,9,1
80.17395651014522,8,9,1
80.1942638149485,5,10,2
80.21221044310369,5,9,1
80.22434616601095,9,10,2
80.23107223701663,5,12,2
80.24571765214205,9,12,2
80.30200392496772,2,10,2
80.32018908904865,2,9,1
80.3400221101474,2,12,2
80.41073083109222,0,10,2
80.43064381508157,0,9,1
80.4319703229703,10,9,1
80.45268687908538,0,12,2
80.45397061505355,10,12,2
80.51234032702632,3,10,2
80.53348020510748,3,9,1
80.55316908215173,3,12,2
80.56236314214766,11,12,2
80.57566069904715,4,12,2
80.58386363112368,11,8,1
80.59648638800718,4,8,1
80.61646062415093,7,12,2
80.61772000906058,12,8,1
80.62022877996787,1,12,2
80.62094605015591,6,12,2
80.6222267569974,8,12,2
80.63929704995826,7,8,1
80.64304457604885,1,8,1
80.64379173703492,6,8,1
80.69618159998208,5,8,1
80.72682056715712,9,8,1
80.80289340997115,2,8,1
80.91218865313567,0,8,1
80.93421967606992,10,8,1
81.00500550912693,3,8,1
86.92458839109167,10,0,1
87.01138105709106,3,0,1
87.06081988709047,11,0,1
87.07392763812095,4,0,1
87.11650420213118,7,0,1
87.1172346631065,8,0,1
87.11792003316805,12,0,1
87.11859625205398,6,0,1
87.11929670209065,1,0,1
87.1960487330798,5,0,1
87.22000797116198,5,2,1
87.22128041810356,9,0,1
87.2417807681486,9,2,1
87.30127549101599,2,0,1
87.41140269814059,0,2,1
87.43365454813465,10,2,1
87.51229287311435,3,2,1
87.56258076615632,11,2,1
87.57536585815251,4,2,1
87.61842105607502,12,2,1
87.61925372015685,6,2,1
87.6199977111537,1,2,1
87.6206830800511,7,2,1
87.62136274995282,8,2,1
88.41088630305603,0,1,1
88.4331493631471,10,1,1
88.51465401914902,3,1,1
88.5621826639399,11,1,1
88.57512947008945,4,1,1
88.58178032911383,11,4,1
88.60036206501536,11,3,1
88.60203680209816,4,3,1
88.6186863030307,7,1,1
88.6194889061153,12,1,1
88.62024994799867,8,1,1
88.62101452914067,6,1,1
88.6217685600277,1,4,1
88.64787338906899,12,4,1
88.64865218102932,6,4,1
88.64941280311905,7,4,1
88.65018282504752,1,3,1
88.6509383560624,8,4,1
88.67552274209447,12,3,1
88.67633342510089,7,3,1
88.67708080611192,6,3,1
88.6778000460472,8,3,1
88.69778980105184,5,1,1
88.72164335707203,5,4,1
88.7236179721076,9,1,1
88.74410618213005,5,3,1
88.74610446905717,9,4,1
88.76547664706595,9,3,1
88.80279231304303,2,1,1
88.82227446394973,2,4,1
88.84191267006099,2,3,1
88.91075879801065,0,4,1
88.93368195695803,0,3,1
88.93437617714517,10,4,1
88.95474598300643,10,3,1
89.01209697616287,3,4,1
89.51252016797662,3,11,2
89.5336043741554,3,6,1
89.5534382360056,3,7,1
89.56292092404328,11,6,1
89.57756975898519,4,11,2
89.58405791199766,11,7,1
89.60038760397583,4,6,1
89.62183290114626,8,11,2
89.62261955300346,7,11,2
89.62331102299504,12,11,2
89.62402027309872,4,7,1
89.62474523414858,1,11,2
89.6254461130593,6,11,2
89.65090115414932,7,6,1
89.65163002512418,8,6,1
89.65291098109446,1,6,1
89.65365222212858,6,7,1
89.65433811116964,12,6,1
89.6875024989713,8,7,1
89.68825348094106,12,7,1
89.68894688016735,6,5,1
89.68963073007762,1,7,1
89.69033461995423,7,5,1
89.69919674098492,5,11,2
89.70396087504923,12,5,1
89.7066954029724,8,5,1
89.70740568311885,1,5,1
89.72283800016157,5,6,1
89.72362029203214,9,11,2
89.74485234194435,5,7,1
89.74618602008559,9,6,1
89.77728404011577,9,7,1
89.79303125594743,9,5,1
89.8043731469661,2,11,2
89.82555131614208,2,6,1
89.84522130317055,2,7,1
89.86155181494541,2,5,1
89.91201671306044,0,11,2
89.93447041907348,0,6,1
89.93519590911455,10,11,2
89.95597727713175,0,7,1
89.95725794415921,10,6,1
89.97339089005254,0,5,1
89.97589199105278,10,7,1
89.99070585006848,10,5,1
90.00976829999126,3,5,1
90.06267865700647,11,5,1
90.07676832494326,4,5,1
90.0855685339775,11,10,2
90.10327609605156,4,10,2
90.118128326023,11,9,1
90.12095035612583,12,10,2
90.12169834715314,1,10,2
90.12244806811213,7,10,2
90.1231912591029,8,10,2
90.12392395013012,4,9,1
90.12460803915747,6,10,2
90.14253593701869,1,9,1
90.17188638704829,7,9,1
90.17258087708615,6,9,1
90.17325894604437,12,9,1
90.17393264500424,8,9,1
90.19834830611944,5,10,2
90.22057120501995,5,9,1
90.22223123209551,9,10,2
90.2428736560978,5,12,2
90.24421412404627,9,12,2
90.30202394002117,2,10,2
90.32016430306248,2,9,1
90.33975410810672,2,12,2
90.41106012510136,0,10,2
90.43136216001585,0,9,1
90.4320800411515,10,9,1
90.4525318290107,0,12,2
90.45322110899724,10,12,2
90.51287297694944,3,10,2
90.53362772404216,3,9,1
90.55565210711211,3,12,2
90.55851985909976,11,12,2
90.57283065398224,4,12,2
90.57527062296867,11,8,1
90.58905538311228,4,8,1
90.61665951414034,1,12,2
90.61745597608387,7,12,2
90.61820116802119,8,12,2
90.6188941670116,12,8,1
90.61961304699071,6,12,2
90.64114006701857,1,8,1
90.64189002802595,6,8,1
90.64257579715922,7,8,1
90.69691710500047,5,8,1
90.72264556307346,9,8,1
90.8026113761589,2,8,1
90.91105566499755,0,8,1
90.93359945295379,10,8,1
91.0077303010039,3,8,1
96.92423644009978,10,0,1
97.00435702712275,3,0,1
97.060869126115,11,0,1
97.06910020904616,4,0,1
97.11379856406711,12,0,1
97.11452734400518,7,0,1
97.11692444211803,8,0,1
97.11823140899651,1,0,1
97.11891852901317,6,0,1
97.19506823411211,5,0,1
97.21868080203421,5,2,1
97.22099721711129,9,0,1
97.24047415796667,9,2,1
97.30104918312281,2,0,1
97.4116649129428,0,2,1
97.43370661698282,10,2,1
97.51207445398904,3,2,1
97.56250804197043,11,2,1
97.57536818599328,4,2,1
97.61574103799649,12,2,1
97.61654132115655,7,2,1
97.61984573397785,1,2,1
97.62058819504455,6,2,1
97.62127993511967,8,2,1
98.41097796196118,0,1,1
98.43392464099452,10,1,1
98.5168732481543,3,1,1
98.56187933194451,11,1,1
98.57645583408885,4,1,1
98.58221861696802,11,3,1
98.60026475810446,4,3,1
98.60676209209487,11,4,1
98.61784195597284,12,1,1
98.6191980340518,7,1,1
98.61998976604082,6,1,1
98.62068192614242,1,3,1
98.62137123499997,8,1,1
98.64206791110337,12,3,1
98.6459307000041,7,3,1
98.64667934202589,1,4,1
98.64736925112084,6,3,1
98.64811152196489,8,3,1
98.67482834798284,12,4,1
98.6805887511,7,4,1
98.68282742495649,6,4,1
98.68679364700802,8,4,1
98.69792256201617,5,1,1
98.72248278697953,5,3,1
98.72357092797756,9,1,1
98.7424857930746,5,4,1
98.74460953311063,9,3,1
98.76308558508754,9,4,1
98.80316007998772,2,1,1
98.82401729002595,2,3,1
98.84267456806265,2,4,1
98.91200915002264,0,3,1
98.9343355819583,0,4,1
98.93615775415674,10,3,1
98.95630658301525,10,4,1
99.01273061009124,3,4,1
99.51281076204032,3,11,2
99.53267883416265,3,6,1
99.55223265709355,3,7,1
99.56290637911297,11,6,1
99.58277743100189,4,11,2
99.58409797912464,11,7,1
99.60708415904082,4,6,1
99.61580645595677,12,11,2
99.62181688612327,7,11,2
99.62282339506783,1,11,2
99.62384882406332,8,11,2
99.62485880195163,6,11,2
99.62603740510531,4,7,1
99.63634108705446,12,6,1
99.65193124813959,1,6,1
99.65296684810892,8,6,1
99.65395535598509,6,7,1
99.65497840498574,7,6,1
99.67221475206316,12,7,1
99.6869288191665,12,5,1
99.68776986305602,6,5,1
99.68848645314574,1,7,1
99.68918361305259,8,7,1
99.68987446208484,7,5,1
99.69932980998419,5,11,2
99.70206156698987,1,5,1
99.70438199304044,8,5,1
99.72236338094808,9,11,2
99.7231933849398,5,6,1
99.74240155913867,5,7,1
99.74326753313653,9,6,1
99.76051898114383,9,7,1
99.78326375503093,9,5,1
99.8030308240559,2,11,2
99.82315161311999,2,6,1
99.84251498198137,2,7,1
99.85804768116213,2,5,1
99.90628060605377,0,11,2
99.92084623803385,0,6,1
99.93577544111758,0,7,1
99.93706180714071,10,11,2
99.94991502095945,0,5,1
99.95964270597324,10,6,1
99.97919342899695,10,7,1
99.99602264515124,10,5,1
100.01729819714092,3,5,1
100.05395740503445,11,5,1
100.06524231401272,11,10,2
100.07636894914322,11,9,1
100.07907461607829,4,5,1
100.11365024396218,1,10,2
100.11674532201141,12,10,2
100.11731134797446,4,10,2
100.11786524299532,7,10,2
100.11839719908312,8,10,2
100.1210468839854,6,10,2
100.12544891797006,1,9,1
100.14418460801244,7,9,1
100.1449531300459,6,9,1
100.14564902894199,4,9,1
100.14633865910582,8,9,1
100.14705039910041,12,9,1
100.19720236794092,5,10,2
100.21525720902719,5,9,1
100.22444250900298,9,10,2
100.2342774879653,5,12,2
100.24652383406647,9,12,2
100.30312089598738,2,10,2
100.32122549810447,2,9,1
100.34089036402293,2,12,2
100.41194300516509,0,10,2
100.43267372203991,10,9,1
100.43336844095029,0,9,1
100.45436237612739,0,12,2
100.45505715510808,10,12,2
100.51268241601065,3,10,2
100.5308872810565,3,9,1
100.55129681807011,3,12,2
100.56287436606362,11,12,2
100.57098939595744,4,12,2
100.5850626041647,11,8,1
100.58728389698081,4,8,1
100.61271416698582,7,12,2
100.61615921393968,12,8,1
100.61698330705985,6,12,2
100.61778885009699,8,12,2
100.61848114011809,1,12,2
100.63654342107475,7,8,1
100.63967338902876,1,8,1
100.6403642189689,6,8,1
100.69712769496255,5,8,1
100.72266220813617,9,8,1
100.80227979109623,2,8,1
100.91132709616795,0,8,1
100.93357933615334,10,8,1
101.00904415198602,3,8,1
106.93234456703067,10,0,1
107.0108290379867,3,0,1
107.06082492298447,11,0,1
107.0749853940215,4,0,1
107.11470070714131,12,0,1
107.11578537803143,7,0,1
107.11757370899431,6,0,1
107.11868861014955,1,0,1
107.11983708315529,8,0,1
107.19752719113603,5,0,1
107.22064266516827,5,2,1
107.2216518339701,9,0,1
107.24178176303394,9,2,1
107.30069229006767,2,0,1
107.41191830812022,0,2,1
107.43370798416436,10,2,1
107.51245073205791,3,2,1
107.56265986314975,11,2,1
107.57780374214053,4,2,1
107.61504760594107,7,2,1
107.61771073099226,12,2,1
107.61889803409576,8,2,1
107.61995255411603,1,2,1
107.6209374719765,6,2,1
108.40824609110132,0,1,1
108.4336404800415,10,1,1
108.51886644097976,3,1,1
108.56237174198031,11,1,1
108.57887282897718,4,1,1
108.5829359840136,11,4,1
108.60438079107553,4,3,1
108.61661534709856,11,3,1
108.61843600915745,7,1,1
108.61963006202132,12,1,1
108.62084369710647,6,1,1
108.62186576612294,8,1,1
108.62289617513306,1,4,1
108.64644671115093,6,4,1
108.64751757215708,7,4,1
108.64847059897147,8,4,1
108.649600550998,12,4,1
108.65087880706415,1,3,1
108.67552760406397,8,3,1
108.67681087111123,6,3,1
108.67792461207137,12,3,1
108.67906588502228,7,3,1
108.69636517413892,5,1,1
108.7179305141326,5,4,1
108.72262497711927,9,1,1
108.73916889494285,5,3,1
108.74265393405221,9,4,1
108.76153252809308,9,3,1
108.80217857798561,2,1,1
108.82296700612642,2,4,1
108.84357125894167,2,3,1
108.9049340360798,0,4,1
108.92475877702236,0,3,1
108.93255558703095,10,4,1
108.95322643313557,10,3,1
109.01606532000005,3,4,1
109.51317956694402,3,11,2
109.53381312103011,3,7,1
109.5546266301535,3,6,1
109.56272231903858,11,7,1
109.58070200798102,4,11,2
109.5829993931111,11,6,1
109.61596610606648,4,7,1
109.61709155794233,12,11,2
109.61928305006586,7,11,2
109.62060896703042,1,11,2
109.62129860697314,8,11,2
109.62198384595104,6,11,2
109.63370993803255,4,6,1
109.64434094913304,12,7,1
109.64707332616672,6,7,1
109.64780335710384,7,6,1
109.64849467715248,1,7,1
109.64920103712939,8,7,1
109.6737917419523,7,5,1
109.6750354571268,12,6,1
109.68672995804809,8,6,1
109.68917313707061,1,6,1
109.68987807701342,6,5,1
109.69199810712598,5,11,2
109.69269159715623,12,5,1
109.70666259201244,5,7,1
109.70797597011551,1,5,1
109.70866730902344,8,5,1
109.72129717702046,5,6,1
109.72366598411463,9,11,2
109.74118780903518,9,7,1
109.76099429000169,9,6,1
109.77651799912564,9,5,1
109.80273527116515,2,11,2
109.82297809398733,2,7,1
109.84236311214045,2,6,1
109.85779260913841,2,5,1
109.90680112596601,0,11,2
109.92268361500464,0,7,1
109.9358719480224,10,11,2
109.93823619512841,0,6,1
109.95515857404098,0,5,1
109.95666195708327,10,7,1
109.97545878798701,10,6,1
109.99118833406828,10,5,1
110.01773038506508,3,5,1
110.06250713206828,11,5,1
110.07580870809034,4,5,1
110.08418752509169,11,10,2
110.10039738402702,4,10,2
110.10620912816375,11,9,1
110.11629499401897,7,10,2
110.11708195600659,12,10,2
110.120590926148,4,9,1
110.12133975699544,8,10,2
110.12213795911521,6,10,2
110.1228546090424,1,10,2
110.14195530000143,7,9,1
110.1725070241373,8,9,1
110.17321815504692,12,9,1
110.17390500404872,1,9,1
110.1746140641626,6,9,1
110.20156825706363,5,10,2
110.22177246911451,5,9,1
110.22434235108085,9,10,2
110.24212032416835,5,12,2
110.2435863551218,9,12,2
110.30215133307502,2,10,2
110.32014763215557,2,9,1
110.33994196215644,2,12,2
110.4109609220177,0,10,2
110.43091567698866,10,9,1
110.43185840314254,0,9,1
110.44934689812362,10,12,2
110.45068033598363,0,12,2
110.5129091271665,3,10,2
110.5334963791538,3,9,1
110.55367821012624,3,12,2
110.56183716095984,11,12,2
110.57549378811382,4,12,2
110.58243814413436,11,8,1
110.59646427095868,4,8,1
110.61555252107792,7,12,2
110.61627501202747,12,8,1
110.61918234406039,1,12,2
110.61989234411158,8,12,2
110.62111205910333,6,12,2
110.63951686909422,7,8,1
110.64247058308683,1,8,1
110.64372552908026,6,8,1
110.69744718796574,5,8,1
110.72276539495215,9,8,1
110.80245243012905,2,8,1
110.91081633605063,0,8,1
110.9339509611018,10,8,1
111.00947747798637,3,8,1
116.93219761108048,10,0,1
117.01487324014306,3,0,1
117.06068810704164,11,0,1
117.07388104009442,4,0,1
117.11270511895418,12,0,1
117.11347804102115,7,0,1
117.11738203116693,8,0,1
117.1187376989983,6,0,1
117.11943257902749,1,0,1
117.19522263412364,5,0,1
117.21676120301709,5,2,1
117.22078183712438,9,0,1
117.24112511309795,9,2,1
117.30048928200267,2,0,1
117.41107041202486,0,2,1
117.43388569704257,10,2,1
117.51311254897155,3,2,1
117.56233570212498,11,2,1
117.57515129400417,4,2,1
117.6184871699661,8,2,1
117.61925728200004,12,2,1
117.62001991411671,1,2,1
117.62071146303788,7,2,1
117.62139697303064,6,2,1
118.41060756403022,0,1,1
118.43591786106117,10,1,1
118.51902403216809,3,1,1
118.56188366515562,11,1,1
118.575242303079,4,1,1
118.5813477660995,11,4,1
118.59830264514312,4,3,1
118.6011221150402,11,3,1
118.61520847398788,7,1,1
118.61594266514294,12,1,1
118.61986366612837,1,4,1
118.62056075502187,8,1,1
118.62317152903415,6,1,1
118.64495700597763,1,3,1
118.64565245504491,12,4,1
118.64632917498238,7,4,1
118.64700373401865,8,4,1
118.64771042414941,6,4,1
118.67985061299987,12,3,1
118.68295011110604,8,3,1
118.68338278308511,6,3,1
118.68381152511574,7,3,1
118.69459756999277,5,1,1
118.70607118494809,5,4,1
118.71641420805827,9,1,1
118.71801112312824,5,3,1
118.72698919707909,9,4,1
118.73784253397025,9,3,1
118.79483390715905,2,1,1
118.80736692110077,2,4,1
118.81969622010365,2,3,1
118.9077357610222,0,4,1
118.92782580014318,0,3,1
118.9296553209424,10,4,1
118.94953559408896,10,3,1
119.00693249795586,3,4,1
119.51251334394328,3,11,2
119.53251120005734,3,6,1
119.55180569598451,3,7,1
119.56334642204456,11,6,1
119.57734215911478,4,11,2
119.58375700004399,11,7,1
119.60074058012106,4,6,1
119.61495031300001,7,11,2
119.61598855210468,12,11,2
119.61976884910837,6,11,2
119.62172087398358,1,11,2
119.62290335795842,8,11,2
119.62395126698539,4,7,1
119.64506685500965,12,6,1
119.64608761412092,7,6,1
119.64705698098987,6,7,1
119.64812107104808,1,6,1
119.64927549404092,8,6,1
119.6875264160335,12,7,1
119.68854906503111,6,5,1
119.68954523303546,7,5,1
119.69058461301029,8,7,1
119.69177239597775,1,7,1
119.69792933110148,5,11,2
119.70756337302737,1,5,1
119.70859491196461,8,5,1
119.70960468100384,12,5,1
119.7238035229966,5,6,1
119.72959574707784,9,11,2
119.74729029694572,5,7,1
119.75044272607192,9,6,1
119.77809621905908,9,7,1
119.79252812708728,9,5,1
119.80306949606165,2,11,2
119.82415839214809,2,6,1
119.84377955715172,2,7,1
119.86010635900311,2,5,1
119.91073444206268,0,11,2
119.93332684109919,0,6,1
119.9351198321674,10,11,2
119.9546825659927,0,7,1
119.95571310515516,10,6,1
119.97248362004757,0,5,1
119.97503054095432,10,7,1
119.98989111208357,10,5,1
120.01767027797177,3,5,1
120.06227973010391,11,5,1
120.07648004195653,4,5,1
120.08546366612427,11,10,2
120.1155836591497,12,10,2
120.11647169408388,4,10,2
120.11718083405867,7,10,2
120.11789553402923,11,9,1
120.11864327499643,8,10,2
120.11936023505405,1,10,2
120.12008660612628,6,10,2
120.14230383513495,6,9,1
120.14300682512112,4,9,1
120.17181207914837,1,9,1
120.17251228913665,7,9,1
120.17319682915695,8,9,1
120.17387843807228,12,9,1
120.19760786998086,5,10,2
120.21481623710133,5,9,1
120.22511500795372,9,10,2
120.22636846313253,5,12,2
120.24566688900813,9,12,2
120.30203265394084,2,10,2
120.32099883095361,2,9,1
120.34138915804215,2,12,2
120.41085172304884,0,10,2
120.43112057703547,0,9,1
120.43189494917169,10,9,1
120.45241936016828,0,12,2
120.45418065902777,10,12,2
120.51267078495584,3,10,2
120.53311004303396,3,9,1
120.55495647108182,3,12,2
120.55783604294993,11,12,2
120.57397369900718,11,8,1
120.57466595899314,4,12,2
120.59278376097791,4,8,1
120.61393125005998,12,8,1
120.61574603104964,7,12,2
120.6176685760729,1,12,2
120.61844679806381,8,12,2
120.61914603807963,6,12,2
120.63970555900596,7,8,1
120.6410247371532,6,8,1
120.6417166760657,1,8,1
120.69663651008159,5,8,1
120.72280736104585,9,8,1
120.80224112817086,2,8,1
120.91035144706257,0,8,1
120.93318601301871,10,8,1
121.00917556416243,3,8,1
126.93209975608625,10,0,1
127.01083874516189,3,0,1
127.06086331000552,11,0,1
127.07397081097588,4,0,1
127.11212238110602,7,0,1
127.11696818796918,6,0,1
127.1179949271027,1,0,1
127.11897033406422,12,0,1
127.12004459509626,8,0,1
127.19485232094303,5,0,1
127.21776390913874,5,2,1
127.21878444799222,9,0,1
127.23555467301048,9,2,1
127.29306373000145,2,0,1
127.41304610506631,0,2,1
127.43502459698357,10,2,1
127.51302256411873,3,2,1
127.56311294110492,11,2,1
127.5763172050938,4,2,1
127.6165600840468,7,2,1
127.61894800094888,8,2,1
127.61970652197488,12,2,1
127.62040784209967,6,2,1
127.62111389194615,1,2,1
128.4111175260041,0,1,1
128.43368801404722,10,1,1
128.51873684115708,3,1,1
128.56315008713864,11,1,1
128.57518461812288,4,1,1
128.5858619499486,11,4,1
128.5989271600265,4,3,1
128.61834683897905,11,3,1
128.61958101415075,7,1,1
128.62061104294844,12,1,1
128.62160952202976,8,1,1
128.62267149216495,1,4,1
128.62370537105016,6,1,1
128.64846421102993,7,4,1
128.64935967698693,1,3,1
128.65007891715504,12,4,1
128.65079793799669,8,4,1
128.65157840005122,6,4,1
128.68464810494334,12,3,1
128.6882116959896,8,3,1
128.68873392115347,6,3,1
128.6891685531009,7,3,1
128.69769238401204,5,1,1
128.7192592851352,5,4,1
128.721359543968,9,1,1
128.73536236095242,5,3,1
128.73588605504483,9,4,1
128.7487823900301,9,3,1
128.79461385705508,2,1,1
128.8062171950005,2,4,1
128.81693356810138,2,3,1
128.90360222104937,0,4,1
128.91621926799417,0,3,1
128.92489135311916,10,4,1
128.9366862771567,10,3,1
129.01629935903475,3,4,1
129.5128144081682,3,11,2
129.5327762630768,3,6,1
129.5534419780597,3,7,1
129.56285575404763,11,6,1
129.57605342799798,4,11,2
129.5843058109749,11,7,1
129.59876561001875,4,6,1
129.60868929116987,7,11,2
129.6215429350268,4,7,1
129.62227471615188,8,11,2
129.62297615595162,12,11,2
129.62369300611317,6,11,2
129.62437369511463,1,11,2
129.6291930009611,7,6,1
129.65189616405405,12,6,1
129.6526908359956,6,7,1
129.6534527579788,7,5,1
129.6542105190456,8,6,1
129.65497339097783,1,6,1
129.68375496496446,1,7,1
129.68457940896042,8,7,1
129.68534334003925,12,7,1
129.68675919016823,6,5,1
129.70081764808856,1,5,1
129.70338377007283,5,11,2
129.70427513611503,12,5,1
129.705043788068,8,5,1
129.72552235703915,5,6,1
129.72637454094365,9,11,2
129.74734040396288,5,7,1
129.74871930317022,9,6,1
129.76662960997783,9,7,1
129.7862273650244,9,5,1
129.7993075440172,2,11,2
129.81579831102863,2,6,1
129.83158587804064,2,7,1
129.84550239215605,2,5,1
129.90734350215644,0,11,2
129.92336455499753,0,6,1
129.93395513412543,10,11,2
129.94124482106417,0,7,1
129.95501203113236,10,6,1
129.95698422612622,0,5,1
129.97443850012496,10,7,1
129.99039328214712,10,5,1
130.0173679050058,3,5,1
130.06229910603724,11,5,1
130.0774121240247,4,5,1
130.08143502799794,11,9,1
130.09849329013377,4,9,1
130.1180815550033,11,10,2
130.11918097594753,12,9,1
130.12031243811361,7,9,1
130.12154966196977,6,9,1
130.12258223211393,1,9,1
130.12360678100958,4,10,2
130.12464187014848,8,9,1
130.14505995810032,1,10,2
130.14578943816014,7,10,2
130.1731563829817,6,10,2
130.17433748603798,12,10,2
130.17747644498013,8,10,2
130.19750939216465,5,9,1
130.22053763410076,5,10,2
130.22239077603444,9,10,2
130.24297341913916,5,12,2
130.2443192671053,9,12,2
130.30025089904666,2,9,1
130.32027660496533,2,10,2
130.3398064780049,2,12,2
130.40884229214862,0,9,1
130.43134439899586,10,9,1
130.43208149913698,0,10,2
130.45289934799075,0,12,2
130.45360112795606,10,12,2
130.51082183700055,3,9,1
130.53319771005772,3,10,2
130.5530738530215,3,12,2
130.5582391989883,11,12,2
130.57608894398436,11,8,1
130.57792042614892,4,12,2
130.60265007498674,4,8,1
130.61373963905498,7,12,2
130.61737958202139,6,12,2
130.61856244597584,1,12,2
130.6196331861429,12,8,1
130.62071366701275,8,12,2
130.63601824897341,6,8,1
130.6395693300292,1,8,1
130.64090403798036,7,8,1
130.6974654281512,5,8,1
130.7219779221341,9,8,1
130.8025211310014,2,8,1
130.90784269105643,0,8,1
130.9331156660337,10,8,1
131.00955132814124,3,8,1
136.93218278815039,10,0,1
137.0106866590213,3,0,1
137.0607975870371,11,0,1
137.0738363249693,4,0,1
137.11594251706265,12,0,1
137.11672527901828,7,0,1
137.11744882003404,6,0,1
137.118129999144,8,0,1
137.11881116800942,1,0,1
137.1955399690196,5,0,1
137.22030974016525,5,2,1
137.22488284902647,9,0,1
137.24517591297626,9,2,1
137.30117691797204,2,0,1
137.41180923907086,0,2,1
137.4337271580007,10,2,1
137.51258275005966,3,2,1
137.56258369400166,11,2,1
137.57493522414006,4,2,1
137.61413163295947,7,2,1
137.61878408514895,12,2,1
137.6195308661554,6,2,1
137.6202503859531,1,2,1
137.6209600761067,8,2,1
138.41162253706716,0,1,1
138.43323426903225,10,1,1
138.5164948250167,3,1,1
138.5620782240294,11,1,1
138.5748394150287,4,1,1
138.58535346295685,11,3,1
138.59903129003942,4,3,1
138.61780592100695,11,4,1
138.61877881898545,7,1,1
138.61957247112878,12,1,1
138.62027554097585,6,1,1
138.6209653110709,1,3,1
138.62169171101414,8,1,1
138.64752872195095,7,3,1
138.6483234751504,12,3,1
138.6490440950729,8,3,1
138.64972378406674,6,3,1
138.65040480298921,1,4,1
138.67224523215555,12,4,1
138.68266641604714,7,4,1
138.68353218096308,6,4,1
138.68436534400098,8,4,1
138.69764766003937,5,1,1
138.72157178702764,5,3,1
138.72236584010534,9,1,1
138.74245357816108,9,3,1
138.74317672802135,5,4,1
138.7603802450467,9,4,1
138.80300220102072,2,1,1
138.82457876205444,2,3,1
138.84357732906938,2,4,1
138.91187383094802,0,3,1
138.93360516615212,0,4,1
138.93488317308947,10,3,1
138.95422031008638,10,4,1
139.00932933902368,3,4,1
139.51290648709983,3,11,2
139.53313564904965,3,6,1
139.55209310608916,3,7,1
139.5631690591108,11,6,1
139.57610541512258,4,11,2
139.58602716610767,11,7,1
139.59885522909462,4,6,1
139.6156105331611,12,11,2
139.61809008312412,7,11,2
139.62250455794856,4,7,1
139.62357705808245,1,11,2
139.62454506615177,8,11,2
139.62554965401068,6,11,2
139.64459805306979,7,6,1
139.64554108004086,12,6,1
139.64859490608796,6,7,1
139.6493366570212,1,6,1
139.6500512470957,8,6,1
139.6892898781225,7,5,1
139.6901290609967,12,7,1
139.6905974750407,1,7,1
139.69110141904093,8,7,1
139.69164333399385,6,5,1
139.7004585340619,5,11,2
139.70397475315258,12,5,1
139.70939045608975,1,5,1
139.7097224360332,8,5,1
139.72288913815282,5,6,1
139.72398136905394,9,11,2
139.74236937006935,5,7,1
139.74627572996542,9,6,1
139.78732236195356,9,7,1
139.8050971440971,2,11,2
139.80836184695363,9,5,1
139.82509954995476,2,6,1
139.84392376313917,2,7,1
139.85936932009645,2,5,1
139.91028992109932,0,11,2
139.93293260107748,0,6,1
139.93424931913614,10,11,2
139.95455616316758,0,7,1
139.95581547915936,10,6,1
139.97039507096633,0,5,1
139.97534420108423,10,7,1
139.9908482399769,10,5,1
140.01620400696993,3,5,1
140.0626762821339,11,5,1
140.07775647914968,4,5,1
140.08097450993955,11,9,1
140.1134888799861,7,9,1
140.11441189609468,12,9,1
140.11518846801482,11,10,2
140.11600057105534,4,9,1
140.11738349008374,6,9,1
140.1181499620434,1,9,1
140.11890655313618,8,9,1
140.14115606294945,12,10,2
140.14197996607982,4,10,2
140.14275250816718,7,10,2
140.17156811314635,6,10,2
140.17235395498574,1,10,2
140.17310908716172,8,10,2
140.19555937196128,5,9,1
140.21867581596598,5,10,2
140.2224299821537,9,10,2
140.24056058516726,5,12,2
140.242466339143,9,12,2
140.29711796506308,2,9,1
140.313426297158,2,10,2
140.32866703812033,2,12,2
140.40872397297062,0,9,1
140.43075997708365,0,10,2
140.43204119312577,10,9,1
140.4524828910362,0,12,2
140.45323561294936,10,12,2
140.51166376611218,3,9,1
140.53564123413526,3,10,2
140.55856194300577,3,12,2
140.5593961670529,11,12,2
140.57426437712274,4,12,2
140.57680368912406,11,8,1
140.59135708096437,4,8,1
140.61301568406634,7,12,2
140.61440811306238,12,8,1
140.6173153349664,1,12,2
140.61805095616728,8,12,2
140.61874144594185,6,12,2
140.6361436380539,7,8,1
140.6398395721335,1,8,1
140.64056261302903,6,8,1
140.69836578913964,5,8,1
140.7228063500952,9,8,1
140.80203653196804,2,8,1
140.91059586405754,0,8,1
140.9337602290325,10,8,1
141.0087314301636,3,8,1
146.9322922800202,10,0,1
147.0108676131349,3,0,1
147.0607442939654,11,0,1
147.07481142203324,4,0,1
147.1168301110156,12,0,1
147.11762244300917,1,0,1
147.11831354303285,7,0,1
147.11899378197268,8,0,1
147.11970831197686,6,0,1
147.1978586029727,5,0,1
147.22086292412132,5,2,1
147.22158831497654,9,0,1
147.24171846406534,9,2,1
147.30090196896344,2,0,1
147.41109052696265,0,2,1
147.43408723711036,10,2,1
147.5126085090451,3,2,1
147.5627342769876,11,2,1
147.57535697403364,4,2,1
147.6161717690993,12,2,1
147.61773040308617,7,2,1
147.61978537216783,8,2,1
147.62052114214748,1,2,1
147.62121231202036,6,2,1
148.41116871195845,0,1,1
148.43354881508276,10,1,1
148.5148839170579,3,1,1
148.5620328001678,11,1,1
148.57783536799252,4,1,1
148.58137215813622,11,4,1
148.60421794396825,11,3,1
148.6089899991639,4,3,1
148.61763207404874,1,4,1
148.61869974411093,7,1,1
148.61972571304068,8,1,1
148.62076154211536,12,1,1
148.62186255306005,6,1,1
148.64479587203823,1,3,1
148.6458528121002,7,4,1
148.64683384005912,8,4,1
148.64787895907648,12,4,1
148.64910053415224,6,4,1
148.67290750797838,7,3,1
148.67509069899097,6,3,1
148.67901100008748,8,3,1
148.68259133212268,12,3,1
148.69950912008062,5,1,1
148.7219684261363,5,4,1
148.72298380499706,9,1,1
148.74423847603612,5,3,1
148.74536298797466,9,4,1
148.76493327110074,9,3,1
148.8027299309615,2,1,1
148.8229882440064,2,4,1
148.84368794900365,2,3,1
148.91104419506155,0,4,1
148.93401470500976,0,3,1
148.9350441840943,10,4,1
148.95555264502764,10,3,1
149.01601490494795,3,4,1
149.51217929413542,3,11,2
149.53260930115357,3,6,1
149.553788861027,3,7,1
149.5629204690922,11,6,1
149.57695007603616,4,11,2
149.58434160496108,11,7,1
149.59987046499737,4,6,1
149.61931796511635,12,11,2
149.62115199607797,7,11,2
149.62218932597898,8,11,2
149.62336090905592,6,11,2
149.62449133116752,1,11,2
149.62554105115123,4,7,1
149.6485756719485,7,6,1
149.64957171096466,12,6,1
149.65054017794318,8,6,1
149.65157890808769,6,7,1
149.6527259000577,1,6,1
149.68529611104168,12,7,1
149.68760799709707,7,5,1
149.68877285998315,8,7,1
149.68988713109866,6,5,1
149.6909061500337,1,7,1
149.70528299710713,1,5,1
149.70615741214715,12,5,1
149.70685611106455,5,11,2
149.708172329003,8,5,1
149.72589743998833,9,11,2
149.72738325200044,5,6,1
149.74621717515402,5,7,1
149.74756968393922,9,6,1
149.7677388540469,9,7,1
149.78403453505598,9,5,1
149.80364390998147,2,11,2
149.82480263803154,2,6,1
149.84451862610877,2,7,1
149.86088734911755,2,5,1
149.91146355005912,0,11,2
149.9349387951661,0,6,1
149.93569612596184,10,11,2
149.95787463407032,0,7,1
149.95915491995402,10,6,1
149.97613700013608,0,5,1
149.9786159300711,10,7,1
149.99613462598063,10,5,1
150.0145434171427,3,5,1
150.06256304611452,11,5,1
150.07546445098706,4,5,1
150.08629210712388,11,10,2
150.0966693700757,4,10,2
150.1192622401286,11,9,1
150.1215066430159,7,10,2
150.12249209103175,12,10,2
150.12325788312592,4,9,1
150.12400961411186,8,10,2
150.1247491950635,1,10,2
150.1254532551393,6,10,2
150.1447705209721,12,9,1
150.173897405155,1,9,1
150.1751526510343,8,9,1
150.17592670302838,7,9,1
150.17663953313604,6,9,1
150.19850040203892,5,10,2
150.21857268898748,5,9,1
150.22335032513365,9,10,2
150.23747452395037,5,12,2
150.24557799403556,9,12,2
150.302280388074,2,10,2
150.32033858913928,2,9,1
150.3390650190413,2,12,2
150.4112221400719,0,10,2
150.43140626209788,0,9,1
150.43242989014834,10,9,1
150.45281707704999,0,12,2
150.4538227149751,10,12,2
150.5123645120766,3,10,2
150.53051798511297,3,9,1
150.55266104196198,3,12,2
150.55469358013943,11,12,2
150.56609321199358,11,8,1
150.5752789520193,4,12,2
150.59560715709813,4,8,1
150.6124479130376,12,8,1
150.61445234995335,7,12,2
150.62019541300833,1,12,2
150.62089906306937,8,12,2
150.62216764804907,6,12,2
150.6338874900248,7,8,1
150.6449090121314,1,8,1
150.64560847193934,6,8,1
150.69775214698166,5,8,1
150.72206034511328,9,8,1
150.80217656097375,2,8,1
150.9109559690114,0,8,1
150.9336316511035,10,8,1
151.00891705113463,3,8,1
156.93209651415236,10,0,1
157.01122973300517,3,0,1
157.06095088995062,11,0,1
157.07505591912195,4,0,1
157.11191110196523,7,0,1
157.11265488294885,12,0,1
157.11627892497927,8,0,1
157.11697492515668,6,0,1
157.11769502516836,1,0,1
157.19685741513968,5,0,1
157.2200772620272,9,0,1
157.2212994871661,5,2,1
157.23689492815174,9,2,1
157.30054608895443,2,0,1
157.4110942359548,0,2,1
157.4346956340596,10,2,1
157.51286389608867,3,2,1
157.56330307316966,11,2,1
157.57680566515774,4,2,1
157.61402817815542,7,2,1
157.6182137359865,12,2,1
157.6193229481578,6,2,1
157.62034988706,8,2,1
157.62139077601023,1,2,1
158.41115098097362,0,1,1
158.43335445900448,10,1,1
158.51502685900778,3,1,1
158.5621771630831,11,1,1
158.57523655309342,4,1,1
158.58455798705108,11,4,1
158.6004860070534,4,3,1
158.6160993289668,11,3,1
158.61813465715386,7,1,1
158.61929927906021,12,1,1
158.61963714915328,8,1,1
158.62026555696502,6,1,1
158.6205828159582,1,4,1
158.64601812511683,7,4,1
158.64658588101156,1,3,1
158.64709561597556,12,4,1
158.64762544096448,8,4,1
158.6481396651361,6,4,1
158.68488113512285,8,3,1
158.68558971513994,7,3,1
158.6862687440589,12,3,1
158.68697284394875,6,3,1
158.69959066109732,5,1,1
158.7231665381696,5,4,1
158.72442719410174,9,1,1
158.74481288995594,5,3,1
158.74604570516385,9,4,1
158.7649148190394,9,3,1
158.8020723410882,2,1,1
158.8215602620039,2,4,1
158.8402270800434,2,3,1
158.9062912890222,0,4,1
158.92922970815562,0,3,1
158.93461095099337,10,4,1
158.95519891311415,10,3,1
159.01180738396943,3,4,1
159.51213402999565,3,11,2
159.53181901713833,3,6,1
159.55276003899053,3,7,1
159.56211038399488,11,6,1
159.57683249004185,4,11,2
159.57855800911784,11,7,1
159.59732414013706,4,6,1
159.61889133998193,12,11,2
159.61972258402966,7,11,2
159.62173155113123,4,7,1
159.62311844015494,1,11,2
159.6239074121695,6,11,2
159.6246760240756,8,11,2
159.6462023530621,12,6,1
159.65087521495298,7,6,1
159.65166364703327,6,7,1
159.65241898898967,1,6,1
159.65317545994185,8,6,1
159.66186824603938,12,7,1
159.68685379298404,1,7,1
159.68762641516514,8,7,1
159.6883165440522,6,5,1
159.6889953140635,7,5,1
159.68967285309918,12,5,1
159.70042260712944,1,5,1
159.70113598695025,8,5,1
159.70237768208608,5,11,2
159.7248373781331,5,6,1
159.72555103804916,9,11,2
159.74480876303278,5,7,1
159.74607117916457,9,6,1
159.76451169000939,9,7,1
159.7801946841646,9,5,1
159.80371122900397,2,11,2
159.82404879503883,2,6,1
159.84341843309812,2,7,1
159.85882360907272,2,5,1
159.91291110916063,0,11,2
159.93541780509986,0,6,1
159.93646813509986,10,11,2
159.95721624209546,0,7,1
159.95823120116256,10,6,1
159.9749550439883,0,5,1
159.97696165111847,10,7,1
159.99249804997817,10,5,1
160.01344021316618,3,5,1
160.05834678397514,11,5,1
160.07776434300467,4,5,1
160.07898854697123,11,10,2
160.0954067320563,11,9,1
160.1058813079726,4,10,2
160.11649938905612,7,10,2
160.12105332803912,1,10,2
160.12216531904414,12,10,2
160.12325073010288,6,10,2
160.12443729303777,4,9,1
160.12584749306552,8,10,2
160.14087006798945,7,9,1
160.17184714507312,12,9,1
160.17260465607978,1,9,1
160.1732958960347,6,9,1
160.17515851813368,8,9,1
160.1974669690244,5,10,2
160.21601239405572,5,9,1
160.2228838680312,9,10,2
160.23532674112357,5,12,2
160.24318131315522,9,12,2
160.30230439500883,2,10,2
160.32048449013382,2,9,1
160.33934641396627,2,12,2
160.4118883360643,0,10,2
160.43234408507124,10,9,1
160.43307988601737,0,9,1
160.4533218080178,0,12,2
160.45521572208963,10,12,2
160.51249593216926,3,10,2
160.5309667950496,3,9,1
160.55356646399014,3,12,2
160.5628707180731,11,12,2
160.57369137415662,4,12,2
160.57861497299746,11,8,1
160.59405390010215,4,8,1
160.61367213516496,7,12,2
160.61478178715333,12,8,1
160.61818868294358,6,12,2
160.61902298615314,1,12,2
160.61975015699863,8,12,2
160.63839065399952,6,8,1
160.63966301013716,1,8,1
160.64035259000957,7,8,1
160.69697813200764,5,8,1
160.72299061808735,9,8,1
160.8022944519762,2,8,1
160.91087602404878,0,8,1
160.933372420026,10,8,1
161.00824726908468,3,8,1
166.93222144898027,10,0,1
167.0149332890287,3,0,1
167.06037956499495,11,0,1
167.07390976813622,4,0,1
167.1165959550999,1,0,1
167.1175330921542,7,0,1
167.11823936202563,8,0,1
167.11893350095488,12,0,1
167.11966282199137,6,0,1
167.19587399810553,5,0,1
167.219080185052,5,2,1
167.22161901602522,9,0,1
167.24189914995804,9,2,1
167.30075659509748,2,0,1
167.41196647216566,0,2,1
167.43395163398236,10,2,1
167.5129428980872,3,2,1
167.56237999699079,11,2,1
167.57621914916672,4,2,1
167.61491952394135,12,2,1
167.6159911339637,7,2,1
167.61932815797627,1,2,1
167.62018295214511,8,2,1
167.6209235030692,6,2,1
168.41148069896735,0,1,1
168.43400689703412,10,1,1
168.51460003713146,3,1,1
168.5534034250304,11,1,1
168.563911492005,11,4,1
168.57708347495645,11,3,1
168.5802648649551,4,1,1
168.61362992902286,7,1,1
168.61438359995373,8,1,1
168.61508035007864,12,1,1
168.61581046995707,4,3,1
168.6178975701332,6,1,1
168.61938193207607,1,4,1
168.63607143308036,7,4,1
168.636758483015,12,4,1
168.63797967811115,8,4,1
168.64043344696984,6,4,1
168.64632620406337,1,3,1
168.65809511695988,7,3,1
168.65931878099218,8,3,1
168.66002503107302,12,3,1
168.66070793103427,6,3,1
168.6962331959512,5,1,1
168.71821631817147,5,4,1
168.72319261799566,9,1,1
168.74004052509554,5,3,1
168.74075290514156,9,4,1
168.7561179699842,9,3,1
168.8028229610063,2,1,1
168.8227970059961,2,4,1
168.8426569979638,2,3,1
168.91032032296062,0,4,1
168.93307360610925,0,3,1
168.93380899704061,10,4,1
168.95446503115818,10,3,1
169.01403175713494,3,4,1
169.42740309098735,10,11,2
169.51288129994646,3,11,2
169.53332507796586,3,6,1
169.55045645311475,3,7,1
169.56277387100272,11,6,1
169.5768465399742,4,11,2
169.58339569508098,11,7,1
169.59943029796705,4,6,1
169.61980851506814,7,11,2
169.6205223449506,12,11,2
169.62121056509204,6,11,2
169.6224402100779,8,11,2
169.62312264903449,1,11,2
169.62384127895348,4,7,1
169.64715319895186,7,6,1
169.64819416799583,12,6,1
169.64919191598892,6,7,1
169.65020693512633,8,6,1
169.65130529599264,1,6,1
169.6842286880128,12,7,1
169.68902667309158,7,5,1
169.68972558295354,8,7,1
169.69042051304132,6,5,1
169.69430237310007,5,11,2
169.69583576614968,12,5,1
169.6965348259546,1,7,1
169.70694883004762,5,6,1
169.7077645030804,8,5,1
169.72000197996385,5,7,1
169.72072157007642,1,5,1
169.72196310502477,9,11,2
169.73726874799468,9,6,1
169.75320693897083,9,7,1
169.76905724708922,9,5,1
169.80266542802565,2,11,2
169.8237533851061,2,6,1
169.84236692101695,2,7,1
169.8579264320433,2,5,1
169.91116810799576,0,11,2
169.93397905305028,0,6,1
169.9346835031174,10,6,1
169.95551180304028,0,7,1
169.95740172616206,10,7,1
169.97098303004168,0,5,1
169.9777892031707,10,5,1
170.01747383503243,3,5,1
170.06228384305723,11,5,1
170.07592739909887,4,5,1
170.08291506697424,11,10,2
170.09822951001115,4,10,2
170.10372003517114,11,9,1
170.11751494603232,7,10,2
170.11997612495907,12,10,2
170.12110734707676,4,9,1
170.1230376821477,6,10,2
170.12410871195607,8,10,2
170.12519726296887,1,10,2
170.17184392316267,1,9,1
170.17259313398972,7,9,1
170.1753516420722,8,9,1
170.17608874314465,12,9,1
170.17677765199915,6,9,1
170.1973066229839,5,10,2
170.21592423017137,5,9,1
170.2227947351057,9,10,2
170.23521514609456,5,12,2
170.24322046199813,9,12,2
170.30215227906592,2,10,2
170.3203048731666,2,9,1
170.34007202205248,2,12,2
170.4114992429968,0,10,2
170.43208173615858,10,9,1
170.43281800602563,0,9,1
170.45375116798095,0,12,2
170.45567088294774,10,12,2
170.51332454406656,3,10,2
170.53661392303184,3,9,1
170.55913210008293,3,12,2
170.55990219209343,11,12,2
170.57786763017066,4,12,2
170.57857877016068,11,8,1
170.60097189294174,4,8,1
170.60740473493934,7,12,2
170.6165328840725,12,8,1
170.62062894902192,8,12,2
170.62138377106749,6,12,2
170.62207061005756,1,12,2
170.62436443497427,7,8,1
170.64184392010793,6,8,1
170.64755722112022,1,8,1
170.6970462319441,5,8,1
170.72395038302056,9,8,1
170.80283342394978,2,8,1
170.91170947509818,0,8,1
170.93314775102772,10,8,1
171.00900165713392,3,8,1
176.9320362659637,10,0,1
177.01488847006112,3,0,1
177.06068829610012,11,0,1
177.0749008981511,4,0,1
177.11284959106706,12,0,1
177.11424502101727,7,0,1
177.11693500704132,1,0,1
177.11766874813475,8,0,1
177.11836310708895,6,0,1
177.19576037698425,5,0,1
177.22027453011833,5,2,1
177.22156880702823,9,0,1
177.24225954315625,9,2,1
177.30052462103777,2,0,1
177.41160154296085,0,2,1
177.43411860009655,10,2,1
177.5129583911039,3,2,1
177.55474499310367,11,2,1
177.5722970799543,4,2,1
177.61840606410988,12,2,1
177.61876714415848,7,2,1
177.61908595310524,1,2,1
177.61978012300096,8,2,1
177.62047878210433,6,2,1
178.41104010795243,0,1,1
178.4334428519942,10,1,1
178.51503623998724,3,1,1
178.56167779001407,11,1,1
178.57483855215833,11,4,1
178.5773811941035,4,1,1
178.58612379105762,11,3,1
178.59948655916378,4,3,1
178.60340883000754,12,1,1
178.61531411716715,1,4,1
178.6161512711551,7,1,1
178.61691719200462,8,1,1
178.61833881307393,12,4,1
178.61998538905755,6,1,1
178.63838907005265,12,3,1
178.63918993296102,1,3,1
178.64277638401836,6,4,1
178.64360973704606,7,4,1
178.64437585906126,8,4,1
178.68230639211833,7,3,1
178.68312358600087,8,3,1
178.68572936905548,6,3,1
178.69924230105244,5,1,1
178.71449211309664,9,1,1
178.72459655907005,5,4,1
178.72590998606756,9,4,1
178.7370320810005,9,3,1
178.74432182707824,5,3,1
178.79372075409628,2,1,1
178.80418549012393,2,4,1
178.8152659139596,2,3,1
178.91093879099935,0,4,1
178.92500287806615,10,4,1
178.931166713126,0,3,1
178.936510814121,10,3,1
179.00934529514052,3,4,1
179.5126215419732,3,11,2
179.5322171470616,3,6,1
179.55121918511577,3,7,1
179.56377305998467,11,6,1
179.57600782602094,4,11,2
179.58495125896297,11,7,1
179.5976946291048,4,6,1
179.6154959029518,12,11,2
179.61935324198566,7,11,2
179.6222985649947,4,7,1
179.62303849612363,1,11,2
179.62381949904375,6,11,2
179.62450786796398,8,11,2
179.6439553280361,7,6,1
179.64466619794257,12,6,1
179.64806588413194,8,6,1
179.6720250020735,6,7,1
179.6727630631067,1,6,1
179.68666159594432,7,5,1
179.6874977000989,12,7,1
179.6919402659405,6,5,1
179.694104537135,8,7,1
179.69992382102646,12,5,1
179.70066460198723,1,7,1
179.70361427613534,5,11,2
179.71235360298306,8,5,1
179.72166396607645,5,6,1
179.7229517630767,1,5,1
179.72424866911024,9,11,2
179.7325013030786,5,7,1
179.74339427100495,9,6,1
179.78333895094693,9,7,1
179.80200448911637,9,5,1
179.80413223896176,2,11,2
179.8238144761417,2,6,1
179.84291221713647,2,7,1
179.8586702919565,2,5,1
179.9115098870825,0,11,2
179.93395178206265,0,6,1
179.93468180298805,10,11,2
179.95626470306888,0,7,1
179.95754362014122,10,6,1
179.97494784207083,0,5,1
179.97653679712676,10,7,1
179.9921709690243,10,5,1
180.01076980493963,3,5,1
180.0540949611459,11,5,1
180.06952523812652,11,10,2
180.069944600109,4,5,1
180.08327267714776,11,9,1
180.0845280420035,4,10,2
180.0993690220639,4,9,1
180.1079194340855,7,10,2
180.1125726851169,8,10,2
180.11337896808982,1,10,2
180.1139982661698,12,10,2
180.11432812502608,6,10,2
180.1182365361601,7,9,1
180.13006903999485,8,9,1
180.13040719996206,12,9,1
180.1307477899827,6,9,1
180.13106404896826,1,9,1
180.19779763696715,5,10,2
180.21692139701918,9,10,2
180.21873841900378,5,9,1
180.22945780213922,9,12,2
180.23884420795366,5,12,2
180.2937539110426,2,10,2
180.30386378709227,2,9,1
180.3142032099422,2,12,2
180.41317309997976,0,10,2
180.43366408906877,0,9,1
180.43441175995395,10,9,1
180.45537233399227,0,12,2
180.45681408396922,10,12,2
180.51345912716351,3,10,2
180.5336038370151,3,9,1
180.5561006530188,11,12,2
180.55682962411083,3,12,2
180.56804722105153,11,8,1
180.57490383507684,4,12,2
180.5979702679906,4,8,1
180.6147059709765,7,12,2
180.6156272571534,12,8,1
180.61857499997132,8,12,2
180.61928155994974,1,12,2
180.61999089014716,6,12,2
180.6378075950779,7,8,1
180.64142850716598,1,8,1
180.64213491696864,6,8,1
180.69753289408982,5,8,1
180.72199218603782,9,8,1
180.80301643908024,2,8,1
180.9109587520361,0,8,1
180.93365687411278,10,8,1
181.0088785220869,3,8,1
186.93243998102844,10,0,1
187.01534068607725,3,0,1
187.061107971007,11,0,1
187.0737751889974,4,0,1
187.1133763201069,7,0,1
187.1141196009703,12,0,1
187.11721323803067,8,0,1
187.11796064907685,6,0,1
187.11865090904757,1,0,1
187.19571810914204,5,0,1
187.2195151920896,5,2,1
187.22081767907366,9,0,1
187.24068077094853,9,2,1
187.30066750803962,2,0,1
187.41180463205092,0,2,1
187.43373619299382,10,2,1
187.51321575115435,3,2,1
187.56229676911607,11,2,1
187.57553187408485,4,2,1
187.61532651004381,12,2,1
187.61611175211146,7,2,1
187.619608001085,6,2,1
187.62042340403423,1,2,1
187.6211278841365,8,2,1
188.41173985996284,0,1,1
188.43323391815647,10,1,1
188.51446241606027,3,1,1
188.56193241896108,11,1,1
188.57528731715865,4,1,1
188.5840394049883,11,4,1
188.60618979111314,4,3,1
188.61477620410733,11,3,1
188.6155625160318,7,1,1
188.61626183614135,12,1,1
188.61943342606537,1,4,1
188.62019673804753,8,1,1
188.62091611814685,6,1,1
188.6315305980388,12,4,1
188.64631677605212,1,3,1
188.647039397154,7,4,1
188.67194609111175,8,4,1
188.67265841108747,12,3,1
188.67337195202708,6,4,1
188.68856442114338,7,3,1
188.6893372531049,8,3,1
188.69426847295836,5,1,1
188.6955989911221,6,3,1
188.70434663794003,5,4,1
188.71497808909044,5,3,1
188.72472932515666,9,1,1
188.74511726107448,9,4,1
188.7566431169398,9,3,1
188.80247515416704,2,1,1
188.82288889214396,2,4,1
188.84335228102282,2,3,1
188.910152340075,0,4,1
188.9334376291372,0,3,1
188.9341547889635,10,4,1
188.95465679909103,10,3,1
189.01228835014626,3,4,1
189.5127003560774,3,11,2
189.53263967996463,3,6,1
189.55155688500963,3,7,1
189.56265864009038,11,6,1
189.5761983320117,4,11,2
189.58334286510944,11,7,1
189.59649971709587,4,6,1
189.61739969812334,7,11,2
189.61814641905949,12,11,2
189.6210986331571,4,7,1
189.62179476208985,6,11,2
189.62248276197352,1,11,2
189.6231697711628,8,11,2
189.64653863199055,12,6,1
189.64736835611984,1,6,1
189.6481423380319,7,6,1
189.6488280671183,8,6,1
189.64950951607898,6,7,1
189.67671179608442,12,7,1
189.67796399095096,6,5,1
189.6790907131508,1,7,1
189.68020024499856,7,5,1
189.68122239410877,8,7,1
189.68698921706527,12,5,1
189.69133420893922,1,5,1
189.6989779160358,8,5,1
189.7003399641253,5,11,2
189.72301260614768,5,6,1
189.72390251094475,9,11,2
189.74394965800457,5,7,1
189.74540127906948,9,6,1
189.76284047216177,9,7,1
189.77861717902124,9,5,1
189.80285805393942,2,11,2
189.82367765414529,2,6,1
189.84386348514818,2,7,1
189.86032334994525,2,5,1
189.91130010201596,0,11,2
189.9342227410525,0,6,1
189.93526115012355,10,11,2
189.95589032396674,0,7,1
189.95690578315407,10,6,1
189.97328909602948,0,5,1
189.9755261989776,10,7,1
189.99054317409173,10,5,1
190.0122298579663,3,5,1
190.0626577141229,11,5,1
190.07560915104114,4,5,1
190.08482286101207,11,10,2
190.11250462499447,4,10,2
190.11843855213374,11,9,1
190.11914472212084,7,10,2
190.11987981316634,12,10,2
190.1205728831701,8,10,2
190.121255712118,6,10,2
190.12197214202024,1,10,2
190.1271448880434,4,9,1
190.14686597697437,6,9,1
190.1717366001103,1,9,1
190.172489291057,7,9,1
190.17317153094336,8,9,1
190.1744186859578,12,9,1
190.19773648609407,5,10,2
190.21884813299403,5,9,1
190.22278796415776,9,10,2
190.2420833799988,5,12,2
190.24334033601917,9,12,2
190.3018012989778,2,10,2
190.31965502514504,2,9,1
190.33910150500014,2,12,2
190.41199951712042,0,10,2
190.43252406804822,0,9,1
190.43323638802394,10,9,1
190.45325380400755,0,12,2
190.45450359908864,10,12,2
190.51265675504692,3,10,2
190.53378004208207,3,9,1
190.55522778909653,11,12,2
190.55614221515134,3,12,2
190.56589681096375,11,8,1
190.57558782515116,4,12,2
190.59970531705767,4,8,1
190.61638139910065,7,12,2
190.61809243704192,12,8,1
190.62000684114173,6,12,2
190.62071542115882,8,12,2
190.62139825103804,1,12,2
190.637502706144,7,8,1
190.64297012099996,6,8,1
190.64450723398477,1,8,1
190.69674406200647,5,8,1
190.72275783796795,9,8,1
190.79801536700688,2,8,1
190.91128012095578,0,8,1
190.93414631811902,10,8,1
191.00885017216206,3,8,1
196.92674933513626,10,0,1
197.00541061116382,3,0,1
197.06077225715853,11,0,1
197.07409174414352,4,0,1
197.11199909611605,7,0,1
197.11272759595886,12,0,1
197.1164160510525,1,0,1
197.11716423206963,8,0,1
197.11785376211628,6,0,1
197.19512131717056,5,0,1
197.21970706316642,5,2,1
197.22097117896192,9,0,1
197.24079887010157,9,2,1
197.3005495700054,2,0,1
197.41272289305925,0,2,1
197.43452271004207,10,2,1
197.50591248902492,3,2,1
197.5624420491513,11,2,1
197.5768951170612,4,2,1
197.61288240505382,7,2,1
197.6159252510406,12,2,1
197.61953995400108,1,2,1
197.62025136407465,6,2,1
197.62093914300203,8,2,1
198.41070509515703,0,1,1
198.43328151409514,10,1,1
198.50734368897974,3,1,1
198.56180767016485,11,1,1
198.57830326608382,4,1,1
198.58175355405547,11,4,1
198.60616792505607,11,3,1
198.60690951603465,4,3,1
198.61529077310115,7,1,1
198.61606115405448,12,1,1
198.61965601611882,8,1,1
198.62068426515907,6,1,1
198.62166261300445,1,4,1
198.64453677996062,8,4,1
198.64555347897112,12,4,1
198.6465323860757,7,4,1
198.6475793060381,6,4,1
198.64873262913898,1,3,1
198.6759846690111,7,3,1
198.67711037094705,12,3,1
198.6781086900737,8,3,1
198.67915806896053,6,3,1
198.69750619796105,5,1,1
198.7208397879731,5,4,1
198.72265794011764,9,1,1
198.74224506411701,5,3,1
198.7432539530564,9,4,1
198.76273067411967,9,3,1
198.80294557102025,2,1,1
198.82261415803805,2,4,1
198.84227085416205,2,3,1
198.9106337269768,0,4,1
198.93388314498588,0,3,1
198.9348880839534,10,4,1
198.95527403010055,10,3,1
199.00752051896416,3,4,1
199.50734613812529,3,11,2
199.52248985599726,3,7,1
199.54199991794303,3,6,1
199.56377611402422,11,7,1
199.57698677806184,4,11,2
199.58597679203376,11,6,1
199.60053700394928,4,7,1
199.61819763411768,12,11,2
199.61890980415046,7,11,2
199.622682511108,6,11,2
199.62375127105042,4,6,1
199.62472828803584,1,11,2
199.62594003300183,8,11,2
199.6477572300937,12,7,1
199.64877514913678,7,6,1
199.64976148703136,8,7,1
199.65076827513985,6,7,1
199.67189791309647,1,7,1
199.68681539501995,8,6,1
199.68811833206564,6,5,1
199.68881546217017,1,6,1
199.68950096098706,7,5,1
199.69018531008624,12,6,1
199.70493980799802,1,5,1
199.70563607709482,5,11,2
199.70721949194558,8,5,1
199.70794507302344,12,5,1
199.71470089396462,9,11,2
199.72738383198157,9,7,1
199.7295348730404,5,7,1
199.73807367496192,9,6,1
199.74813803914003,5,6,1
199.77552294405177,9,5,1
199.80291008902714,2,11,2
199.8239050731063,2,7,1
199.843744964106,2,6,1
199.8603238130454,2,5,1
199.91137899807654,0,11,2
199.93403688794933,0,7,1
199.9347461280413,10,11,2
199.95591310807504,0,6,1
199.95717812306248,10,7,1
199.97299373010173,0,5,1
199.97528500505723,10,6,1
199.9902529490646,10,5,1
200.01323451916687,3,5,1
200.06211587204598,11,5,1
200.07614624802954,4,5,1
200.08524307608604,11,10,2
200.10537933604792,4,10,2
200.11489996500313,11,9,1
200.1162090820726,12,10,2
200.11959223798476,7,10,2
200.12071721907705,1,10,2
200.12177627906203,8,10,2
200.1227584669832,6,10,2
200.1237912659999,4,9,1
200.17198782996275,1,9,1
200.1733151380904,12,9,1
200.17458940297365,8,9,1
200.1757718869485,7,9,1
200.17781604500487,6,9,1
200.19657503510825,5,10,2
200.21477794996463,5,9,1
200.22311471612193,9,10,2
200.2340189840179,5,12,2
200.24281201302074,9,12,2
200.30200521810912,2,10,2
200.32106442702934,2,9,1
200.3413892320823,2,12,2
200.41059743007645,0,10,2
200.43129533505999,0,9,1
200.43200354510918,10,9,1
200.4530617611017,0,12,2
200.454320037039,10,12,2
200.51291112415493,3,10,2
200.533145257039,3,9,1
200.55550694908015,3,12,2
200.55845394311473,11,12,2
200.5778364010621,11,8,1
200.579522799002,4,12,2
200.60529162804596,4,8,1
200.61691582598723,7,12,2
200.61811060016043,12,8,1
200.61913878913037,8,12,2
200.62019928894006,6,12,2
200.62124358909205,1,12,2
200.642255933024,7,8,1
200.64326316211373,6,8,1
200.64428750099614,1,8,1
200.69684911705554,5,8,1
200.72407465800643,9,8,1
200.80232043098658,2,8,1
200.91078312904574,0,8,1
200.93360931496136,10,8,1
201.00920103304088,3,8,1
206.9244498971384,10,0,1
207.01070970715955,3,0,1
207.05320293898694,11,0,1
207.07410905114375,4,0,1
207.1079020369798,12,0,1
207.10894936602563,7,0,1
207.110836540116,6,0,1
207.11208955501206,1,0,1
207.1131698761601,8,0,1
207.12709998013452,1,2,1
207.12827510316856,8,2,1
207.12940047495067,6,2,1
207.19491094816476,5,0,1
207.21876080310903,5,2,1
207.22151443106122,9,0,1
207.2423366601579,9,2,1
207.30056298710406,2,0,1
207.41204417007975,0,2,1
207.4348857861478,10,2,1
207.51250449195504,3,2,1
207.56230573100038,11,2,1
207.57583232410252,4,2,1
207.61163045605645,12,2,1
207.61267693596892,7,2,1
208.41226206510328,0,1,1
208.4337607130874,10,1,1
208.5165712251328,3,1,1
208.56209756294265,11,1,1
208.5753731089644,4,1,1
208.5821793009527,11,4,1
208.6071081671398,4,3,1
208.60797899099998,11,3,1
208.61388919805177,8,1,1
208.6145971689839,12,1,1
208.61615820298903,7,1,1
208.61788908205926,1,4,1
208.61860828194767,6,1,1
208.62662831903435,8,4,1
208.64222130994312,8,3,1
208.64300630195066,12,4,1
208.6437548629474,6,4,1
208.64447737298906,1,3,1
208.64516606298275,7,4,1
208.68092314503156,12,3,1
208.6833295931574,7,3,1
208.68416142603382,6,3,1
208.69568250211887,5,1,1
208.7158874240704,5,4,1
208.7240084130317,9,1,1
208.7338249210734,5,3,1
208.74370652111247,9,4,1
208.76315328106284,9,3,1
208.80205980106257,2,1,1
208.82229393394664,2,4,1
208.84294492797926,2,3,1
208.9058939490933,0,4,1
208.91955649503507,0,3,1
208.93249040096998,10,4,1
208.95398962916806,10,3,1
209.0131493730005,3,4,1
209.51328806113452,3,11,2
209.53297549812123,3,6,1
209.55198087496683,3,7,1
209.56250482308678,11,6,1
209.57618165016174,4,11,2
209.58370451210067,11,7,1
209.60055805905722,4,6,1
209.61882269615307,7,11,2
209.61959482799284,8,11,2
209.6203194980044,12,11,2
209.62103973911144,6,11,2
209.6217866600491,1,11,2
209.6224713991396,4,7,1
209.64895452815108,7,6,1
209.64997309702449,6,7,1
209.65078676003031,12,6,1
209.67163435998373,1,6,1
209.6723295401316,8,6,1
209.6854249399621,12,7,1
209.6880999461282,7,5,1
209.68896301998757,8,7,1
209.68966125999577,6,5,1
209.69038388994522,1,7,1
209.69683115300722,12,5,1
209.69938611495309,5,11,2
209.70763933798298,8,5,1
209.70833951816894,1,5,1
209.72115877107717,5,6,1
209.72532131895423,9,11,2
209.74441345897503,5,7,1
209.74592104111798,9,6,1
209.7773657210637,9,7,1
209.793150637066,9,5,1
209.80224077403545,2,11,2
209.82228321116418,2,6,1
209.8416928211227,2,7,1
209.85699786315672,2,5,1
209.91147679509595,0,11,2
209.93369202315807,0,6,1
209.93523380695842,10,11,2
209.95520095108077,0,7,1
209.95743299508467,10,6,1
209.97164048603736,0,5,1
209.97805784805678,10,7,1
209.99529398605227,10,5,1
210.01517338794656,3,5,1
210.05979285016656,11,5,1
210.07707756897435,4,5,1
210.08034247113392,11,10,2
210.10390630806796,11,9,1
210.10467099002562,4,10,2
210.11747982213274,7,10,2
210.12069558305666,6,10,2
210.12142848409712,12,10,2
210.1221523641143,1,10,2
210.1228696249891,8,10,2
210.12358387513086,4,9,1
210.14333796314895,7,9,1
210.14610142097808,12,9,1
210.14681908208877,8,9,1
210.1475704931654,1,9,1
210.14827497303486,6,9,1
210.19749813503586,5,10,2
210.21565568912774,5,9,1
210.22279876098037,9,10,2
210.23466407693923,5,12,2
210.24275528616272,9,12,2
210.30234300112352,2,10,2
210.3213917100802,2,9,1
210.34230948216282,2,12,2
210.41140490607359,0,10,2
210.43230791809037,0,9,1
210.43305042898282,10,9,1
210.45425877906382,0,12,2
210.45496353902854,10,12,2
210.5131139140576,3,10,2
210.53323732316494,3,9,1
210.55294955102727,3,12,2
210.55807073507458,11,12,2
210.5720087699592,4,12,2
210.5739669550676,11,8,1
210.58990695606917,4,8,1
210.6139721670188,7,12,2
210.61721840896644,1,12,2
210.61798474006355,8,12,2
210.6186778000556,12,8,1
210.61936127906665,6,12,2
210.63713204208761,7,8,1
210.6401817081496,6,8,1
210.6408731781412,1,8,1
210.69653535215184,5,8,1
210.72384879505262,9,8,1
210.8030695260968,2,8,1
210.91147701302543,0,8,1
210.9335751880426,10,8,1
211.01342823612504,3,8,1
216.92415673704818,10,0,1
217.01218434702605,3,0,1
217.05331092095003,11,0,1
217.07372031803243,4,0,1
217.11513042915612,7,0,1
217.11644244706258,12,0,1
217.11714184703305,6,0,1
217.11783824604936,8,0,1
217.11851333500817,1,0,1
217.19498657807708,5,0,1
217.2168306170497,5,2,1
217.22082894900814,9,0,1
217.24097688915208,9,2,1
217.30053862417117,2,0,1
217.40487412596121,0,2,1
217.43359670811333,10,2,1
217.51326977205463,3,2,1
217.5624087820761,11,2,1
217.5759811559692,4,2,1
217.61582801304758,7,2,1
217.61654507298954,12,2,1
217.61778099811636,8,2,1
217.6194898970425,1,2,1
217.62019306700677,6,2,1
218.40593239315785,0,1,1
218.43296971800737,10,1,1
218.5200549310539,3,1,1
218.5620301491581,11,1,1
218.57513933908194,4,1,1
218.58489849604666,11,3,1
218.5985974429641,4,3,1
218.60913307103328,11,4,1
218.61508161900565,7,1,1
218.61702071409672,12,1,1
218.617710334016,8,1,1
218.61941342195496,1,3,1
218.62066406710073,6,1,1
218.64522956195287,12,3,1
218.6459297221154,6,3,1
218.64661653107032,7,3,1
218.64729584008455,1,4,1
218.64799784007482,8,3,1
218.6773415200878,12,4,1
218.68734139297158,7,4,1
218.68807542393915,8,4,1
218.68875658302568,6,4,1
218.69779740902595,5,1,1
218.72215299797244,5,3,1
218.72287693805993,9,1,1
218.74180419417098,5,4,1
218.74711324414238,9,3,1
218.76670667808503,9,4,1
218.8020752291195,2,1,1
218.82385780499317,2,3,1
218.84324892400764,2,4,1
218.91191066615283,0,3,1
218.93389888806269,0,4,1
218.93597606616095,10,3,1
218.95634796307422,10,4,1
219.0130757871084,3,4,1
219.5125570059754,3,11,2
219.53276720806025,3,6,1
219.55327722802758,3,7,1
219.56396096013486,11,6,1
219.57575520407408,4,11,2
219.58632302307524,11,7,1
219.59635599702597,4,6,1
219.6170796630904,7,11,2
219.62022724212147,12,11,2
219.6209743230138,4,7,1
219.621676472947,6,11,2
219.6223641920369,8,11,2
219.62304937210865,1,11,2
219.64456438017078,7,6,1
219.64797317702323,12,6,1
219.64866433595307,6,7,1
219.6493729359936,8,6,1
219.6506068611052,1,6,1
219.68610127596185,7,5,1
219.6868016750086,12,7,1
219.68753215600736,6,5,1
219.68999389512464,8,7,1
219.69069018494338,1,7,1
219.69854989694431,12,5,1
219.70426398911513,5,11,2
219.70647395215929,8,5,1
219.70716830110177,1,5,1
219.72572031617165,9,11,2
219.7269803120289,5,6,1
219.74585498613305,5,7,1
219.7465577761177,9,6,1
219.7649012741167,9,7,1
219.7808877469506,9,5,1
219.8031170561444,2,11,2
219.8243078950327,2,6,1
219.84332259302028,2,7,1
219.85968676605262,2,5,1
219.91149205109105,0,11,2
219.93442194000818,0,6,1
219.93516586115584,10,11,2
219.95654285605997,0,7,1
219.9572490651626,10,6,1
219.97686851001345,0,5,1
219.97757386998273,10,7,1
219.99518149904907,10,5,1
220.01770218508318,3,5,1
220.06220480403863,11,5,1
220.0746992379427,4,5,1
220.08507658098824,11,10,2
220.11486824415624,12,10,2
220.1158086610958,11,9,1
220.11656974209473,4,10,2
220.11817475804128,7,10,2
220.11893854895607,1,10,2
220.1197631531395,6,10,2
220.12052747397684,8,10,2
220.1411438670475,4,9,1
220.14250066597015,1,9,1
220.1431999350898,12,9,1
220.1719514890574,7,9,1
220.17467379616573,6,9,1
220.17711401497945,8,9,1
220.19914082810283,5,10,2
220.2149590360932,5,9,1
220.22303686407395,9,10,2
220.23535469197668,5,12,2
220.24301505903713,9,12,2
220.3022819859907,2,10,2
220.32135232514702,2,9,1
220.34092742903158,2,12,2
220.41158346715383,0,10,2
220.43351995805278,0,9,1
220.4345470070839,10,9,1
220.45520012103952,0,12,2
220.45626034098677,10,12,2
220.51338089699857,3,10,2
220.53314683609642,3,9,1
220.5566613310948,11,12,2
220.55769635015167,3,12,2
220.57103677815758,11,8,1
220.572916271165,4,12,2
220.58979954896495,4,8,1
220.60867718211375,7,12,2
220.61726350616664,8,12,2
220.61801933706738,6,12,2
220.61874448810704,12,8,1
220.62024853006005,1,12,2
220.6294445800595,7,8,1
220.64079481107183,1,8,1
220.64149720105343,6,8,1
220.6930189181585,5,8,1
220.72335683600977,9,8,1
220.80251241615042,2,8,1
220.91132905404083,0,8,1
220.9335907730274,10,8,1
221.0097754590679,3,8,1
226.9324084711261,10,0,1
227.01159909111448,3,0,1
227.0610227889847,11,0,1
227.07476552808657,4,0,1
227.11407262994908,1,0,1
227.11507493909448,7,0,1
227.116094697034,12,0,1
227.1170711349696,6,0,1
227.11821257695556,8,0,1
227.19499671901576,5,0,1
227.21677917498164,5,2,1
227.22096280404367,9,0,1
227.24102549115196,9,2,1
227.30065710796043,2,0,1
227.41157602495514,0,2,1
227.43376961303875,10,2,1
227.51218072115444,3,2,1
227.56281116395257,11,2,1
227.57234928314574,4,2,1
227.5990479879547,7,2,1
227.61569543904625,1,2,1
227.61699021607637,12,2,1
227.6182344709523,6,2,1
227.6189184100367,8,2,1
228.41051252209581,0,1,1
228.43316219211556,10,1,1
228.51456834515557,3,1,1
228.56217367202044,11,1,1
228.57868737913668,4,1,1
228.58192319096997,11,4,1
228.61323847598396,12,1,1
228.61394872609526,11,3,1
228.6146343459841,4,3,1
228.61534828599542,7,1,1
228.61680960701779,1,4,1
228.61848785495386,8,1,1
228.61917675402947,6,1,1
228.62725452310406,12,4,1
228.63656447594985,7,4,1
228.63911541807465,1,3,1
228.64272207999602,12,3,1
228.64341257000342,6,4,1
228.64411789015867,8,4,1
228.652467956068,7,3,1
228.68057887116447,6,3,1
228.68146809609607,8,3,1
228.69266698299907,5,1,1
228.70852588210255,5,4,1
228.7248861740809,5,3,1
228.72566140606068,9,1,1
228.745066445088,9,4,1
228.7642046660185,9,3,1
228.8026810050942,2,1,1
228.82395288697444,2,4,1
228.84381420910358,2,3,1
228.91010818397626,0,4,1
228.93337522214279,0,3,1
228.93408821197227,10,4,1
228.9545140999835,10,3,1
229.0160561411176,3,4,1
229.51282966299914,3,11,2
229.53326912107877,3,6,1
229.5539728361182,3,7,1
229.5643501400482,11,6,1
229.57883824012242,4,11,2
229.5871669051703,11,7,1
229.60080875107087,4,6,1
229.6061034409795,12,11,2
229.6113877601456,7,11,2
229.6216792811174,1,11,2
229.62237622099929,8,11,2
229.62305773003027,6,11,2
229.62378406105563,12,6,1
229.6250090659596,4,7,1
229.63180581806228,7,6,1
229.6433224431239,12,7,1
229.6478068609722,8,6,1
229.6484925900586,6,7,1
229.67233979399316,1,6,1
229.676822460955,7,5,1
229.6780504360795,12,5,1
229.68749035312794,8,7,1
229.6882074130699,6,5,1
229.6898206290789,1,7,1
229.70318462699652,5,11,2
229.7051327021327,1,5,1
229.70581896207295,8,5,1
229.72760481806472,5,6,1
229.72831305814907,9,11,2
229.74832594394684,5,7,1
229.75053607602604,9,6,1
229.769941565115,9,7,1
229.7866326670628,9,5,1
229.80263528996147,2,11,2
229.82329517509788,2,6,1
229.84202291397378,2,7,1
229.85764443594962,2,5,1
229.91141229704954,0,11,2
229.93378743017092,0,6,1
229.93448741012253,10,11,2
229.95538059109822,0,7,1
229.95665960712358,10,6,1
229.97306432109326,0,5,1
229.97557959216647,10,7,1
229.99094568705186,10,5,1
230.00913250097074,3,5,1
230.06300406507216,11,5,1
230.07525752205402,4,5,1
230.08657383196987,11,10,2
230.09718763199635,4,10,2
230.12134963506833,11,9,1
230.12213630694896,7,10,2
230.1228939089924,8,10,2
230.12363595003262,12,10,2
230.12433149013668,4,9,1
230.12505288003013,1,10,2
230.12574169016443,6,10,2
230.1477428120561,1,9,1
230.1484559820965,8,9,1
230.17193628614768,12,9,1
230.1750985761173,6,9,1
230.17654373706318,7,9,1
230.19879606598988,5,10,2
230.2190123880282,5,9,1
230.2227462141309,9,10,2
230.24132951907814,5,12,2
230.24275090009905,9,12,2
230.3020883379504,2,10,2
230.32069557416253,2,9,1
230.34053856600076,2,12,2
230.41049731406383,0,10,2
230.43168477411382,0,9,1
230.43242187495343,10,9,1
230.45358352316543,0,12,2
230.4548666891642,10,12,2
230.5126602340024,3,10,2
230.53066378296353,3,9,1
230.55188762396574,3,12,2
230.55425021098927,11,12,2
230.56498882407323,11,8,1
230.57534937816672,4,12,2
230.59613079507835,4,8,1
230.61135111609474,7,12,2
230.61400678101927,12,8,1
230.61778376810253,8,12,2
230.6184754271526,1,12,2
230.61915123602375,6,12,2
230.63170181098394,7,8,1
230.64064985513687,6,8,1
230.6413364841137,1,8,1
230.69722469500266,5,8,1
230.72381585696712,9,8,1
230.80253560398705,2,8,1
230.91055679903366,0,8,1
230.93346075713634,10,8,1
231.00858063204214,3,8,1
236.92779344297014,10,0,1
237.0108300319407,3,0,1
237.0607800250873,11,0,1
237.07318682596087,4,0,1
237.11539279995486,8,0,1
237.1161373311188,7,0,1
237.11682438012213,6,0,1
237.11749942903407,12,0,1
237.11888294899836,1,0,1
237.19652783498168,5,0,1
237.21871952316724,5,2,1
237.22081583202817,9,0,1
237.24023564113304,9,2,1
237.29714290099218,2,0,1
237.41238788096234,0,2,1
237.43414880614728,10,2,1
237.51554421894252,3,2,1
237.55874667013995,11,2,1
237.57141007808968,4,2,1
237.60148306912743,7,2,1
237.60203034500591,12,2,1
237.61126204603352,1,2,1
237.6118344219867,6,2,1
237.61425964115188,8,2,1
238.4111496009864,0,1,1
238.43340125097893,10,1,1
238.51461363816634,3,1,1
238.56233774800785,11,1,1
238.5747240681667,4,1,1
238.58259130106308,11,4,1
238.60103220213205,4,3,1
238.6039620549418,11,3,1
238.6157729991246,7,1,1
238.61879201512784,6,1,1
238.61950552510098,12,1,1
238.6202107849531,8,1,1
238.62142318906263,1,4,1
238.64525165315717,6,4,1
238.64594361302443,7,4,1
238.6466247420758,12,4,1
238.64730258099735,8,4,1
238.64801216102205,1,3,1
238.6850465789903,12,3,1
238.68576620914973,7,3,1
238.68645148794167,6,3,1
238.6871274979785,8,3,1
238.69675716012716,5,1,1
238.71797704999335,5,4,1
238.72185464994982,9,1,1
238.74013413698412,5,3,1
238.74167770100757,9,4,1
238.76106868917122,9,3,1
238.80324557214044,2,1,1
238.82314585498534,2,4,1
238.84223396494053,2,3,1
238.91051178611815,0,4,1
238.92939194012433,10,4,1
238.93141883797944,0,3,1
238.94265721505508,10,3,1
239.0119298051577,3,4,1
239.5140637580771,3,11,2
239.5353134891484,3,6,1
239.55511122895405,3,7,1
239.5641699160915,11,6,1
239.57954351999797,4,11,2
239.58913802099414,11,7,1
239.60085643315688,4,6,1
239.61772139999084,7,11,2
239.61843727016822,12,11,2
239.6191304901149,8,11,2
239.62124772998504,4,7,1
239.62255990714766,6,11,2
239.62325961701572,1,11,2
239.64722415502183,12,6,1
239.64800672698766,7,6,1
239.64870026614517,1,6,1
239.64938239613548,6,7,1
239.65006427513435,8,6,1
239.68973529711366,12,7,1
239.6908482189756,6,5,1
239.6915931100957,1,7,1
239.6923167600762,7,5,1
239.69300685008056,8,7,1
239.69702526298352,5,11,2
239.70846925699152,8,5,1
239.70972421299666,12,5,1
239.71041061216965,1,5,1
239.71926080202684,5,6,1
239.72402976709418,9,11,2
239.7413490570616,5,7,1
239.7448221950326,9,6,1
239.76368768909015,9,7,1
239.78636704012752,9,5,1
239.80371217103675,2,11,2
239.82473216601647,2,6,1
239.84378922497854,2,7,1
239.86024586996064,2,5,1
239.91157371201552,0,11,2
239.93370148795657,0,6,1
239.93496557394974,10,11,2
239.95562466816045,0,7,1
239.95634840801358,10,6,1
239.97327237715945,0,5,1
239.97596061299555,10,7,1
239.99251628201455,10,5,1
240.0043104949873,3,5,1
240.06261097406968,11,5,1
240.07644235505722,4,5,1
240.08506562910043,11,10,2
240.10594136011787,4,10,2
240.1152258219663,11,9,1
240.11671534413472,12,10,2
240.11750997696072,7,10,2
240.12108608800918,1,10,2
240.12190839112736,8,10,2
240.1226714430377,6,10,2
240.12450537504628,4,9,1
240.13138223905116,12,9,1
240.17189735500142,7,9,1
240.1764219130855,6,9,1
240.1776673491113,8,9,1
240.17889906396158,1,9,1
240.1891775841359,5,10,2
240.2003845211584,5,9,1
240.21418325114064,5,12,2
240.22235384304076,9,10,2
240.24225237499923,9,12,2
240.30212128907442,2,10,2
240.32104979408905,2,9,1
240.34152573300526,2,12,2
240.41126586613245,0,10,2
240.4314737180248,0,9,1
240.43280996498652,10,9,1
240.45393049297854,0,12,2
240.4551850289572,10,12,2
240.51257386198267,3,10,2
240.530686234124,3,9,1
240.5506506289821,3,12,2
240.55817366112024,11,12,2
240.5763011740055,11,8,1
240.57966518914327,4,12,2
240.6087972430978,4,8,1
240.61358745908365,7,12,2
240.61734711495228,12,8,1
240.61834750301205,8,12,2
240.61933775106445,1,12,2
240.62042209203355,6,12,2
240.64164347294718,7,8,1
240.6423452720046,6,8,1
240.6430277021136,1,8,1
240.69674642104656,5,8,1
240.72375149512663,9,8,1
240.79764876514673,2,8,1
240.91077728499658,0,8,1
240.93397337105125,10,8,1
241.00892365095206,3,8,1
246.93226311495528,10,0,1
247.01066287211142,3,0,1
247.06090522301383,11,0,1
247.07471838407218,4,0,1
247.115985032171,12,0,1
247.1171221639961,7,0,1
247.1180957709439,6,0,1
247.1191016600933,1,0,1
247.1204039361328,8,0,1
247.195268423995,5,0,1
247.21883456106298,5,2,1
247.22096166107804,9,0,1
247.24045771197416,9,2,1
247.3006941860076,2,0,1
247.4115356609691,0,2,1
247.43438434810378,10,2,1
247.512574109016,3,2,1
247.56275947811082,11,2,1
247.57724205800332,4,2,1
247.61764507112093,7,2,1
247.61865925998427,12,2,1
247.61972064012662,8,2,1
247.6207002471201,6,2,1
247.62183444900438,1,2,1
248.40694481600076,0,1,1
248.4332568901591,10,1,1
248.51776322117075,3,1,1
248.56252094707452,11,1,1
248.57653960306197,4,1,1
248.58522236905992,11,4,1
248.6000215881504,4,3,1
248.6178770030383,12,1,1
248.61871268600225,11,3,1
248.6194973590318,7,1,1
248.62021195911802,8,1,1
248.62093425914645,1,4,1
248.621623178944,6,1,1
248.64660660503432,12,4,1
248.64748520008288,8,4,1
248.6482953231316,7,4,1
248.64907640498132,6,4,1
248.64985036710277,1,3,1
248.67794005107135,7,3,1
248.6800195099786,6,3,1
248.68111226102337,12,3,1
248.68188686296344,8,3,1
248.70119885914028,5,1,1
248.72533663199283,5,4,1
248.72604900202714,9,1,1
248.74747325805947,9,4,1
248.74818430794403,5,3,1
248.76785229402594,9,3,1
248.80215242505074,2,1,1
248.8219105741009,2,4,1
248.84211895498447,2,3,1
248.91050508012995,0,4,1
248.93518876796588,10,4,1
248.93592650815845,0,3,1
248.95619793212973,10,3,1
249.01278797304258,3,4,1
249.51234633196145,3,11,2
249.5324011601042,3,6,1
249.55149170896038,3,7,1
249.56303590605967,11,6,1
249.5767039230559,4,11,2
249.58413256308995,11,7,1
249.5996266710572,4,6,1
249.6179665599484,7,11,2
249.61870534112677,8,11,2
249.61939591006376,12,11,2
249.62189601105638,4,7,1
249.62259170110337,1,11,2
249.62326960009523,6,11,2
249.64721165713854,7,6,1
249.64801569003612,1,6,1
249.64877503109165,12,6,1
249.64952690294012,8,6,1
249.6502736939583,6,7,1
249.68676914600655,12,7,1
249.68753242795356,6,5,1
249.6882275971584,7,5,1
249.68891948694363,8,7,1
249.68960082600825,1,7,1
249.70197312603705,12,5,1
249.70378884812817,1,5,1
249.70504868309945,5,11,2
249.70573688298464,8,5,1
249.72485290304758,5,6,1
249.7262192920316,9,11,2
249.74459474207833,5,7,1
249.74807049008086,9,6,1
249.76638264814392,9,7,1
249.78251906507649,9,5,1
249.79648394905962,2,11,2
249.8171919551678,2,6,1
249.83722717198543,2,7,1
249.85297298710793,2,5,1
249.91121175396256,0,11,2
249.9337897230871,0,6,1
249.93448877311312,10,11,2
249.95549548696727,0,7,1
249.95674917311408,10,6,1
249.97318324702792,0,5,1
249.97606540913694,10,7,1
249.9927828621585,10,5,1
250.01796808396466,3,5,1
250.06290214508772,11,5,1
250.07654718100093,4,5,1
250.08639611909166,11,10,2
250.11373370303772,4,10,2
250.117071907036,7,10,2
250.11813874705695,11,9,1
250.11928395996802,6,10,2
250.12037831102498,1,10,2
250.12139814905822,8,10,2
250.12243070895784,12,10,2
250.14224688895047,4,9,1
250.1434233719483,7,9,1
250.1718386260327,6,9,1
250.17215245496482,1,9,1
250.1724704541266,12,9,1
250.17277887300588,8,9,1
250.2000581040047,5,10,2
250.22171786706895,9,10,2
250.22275266610086,5,9,1
250.23984179995023,9,12,2
250.24337841011584,5,12,2
250.30272130807862,2,10,2
250.32105309702456,2,9,1
250.3408585069701,2,12,2
250.41128386906348,0,10,2
250.43197391415015,0,9,1
250.4329720621463,10,9,1
250.45342747098766,0,12,2
250.4544600599911,10,12,2
250.51213599112816,3,10,2
250.52996882610023,3,9,1
250.54972027498297,3,12,2
250.55468940502033,11,12,2
250.56859595910646,11,8,1
250.56931681907736,4,12,2
250.5809018369764,4,8,1
250.61340815597214,7,12,2
250.61414090706967,12,8,1
250.61763042514212,8,12,2
250.61833433504216,6,12,2
250.61902420502156,1,12,2
250.63695272197947,7,8,1
250.64062679605559,6,8,1
250.64132359600626,1,8,1
250.69616841711104,5,8,1
250.72397797298618,9,8,1
250.8026618589647,2,8,1
250.91080331802368,0,8,1
250.93332526506856,10,8,1
251.0086346049793,3,8,1
256.9327028540429,10,0,1
257.0152055879589,3,0,1
257.06083972915076,11,0,1
257.0748922571074,4,0,1
257.11280258907937,12,0,1
257.11469140206464,7,0,1
257.11672169994563,1,0,1
257.117414918961,6,0,1
257.11864236416295,8,0,1
257.19832068705,5,0,1
257.2213845499791,5,2,1
257.2221212510485,9,0,1
257.24242209503427,9,2,1
257.3002913619857,2,0,1
257.41149293701164,0,2,1
257.4374742619693,10,2,1
257.5146051431075,3,2,1
257.5640438820701,11,2,1
257.58293807599694,4,2,1
257.614274952095,7,2,1
257.6150159931276,12,2,1
257.61890722298995,1,2,1
257.61968264495954,8,2,1
257.6204834480304,6,2,1
258.41098324698396,0,1,1
258.4336666781455,10,1,1
258.51521378499456,3,1,1
258.56198279815726,11,1,1
258.5776743609458,4,1,1
258.58202022407204,11,4,1
258.60158618795685,4,3,1
258.6147250891663,11,3,1
258.6177133140154,12,1,1
258.61950469505973,7,1,1
258.62028863700107,6,1,1
258.6210106271319,1,4,1
258.6217547180131,8,1,1
258.64591997209936,12,4,1
258.6472603289876,6,4,1
258.6480078010354,1,3,1
258.6487015699968,7,4,1
258.6493902299553,8,4,1
258.6751072870102,7,3,1
258.67587817902677,12,3,1
258.67660509003326,8,3,1
258.67865830799565,6,3,1
258.6966442861594,5,1,1
258.7212811531499,5,4,1
258.726293415064,9,1,1
258.7411736960057,5,3,1
258.7501837511081,9,4,1
258.769306801958,9,3,1
258.79797204211354,2,1,1
258.8133260970935,2,4,1
258.829240817111,2,3,1
258.91115195304155,0,4,1
258.93429637816735,0,3,1
258.9351479220204,10,4,1
258.9572115561459,10,3,1
259.01285055000335,3,4,1
259.5123688080348,3,11,2
259.5323028420098,3,6,1
259.55134223098867,3,7,1
259.5625032160897,11,6,1
259.57906368514523,4,11,2
259.5829129139893,11,7,1
259.60367028112523,4,6,1
259.6153388109524,7,11,2
259.6185531320516,1,11,2
259.6195216991473,12,11,2
259.6214437640738,8,11,2
259.6222553269472,6,11,2
259.62358655408025,4,7,1
259.6421564090997,1,6,1
259.64610764104873,6,7,1
259.6469526051078,12,6,1
259.64778100908734,8,6,1
259.6485417999793,7,6,1
259.65872588800266,1,7,1
259.6891388481017,8,7,1
259.6899704521056,12,7,1
259.6907405741513,6,5,1
259.6915434061084,1,5,1
259.6923081681598,7,5,1
259.69306565914303,5,11,2
259.7052624539938,8,5,1
259.7059712850023,12,5,1
259.7067089350894,5,6,1
259.7247948171571,5,7,1
259.7265623169951,9,11,2
259.7483893041499,9,6,1
259.76978538907133,9,7,1
259.78535035904497,9,5,1
259.80346783204004,2,11,2
259.8245427380316,2,6,1
259.84511878015473,2,7,1
259.862012488069,2,5,1
259.9117424450815,0,11,2
259.9344929680228,0,6,1
259.9352302791085,10,11,2
259.95604538801126,0,7,1
259.9573251339607,10,6,1
259.9736765259877,0,5,1
259.9762503791135,10,7,1
259.99107715813443,10,5,1
260.01692342897877,3,5,1
260.06289631011896,11,5,1
260.0775392539799,4,5,1
260.0825007241219,11,9,1
260.1159314799588,12,9,1
260.1167576031294,4,9,1
260.11757864709944,7,9,1
260.1183221770916,8,9,1
260.1190174270887,11,10,2
260.119745698059,6,9,1
260.12046716804616,1,9,1
260.12684005801566,12,10,2
260.1424114690162,4,10,2
260.1431744899601,8,10,2
260.17195223411545,1,10,2
260.1726360539906,7,10,2
260.1733190929517,6,10,2
260.19523877301253,5,9,1
260.2185000311583,5,10,2
260.22527642315254,9,10,2
260.2375611800235,5,12,2
260.24661217606626,9,12,2
260.3000610980671,2,9,1
260.32004973315634,2,10,2
260.3399104650598,2,12,2
260.40916170412675,0,9,1
260.4327188900206,0,10,2
260.43342364998534,10,9,1
260.4556812590454,0,12,2
260.45678343996406,10,12,2
260.5114233561326,3,9,1
260.5336171439849,3,10,2
260.55721074109897,3,12,2
260.558553308947,11,12,2
260.57469775597565,11,8,1
260.5754032160621,4,12,2
260.59212749800645,4,8,1
260.6156008031685,7,12,2
260.61632962315343,12,8,1
260.6196129960008,1,12,2
260.62031498597935,8,12,2
260.6209977550898,6,12,2
260.64396193413995,1,8,1
260.64465566398576,7,8,1
260.64533714414574,6,8,1
260.69709497806616,5,8,1
260.7223270209506,9,8,1
260.8034739161376,2,8,1
260.912524121115,0,8,1
260.9337660721503,10,8,1
261.00970242894255,3,8,1
266.9321419589687,10,0,1
267.0125278229825,3,0,1
267.0607958980836,11,0,1
267.07489006617106,4,0,1
267.11343064601533,7,0,1
267.1141889381688,12,0,1
267.11765911616385,1,0,1
267.11838654614985,6,0,1
267.11908045597374,8,0,1
267.1984346101526,5,0,1
267.224109247094,5,2,1
267.2255627780687,9,0,1
267.245792289963,9,2,1
267.3004594161175,2,0,1
267.4116010190919,0,2,1
267.43427718104795,10,2,1
267.5134669111576,3,2,1
267.56258060014807,11,2,1
267.57581178401597,4,2,1
267.6145996809937,7,2,1
267.6153492219746,12,2,1
267.619028887013,8,2,1
267.61981537914835,6,2,1
267.6205318090506,1,2,1
268.41095316503197,0,1,1
268.43313280213624,10,1,1
268.51682708901353,3,1,1
268.56223821407184,11,1,1
268.5751838500146,4,1,1
268.582737673074,11,4,1
268.59637738903984,4,3,1
268.61560699297115,7,1,1
268.6163360341452,11,3,1
268.61706332396716,12,1,1
268.6205237021204,8,1,1
268.6212248620577,6,1,1
268.6219074311666,1,4,1
268.6452995031141,12,4,1
268.6460631049704,1,3,1
268.64678461500444,8,4,1
268.6475094060879,7,4,1
268.64819970494136,6,4,1
268.6742838330101,12,3,1
268.6750335141551,8,3,1
268.6757708750665,6,3,1
268.6829631780274,7,3,1
268.69733444508165,5,1,1
268.71918396209367,5,4,1
268.72391850710846,9,1,1
268.7408816860989,5,3,1
268.7452200790867,9,4,1
268.76546867215075,9,3,1
268.80193387297913,2,1,1
268.8214442350436,2,4,1
268.8406225370709,2,3,1
268.91112119099125,0,4,1
268.9346558470279,0,3,1
268.9353670971468,10,4,1
268.9575620251708,10,3,1
269.0136123399716,3,4,1
269.5129461630713,3,11,2
269.5345686050132,3,6,1
269.55415752902627,3,7,1
269.5630935509689,11,6,1
269.57605209806934,4,11,2
269.58516111504287,11,7,1
269.59795548697,4,6,1
269.6180610060692,7,11,2
269.61908604507335,12,11,2
269.6225959940348,4,7,1
269.62365244398825,1,11,2
269.6247260540258,8,11,2
269.62593316915445,6,11,2
269.6468380400911,7,6,1
269.64790533995256,12,6,1
269.6489000180736,6,7,1
269.6499492281582,1,6,1
269.65123226400465,8,6,1
269.6797255601268,12,7,1
269.6807584289927,1,7,1
269.6828544989694,6,5,1
269.68410035409033,7,5,1
269.68511788197793,8,7,1
269.7022670779843,8,5,1
269.7032904170919,12,5,1
269.7043245260138,1,5,1
269.7053643150721,5,11,2
269.7304013229441,9,11,2
269.7317618520465,5,6,1
269.74772074306384,5,7,1
269.7548934461083,9,6,1
269.7721217139624,9,7,1
269.78389651700854,9,5,1
269.80309917009436,2,11,2
269.8235122070182,2,6,1
269.84300000802614,2,7,1
269.85873698303476,2,5,1
269.91130311996676,0,11,2
269.933927240083,0,6,1
269.93577169207856,10,11,2
269.95505519700237,0,7,1
269.9575093470048,10,6,1
269.9706874799449,0,5,1
269.97804952808656,10,7,1
269.9948306819424,10,5,1
270.0137672580313,3,5,1
270.0624589549843,11,5,1
270.07521624607034,4,5,1
270.0832644640468,11,10,2
270.1031515961513,4,10,2
270.10538630909286,11,9,1
270.1193139629904,1,10,2
270.1204161441419,7,10,2
270.1213841519784,8,10,2
270.12235182896256,12,10,2
270.1234023689758,6,10,2
270.1244095270522,4,9,1
270.14510854310356,7,9,1
270.1458539541345,6,9,1
270.14655006397516,1,9,1
270.1723209321499,8,9,1
270.1757013981696,12,9,1
270.2008707099594,5,10,2
270.221965076169,5,9,1
270.2231221490074,9,10,2
270.24245329597034,5,12,2
270.243410252966,9,12,2
270.30259447707795,2,10,2
270.32100938796066,2,9,1
270.3408533290494,2,12,2
270.41223298804834,0,10,2
270.4331281289924,0,9,1
270.43383041908965,10,9,1
270.45480798208155,0,12,2
270.4560762681067,10,12,2
270.51351751293987,3,10,2
270.53558111703023,3,9,1
270.5593377989717,3,12,2
270.56012424104847,11,12,2
270.57310130796395,4,12,2
270.57555668707937,11,8,1
270.59373369114473,4,8,1
270.6172930379398,12,8,1
270.6181025810074,6,12,2
270.6188922531437,7,12,2
270.6196334240958,8,12,2
270.6203285739757,1,12,2
270.6378331989981,6,8,1
270.6412821961567,1,8,1
270.64197242609225,7,8,1
270.6973531320691,5,8,1
270.724405487068,9,8,1
270.80274956300855,2,8,1
270.9122176291421,0,8,1
270.9349591319915,10,8,1
271.0096386850346,3,8,1
276.93214223114774,10,0,1
277.0114229840692,3,0,1
277.0603051460348,11,0,1
277.0743970349431,4,0,1
277.11381144006737,12,0,1
277.11458142101765,7,0,1
277.11812960216776,6,0,1
277.11884042201564,1,0,1
277.11956319212914,8,0,1
277.19876506202854,5,0,1
277.22210594196804,5,2,1
277.2228179820813,9,0,1
277.24251625011675,9,2,1
277.3008120791055,2,0,1
277.412620251067,0,2,1
277.4337254080456,10,2,1
277.5132741769776,3,2,1
277.56264250399545,11,2,1
277.5763382911682,4,2,1
277.6137135180179,12,2,1
277.6144903500099,7,2,1
277.6183079581242,1,2,1
277.6190447891131,8,2,1
277.61976927914657,6,2,1
278.4116483060643,0,1,1
278.4332453671377,10,1,1
278.5167746790685,3,1,1
278.5620246389881,11,1,1
278.57786905695684,4,1,1
278.5825256691314,11,4,1
278.6011123249773,4,3,1
278.6149372460786,12,1,1
278.6157391781453,11,3,1
278.6164420680143,7,1,1
278.61959479702637,8,1,1
278.62031852803193,1,4,1
278.62100155698135,6,1,1
278.6438396531157,7,4,1
278.64462105510756,12,4,1
278.64534766599536,6,4,1
278.64603585517034,1,3,1
278.6467187551316,8,4,1
278.67999934614636,8,3,1
278.68268875195645,6,3,1
278.6834210921079,7,3,1
278.6841430030763,12,3,1
278.69191858312115,5,1,1
278.70543390512466,5,4,1
278.7224380259868,5,3,1
278.72458414710127,9,1,1
278.7458723189775,9,4,1
278.76513177296147,9,3,1
278.8023942671716,2,1,1
278.82335660001263,2,4,1
278.84450635896064,2,3,1
278.9106049579568,0,4,1
278.933795214165,0,3,1
278.9345066640526,10,4,1
278.95528548094444,10,3,1
279.01300404407084,3,4,1
279.51225720415823,3,11,2
279.53220864897594,3,6,1
279.55153535516,3,7,1
279.5636863289401,11,6,1
279.57645796006545,4,11,2
279.58532466110773,11,7,1
279.5979343280196,4,6,1
279.6177811289672,7,11,2
279.61851410008967,12,11,2
279.6209648591466,4,7,1
279.6222089440562,8,11,2
279.6228931529913,6,11,2
279.6236052031163,1,11,2
279.6472654531244,7,6,1
279.64799302304164,12,6,1
279.6487064040266,8,6,1
279.64938889304176,6,7,1
279.65007064212114,1,6,1
279.6902258780319,12,7,1
279.6910389009863,6,5,1
279.6917963521555,7,5,1
279.6925058020279,8,7,1
279.6931968219578,1,7,1
279.69446921814233,5,11,2
279.7081594050396,1,5,1
279.70914484304376,8,5,1
279.7108807321638,12,5,1
279.71492702607065,5,6,1
279.7260461309925,9,11,2
279.7330955299549,5,7,1
279.74917327496223,9,6,1
279.7879396111239,9,7,1
279.80529425200075,2,11,2
279.8084955031518,9,5,1
279.8277101761196,2,6,1
279.8473116410896,2,7,1
279.8639562111348,2,5,1
279.9117734739557,0,11,2
279.93601142894477,0,6,1
279.9367170990445,10,11,2
279.9574342749547,0,7,1
279.9587063509971,10,6,1
279.9749670610763,0,5,1
279.9778900130186,10,7,1
279.994457062101,10,5,1
280.0158280171454,3,5,1
280.06445666216314,11,5,1
280.0739485709928,4,5,1
280.08594508003443,11,10,2
280.11384472902864,4,10,2
280.11728614615276,11,9,1
280.11830301512964,7,10,2
280.11921335104853,8,10,2
280.1200105131138,6,10,2
280.1207654851023,1,10,2
280.1215161960572,12,10,2
280.128418201115,4,9,1
280.14326202101074,6,9,1
280.1441860869527,1,9,1
280.14495873916894,7,9,1
280.1457251801621,8,9,1
280.14651035214774,12,9,1
280.1970662421081,5,10,2
280.21512151299976,5,9,1
280.22278036014177,9,10,2
280.2352283319924,5,12,2
280.24282445712015,9,12,2
280.3025876970496,2,10,2
280.32072969013825,2,9,1
280.3403681560885,2,12,2
280.41169456299394,0,10,2
280.43224122398533,0,9,1
280.4329512640834,10,9,1
280.4539389880374,0,12,2
280.4546797689982,10,12,2
280.5124853930902,3,10,2
280.53320145909674,3,9,1
280.5558247589506,3,12,2
280.5586426090449,11,12,2
280.57746719103307,4,12,2
280.57880535908043,11,8,1
280.5952970350627,4,8,1
280.61435391404666,7,12,2
280.61787044396624,12,8,1
280.6191709509585,6,12,2
280.6201518289745,8,12,2
280.6206752031576,1,12,2
280.63646956998855,7,8,1
280.6418543921318,1,8,1
280.6423780871555,6,8,1
280.6971850669943,5,8,1
280.7228182819672,9,8,1
280.8023144910112,2,8,1
280.91167724411935,0,8,1
280.9336512449663,10,8,1
281.0114651960321,3,8,1
286.93224575999193,10,0,1
287.0109151049983,3,0,1
287.0622039551381,11,0,1
287.0757321980782,4,0,1
287.11190480110236,7,0,1
287.1133176709991,12,0,1
287.11667041596957,8,0,1
287.11738538602367,6,0,1
287.11812827712856,1,0,1
287.194988401141,5,0,1
287.21652330015786,5,2,1
287.221518751001,9,0,1
287.2426409490872,9,2,1
287.3004719540477,2,0,1
287.41174287116155,0,2,1
287.4340207511559,10,2,1
287.51271833712235,3,2,1
287.56339033995755,11,2,1
287.57718501007184,4,2,1
287.61560987704434,7,2,1
287.61640941910446,12,2,1
287.6171286101453,8,2,1
287.61986850807443,6,2,1
287.621198075125,1,2,1
288.4108772489708,0,1,1
288.4332698220387,10,1,1
288.5146971750073,3,1,1
288.56212569610216,11,1,1
288.5713472671341,4,1,1
288.5814265720546,11,4,1
288.58788934512995,4,3,1
288.60092817409895,11,3,1
288.61674497113563,7,1,1
288.6177944710944,12,1,1
288.621341021033,6,1,1
288.6224426520057,8,1,1
288.623653837014,1,4,1
288.64868332399055,12,4,1
288.64955933904275,6,4,1
288.65037123207003,1,3,1
288.6511742549483,8,4,1
288.6519693371374,7,4,1
288.67820347915404,8,3,1
288.68113006209023,6,3,1
288.68196682608686,12,3,1
288.68272929708473,7,3,1
288.69673933298327,5,1,1
288.7170286171604,5,4,1
288.72381867910735,9,1,1
288.73963801702484,5,3,1
288.7437303829938,9,4,1
288.76273401011713,9,3,1
288.8022827289533,2,1,1
288.8229488229845,2,4,1
288.8438965349924,2,3,1
288.91049592895433,0,4,1
288.93468446307816,0,3,1
288.9354602950625,10,4,1
288.95628910395317,10,3,1
289.0130968410522,3,4,1
289.5126494790893,3,11,2
289.53265695506707,3,6,1
289.553029691102,3,7,1
289.5659007250797,11,6,1
289.57722829608247,4,11,2
289.5840332079679,11,7,1
289.59854627912864,4,6,1
289.61435278505087,12,11,2
289.6186044961214,7,11,2
289.62222352810204,4,7,1
289.62373580108397,8,11,2
289.62452982296236,6,11,2
289.6252330429852,1,11,2
289.64130167802796,7,6,1
289.6465190751478,12,6,1
289.6472739460878,8,6,1
289.6734387371689,7,5,1
289.674736432964,6,7,1
289.6776614561677,1,6,1
289.6819192459807,8,7,1
289.6847177259624,12,7,1
289.7015285110101,6,5,1
289.70280366716906,8,5,1
289.7035388981458,1,7,1
289.70480764401145,5,11,2
289.7054938930087,12,5,1
289.71601011115126,1,5,1
289.7252394319512,5,6,1
289.72596460208297,9,11,2
289.74724337412044,5,7,1
289.7486255229451,9,6,1
289.7853533620946,9,7,1
289.8060109759681,2,11,2
289.8067384271417,9,5,1
289.82811094098724,2,6,1
289.8475097990595,2,7,1
289.8641971719917,2,5,1
289.911609451985,0,11,2
289.9345201009419,0,6,1
289.9352654721588,10,11,2
289.9565112621058,0,7,1
289.95785341016017,10,6,1
289.97427063505165,0,5,1
289.9769127990585,10,7,1
289.993121847976,10,5,1
290.01651099906303,3,5,1
290.0622423130553,11,5,1
290.0745375100523,4,5,1
290.0852720241528,11,10,2
290.0964787011035,4,10,2
290.11885323398747,11,9,1
290.1202223720029,12,10,2
290.1209631829988,8,10,2
290.1217738860287,4,9,1
290.12247749604285,7,10,2
290.12323389714584,1,10,2
290.12396377814,6,10,2
290.1450251941569,1,9,1
290.1726071240846,8,9,1
290.17366231395863,6,9,1
290.1746291411109,7,9,1
290.1751555260271,12,9,1
290.19704068498686,5,10,2
290.21528114099056,5,9,1
290.22380523197353,9,10,2
290.2345631259959,5,12,2
290.24574751313776,9,12,2
290.30221023899503,2,10,2
290.3214747940656,2,9,1
290.34184032003395,2,12,2
290.4117549881339,0,10,2
290.4325785760302,0,9,1
290.43335172813386,10,9,1
290.4548170759808,0,12,2
290.45523113710806,10,12,2
290.505167900119,3,10,2
290.5157561691012,3,9,1
290.5288654700853,3,12,2
290.5538385361433,11,12,2
290.56833744607866,11,8,1
290.5686667051632,4,12,2
290.58226381009445,4,8,1
290.60356064210646,7,12,2
290.6189623081591,8,12,2
290.6195481540635,1,12,2
290.61988366395235,7,8,1
290.62136985594407,12,8,1
290.622564350022,6,12,2
290.6316792869475,1,8,1
290.64317053207196,6,8,1
290.68935991916806,5,8,1
290.7229026979767,9,8,1
290.7947946509812,2,8,1
290.9116495260969,0,8,1
290.93440934899263,10,8,1
291.0090493699536,3,8,1
296.92558629997075,10,0,1
297.007368193008,3,0,1
297.0571536710486,11,0,1
297.066461404087,4,0,1
297.1076634300407,7,0,1
297.10901570809074,8,0,1
297.11259327898733,1,0,1
297.11390336602926,12,0,1
297.1194689429831,6,0,1
297.12839411594905,1,2,1
297.1399698930327,6,2,1
297.18785184714943,5,0,1
297.19931935099885,5,2,1
297.22049938095734,9,0,1
297.24039224302396,9,2,1
297.2931066141464,2,0,1
297.4141353771556,0,2,1
297.436170269968,10,2,1
297.5087312019896,3,2,1
297.5629683160223,11,2,1
297.5809195640031,4,2,1
297.6012593091,12,2,1
297.608225465985,7,2,1
297.6161112191621,8,2,1
298.40692054410465,0,1,1
298.4337149420753,10,1,1
298.5122865140438,3,1,1
298.56228761794046,11,1,1
298.57274700398557,4,1,1
298.5832773121074,11,3,1
298.589727464132,4,3,1
298.60515719116665,11,4,1
298.61424889811315,12,1,1
298.6150718610734,7,1,1
298.61821201001294,1,3,1
298.6190262029413,6,1,1
298.6197928050533,8,1,1
298.64335981104523,1,4,1
298.64487889409065,7,3,1
298.64565104595385,8,3,1
298.6464055571705,12,3,1
298.64715368906036,6,3,1
298.67589988117106,8,4,1
298.67669975408353,6,4,1
298.67745382501744,12,4,1
298.67959550605156,7,4,1
298.6983539471403,5,1,1
298.72252055001445,5,3,1
298.7232453110628,9,1,1
298.7421661261469,5,4,1
298.74441867903806,9,3,1
298.76252581202425,9,4,1
298.80223434395157,2,1,1
298.8233011199627,2,3,1
298.8428577631712,2,4,1
298.91197292809375,0,3,1
298.93377888505347,0,4,1
298.9350743109826,10,3,1
298.9549242921639,10,4,1
299.0122352039907,3,4,1
299.5120597591158,3,11,2
299.531739766011,3,6,1
299.5511234640144,3,7,1
299.56245378404856,11,6,1
299.5759990969673,4,11,2
299.58298513502814,11,7,1
299.59685156703927,4,6,1
299.6164340709802,12,11,2
299.61717770202085,7,11,2
299.6203994131647,4,7,1
299.62110140314326,8,11,2
299.62181142298505,6,11,2
299.62250706297345,1,11,2
299.64584186300635,7,6,1
299.6465608731378,12,6,1
299.64725889312103,6,7,1
299.64801278407685,1,6,1
299.6487004731316,8,6,1
299.6899895609822,1,7,1
299.69072775216773,7,5,1
299.691420041956,8,7,1
299.69217822304927,12,7,1
299.69288251316175,6,5,1
299.6937687781174,5,11,2
299.71271330397576,8,5,1
299.71375689306296,12,5,1
299.714751831023,1,5,1
299.71579772094265,5,6,1
299.720481014112,9,11,2
299.7328309430741,9,6,1
299.7341767209582,5,7,1
299.7434992350172,9,7,1
299.7777541731484,9,5,1
299.79412889597006,2,11,2
299.805867619114,2,6,1
299.81703373393975,2,7,1
299.82777928817086,2,5,1
299.91136212204583,0,11,2
299.93374367500655,0,6,1
299.9344506850466,10,11,2
299.954897423042,0,7,1
299.95618622004986,10,6,1
299.9722020330373,0,5,1
299.975893617142,10,7,1
299.99304996198043,10,5,1
300.0152882609982,3,5,1
