t_s,reporter,target,reason
10.947430455125868,11,0,1
10.971730302087963,11,3,1
10.98838245193474,1,0,1
11.228074334096164,1,6,1
11.248473766027018,1,5,1
11.303690569009632,1,8,1
11.318140800110996,1,5,1
11.32610122510232,11,6,1
11.389692235039547,1,11,2
11.410144028021023,1,7,1
11.41143107204698,12,0,1
11.412264754995704,11,5,1
11.484039596049115,11,1,1
11.487229562131688,12,3,1
11.489515304099768,1,9,1
11.504768376005813,1,6,1
11.50710394908674,11,8,1
11.584782110061496,1,11,2
11.587980967015028,11,5,1
11.60821196413599,10,0,1
11.608945714076981,11,7,1
11.611450981115922,6,0,1
11.629331025062129,11,9,1
11.630183408036828,6,3,1
11.630981778958812,10,3,1
11.686736766947433,6,4,1
11.69293492496945,11,6,1
11.735275390092283,4,0,1
11.793278499040753,4,3,1
11.802506358129904,10,6,1
11.817208555992693,10,5,1
11.823720301967114,0,3,1
11.832205111160874,10,1,1
11.893099087988958,9,0,1
11.89527851715684,10,8,1
11.908584726974368,0,5,1
11.9092932860367,10,5,1
11.911873455159366,9,3,1
11.914587968960404,3,0,1
11.984724696027115,0,1,1
11.988744764123112,12,6,1
11.991059886990115,10,11,2
11.991970801958814,9,4,1
11.99756232299842,3,4,1
12.003882124088705,4,6,1
12.004658335121349,0,8,1
12.00948264496401,10,7,1
12.010379539104179,7,0,1
12.011097089154646,12,5,1
12.084747851127759,0,5,1
12.086273001972586,6,5,1
12.087029142072424,12,1,1
12.091056341072544,10,9,1
12.094379771035165,4,5,1
12.09522779402323,7,3,1
12.109382587019354,2,0,1
12.11531035695225,10,6,1
12.116650413023308,0,11,2
12.117684191092849,12,8,1
12.118454992072657,4,1,1
12.119225823087618,7,4,1
12.120026624994352,9,1,1
12.120766174979508,6,1,1
12.183845781022683,2,3,1
12.187970391940325,8,0,1
12.206628707004711,12,5,1
12.207860460039228,10,11,2
12.2104859710671,0,7,1
12.211761796148494,2,4,1
12.212800884153694,4,8,1
12.213638347107917,6,8,1
12.213991796132177,9,8,1
12.214321095030755,8,3,1
12.215832956135273,3,1,1
12.284412791021168,12,11,2
12.302488279063255,5,0,1
12.310022732941434,6,5,1
12.310718212043867,4,5,1
12.31265996512957,0,9,1
12.313387964153662,9,5,1
12.313751674024388,3,8,1
12.31408049305901,8,4,1
12.31440047104843,12,7,1
12.314718100009486,1,10,2
12.38671348709613,11,10,2
12.404702733969316,5,3,1
12.408459475031123,11,10,2
12.409335839096457,4,11,2
12.409792421152815,6,11,2
12.410230112960562,3,5,1
12.410662875045091,12,9,1
12.41110357712023,9,11,2
12.411566429072991,1,10,2
12.41235409094952,0,6,1
12.48658970813267,5,4,1
12.487457862123847,0,11,2
12.488452228950337,12,6,1
12.489001014037058,9,7,1
12.490532095078379,4,7,1
12.491351746954024,3,11,2
12.492093837121502,6,7,1
12.512340895133093,12,11,2
12.514312668005005,0,10,2
12.51576617709361,6,9,1
12.516758834011853,4,9,1
12.517549626063555,9,6,1
12.518290675943717,3,7,1
12.523348941933364,5,11,2
12.589307306101546,6,11,2
12.590123767964542,4,6,1
12.590932450024411,0,10,2
12.591674210038036,9,11,2
12.592405650066212,3,9,1
12.593175531132147,12,10,2
12.593923490960151,5,7,1
12.61608402011916,4,11,2
12.617049555992708,12,10,2
12.61805475410074,3,6,1
12.618986609159037,6,10,2
12.61980610108003,9,10,2
12.620510880136862,5,9,1
12.62120586913079,2,1,1
12.624221249949187,7,1,1
12.643540102988482,3,11,2
12.683910315157846,2,8,1
12.68476560804993,5,6,1
12.686180385993794,4,10,2
12.686922675929964,6,10,2
12.687655925983563,9,10,2
12.688346245093271,7,8,1
12.700232616160065,3,10,2
12.701928541995585,4,10,2
12.704419929068536,5,11,2
12.70640452299267,2,5,1
12.709362463094294,8,5,1
12.710875333985314,7,5,1
12.715654683066532,3,10,2
12.729035974945873,2,11,2
12.729942179983482,5,10,2
12.730665139155462,7,11,2
12.731365228071809,8,11,2
12.784228187985718,1,12,2
12.797450924990699,7,9,1
12.79817758500576,5,10,2
12.800449725938961,1,12,2
12.801400752039626,2,7,1
12.802388258976862,10,12,2
12.803127479040995,8,7,1
12.82154390704818,10,12,2
12.823090397985652,2,9,1
12.823738866019994,7,6,1
12.824337051948532,5,12,2
12.824890977004543,8,9,1
12.825434261932969,11,12,2
12.843955953139812,5,12,2
12.844735214021057,7,11,2
12.84548165393062,2,6,1
12.846258015139028,11,12,2
12.847075907047838,8,6,1
12.89038297906518,7,10,2
12.895440215012059,8,11,2
12.895819674944505,2,11,2
12.90785318100825,7,10,2
13.026425688061863,0,12,2
13.02676781709306,2,10,2
13.027083336142823,8,10,2
13.02739589405246,7,12,2
13.027729582972825,2,10,2
13.028042481979355,0,12,2
13.028353640111163,8,10,2
13.028666359139606,7,12,2
13.028978377114981,4,12,2
13.029289894970134,2,12,2
13.029635234968737,8,12,2
13.02996553410776,4,12,2
13.0302774021402,2,12,2
13.03061646106653,8,12,2
13.030937480041757,6,12,2
13.031247798120603,6,12,2
13.10941107198596,9,12,2
13.12083320110105,9,12,2
13.2103810030967,3,12,2
13.223072616150603,3,12,2
17.119379248004407,9,3,1
17.123036826960742,2,3,1
17.131610258948058,7,3,1
17.214564473135397,3,0,1
17.21565490309149,8,3,1
17.228554751956835,1,3,1
17.234256806084886,8,0,1
17.247196306008846,1,0,1
17.307011683937162,10,3,1
17.315588086145,11,3,1
17.32738756504841,10,0,1
17.33374813804403,11,0,1
17.409451896091923,0,3,1
17.420171175152063,12,3,1
17.440569557016715,12,0,1
17.44132275809534,4,3,1
17.459535190137103,4,0,1
17.51429147203453,6,3,1
17.531702162930742,5,3,1
17.533005028031766,6,0,1
17.549982777098194,5,0,1
17.615703165065497,9,0,1
17.619201980065554,2,0,1
17.628354218089953,7,0,1
17.639550691004843,2,4,1
17.640264299931005,9,4,1
17.648014089092612,7,4,1
17.715249188942835,3,4,1
17.716444671154022,8,4,1
17.727306065149605,1,4,1
17.749988327967003,1,2,1
17.808990884106606,10,4,1
17.81607612594962,11,4,1
17.83579389913939,10,2,1
17.839814268052578,11,2,1
17.920057418989018,0,4,1
17.924418376991525,12,4,1
17.94410891016014,0,2,1
17.94798668497242,4,2,1
17.94854095997289,12,2,1
18.011595766060054,6,4,1
18.029368696035817,5,4,1
18.035562603967264,6,2,1
18.05293778399937,5,2,1
18.1181584589649,9,2,1
18.13469299604185,7,2,1
18.218124493025243,8,2,1
18.22484764503315,3,2,1
18.71796317701228,3,1,1
18.72005944303237,8,1,1
18.805551146157086,10,1,1
18.81371153704822,11,1,1
18.908734977943823,0,1,1
18.918672847095877,12,1,1
18.93983921012841,4,1,1
19.01159424101934,6,1,1
19.033018921036273,5,1,1
19.114390222122893,9,1,1
19.125584505032748,2,1,1
19.130196979967877,7,1,1
19.40960786002688,0,8,1
19.41994748893194,12,8,1
19.43991156993434,4,8,1
19.512955476064235,6,8,1
19.53430634411052,5,8,1
19.6167801450938,9,8,1
19.6206963211298,2,8,1
19.629732706118375,7,8,1
19.70801378414035,3,8,1
19.717806888977066,1,8,1
19.805968174012378,10,8,1
19.816236682003364,11,8,1
20.011557427002117,6,5,1
20.11688583693467,9,5,1
20.121810849988833,2,5,1
20.129958341130987,7,5,1
20.225799893960357,1,5,1
20.22725661401637,8,5,1
20.227979113114998,3,5,1
20.252820935100317,8,7,1
20.25357728614472,1,7,1
20.25426888396032,3,7,1
20.306015524081886,10,5,1
20.315532972104847,11,5,1
20.328194845002145,10,7,1
20.337546768132597,11,7,1
20.345584775088355,10,9,1
20.35630192514509,11,9,1
20.411804876988754,0,5,1
20.42122308211401,12,5,1
20.432374084135517,0,7,1
20.44377789204009,12,7,1
20.44457145407796,4,5,1
20.449150467989966,0,9,1
20.46384685509838,12,9,1
20.468153801979497,4,7,1
20.483200339134783,4,9,1
20.50049935700372,4,6,1
20.51314850896597,6,7,1
20.532705998048186,6,9,1
20.53348957002163,5,7,1
20.55137948412448,5,9,1
20.569869484053925,5,6,1
20.61764855706133,9,7,1
20.620815792120993,2,7,1
20.62842799909413,7,9,1
20.640735741937533,2,9,1
20.641473852097988,9,6,1
20.648546433076262,7,6,1
20.660561898024753,2,6,1
20.714970689965412,3,9,1
20.715762082021683,8,9,1
20.72497535101138,1,9,1
20.741475346963853,8,6,1
20.742130385013297,3,6,1
20.744905630126595,1,6,1
20.804007029160857,10,6,1
20.81340343412012,11,6,1
20.82586294109933,10,11,2
20.908663982059807,0,6,1
20.922803194029257,12,6,1
20.93011172208935,0,11,2
20.94532876298763,4,11,2
20.946053572930396,12,11,2
21.011618598131463,6,11,2
21.029747828142717,5,11,2
21.033354486105964,6,10,2
21.049713228130713,5,10,2
21.116690390044823,9,11,2
21.120501884026453,2,11,2
21.130420041969046,7,11,2
21.141505711944774,2,10,2
21.142231062054634,9,10,2
21.1506477301009,7,10,2
21.215959557099268,3,11,2
21.216676846146584,8,11,2
21.224496358074248,1,11,2
21.24179411609657,8,10,2
21.24253063602373,3,10,2
21.24518423806876,1,10,2
21.3138965270482,11,10,2
21.408642881084234,0,10,2
21.419643589062616,12,10,2
21.42950632609427,0,12,2
21.440882903058082,4,10,2
21.461578123969957,4,12,2
21.513909029075876,6,12,2
21.52975606895052,5,12,2
21.61457826406695,9,12,2
21.62129085510969,2,12,2
21.63188766199164,7,12,2
21.71640266897157,3,12,2
21.71718000015244,8,12,2
21.724028046010062,1,12,2
21.804220126010478,10,12,2
21.813853186089545,11,12,2
27.119013375137,9,3,1
27.122599682072178,2,3,1
27.131201134994626,7,3,1
27.216419292148203,8,3,1
27.21715632197447,3,0,1
27.227560553932562,1,3,1
27.234798799967393,8,0,1
27.24743910203688,1,0,1
27.304708002135158,10,3,1
27.315625068033114,11,3,1
27.323091230122373,10,0,1
27.33498048200272,11,0,1
27.409251132048666,0,3,1
27.42012867704034,12,3,1
27.441778123145923,12,0,1
27.442491641966626,4,3,1
27.46051093004644,4,0,1
27.517599425045773,6,3,1
27.529717673081905,5,3,1
27.536695942049846,6,0,1
27.54771028109826,5,0,1
27.6117687150836,9,0,1
27.619319829158485,2,0,1
27.630524973152205,7,0,1
27.63610655395314,9,4,1
27.639184257015586,2,4,1
27.649871196132153,7,4,1
27.715908183949068,8,4,1
27.717301032040268,3,4,1
27.72378418711014,1,4,1
27.743965573143214,1,2,1
27.803228398086503,10,4,1
27.81452427408658,11,4,1
27.826778015121818,10,2,1
27.8349382460583,11,2,1
27.907785688061267,0,4,1
27.91830080305226,12,4,1
27.928994592046365,0,2,1
27.94117458211258,12,2,1
27.941901511978358,4,2,1
28.01108653494157,6,4,1
28.028819505125284,5,4,1
28.031705423025414,6,2,1
28.04907092312351,5,2,1
28.114221116993576,9,2,1
28.130755214951932,7,2,1
28.21706622093916,8,2,1
28.218405317980796,3,2,1
28.71564880013466,3,1,1
28.716425081016496,8,1,1
28.80332014313899,10,1,1
28.812916402937844,11,1,1
28.907848882954568,0,1,1
28.91976291500032,12,1,1
28.939970463048667,4,1,1
29.011027827160433,6,1,1
29.028011125978082,5,1,1
29.117559080943465,9,1,1
29.12134144315496,2,1,1
29.13028479507193,7,1,1
29.408275492023677,0,8,1
29.41887359903194,12,8,1
29.439934709109366,4,8,1
29.51390671194531,6,8,1
29.52969674905762,5,8,1
29.617065275087953,9,8,1
29.621117013972253,2,8,1
29.630516549106687,7,8,1
29.715425787959248,3,8,1
29.725976823130623,1,8,1
29.805433365050703,10,8,1
29.815097976010293,11,8,1
30.011794931953773,6,5,1
30.117956086993217,9,5,1
30.12163529614918,2,5,1
30.13015205715783,7,5,1
30.218330194009468,8,5,1
30.219069654121995,3,5,1
30.225162239046767,1,5,1
30.242069066967815,8,7,1
30.242804276989773,3,7,1
30.245467958971858,1,7,1
30.303847080096602,10,5,1
30.314793066121638,11,5,1
30.3246223020833,10,7,1
30.336403290973976,11,7,1
30.342033164110035,10,9,1
30.35307399299927,11,9,1
30.414118835004047,0,5,1
30.418419522000477,12,5,1
30.439718889072537,0,7,1
30.441267111105844,12,7,1
30.442017450928688,4,5,1
30.45723971305415,0,9,1
30.46026049507782,12,9,1
30.46604860201478,4,7,1
30.48312356392853,4,9,1
30.501263855025172,4,6,1
30.514470343012363,6,7,1
30.530348052969202,5,7,1
30.533423386048526,6,9,1
30.54835172998719,5,9,1
30.56739746592939,5,6,1
30.617552764015272,9,7,1
30.62489584297873,2,7,1
30.628543252125382,7,9,1
30.637750800000504,9,6,1
30.648459800053388,2,9,1
30.649175530066714,7,6,1
30.66725712013431,2,6,1
30.715197436977178,3,9,1
30.715958568034694,8,9,1
30.72353053302504,1,9,1
30.73777967900969,3,6,1
30.740825582062826,8,6,1
30.743768701096997,1,6,1
30.803894598968327,10,6,1
30.813438018085435,11,6,1
30.824027284048498,10,11,2
30.904205834958702,0,6,1
30.92070195195265,12,6,1
30.921444101957604,0,11,2
30.93962567509152,4,11,2
30.942879643058404,12,11,2
31.011488580144942,6,11,2
31.033147727139294,6,10,2
31.033893916988745,5,11,2
31.055330638075247,5,10,2
31.117138921050355,9,11,2
31.126609137980267,2,11,2
31.130318958079442,7,11,2
31.13714731298387,9,10,2
31.151942803990096,7,10,2
31.15267042303458,2,10,2
31.21630229614675,8,11,2
31.217013685964048,3,11,2
31.224511979147792,1,11,2
31.24110585800372,8,10,2
31.24180058715865,3,10,2
31.24487143009901,1,10,2
31.31479437300004,11,10,2
31.411070550093427,0,10,2
31.418176973005757,12,10,2
31.43113926402293,0,12,2
31.442013268126175,4,10,2
31.46278656111099,4,12,2
31.512164128012955,6,12,2
31.52948532695882,5,12,2
31.614655622979626,9,12,2
31.623440091032535,2,12,2
31.62983307405375,7,12,2
31.716230012942106,8,12,2
31.719639335991815,3,12,2
31.723773488076404,1,12,2
31.803700861986727,10,12,2
31.81369238300249,11,12,2
37.118569248123094,9,3,1
37.12210252415389,2,3,1
37.13287626602687,7,3,1
37.21512236399576,3,0,1
37.21587700396776,8,3,1
37.22719017113559,1,3,1
37.23435523500666,8,0,1
37.2453299020417,1,0,1
37.30451184511185,10,3,1
37.3165969629772,11,3,1
37.323044986929744,10,0,1
37.335735141066834,11,0,1
37.40988037013449,0,3,1
37.42053957795724,12,3,1
37.44115481711924,12,0,1
37.441875295946375,4,3,1
37.46130787208676,4,0,1
37.51488033402711,6,3,1
37.53220838308334,5,3,1
37.53347237803973,6,0,1
37.55219377507456,5,0,1
37.61234577395953,9,0,1
37.61885886103846,2,0,1
37.63208394893445,9,4,1
37.63280749809928,7,0,1
37.63827974698506,2,4,1
37.654241969110444,7,4,1
37.715600981144235,3,4,1
37.7163627310656,8,4,1
37.72333479113877,1,4,1
37.74334943294525,1,2,1
37.80325346509926,10,4,1
37.81264244997874,11,4,1
37.82366626802832,10,2,1
37.83307575294748,11,2,1
37.90847876598127,0,4,1
37.920053569134325,12,4,1
37.93092380394228,0,2,1
37.942879698006436,4,2,1
37.94392582611181,12,2,1
38.010648702969775,6,4,1
38.029541256139055,5,4,1
38.03398631606251,6,2,1
38.049516926985234,5,2,1
38.11471261293627,9,2,1
38.13114702794701,7,2,1
38.2166289340239,8,2,1
38.218789282022044,3,2,1
38.71597936213948,8,1,1
38.716816714033484,3,1,1
38.80333349807188,10,1,1
38.81234853202477,11,1,1
38.90944876312278,0,1,1
38.9218746391125,12,1,1
38.94012809405103,4,1,1
39.011524457950145,6,1,1
39.028270912123844,5,1,1
39.11740746698342,9,1,1
39.120867809979245,2,1,1
39.1317086040508,7,1,1
39.40975736710243,0,8,1
39.419734867988154,12,8,1
39.440060758031905,4,8,1
39.51203466812149,6,8,1
39.529889811063185,5,8,1
39.61703699314967,9,8,1
39.6213074689731,2,8,1
39.63242032006383,7,8,1
39.716243930161,3,8,1
39.72503361804411,1,8,1
39.804303016047925,10,8,1
39.815811538137496,11,8,1
40.01199892302975,6,5,1
40.119356852024794,9,5,1
40.12650305614807,2,5,1
40.131988673936576,7,5,1
40.216030412120745,3,5,1
40.22054766397923,8,5,1
40.226747662061825,1,5,1
40.24382217414677,8,7,1
40.24482763092965,3,7,1
40.24760159710422,1,7,1
40.30632226797752,10,5,1
40.3158703960944,11,5,1
40.32878403598443,10,7,1
40.33770032809116,11,7,1
40.34543991810642,10,9,1
40.354471462080255,11,9,1
40.41011413000524,0,5,1
40.41860496997833,12,5,1
40.43758833408356,0,7,1
40.44130709511228,12,7,1
40.4420495450031,4,5,1
40.460952976951376,0,9,1
40.461680327076465,12,9,1
40.463059274014086,4,7,1
40.47887302306481,4,9,1
40.49661458400078,4,6,1
40.51518113608472,6,7,1
40.53086815099232,5,7,1
40.53398414608091,6,9,1
40.54889060999267,5,9,1
40.56771765998565,5,6,1
40.61519808601588,9,7,1
40.625300660030916,2,7,1
40.63215269614011,7,9,1
40.63541114400141,9,6,1
40.6466723990161,2,9,1
40.65723785501905,7,6,1
40.667775941081345,2,6,1
40.71496875002049,3,9,1
40.71622377401218,8,9,1
40.72451832797378,1,9,1
40.74181044707075,8,6,1
40.74251182610169,3,6,1
40.74536848301068,1,6,1
40.80392394005321,10,6,1
40.81542632100172,11,6,1
40.82396371313371,10,11,2
40.90914561995305,0,6,1
40.91841965215281,12,6,1
40.93117285706103,0,11,2
40.94195948005654,4,11,2
40.94274293095805,12,11,2
41.01160713704303,6,11,2
41.02899092808366,5,11,2
41.031936747953296,6,10,2
41.0489743091166,5,10,2
41.1179584779311,9,11,2
41.12302009598352,2,11,2
41.13111547497101,7,11,2
41.13794459006749,9,10,2
41.14850453613326,2,10,2
41.15161808999255,7,10,2
41.2177485821303,8,11,2
41.21999524300918,3,11,2
41.22441949299537,1,11,2
41.24328707414679,8,10,2
41.24506634194404,1,10,2
41.2457519909367,3,10,2
41.31507906015031,11,10,2
41.4086438450031,0,10,2
41.41833405708894,12,10,2
41.43033739202656,0,12,2
41.440725424094126,4,10,2
41.46092041092925,4,12,2
41.51402094005607,6,12,2
41.53019210812636,5,12,2
41.61756928614341,9,12,2
41.623082345118746,2,12,2
41.63009211514145,7,12,2
41.7160518639721,3,12,2
41.71823421306908,8,12,2
41.72564847394824,1,12,2
41.80350313405506,10,12,2
41.81332342000678,11,12,2
47.118619468063116,9,3,1
47.122392510063946,2,3,1
47.13293795613572,7,3,1
47.20553089398891,3,0,1
47.21703935600817,8,3,1
47.22839983412996,1,3,1
47.239204567158595,8,0,1
47.2465585260652,1,0,1
47.304566448088735,10,3,1
47.31637251796201,11,3,1
47.323112461017445,10,0,1
47.33607912296429,11,0,1
47.4098553720396,0,3,1
47.41887222696096,12,3,1
47.43951853597537,12,0,1
47.44078047107905,4,3,1
47.458469450008124,4,0,1
47.51346277096309,6,3,1
47.53175910608843,6,0,1
47.53251956705935,5,3,1
47.5506043471396,5,0,1
47.611953251063824,9,0,1
47.6237198789604,2,0,1
47.63012959295884,7,0,1
47.63110624905676,9,4,1
47.648524072021246,2,4,1
47.65008779405616,7,4,1
47.71791298314929,8,4,1
47.718662643106654,3,4,1
47.72148224897683,1,4,1
47.73867862508632,1,2,1
47.80315257306211,10,4,1
47.81279330397956,11,4,1
47.82346359407529,10,2,1
47.833414673106745,11,2,1
47.90940089314245,0,4,1
47.92201754497364,12,4,1
47.93017881596461,0,2,1
47.94165051705204,4,2,1
47.94317064806819,12,2,1
48.01086011296138,6,4,1
48.02824343414977,5,4,1
48.031170594040304,6,2,1
48.04835103894584,5,2,1
48.114497812930495,9,2,1
48.13002716307528,7,2,1
48.217094174120575,3,2,1
48.21829148614779,8,2,1
48.715934036066756,3,1,1
48.71667893603444,8,1,1
48.80366537394002,10,1,1
48.81326029403135,11,1,1
48.908287570113316,0,1,1
48.92166598304175,12,1,1
48.93884024815634,4,1,1
49.011184439994395,6,1,1
49.028338534990326,5,1,1
49.1142537840642,9,1,1
49.12276613502763,2,1,1
49.13137722807005,7,1,1
49.411688616964966,0,8,1
49.415069228969514,12,8,1
49.44013077812269,4,8,1
49.51238263701089,6,8,1
49.53063340205699,5,8,1
49.61415208596736,9,8,1
49.6217169710435,2,8,1
49.630798627156764,7,8,1
49.71593187493272,3,8,1
49.725304949097335,1,8,1
49.80479606403969,10,8,1
49.813575031934306,11,8,1
50.01259977812879,6,5,1
50.11411092011258,9,5,1
50.12772238813341,2,5,1
50.130947086028755,7,5,1
50.22609552601352,1,5,1
50.22682602494024,8,5,1
50.22754737501964,3,5,1
50.25068363198079,1,7,1
50.25558234495111,8,7,1
50.2562797840219,3,7,1
50.307342218002304,10,5,1
50.31607561511919,11,5,1
50.32947233808227,10,7,1
50.33838175004348,11,7,1
50.34644516906701,10,9,1
50.356394028058276,11,9,1
50.41557680303231,0,5,1
50.42065632995218,12,5,1
50.43982303002849,4,5,1
50.44056531996466,0,7,1
50.44204840995371,12,7,1
50.46048063994385,0,9,1
50.46122485003434,4,7,1
50.46191473910585,12,9,1
50.475641031051055,4,9,1
50.49105450906791,4,6,1
50.51218797196634,6,7,1
50.53198756906204,6,9,1
50.532730939099565,5,7,1
50.55065153515898,5,9,1
50.5707307390403,5,6,1
50.61785996705294,9,7,1
50.621555417077616,2,7,1
50.628713651094586,7,9,1
50.640316516160965,9,6,1
50.6410303551238,2,9,1
50.65134796500206,7,6,1
50.66052879393101,2,6,1
50.72180720511824,8,9,1
50.72253522509709,3,9,1
50.725174135994166,1,9,1
50.750039040111005,3,6,1
50.75077176000923,1,6,1
50.75150767015293,8,6,1
50.8036814450752,10,6,1
50.81374156707898,11,6,1
50.82364285597578,10,11,2
50.91409474797547,0,6,1
50.92182989814319,12,6,1
50.941473060054705,0,11,2
50.94222931098193,4,11,2
50.94558956194669,12,11,2
51.0130529711023,6,11,2
51.03028235794045,5,11,2
51.034017119091004,6,10,2
51.05012780614197,5,10,2
51.117055190959945,9,11,2
51.12415212299675,2,11,2
51.13440359104425,7,11,2
51.13772107101977,9,10,2
51.14489694614895,2,10,2
51.157077946001664,7,10,2
51.21616686810739,3,11,2
51.216883996967226,8,11,2
51.2261366781313,1,11,2
51.238817752106115,8,10,2
51.23953455197625,3,10,2
51.246631514048204,1,10,2
51.31434427993372,11,10,2
51.410748973023146,0,10,2
51.420160769019276,12,10,2
51.430669324006885,0,12,2
51.439590845955536,4,10,2
51.459395152982324,4,12,2
51.514514547074214,6,12,2
51.52939131995663,5,12,2
51.61451705894433,9,12,2
51.62113018799573,2,12,2
51.63171155494638,7,12,2
51.71642962214537,3,12,2
51.71722261304967,8,12,2
51.72757928399369,1,12,2
51.80392043408938,10,12,2
51.81535072415136,11,12,2
57.1186887989752,9,3,1
57.12237637909129,2,3,1
57.131115725962445,7,3,1
57.21491501899436,3,0,1
57.216794240055606,8,3,1
57.227153761079535,1,3,1
57.23652342497371,8,0,1
57.24557110015303,1,0,1
57.30439426610246,10,3,1
57.31366152712144,11,3,1
57.322514987085015,10,0,1
57.33214936894365,11,0,1
57.40942076407373,0,3,1
57.4188650699798,12,3,1
57.43945220904425,12,0,1
57.44081007596105,4,3,1
57.458851335104555,4,0,1
57.517496976070106,6,3,1
57.529448110144585,5,3,1
57.53590916492976,6,0,1
57.547533839941025,5,0,1
57.61583690298721,9,0,1
57.61933521809988,2,0,1
57.62790359114297,7,0,1
57.64047477114946,2,4,1
57.64118190994486,9,4,1
57.647211004048586,7,4,1
57.71588299702853,8,4,1
57.71726552397013,3,4,1
57.72728710598312,1,4,1
57.747641887981445,1,2,1
57.80300283012912,10,4,1
57.81277191406116,11,4,1
57.82320167706348,10,2,1
57.83303058403544,11,2,1
57.90759182604961,0,4,1
57.91791375610046,12,4,1
57.927861565956846,0,2,1
57.9405490399804,4,2,1
57.94129372993484,12,2,1
58.01134691014886,6,4,1
58.02916622394696,5,4,1
58.033826750004664,6,2,1
58.04944121395238,5,2,1
58.111017134040594,9,2,1
58.130903334124014,7,2,1
58.216273488942534,8,2,1
58.217053620144725,3,2,1
58.716307832160965,3,1,1
58.71814314206131,8,1,1
58.80339255393483,10,1,1
58.81505823112093,11,1,1
58.907838457031175,0,1,1
58.91811298602261,12,1,1
58.93935281201266,4,1,1
59.010856782086194,6,1,1
59.028098840033635,5,1,1
59.114362369989976,9,1,1
59.12088267598301,2,1,1
59.1319010250736,7,1,1
59.408006825018674,0,8,1
59.417858242057264,12,8,1
59.44057422899641,4,8,1
59.50479655014351,6,8,1
59.52985361008905,5,8,1
59.6069915429689,9,8,1
59.61467201099731,2,8,1
59.623098699143156,7,8,1
59.71579647413455,3,8,1
59.726562596159056,1,8,1
59.8042699941434,10,8,1
59.81394314696081,11,8,1
60.010671633062884,6,5,1
60.11397766601294,9,5,1
60.12738284911029,2,5,1
60.13087368407287,7,5,1
60.22004261310212,8,5,1
60.22087139612995,3,5,1
60.2243030089885,1,5,1
60.23143439204432,8,7,1
60.241394862066954,1,7,1
60.24497423903085,3,7,1
60.30489934515208,10,5,1
60.31585735199042,11,5,1
60.32678623893298,10,7,1
60.33787907008082,11,7,1
60.346587046049535,10,9,1
60.35625770804472,11,9,1
60.41422131098807,0,5,1
60.41715612006374,12,5,1
60.4360219319351,12,7,1
60.43800618615933,0,7,1
60.44004372111522,4,5,1
60.452270473120734,12,9,1
60.45638799504377,0,9,1
60.460377282928675,4,7,1
60.478784231934696,4,9,1
60.494737264933065,4,6,1
60.51260439911857,6,7,1
60.525050156982616,5,7,1
60.53348268615082,6,9,1
60.54069247096777,5,9,1
60.55986123206094,5,6,1
60.614552984945476,9,7,1
60.62365907197818,2,7,1
60.62809776305221,7,9,1
60.63451578700915,9,6,1
60.64847366604954,2,9,1
60.649172174045816,7,6,1
60.668645123019814,2,6,1
60.714033564087,8,9,1
60.7149563790299,3,9,1
60.72543120314367,1,9,1
60.73565598996356,8,6,1
60.73894486995414,3,6,1
60.74862923193723,1,6,1
60.80416250904091,10,6,1
60.81288940599188,11,6,1
60.82419649208896,10,11,2
60.91684211604297,0,6,1
60.918668834958225,12,6,1
60.94368039397523,0,11,2
60.944675841135904,12,11,2
60.945670377928764,4,11,2
61.01181981200352,6,11,2
61.031133465934545,5,11,2
61.03256955510005,6,10,2
61.05173411499709,5,10,2
61.11428505205549,9,11,2
61.12313399207778,2,11,2
61.1335561349988,7,11,2
61.13759838510305,9,10,2
61.14690078701824,2,10,2
61.15697209001519,7,10,2
61.21615174598992,3,11,2
61.21687325509265,8,11,2
61.22636826313101,1,11,2
61.23942854697816,3,10,2
61.24016922712326,8,10,2
61.249799088109285,1,10,2
61.313354782992974,11,10,2
61.41174696199596,0,10,2
61.41787260794081,12,10,2
61.431540498975664,0,12,2
61.44202299416065,4,10,2
61.46367336111143,4,12,2
61.51137285493314,6,12,2
61.52995086903684,5,12,2
61.61481051100418,9,12,2
61.62272327602841,2,12,2
61.63151038414799,7,12,2
61.7158965440467,8,12,2
61.716914581134915,3,12,2
61.72716773906723,1,12,2
61.80342218815349,10,12,2
61.81364978593774,11,12,2
67.11722978600301,9,3,1
67.12437100009993,2,3,1
67.13294762209989,7,3,1
67.21658871206455,8,3,1
67.21779973502271,3,0,1
67.22859846800566,1,3,1
67.2348271170631,8,0,1
67.24702978809364,1,0,1
67.30434884410352,10,3,1
67.3138709620107,11,3,1
67.32216507708654,10,0,1
67.33197582396679,11,0,1
67.40957561996765,0,3,1
67.41909499815665,12,3,1
67.43965004594065,12,0,1
67.44090889999643,4,3,1
67.45875756512396,4,0,1
67.51392736216076,6,3,1
67.53279466414824,6,0,1
67.53380458103493,5,3,1
67.55173470801674,5,0,1
67.61522585107014,9,0,1
67.61994610913098,2,0,1
67.62880403012969,7,0,1
67.6380794311408,9,4,1
67.63989914115518,2,4,1
67.64834663993679,7,4,1
67.7160272069741,8,4,1
67.71675221715122,3,4,1
67.72665808512829,1,4,1
67.7468731040135,1,2,1
67.80509866401553,10,4,1
67.8128857249394,11,4,1
67.82651426503435,10,2,1
67.83364986907691,11,2,1
67.90856488212012,0,4,1
67.92078371415846,12,4,1
67.9289524750784,0,2,1
67.94187111593783,12,2,1
67.94289120403118,4,2,1
68.01099923206493,6,4,1
68.0286600610707,5,4,1
68.03156227013096,6,2,1
68.04885687003843,5,2,1
68.1143204360269,9,2,1
68.13091454701498,7,2,1
68.21860963711515,3,2,1
68.21968272607774,8,2,1
68.71599403605796,8,1,1
68.71788774803281,3,1,1
68.8050605240278,10,1,1
68.81318870512769,11,1,1
68.90854319301434,0,1,1
68.91791308694519,12,1,1
68.9403107049875,4,1,1
69.01103901397437,6,1,1
69.02788686193526,5,1,1
69.11424123612233,9,1,1
69.12112709297799,2,1,1
69.1305679390207,7,1,1
69.41131420899183,0,8,1
69.41790988808498,12,8,1
69.43202103115618,4,8,1
69.50415287911892,6,8,1
69.52115484001115,5,8,1
69.60707126208581,9,8,1
69.61388119705953,2,8,1
69.62261671503074,7,8,1
69.71596656809561,3,8,1
69.72506827511825,1,8,1
69.80562179209664,10,8,1
69.81389735615812,11,8,1
70.0028375450056,6,5,1
70.12004258600064,9,5,1
70.12207268108614,2,5,1
70.13075023703277,7,5,1
70.2184023661539,8,5,1
70.21916546695866,3,5,1
70.22802963713184,1,5,1
70.24159709503874,3,7,1
70.24266240396537,8,7,1
70.24884572206065,1,7,1
70.30657942895778,10,5,1
70.31538156815805,11,5,1
70.32954896311276,10,7,1
70.33672429807484,11,7,1
70.3464218811132,10,9,1
70.35320139513351,11,9,1
70.40955372503959,0,5,1
70.42320119496435,12,5,1
70.43049422302283,0,7,1
70.44588654115796,12,7,1
70.44664872204885,4,5,1
70.44941185694188,0,9,1
70.46250355197117,12,9,1
70.47016194998287,4,7,1
70.48545299493708,4,9,1
70.50087928399444,4,6,1
70.51528723514639,6,7,1
70.53062174096704,5,7,1
70.5344027329702,6,9,1
70.54859736911021,5,9,1
70.56763299601153,5,6,1
70.61466389195994,9,7,1
70.62126943212934,2,7,1
70.62808525701985,7,9,1
70.63634580094367,9,6,1
70.63968943199143,2,9,1
70.64838922815397,7,6,1
70.65841454011388,2,6,1
70.71507112798281,8,9,1
70.71634121215902,3,9,1
70.72600909508765,1,9,1
70.73825386702083,8,6,1
70.73941209795885,3,6,1
70.74876966211013,1,6,1
70.80391274904832,10,6,1
70.81386927003041,11,6,1
70.82622887496836,10,11,2
70.90871552401222,0,6,1
70.9182369329501,12,6,1
70.9353257259354,0,11,2
70.93855750397779,4,11,2
70.93928868393414,12,11,2
71.01226754509844,6,11,2
71.02989659411833,5,11,2
71.03315773210488,6,10,2
71.0499777791556,5,10,2
71.11451709107496,9,11,2
71.12124172295444,2,11,2
71.13194494415075,7,11,2
71.13515624101274,9,10,2
71.1417116690427,2,10,2
71.1524759910535,7,10,2
71.21625286201015,3,11,2
71.21706416411325,8,11,2
71.22732420312241,1,11,2
71.24032810609788,8,10,2
71.2410625461489,3,10,2
71.25077149900608,1,10,2
71.31309000100009,11,10,2
71.4081917530857,0,10,2
71.42020554910414,12,10,2
71.43032229412347,0,12,2
71.43979030102491,4,10,2
71.45977436308749,4,12,2
71.51450493908487,6,12,2
71.52805301593617,5,12,2
71.61410991312005,9,12,2
71.62075122306123,2,12,2
71.63183147413656,7,12,2
71.71603348013014,8,12,2
71.71739999693818,3,12,2
71.7264759929385,1,12,2
71.8051259079948,10,12,2
71.8126287420746,11,12,2
77.1187671481166,9,3,1
77.12322216900066,2,3,1
77.13198737706989,7,3,1
77.20611375011504,8,3,1
77.21578572201543,3,0,1
77.21658405405469,8,0,1
77.22548495605588,1,3,1
77.24434531806037,1,0,1
77.30728640710004,10,3,1
77.31449031294324,11,3,1
77.32627959293313,10,0,1
77.33293283404782,11,0,1
77.4123092989903,0,3,1
77.41994759696536,12,3,1
77.44069675006904,12,0,1
77.4414198200684,4,3,1
77.45906861894764,4,0,1
77.5144165919628,6,3,1
77.5337901681196,5,3,1
77.53488601814024,6,0,1
77.55294322804548,5,0,1
77.61243279394694,9,0,1
77.620334118139,2,0,1
77.62902453402057,7,0,1
77.63199971499853,9,4,1
77.64479779312387,2,4,1
77.64846501196735,7,4,1
77.71616084012203,8,4,1
77.71777308406308,3,4,1
77.72623563394882,1,4,1
77.74656532611698,1,2,1
77.8028760550078,10,4,1
77.8131501940079,11,4,1
77.82306678406894,10,2,1
77.83369478210807,11,2,1
77.91057204012759,0,4,1
77.91968141705729,12,4,1
77.93073764815927,0,2,1
77.94145926903002,12,2,1
77.94221738912165,4,2,1
78.01061769714579,6,4,1
78.02301169303246,5,4,1
78.03545692213811,6,2,1
78.03800659114495,5,2,1
78.11404488608241,9,2,1
78.13112459913827,7,2,1
78.2168790481519,8,2,1
78.21767238015309,3,2,1
78.71582380798645,8,1,1
78.71663023997098,3,1,1
78.80299107613973,10,1,1
78.81318228202872,11,1,1
78.91382595594041,0,1,1
78.92027966096066,12,1,1
78.94041323801503,4,1,1
79.01139120501466,6,1,1
79.02328520803712,5,1,1
79.11377141601406,9,1,1
79.12100820196792,2,1,1
79.13192769908346,7,1,1
79.40871704602614,0,8,1
79.4205630980432,12,8,1
79.43964603613131,4,8,1
79.51164347096346,6,8,1
79.52308457205072,5,8,1
79.61397054092959,9,8,1
79.6215222759638,2,8,1
79.63106890511699,7,8,1
79.72001853096299,3,8,1
79.72461951593868,1,8,1
79.80426691914909,10,8,1
79.81346515915357,11,8,1
80.01197643997148,6,5,1
80.11738485307433,2,5,1
80.12081437604502,9,5,1
80.12295086495578,7,5,1
80.20926971896552,3,5,1
80.20967814000323,8,5,1
80.21698148804717,1,5,1
80.22921782010235,3,7,1
80.2298079461325,8,7,1
80.23023936804384,1,7,1
80.29929448408075,10,5,1
80.30520331393927,11,5,1
80.31855729711242,11,7,1
80.32042232807726,10,7,1
80.32810725597665,11,9,1
80.33792760293,10,9,1
80.4099308589939,0,5,1
80.42047326499596,12,5,1
80.43049061694182,0,7,1
80.44519641599618,12,7,1
80.44588633510284,4,5,1
80.44770406512544,0,9,1
80.46182087808847,12,9,1
80.46967576094903,4,7,1
80.48600676516071,4,9,1
80.50254174415022,4,6,1
80.51334918802604,6,7,1
80.52176398597658,5,7,1
80.53412161208689,5,9,1
80.53624489996582,6,9,1
80.54700940195471,5,6,1
80.61445262399502,9,7,1
80.6209269000683,2,7,1
80.62825061799958,7,9,1
80.63798229303211,9,6,1
80.63939061108977,2,9,1
80.64886722806841,7,6,1
80.65883903997019,2,6,1
80.71606840402819,3,9,1
80.71733240806498,8,9,1
80.72592772194184,1,9,1
80.73781698406674,8,6,1
80.73904797807336,3,6,1
80.74596150498837,1,6,1
80.80370313394815,10,6,1
80.81369583494961,11,6,1
80.82383641111664,10,11,2
80.90925230109133,0,6,1
80.92342210514471,12,6,1
80.92932574613951,0,11,2
80.93517268495634,4,11,2
80.94775785598904,12,11,2
81.01165905199014,6,11,2
81.02921979897656,5,11,2
81.0324713580776,6,10,2
81.049317935016,5,10,2
81.11440349300392,9,11,2
81.12178491312079,2,11,2
81.13199336011894,7,11,2
81.13524292898364,9,10,2
81.14239383302629,2,10,2
81.15227079112083,7,10,2
81.21601151302457,3,11,2
81.21672998205759,8,11,2
81.22584914998151,1,11,2
81.23845860199071,8,10,2
81.23915006103925,3,10,2
81.24626002414152,1,10,2
81.3133858779911,11,10,2
81.41335497307591,0,10,2
81.41590099199675,12,10,2
81.43595385714434,0,12,2
81.4367534390185,4,10,2
81.45289250696078,4,12,2
81.51184148807079,6,12,2
81.52844513906166,5,12,2
81.61434862203896,9,12,2
81.62170570204034,2,12,2
81.63027131510898,7,12,2
81.71601418405771,3,12,2
81.71674743411131,8,12,2
81.72677712608129,1,12,2
81.80398679408245,10,12,2
81.81422195094638,11,12,2
87.11867378698662,9,3,1
87.12336367415264,2,3,1
87.13267099694349,7,3,1
87.21630886010826,8,3,1
87.2170186189469,3,0,1
87.22727968799882,1,3,1
87.23499734792858,8,0,1
87.24742413498461,1,0,1
87.30461969901808,10,3,1
87.3157625219319,11,3,1
87.32512577692978,10,0,1
87.33410462015308,11,0,1
87.41030651098117,0,3,1
87.4208330269903,12,3,1
87.44146305695176,4,3,1
87.4421552659478,12,0,1
87.45967485196888,4,0,1
87.5137366510462,6,3,1
87.5311723051127,5,3,1
87.53247300093062,6,0,1
87.54949985304847,5,0,1
87.61579679395072,9,0,1
87.6193091799505,2,0,1
87.62851210008375,7,0,1
87.63830255600624,9,4,1
87.63899409514852,2,4,1
87.64814649312757,7,4,1
87.71612909110263,3,4,1
87.71921475394629,8,4,1
87.72555904695764,1,4,1
87.80378576205112,10,4,1
87.81494720606133,11,4,1
87.82766537112184,10,2,1
87.8354047909379,11,2,1
87.90779899805784,0,4,1
87.92145100003108,12,4,1
87.9306290091481,0,2,1
87.94182378309779,4,2,1
87.94252976193093,12,2,1
88.01054842094891,6,4,1
88.02989145601168,5,4,1
88.0311824621167,6,2,1
88.05034906207584,5,2,1
88.10961942304857,9,2,1
88.13071529613808,7,2,1
88.22110377205536,8,2,1
88.22184321214445,3,2,1
88.22551122214645,1,2,1
88.71646754303947,3,1,1
88.71831288305111,8,1,1
88.80530152609572,10,1,1
88.81477722409181,11,1,1
88.90867905598134,0,1,1
88.921875664033,12,1,1
88.9390083400067,4,1,1
89.01133569492958,6,1,1
89.0284238900058,5,1,1
89.10906149097718,9,1,1
89.12078977003694,2,1,1
89.13165403506719,7,1,1
89.40849486808293,0,8,1
89.41997428005561,12,8,1
89.43924987409264,4,8,1
89.51169189205393,6,8,1
89.52830466395244,5,8,1
89.60915275104344,9,8,1
89.62124112900347,2,8,1
89.63193977996707,7,8,1
89.71469044894911,3,8,1
89.72426634910516,1,8,1
89.8050847351551,10,8,1
89.81487663113512,11,8,1
89.9400722431019,4,5,1
90.01359443203546,6,5,1
90.10984385712072,9,5,1
90.12231588596478,2,5,1
90.13209950202145,7,5,1
90.22038552095182,3,5,1
90.22142579010688,8,5,1
90.22511240001768,1,5,1
90.24509793310426,8,7,1
90.24582957313396,3,7,1
90.24652310204692,1,7,1
90.3042768209707,10,5,1
90.31319127301686,11,5,1
90.32528771203943,10,7,1
90.33742283214815,11,7,1
90.34308812604286,10,9,1
90.35444681509398,11,9,1
90.40981006901711,0,5,1
90.42107701511122,12,5,1
90.43209848506376,0,7,1
90.44049571314827,4,7,1
90.44447881099768,12,7,1
90.4555975140538,0,9,1
90.46054102806374,4,9,1
90.46484010503627,12,9,1
90.47988213412464,4,6,1
90.51227296399884,6,7,1
90.53034718497656,5,7,1
90.53200914012268,6,9,1
90.54855618998408,5,9,1
90.56745113315992,5,6,1
90.60918838810176,9,7,1
90.62459104601294,9,6,1
90.6253226059489,2,7,1
90.62876194994897,7,9,1
90.64576419210061,2,9,1
90.64926810702309,7,6,1
90.66517985914834,2,6,1
90.71492070099339,3,9,1
90.71806524600834,8,9,1
90.72430066601373,1,9,1
90.74117590510286,3,6,1
90.74222147301771,8,6,1
90.74491710611619,1,6,1
90.80126895802096,10,6,1
90.816211004043,11,6,1
90.82361773494631,10,11,2
90.90981766814366,0,6,1
90.9201220581308,12,6,1
90.93187885708176,0,11,2
90.94328076695092,4,11,2
90.94401205703616,12,11,2
91.01200553495437,6,11,2
91.03020149911754,5,11,2
91.03496429906227,6,10,2
91.05027184495702,5,10,2
91.11465366394259,9,11,2
91.12169257597998,2,11,2
91.13412493397482,7,11,2
91.1353732671123,9,10,2
91.142503621988,2,10,2
91.15714441915043,7,10,2
91.21626368607394,3,11,2
91.21734568593092,8,11,2
91.2258201460354,1,11,2
91.24015013501048,3,10,2
91.24262422206812,8,10,2
91.24616070906632,1,10,2
91.31509929196909,11,10,2
91.40880954894237,0,10,2
91.42075502406806,12,10,2
91.43083877814934,0,12,2
91.43915140395984,4,10,2
91.45911676599644,4,12,2
91.51205762499012,6,12,2
91.52824574499391,5,12,2
91.61764385504648,9,12,2
91.62250288715586,2,12,2
91.63306308398023,7,12,2
91.71577019197866,3,12,2
91.71742068696767,8,12,2
91.72586051607504,1,12,2
91.80514521105215,10,12,2
91.81524171493948,11,12,2
97.11888678208925,9,3,1
97.1237606650684,2,3,1
97.13131100009196,7,3,1
97.21652360609733,8,3,1
97.2175319341477,3,0,1
97.22766665904783,1,3,1
97.23649418912828,8,0,1
97.24785089795478,1,0,1
97.30643036100082,10,3,1
97.3143156550359,11,3,1
97.32977735507302,10,0,1
97.33317516813986,11,0,1
97.4120740829967,0,3,1
97.4204496301245,12,3,1
97.44200720707886,12,0,1
97.44272972596809,4,3,1
97.46107338508591,4,0,1
97.51315098092891,6,3,1
97.5311064790003,5,3,1
97.5328426361084,6,0,1
97.54946750798263,5,0,1
97.61571445898153,9,0,1
97.62048329901882,2,0,1
97.62875099410303,7,0,1
97.63710979092866,9,4,1
97.64069254812784,2,4,1
97.64849874097854,7,4,1
97.71116146398708,3,4,1
97.71239779796451,8,4,1
97.7189814071171,1,4,1
97.73144545615651,1,2,1
97.80699011893012,11,4,1
97.80796139594167,10,4,1
97.81985158915631,11,2,1
97.8287879920099,10,2,1
97.90394052513875,0,4,1
97.91334437113255,12,4,1
97.91461080498993,0,2,1
97.92583233001642,12,2,1
97.93212261213921,4,2,1
98.01125271315686,6,4,1
98.02907900814898,5,4,1
98.03177190106362,6,2,1
98.0497236889787,5,2,1
98.11537556396797,9,2,1
98.13098690914921,7,2,1
98.21641830098815,3,2,1
98.21743842912838,8,2,1
98.71579252905212,3,1,1
98.71686939802021,8,1,1
98.80489456094801,10,1,1
98.81536005507223,11,1,1
98.90903549198993,0,1,1
98.918809998082,12,1,1
98.93920631310903,4,1,1
99.01236568205059,6,1,1
99.02815078105778,5,1,1
99.11896604113281,9,1,1
99.12341661099344,2,1,1
99.13019457599148,7,1,1
99.4087042780593,0,8,1
99.41884808498435,12,8,1
99.43996575800702,4,8,1
99.51374560501426,6,8,1
99.52868073107675,5,8,1
99.61711172503419,9,8,1
99.62147437408566,2,8,1
99.63185939611867,7,8,1
99.71759763802402,3,8,1
99.72642214712687,1,8,1
99.80578359495848,11,8,1
99.80762400501408,10,8,1
100.01141475699842,6,5,1
100.11663051811047,9,5,1
100.12399958795868,2,5,1
100.13306819507852,7,5,1
100.21824510092847,8,5,1
100.2206434160471,3,5,1
100.22540849493816,1,5,1
100.24238498695195,8,7,1
100.24310894706286,3,7,1
100.24566326593049,1,7,1
100.30617930204608,10,5,1
100.31398573401384,11,5,1
100.33076754095964,10,7,1
100.33464973606169,11,7,1
100.34904264798388,10,9,1
100.35149136395194,11,9,1
100.40977136907168,0,5,1
100.41951436293311,12,5,1
100.43051293306053,0,7,1
100.44165491615422,4,5,1
100.44237710512243,12,7,1
100.44757127715275,0,9,1
100.46242415113375,12,9,1
100.46323637315072,4,7,1
100.48044731095433,4,9,1
100.49686907697469,4,6,1
100.51570855011232,6,7,1
100.53090766305104,5,7,1
100.53466512495652,6,9,1
100.54914199793711,5,9,1
100.56776728504337,5,6,1
100.61455421708524,9,7,1
100.624044904951,2,7,1
100.62875696294941,7,9,1
100.6346884239465,9,6,1
100.64559855102561,2,9,1
100.64914888795465,7,6,1
100.66508427099325,2,6,1
100.71427229908295,3,9,1
100.71498809801415,8,9,1
100.7260098780971,1,9,1
100.73599244910292,3,6,1
100.740257055033,8,6,1
100.74611549405381,1,6,1
100.80492889415473,10,6,1
100.8133944941219,11,6,1
100.82619992201217,10,11,2
100.90529367304407,0,6,1
100.92173261009157,12,6,1
100.92275673802942,0,11,2
100.93694941396825,4,11,2
100.94451313908212,12,11,2
101.0119319530204,6,11,2
101.03038173401728,5,11,2
101.03457900811918,6,10,2
101.05242543411441,5,10,2
101.11444263998419,9,11,2
101.1229261411354,2,11,2
101.13188642496243,7,11,2
101.13498006900772,9,10,2
101.14383896999061,2,10,2
101.15244140313007,7,10,2
101.21621138812043,3,11,2
101.21721666515805,8,11,2
101.22459677606821,1,11,2
101.24097413104028,8,10,2
101.2419662179891,3,10,2
101.2447797250934,1,10,2
101.313893544022,11,10,2
101.40847854595631,0,10,2
101.41861614212394,12,10,2
101.42826825403608,0,12,2
101.43990534101613,4,10,2
101.46006385912187,4,12,2
101.5127895521,6,12,2
101.52943703508936,5,12,2
101.61386613105424,9,12,2
101.62162018194795,2,12,2
101.63048551301472,7,12,2
101.7160234390758,3,12,2
101.71702214609832,8,12,2
101.72496121213771,1,12,2
101.80385138699785,10,12,2
101.81329745496623,11,12,2
107.11791261914186,9,3,1
107.1236359749455,2,3,1
107.13076273910701,7,3,1
107.21500732097775,3,0,1
107.21579063194804,8,3,1
107.22558365901932,1,3,1
107.23605812294409,8,0,1
107.24409759207629,1,0,1
107.30500031798147,10,3,1
107.31536306114867,11,3,1
107.32355204410851,10,0,1
107.33479821914807,11,0,1
107.4122202550061,0,3,1
107.419855162967,12,3,1
107.44092246610671,12,0,1
107.44192099315114,4,3,1
107.46003080601804,4,0,1
107.51848402596079,6,3,1
107.53331255004741,5,3,1
107.53725552698597,6,0,1
107.55375293502584,5,0,1
107.61487144813873,9,0,1
107.6203129759524,2,0,1
107.62843682710081,7,0,1
107.63483547093347,9,4,1
107.64103897009045,2,4,1
107.64829880697653,7,4,1
107.71587562607601,8,4,1
107.71678968006745,3,4,1
107.72395510505885,1,4,1
107.80283745098859,10,4,1
107.81304403906688,11,4,1
107.8238170419354,10,2,1
107.83385933493264,11,2,1
107.9112302500289,0,4,1
107.91936277109198,12,4,1
107.93415828305297,0,2,1
107.93677733512595,12,2,1
107.93718892615288,4,2,1
108.0033800760284,6,4,1
108.015300831059,6,2,1
108.0217563060578,5,4,1
108.0333419421222,5,2,1
108.11750315106474,9,2,1
108.1230157809332,7,2,1
108.21670633996837,8,2,1
108.21743354015052,3,2,1
108.22711382294074,1,2,1
108.71614845702425,3,1,1
108.71773177012801,8,1,1
108.80422356212512,10,1,1
108.81496163504198,11,1,1
108.90887120901607,0,1,1
108.91863283514977,12,1,1
108.93929595709778,4,1,1
109.01296878093854,6,1,1
109.02887952397577,5,1,1
109.11427208804525,9,1,1
109.12135620997287,2,1,1
109.13013555901125,7,1,1
109.40764203900471,0,8,1
109.41974785807543,12,8,1
109.4399559381418,4,8,1
109.51338507607579,6,8,1
109.52730941399932,5,8,1
109.61452870699577,9,8,1
109.62129955203272,2,8,1
109.63225689902902,7,8,1
109.71522498712875,3,8,1
109.72469701408409,1,8,1
109.80480601405725,10,8,1
109.81538206199184,11,8,1
110.00772487511858,6,5,1
110.11765947495587,9,5,1
110.12405426008627,2,5,1
110.12482480099425,7,5,1
110.21827548299916,8,5,1
110.21902976394631,3,5,1
110.2261215960607,1,5,1
110.24375697597861,8,7,1
110.2445034570992,3,7,1
110.2475059479475,1,7,1
110.30488871014677,10,5,1
110.31384917302057,11,5,1
110.32826986606233,10,7,1
110.33449015510269,11,7,1
110.34875338315032,10,9,1
110.35158397001214,11,9,1
110.40816992893815,0,5,1
110.42012150515802,12,5,1
110.42829509708099,0,7,1
110.44360054307617,4,5,1
110.4454203529749,12,7,1
110.44624136504717,0,9,1
110.46568791405298,12,9,1
110.46716345404275,4,7,1
110.48379806708544,4,9,1
110.50107993697748,4,6,1
110.5123655940406,6,7,1
110.53202289901674,6,9,1
110.53273584903218,5,7,1
110.55047412100248,5,9,1
110.56913729896769,5,6,1
110.6148666429799,9,7,1
110.62711362610571,2,7,1
110.62880837195553,7,9,1
110.6353943911381,9,6,1
110.65112958010286,2,9,1
110.65148151898757,7,6,1
110.67300391499884,2,6,1
110.71828731708229,1,9,1
110.7188349920325,3,9,1
110.71938004600815,8,9,1
110.73369458597153,3,6,1
110.73402575496584,1,6,1
110.7441873520147,8,6,1
110.80666583101265,10,6,1
110.81749404594302,11,6,1
110.82830900000408,10,11,2
110.90954746003263,0,6,1
110.91461047809571,12,6,1
110.93115872796625,12,11,2
110.93259458709508,0,11,2
110.94216138799675,4,11,2
111.00759715796448,6,11,2
111.02506424300373,6,10,2
111.02902737096883,5,11,2
111.04897449398413,5,10,2
111.10717559815384,9,11,2
111.1213783940766,9,10,2
111.12566132098436,2,11,2
111.130341618089,7,11,2
111.14991490007378,2,10,2
111.15125577710569,7,10,2
111.2170576970093,8,11,2
111.21777991694398,3,11,2
111.22757903393358,1,11,2
111.24090819596313,8,10,2
111.2416328061372,3,10,2
111.24878892092966,1,10,2
111.31338062812574,11,10,2
111.4093541491311,0,10,2
111.41912628500722,12,10,2
111.4291792891454,0,12,2
111.43974863598123,4,10,2
111.45996054611169,4,12,2
111.51161645213142,6,12,2
111.52980755711906,5,12,2
111.61395526607521,9,12,2
111.62111821095459,2,12,2
111.63102978095412,7,12,2
111.71752050402574,8,12,2
111.72060493798926,3,12,2
111.72424009698443,1,12,2
111.8059953211341,10,12,2
111.81612585694529,11,12,2
117.1203873930499,9,3,1
117.12345601595007,2,3,1
117.13495200895704,7,3,1
117.21472746995278,3,0,1
117.21574937808327,8,3,1
117.22546337312087,1,3,1
117.23480408708565,8,0,1
117.24439442809671,1,0,1
117.30691619007848,10,3,1
117.31419677706435,11,3,1
117.3295391050633,10,0,1
117.33271541097201,11,0,1
117.40896633709781,0,3,1
117.4185975890141,12,3,1
117.43852894194424,12,0,1
117.44064222904854,4,3,1
117.45838476205245,4,0,1
117.51356369396672,6,3,1
117.53130314708687,5,3,1
117.53263666294515,6,0,1
117.54921316402033,5,0,1
117.61495958408341,9,0,1
117.61903304513544,2,0,1
117.63200430711731,7,0,1
117.63539652014151,9,4,1
117.63876720098779,2,4,1
117.65378365013748,7,4,1
117.71629962208681,8,4,1
117.71711109415628,3,4,1
117.72585365199484,1,4,1
117.80427104607224,10,4,1
117.81245338893496,11,4,1
117.82564375805669,10,2,1
117.83263658802025,11,2,1
117.90788795612752,0,4,1
117.91785030812025,12,4,1
117.92778933793306,0,2,1
117.9405397051014,12,2,1
117.94124637404457,4,2,1
118.01159969996661,6,4,1
118.02942122402601,5,4,1
118.03272438398562,6,2,1
118.04967091511935,5,2,1
118.1152852110099,9,2,1
118.130928497063,7,2,1
118.22142107109539,8,2,1
118.22216865094379,3,2,1
118.22720452793874,1,2,1
118.71598635194823,3,1,1
118.71713386313058,8,1,1
118.80522188101895,10,1,1
118.81299949297681,11,1,1
118.91449590492994,0,1,1
118.91828110814095,12,1,1
118.93939978303388,4,1,1
119.00519006396644,6,1,1
119.02169168298133,5,1,1
119.10759462113492,9,1,1
119.11382698104717,2,1,1
119.12260464997962,7,1,1
119.41087883710861,0,8,1
119.4183523200918,12,8,1
119.4400434109848,4,8,1
119.51401906413957,6,8,1
119.53002716996707,5,8,1
119.61772177694365,9,8,1
119.62271808297373,2,8,1
119.63082987396047,7,8,1
119.7158219681587,3,8,1
119.72451104409993,1,8,1
119.80413572210819,10,8,1
119.8158508411143,11,8,1
120.0108804400079,6,5,1
120.12233443302102,9,5,1
120.1231335150078,2,5,1
120.13098941906355,7,5,1
120.21678569400683,3,5,1
120.22045147395693,8,5,1
120.22729101008736,1,5,1
120.24176422506571,3,7,1
120.2424833739642,8,7,1
120.24697835696861,1,7,1
120.30317641608417,10,5,1
120.31595305399969,11,5,1
120.32595924613997,10,7,1
120.33606044109911,11,7,1
120.34485752112232,10,9,1
120.35295329103246,11,9,1
120.41074533504434,0,5,1
120.41901248996146,12,5,1
120.43324847705662,0,7,1
120.44182606996037,12,7,1
120.4428278580308,4,5,1
120.45226834504865,0,9,1
120.46175921312533,12,9,1
120.46628066594712,4,7,1
120.48359786812216,4,9,1
120.5005497590173,4,6,1
120.51110066706315,6,7,1
120.53061223798431,6,9,1
120.53133365698159,5,7,1
120.54938324796967,5,9,1
120.568196691107,5,6,1
120.61784614203498,9,7,1
120.6238552259747,2,7,1
120.62846007104963,7,9,1
120.64034033496864,9,6,1
120.64588904613629,2,9,1
120.64918995602056,7,6,1
120.66625415999442,2,6,1
120.7149337651208,3,9,1
120.71632340294309,8,9,1
120.72649409994483,1,9,1
120.73804483399726,3,6,1
120.74089873209596,8,6,1
120.75146356993355,1,6,1
120.80317062698305,10,6,1
120.81394468992949,11,6,1
120.82337838714011,10,11,2
120.90896076709032,0,6,1
120.92001493810676,12,6,1
120.92924860911444,0,11,2
120.93999512214214,4,11,2
120.94107829104178,12,11,2
121.01158665097319,6,11,2
121.02907052705996,5,11,2
121.03239502711222,6,10,2
121.04919947497547,5,10,2
121.1168834969867,9,11,2
121.12209068913944,2,11,2
121.13075532508083,7,11,2
121.14070087601431,9,10,2
121.14739493792877,2,10,2
121.15111951902509,7,10,2
121.21630280395038,3,11,2
121.21739885397255,8,11,2
121.22846010513604,1,11,2
121.23959000804462,3,10,2
121.24261665996164,8,10,2
121.25297212204896,1,10,2
121.3133073351346,11,10,2
121.4090231009759,0,10,2
121.41818814002909,12,10,2
121.43070813105442,0,12,2
121.44133245013654,4,10,2
121.4622839000076,4,12,2
121.51179100805894,6,12,2
121.5280346099753,5,12,2
121.61687665898353,9,12,2
121.62072135298513,2,12,2
121.62997616501525,7,12,2
121.7160886800848,3,12,2
121.71741300611757,8,12,2
121.7274927101098,1,12,2
121.80408528493717,10,12,2
121.81282067298889,11,12,2
127.11487309797667,9,3,1
127.12643035198562,2,3,1
127.13074353011325,7,3,1
127.21488411095925,3,0,1
127.21617777599022,8,3,1
127.22754370607436,1,3,1
127.23691178113222,8,0,1
127.24788345000707,1,0,1
127.30492033297196,10,3,1
127.31447484297678,11,3,1
127.32522612600587,10,0,1
127.33276208094321,11,0,1
127.409631164046,0,3,1
127.41953755402938,12,3,1
127.44085090514272,4,3,1
127.44154314300977,12,0,1
127.46086279908195,4,0,1
127.51415320113301,6,3,1
127.53225916414522,5,3,1
127.5335231081117,6,0,1
127.55198509106413,5,0,1
127.61236246512271,9,0,1
127.62064801109955,2,0,1
127.62896856712177,7,0,1
127.63184842607006,9,4,1
127.64473078702576,2,4,1
127.64838925609365,7,4,1
127.71615674206987,3,4,1
127.71686574094929,8,4,1
127.72722493298352,1,4,1
127.74837486911565,1,2,1
127.8031477809418,10,4,1
127.81235499214381,11,4,1
127.8257020150777,10,2,1
127.83284383895807,11,2,1
127.90794047503732,0,4,1
127.91789266606793,12,4,1
127.93109378498048,0,2,1
127.94061856414191,12,2,1
127.9419795810245,4,2,1
128.01138270203955,6,4,1
128.02447780803777,5,4,1
128.03215644694865,6,2,1
128.04649661807343,5,2,1
128.11698715714738,9,2,1
128.1327286460437,7,2,1
128.21703589195386,8,2,1
128.21792088611983,3,2,1
128.71576145500876,8,1,1
128.71652850601822,3,1,1
128.8038472640328,10,1,1
128.8130681850016,11,1,1
128.90988027094863,0,1,1
128.91787482914515,12,1,1
128.93917435896583,4,1,1
129.01197328115813,6,1,1
129.0286718760617,5,1,1
129.1191365600098,9,1,1
129.12142006214708,2,1,1
129.13007421814837,7,1,1
129.40421014395542,0,8,1
129.41123843495734,12,8,1
129.4309147519525,4,8,1
129.50687491009012,6,8,1
129.52056213305332,5,8,1
129.61159615195356,9,8,1
129.6131190841552,2,8,1
129.62261339300312,7,8,1
129.7183322289493,3,8,1
129.7252140371129,1,8,1
129.80451977602206,10,8,1
129.81466454314068,11,8,1
130.0115111740306,6,5,1
130.11780001898296,9,5,1
130.12296042894013,2,5,1
130.13254018104635,7,5,1
130.22039808309637,8,5,1
130.22201572800986,3,5,1
130.22530387714505,1,5,1
130.2450933160726,3,7,1
130.24583805701695,8,7,1
130.2465158449486,1,7,1
130.3030823660083,10,5,1
130.3138802801259,11,5,1
130.32355617312714,10,7,1
130.33447931101546,11,7,1
130.3410768599715,10,9,1
130.35156270605512,11,9,1
130.4101743530482,0,5,1
130.4206695780158,12,5,1
130.43249452998862,0,7,1
130.44160022796132,12,7,1
130.44259980600327,4,5,1
130.451094357064,0,9,1
130.46131952502765,12,9,1
130.46271794312634,4,7,1
130.47921989299357,4,9,1
130.4950842249673,4,6,1
130.5144698030781,6,7,1
130.53093885211274,5,7,1
130.5353285309393,6,9,1
130.54916065814905,5,9,1
130.5678989479784,5,6,1
130.61423075012863,9,7,1
130.62403427693062,2,7,1
130.63076515006833,7,9,1
130.63412338215858,9,6,1
130.64522719499655,2,9,1
130.65313874999993,7,6,1
130.66599301993847,2,6,1
130.7148547610268,8,9,1
130.7163021499291,3,9,1
130.72450559400022,1,9,1
130.7371951690875,8,6,1
130.73823607806116,3,6,1
130.7449986920692,1,6,1
130.80389254610054,10,6,1
130.81362231099047,11,6,1
130.82382783899084,10,11,2
130.9144974979572,0,6,1
130.91835669311695,12,6,1
130.9390810879413,4,11,2
130.93987127998844,12,11,2
130.94056182913482,0,11,2
131.01205338607542,6,11,2
131.03070540400222,5,11,2
131.03498371015303,6,10,2
131.0507900309749,5,10,2
131.11670243600383,9,11,2
131.1220831021201,2,11,2
131.13406199915335,7,11,2
131.1372036349494,9,10,2
131.1455534719862,2,10,2
131.15704622515477,7,10,2
131.2164128520526,8,11,2
131.21772613795474,3,11,2
131.2255534210708,1,11,2
131.23877999093384,3,10,2
131.23991157207638,8,10,2
131.24715611012653,1,10,2
131.3136872521136,11,10,2
131.40896684699692,0,10,2
131.4179247810971,12,10,2
131.42978730401956,0,12,2
131.4393009529449,4,10,2
131.45917302393354,4,12,2
131.51163472305052,6,12,2
131.5294305679854,5,12,2
131.61758545902558,9,12,2
131.621952528134,2,12,2
131.63028225512244,7,12,2
131.7161911651492,3,12,2
131.71694098506123,8,12,2
131.72430030605756,1,12,2
131.80374514008872,10,12,2
131.81319919694215,11,12,2
137.12193039013073,9,3,1
137.12763697607443,2,3,1
137.13131746603176,7,3,1
137.21503614704125,3,0,1
137.21584081905894,8,3,1
137.22580031002872,1,3,1
137.23495781002566,8,0,1
137.24507167492993,1,0,1
137.30488149495795,10,3,1
137.31445623608306,11,3,1
137.3233374580741,10,0,1
137.33294296008535,11,0,1
137.40960042807274,0,3,1
137.4187359069474,12,3,1
137.43890617694706,12,0,1
137.44192304904573,4,3,1
137.46103655011393,4,0,1
137.5182950401213,6,3,1
137.53048394201323,5,3,1
137.5370669211261,6,0,1
137.5487762100529,5,0,1
137.61462391493842,9,0,1
137.6242677271366,2,0,1
137.62807683111168,7,0,1
137.63536959001794,9,4,1
137.6445496501401,2,4,1
137.64764797408134,7,4,1
137.71593368495815,3,4,1
137.71743629593402,8,4,1
137.72440350614488,1,4,1
137.80307804909535,10,4,1
137.81455080211163,11,4,1
137.82378246309236,10,2,1
137.83501439006068,11,2,1
137.90840300894342,0,4,1
137.91984488093294,12,4,1
137.92868229211308,0,2,1
137.94146414007992,12,2,1
137.94200520403683,4,2,1
138.01161537109874,6,4,1
138.02938304608688,5,4,1
138.03289217106067,6,2,1
138.0494805430062,5,2,1
138.11784399603494,9,2,1
138.13045348902233,7,2,1
138.21695076604374,3,2,1
138.21800955501385,8,2,1
138.22538013593294,1,2,1
138.71643716609105,3,1,1
138.71754512703046,8,1,1
138.8036589929834,10,1,1
138.81539309304208,11,1,1
138.90862970310263,0,1,1
138.91943988809362,12,1,1
138.93966839904897,4,1,1
139.01234599994496,6,1,1
139.02798032504506,5,1,1
139.1193284650799,9,1,1
139.12119371513836,2,1,1
139.1297616190277,7,1,1
139.40894288592972,0,8,1
139.41938577103429,12,8,1
139.44141145097092,4,8,1
139.51380146411248,6,8,1
139.53019375004806,5,8,1
139.61501716193743,9,8,1
139.6214891280979,2,8,1
139.62880011694506,7,8,1
139.70733081712388,3,8,1
139.71799444803037,1,8,1
139.79709894396365,10,8,1
139.80649009905756,11,8,1
140.01138223311864,6,5,1
140.11738371104002,9,5,1
140.12232756614685,2,5,1
140.13198199914768,7,5,1
140.21655866410583,3,5,1
140.21755985193886,8,5,1
140.22690241597593,1,5,1
140.23957200115547,3,7,1
140.24095145915635,8,7,1
140.25048816902563,1,7,1
140.3029171670787,10,5,1
140.31387072615325,11,5,1
140.3231753790751,10,7,1
140.33440448599868,11,7,1
140.34095707396045,10,9,1
140.35155808296986,11,9,1
140.41011942899786,0,5,1
140.41616657399572,12,5,1
140.43492804514244,12,7,1
140.4363217430655,0,7,1
140.4370589130558,4,5,1
140.45289698499255,12,9,1
140.45504823303781,4,7,1
140.45577066298574,0,9,1
140.46888286992908,4,9,1
140.4843058399856,4,6,1
140.50970825296827,6,7,1
140.52790575893596,6,9,1
140.52928667608649,5,7,1
140.5471473429352,5,9,1
140.56650796998292,5,6,1
140.61782280914485,9,7,1
140.62843442801386,2,7,1
140.62915467796847,7,9,1
140.64405434415676,9,6,1
140.64789907913655,2,9,1
140.65101144299842,7,6,1
140.6664144829847,2,6,1
140.71678273612633,8,9,1
140.7176748099737,3,9,1
140.724738341989,1,9,1
140.72981009003706,3,6,1
140.737319214968,8,6,1
140.7448730710894,1,6,1
140.80383885814808,10,6,1
140.8147519249469,11,6,1
140.82412878097966,10,11,2
140.91322187893093,0,6,1
140.92081194603816,12,6,1
140.93797960295342,4,11,2
140.93874279409647,0,11,2
140.94317657500505,12,11,2
141.0114070950076,6,11,2
141.02900717407465,5,11,2
141.0322335420642,6,10,2
141.04919067397714,5,10,2
141.11755230696872,9,11,2
141.12232066714205,2,11,2
141.1258738040924,7,11,2
141.14252162794583,7,10,2
141.1432448369451,9,10,2
141.1439882980194,2,10,2
141.21668692911044,8,11,2
141.21799988509156,3,11,2
141.22684432612732,1,11,2
141.2390570291318,8,10,2
141.24089139909483,3,10,2
141.24741343595088,1,10,2
141.3135767490603,11,10,2
141.4081638371572,0,10,2
141.41986525594257,12,10,2
141.4278597140219,0,12,2
141.43984406115487,4,10,2
141.45970905199647,4,12,2
141.51200058707036,6,12,2
141.5278991800733,5,12,2
141.6144175780937,9,12,2
141.62095092609525,2,12,2
141.63041330408305,7,12,2
141.71605303813703,3,12,2
141.71708308602683,8,12,2
141.72470441414043,1,12,2
141.8046876131557,10,12,2
141.81484042014927,11,12,2
147.12292028102092,9,3,1
147.1250477291178,2,3,1
147.125853151083,7,3,1
147.21545509295538,3,0,1
147.21624717512168,8,3,1
147.22503457404673,1,3,1
147.23733455012552,8,0,1
147.2432379911188,1,0,1
147.30489708203822,10,3,1
147.31521812314168,11,3,1
147.32544291205704,10,0,1
147.333137442125,11,0,1
147.4097346200142,0,3,1
147.42093182494864,12,3,1
147.44148973515257,12,0,1
147.44221362494864,4,3,1
147.4602111049462,4,0,1
147.51717732893303,6,3,1
147.53268879209645,5,3,1
147.5358592181001,6,0,1
147.55057827895507,5,0,1
147.6130031410139,9,0,1
147.62017292599194,2,0,1
147.63078542612493,7,0,1
147.63684062100947,9,4,1
147.6400759089738,2,4,1
147.65077697113156,7,4,1
147.71951148402877,8,4,1
147.72024861397222,3,4,1
147.72488526115194,1,4,1
147.80338162113912,10,4,1
147.81277592713013,11,4,1
147.82561827707104,10,2,1
147.83323789504357,11,2,1
147.9137443790678,0,4,1
147.92066964809783,12,4,1
147.93776311399415,0,2,1
147.9417489829939,4,2,1
147.94244714197703,12,2,1
148.0108316859696,6,4,1
148.02862421097234,5,4,1
148.0315476709511,6,2,1
148.0487345289439,5,2,1
148.1148875229992,9,2,1
148.12481438415125,7,2,1
148.21691004396416,3,2,1
148.218015905004,8,2,1
148.2261626769323,1,2,1
148.71634349995293,3,1,1
148.71715558203869,8,1,1
148.80390469706617,10,1,1
148.81425165897235,11,1,1
148.90783803001978,0,1,1
148.92052546609193,12,1,1
148.94036089698784,4,1,1
149.0117387729697,6,1,1
149.02882224903442,5,1,1
149.1190413190052,9,1,1
149.1200842470862,2,1,1
149.13153384905308,7,1,1
149.40840192814358,0,8,1
149.41913928999566,12,8,1
149.4396710600704,4,8,1
149.51294200797565,6,8,1
149.52862141514197,5,8,1
149.61531836912036,9,8,1
149.62193415896036,2,8,1
149.63084405194968,7,8,1
149.71507755899802,3,8,1
149.7257194989361,1,8,1
149.79574844799936,10,8,1
149.80960811604746,11,8,1
150.01186941098422,6,5,1
150.11526381014846,9,5,1
150.1235766459722,2,5,1
150.13115895306692,7,5,1
150.21908050007187,3,5,1
150.2202238109894,8,5,1
150.22930331900716,1,5,1
150.2407126200851,3,7,1
150.2453972781077,8,7,1
150.25417506694794,1,7,1
150.30416445992887,10,5,1
150.31407476007007,11,5,1
150.32490141503513,10,7,1
150.33438071398996,11,7,1
150.3425319159869,10,9,1
150.3516262541525,11,9,1
150.41030807397328,0,5,1
150.4185764391441,12,5,1
150.43075622199103,0,7,1
150.44099344103597,12,7,1
150.4420120290015,4,5,1
150.44820092711598,0,9,1
150.4609040231444,12,9,1
150.4658770491369,4,7,1
150.4833533160854,4,9,1
150.500602185959,4,6,1
150.51209423900582,6,7,1
150.53079229895957,6,9,1
150.53184262802824,5,7,1
150.54702842212282,5,9,1
150.5608567390591,5,6,1
150.60715093114413,9,7,1
150.61505096615292,2,7,1
150.62179776001722,9,6,1
150.62282671802677,7,9,1
150.62660937104374,2,9,1
150.63329643406905,7,6,1
150.63720730994828,2,6,1
150.7103167041205,8,9,1
150.71073649497703,3,9,1
150.71738341613673,1,9,1
150.72732321708463,3,6,1
150.72785596200265,8,6,1
150.7288429089822,1,6,1
150.8052158211358,10,6,1
150.81299981405027,11,6,1
150.8271724600345,10,11,2
150.90248408308253,0,6,1
150.91997308004647,12,6,1
150.92336462205276,0,11,2
150.9370078551583,4,11,2
150.9403575360775,12,11,2
151.01173484208994,6,11,2
151.03096662694588,5,11,2
151.03280406701379,6,10,2
151.0521342139691,5,10,2
151.1143808909692,9,11,2
151.12287831306458,2,11,2
151.1330886511132,7,11,2
151.1370518191252,9,10,2
151.14663498010486,2,10,2
151.1478278329596,7,10,2
151.21666616015136,8,11,2
151.21739805000834,3,11,2
151.224183954997,1,11,2
151.24137043301016,3,10,2
151.24207353196107,8,10,2
151.2446534531191,1,10,2
151.31433863309212,11,10,2
151.4089334020391,0,10,2
151.4182549570687,12,10,2
151.42933811806142,0,12,2
151.43907839409076,4,10,2
151.45879888208583,4,12,2
151.51189410011284,6,12,2
151.52838663896546,5,12,2
151.61420282907784,9,12,2
151.62141620600596,2,12,2
151.63024633703753,7,12,2
151.7167641860433,3,12,2
151.71962242294103,8,12,2
151.72355979098938,1,12,2
151.80582992406562,10,12,2
151.8156896531582,11,12,2
157.12109175510705,9,3,1
157.1233143650461,2,3,1
157.1310717270244,7,3,1
157.21488841297105,3,0,1
157.21698270994239,8,3,1
157.22729433095083,1,3,1
157.23617965402082,8,0,1
157.24523121095262,1,0,1
157.3044210751541,10,3,1
157.3153123720549,11,3,1
157.32547947997227,10,0,1
157.33314893906936,11,0,1
157.40995700401254,0,3,1
157.4208887820132,12,3,1
157.44478256301954,12,0,1
157.44578386098146,4,3,1
157.46501738508232,4,0,1
157.5138585071545,6,3,1
157.53313747304492,5,3,1
157.53448045998812,6,0,1
157.55129277799278,5,0,1
157.6150051560253,9,0,1
157.61986694904044,2,0,1
157.63203052105382,7,0,1
157.6367670299951,9,4,1
157.63997668703087,2,4,1
157.65420212503523,7,4,1
157.71274631214328,3,4,1
157.7135686550755,8,4,1
157.72604328510351,1,4,1
157.80310038710013,10,4,1
157.81361101311632,11,4,1
157.82326090615243,10,2,1
157.83375458302908,11,2,1
157.91413148515858,0,4,1
157.9214169839397,12,4,1
157.93604720314033,0,2,1
157.94162956508808,4,2,1
157.94292678008787,12,2,1
158.01142280804925,6,4,1
158.03055640100501,5,4,1
158.0345142679289,6,2,1
158.0531887980178,5,2,1
158.118030927144,9,2,1
158.13117263512686,7,2,1
158.21760119195096,8,2,1
158.2183714429848,3,2,1
158.22660056804307,1,2,1
158.71630885498598,8,1,1
158.71821919712238,3,1,1
158.8033549101092,10,1,1
158.81456148508005,11,1,1
158.9168383849319,0,1,1
158.9213646480348,12,1,1
158.9384846149478,4,1,1
159.0108146581333,6,1,1
159.02902337512933,5,1,1
159.11711404798552,9,1,1
159.1213646940887,2,1,1
159.13143037911505,7,1,1
159.41138439509086,0,8,1
159.4201895450242,12,8,1
159.43927878607064,4,8,1
159.51123896799982,6,8,1
159.52979438495822,5,8,1
159.61698335316032,9,8,1
159.62168248114176,2,8,1
159.62997023714706,7,8,1
159.71755673596635,3,8,1
159.72518829395995,1,8,1
159.80444767605513,10,8,1
159.81432324601337,11,8,1
160.01138060097583,6,5,1
160.11800290015526,9,5,1
160.12222665501758,2,5,1
160.13050679094158,7,5,1
160.2188034800347,8,5,1
160.2200921450276,3,5,1
160.22907138010487,1,5,1
160.24084471096285,3,7,1
160.24244082393125,8,7,1
160.25014268397354,1,7,1
160.30382152902894,10,5,1
160.31491694203578,11,5,1
160.32670511305332,10,7,1
160.33479930413887,11,7,1
160.34557465813123,10,9,1
160.3515339300502,11,9,1
160.4100634569768,0,5,1
160.41875369404443,12,5,1
160.43479428207502,0,7,1
160.4456519880332,12,7,1
160.44636303698644,4,5,1
160.45060973311774,0,9,1
160.4648049401585,12,9,1
160.46710273297504,4,7,1
160.48331925505772,4,9,1
160.498870478943,4,6,1
160.51388998911716,6,7,1
160.53015824314207,5,7,1
160.53356544603594,6,9,1
160.54842098103836,5,9,1
160.5674877311103,5,6,1
160.61701936204918,9,7,1
160.6247180220671,2,7,1
160.63085942994803,7,9,1
160.63689704495482,9,6,1
160.6476734089665,2,9,1
160.65096303797327,7,6,1
160.6658120129723,2,6,1
160.7146635861136,3,9,1
160.71541884704493,8,9,1
160.72585733095184,1,9,1
160.73707052716054,8,6,1
160.7377764659468,3,6,1
160.74609809415415,1,6,1
160.80521521600895,10,6,1
160.8067586880643,11,6,1
160.82627605111338,10,11,2
160.9014481010381,0,6,1
160.91346805915236,12,6,1
160.91483589611016,0,11,2
160.92597035993822,12,11,2
160.93120734300464,4,11,2
161.01114249415696,6,11,2
161.03021156415343,5,11,2
161.03162667201832,6,10,2
161.05066075199284,5,10,2
161.1170893840026,2,11,2
161.11866996693425,9,11,2
161.12846455397084,7,11,2
161.13211155403405,2,10,2
161.14473856799304,9,10,2
161.14838254800998,7,10,2
161.21242702496238,3,11,2
161.21636471198872,8,11,2
161.22601404599845,1,11,2
161.2284463320393,3,10,2
161.2382743600756,8,10,2
161.24629579903558,1,10,2
161.3139899650123,11,10,2
161.41098983213305,0,10,2
161.41824079002254,12,10,2
161.43107620999217,0,12,2
161.4391119091306,4,10,2
161.458822845947,4,12,2
161.51168835908175,6,12,2
161.52829935215414,5,12,2
161.6167526950594,9,12,2
161.62255238299258,2,12,2
161.63094661198556,7,12,2
161.71619059797376,3,12,2
161.71956825000234,8,12,2
161.72371583315544,1,12,2
161.80405293405056,10,12,2
161.81438190606423,11,12,2
167.11739385593683,9,3,1
167.1246985050384,2,3,1
167.13234056415968,7,3,1
167.21515802294016,3,0,1
167.2159241340123,8,3,1
167.22735912608914,1,3,1
167.23423769394867,8,0,1
167.24745165393688,1,0,1
167.30510504799895,10,3,1
167.31588235194795,11,3,1
167.3236319241114,10,0,1
167.33600822114386,11,0,1
167.4098549860064,0,3,1
167.41885490203276,12,3,1
167.43940337304957,12,0,1
167.4407596399542,4,3,1
167.458358240081,4,0,1
167.51576900598593,6,3,1
167.5315145161003,5,3,1
167.53444414609112,6,0,1
167.54971158294939,5,0,1
167.61271437210962,9,0,1
167.6199107079301,2,0,1
167.63571664015763,7,0,1
167.63648777105846,9,4,1
167.6394614521414,2,4,1
167.6582542450633,7,4,1
167.71574344392866,8,4,1
167.71646865294315,3,4,1
167.72667288198136,1,4,1
167.74809874594212,1,2,1
167.80465915007517,10,4,1
167.81261779693887,11,4,1
167.82643705396913,10,2,1
167.83393772901036,11,2,1
167.90775750414468,0,4,1
167.91775883594528,12,4,1
167.92851018998772,0,2,1
167.94076531403698,12,2,1
167.94149762415327,4,2,1
168.01074187410995,6,4,1
168.02907294407487,5,4,1
168.03424505493604,6,2,1
168.0493947379291,5,2,1
168.1149416770786,9,2,1
168.1308115599677,7,2,1
168.2165764309466,3,2,1
168.2175686280243,8,2,1
168.71579051506706,8,1,1
168.71657994599082,3,1,1
168.8051945241168,10,1,1
168.81473700515926,11,1,1
168.9091276100371,0,1,1
168.91791361011565,12,1,1
168.9387544391211,4,1,1
169.0118925049901,6,1,1
169.02836812497117,5,1,1
169.11780475499108,9,1,1
169.12277110107243,2,1,1
169.1315900720656,7,1,1
169.40922797913663,0,8,1
169.41827077511698,12,8,1
169.43942212313414,4,8,1
169.5144111891277,6,8,1
169.52817391511053,5,8,1
169.61467271507718,9,8,1
169.62206205702387,2,8,1
169.63014951813966,7,8,1
169.71532322303392,3,8,1
169.72514534997754,1,8,1
169.80402864306234,10,8,1
169.81467498396523,11,8,1
170.01189583609812,6,5,1
170.11659185402095,9,5,1
170.1245250001084,2,5,1
170.13235586415976,7,5,1
170.21647937013768,3,5,1
170.22106511495076,8,5,1
170.22531152097508,1,5,1
170.23682508501224,3,7,1
170.24578108009882,1,7,1
170.24648661911488,8,7,1
170.30454265302978,10,5,1
170.3148954960052,11,5,1
170.3260844910983,10,7,1
170.33714713295922,11,7,1
170.34354471811093,10,9,1
170.35538493096828,11,9,1
170.4101132049691,0,5,1
170.4197323070839,12,5,1
170.4312449709978,0,7,1
170.4419100319501,4,5,1
170.44269221415743,12,7,1
170.44942448707297,0,9,1
170.46401733602397,12,9,1
170.4650133231189,4,7,1
170.48162791598588,4,9,1
170.49729476403445,4,6,1
170.51454906514846,6,7,1
170.52006668504328,5,7,1
170.53344711102545,5,9,1
170.53536116308533,6,9,1
170.5456917451229,5,6,1
170.61453834408894,9,7,1
170.62228468502872,2,7,1
170.6289636970032,7,9,1
170.6369739859365,9,6,1
170.64093303401023,2,9,1
170.64970313408412,7,6,1
170.66002405504696,2,6,1
170.71384915406816,3,9,1
170.71484845201485,8,9,1
170.724465243984,1,9,1
170.73652959312312,8,6,1
170.73722990206443,3,6,1
170.74502147501335,1,6,1
170.8051952670794,10,6,1
170.81343417195603,11,6,1
170.82672448502854,10,11,2
170.9117958759889,0,6,1
170.91827074298635,12,6,1
170.93489723699167,0,11,2
170.93802851298824,4,11,2
170.9393297280185,12,11,2
171.01151045807637,6,11,2
171.02914899005555,6,10,2
171.02957840100862,5,11,2
171.04555981699377,5,10,2
171.10728887212463,9,11,2
171.11401685606688,2,11,2
171.12057817494497,9,10,2
171.12439594906755,7,11,2
171.1256970150862,2,10,2
171.13606480811723,7,10,2
171.2097972400952,8,11,2
171.2118389159441,3,11,2
171.21811209712178,1,11,2
171.2248003501445,3,10,2
171.22513191914186,8,10,2
171.2298411570955,1,10,2
171.3156750900671,11,10,2
171.40908913011663,0,10,2
171.41816945793107,12,10,2
171.429028484039,0,12,2
171.43967332411557,4,10,2
171.45942676393315,4,12,2
171.51247365097515,6,12,2
171.5293221110478,5,12,2
171.6124049089849,9,12,2
171.62089609005488,2,12,2
171.63345425296575,7,12,2
171.7157281190157,3,12,2
171.71645808895119,8,12,2
171.7240108649712,1,12,2
171.80631379201077,10,12,2
171.8156794870738,11,12,2
177.10726613504812,9,3,1
177.1145784149412,2,3,1
177.12273123813793,7,3,1
177.2098551960662,8,3,1
177.21311601507477,3,0,1
177.2172859890852,1,3,1
177.22130689909682,8,0,1
177.22874378203414,1,0,1
177.3015709409956,10,3,1
177.31383072515018,11,3,1
177.32307414803654,10,0,1
177.33234445098788,11,0,1
177.4126860939432,0,3,1
177.4133969740942,12,3,1
177.42505430197343,12,0,1
177.44069953914732,4,3,1
177.45896965800785,4,0,1
177.51382760494016,6,3,1
177.53316658292897,6,0,1
177.53388197300956,5,3,1
177.55249117105268,5,0,1
177.6154368701391,9,0,1
177.6195745819714,2,0,1
177.6281299260445,7,0,1
177.63987498707138,9,4,1
177.64058053609915,2,4,1
177.64794153696857,7,4,1
177.7156245750375,8,4,1
177.7165403100662,3,4,1
177.72600979800336,1,4,1
177.74626624095254,1,2,1
177.80536985513754,10,4,1
177.812628302956,11,4,1
177.8295220141299,10,2,1
177.83336245897226,11,2,1
177.9082739041187,0,4,1
177.917607559124,12,4,1
177.9297644610051,0,2,1
177.94024127698503,12,2,1
177.9415457029827,4,2,1
178.0114109099377,6,4,1
178.02878849511035,5,4,1
178.03231392102316,6,2,1
178.04933615610935,5,2,1
178.11785703711212,9,2,1
178.13106692698784,7,2,1
178.21651635994203,3,2,1
178.21725515113212,8,2,1
178.71565595804714,8,1,1
178.71808083495125,3,1,1
178.80515225208364,10,1,1
178.8141355670523,11,1,1
178.90354240802117,0,1,1
178.91141498298384,12,1,1
178.9393010949716,4,1,1
179.01157599803992,6,1,1
179.02841402799822,5,1,1
179.11438489495777,9,1,1
179.1215939419344,2,1,1
179.13079780293629,7,1,1
179.4034112971276,0,8,1
179.41968397097662,12,8,1
179.4396027449984,4,8,1
179.51465124404058,6,8,1
179.5299366209656,5,8,1
179.61720016412437,9,8,1
179.62117082299665,2,8,1
179.63006198499352,7,8,1
179.71499408409,3,8,1
179.7249360459391,1,8,1
179.80393295316026,10,8,1
179.81327196815982,11,8,1
180.01112733012997,6,5,1
180.11597963306122,9,5,1
180.12293649301864,2,5,1
180.13075501704589,7,5,1
180.22060384997167,8,5,1
180.22184509411454,3,5,1
180.22629765607417,1,5,1
180.24434669897892,8,7,1
180.24504040693864,3,7,1
180.2487781289965,1,7,1
180.30363206705078,10,5,1
180.31377697410062,11,5,1
180.32614933210425,10,7,1
180.3343920870684,11,7,1
180.34481853200123,10,9,1
180.35127874906175,11,9,1
180.40353073505685,0,5,1
180.42009488702752,0,7,1
180.42192377708852,12,5,1
180.43295559915714,0,9,1
180.4409880079329,4,5,1
180.44516599201597,12,7,1
180.46310854214244,12,9,1
180.46436511608772,4,7,1
180.47839193907566,4,9,1
180.49300814815797,4,6,1
180.51728034112602,6,7,1
180.53290299815126,5,7,1
180.5362333790399,6,9,1
180.5513817819301,5,9,1
180.56998459994793,5,6,1
180.61512029310688,9,7,1
180.62214805511758,2,7,1
180.62854311894625,7,9,1
180.64155527506955,2,9,1
180.64225346408784,9,6,1
180.64397531095892,7,6,1
180.66248639603145,2,6,1
180.71376524609514,8,9,1
180.71604514913633,3,9,1
180.72603032109328,1,9,1
180.7347980509512,8,6,1
180.73847722099163,3,6,1
180.74656444205903,1,6,1
180.80416078493,10,6,1
180.81345736794174,11,6,1
180.8242325030733,10,11,2
180.90319038904272,0,6,1
180.9203632180579,0,11,2
180.92108640703373,12,6,1
180.93583349999972,4,11,2
180.94353698100895,12,11,2
181.0118172049988,6,11,2
181.030943317106,5,11,2
181.03512948099524,6,10,2
181.05137658515014,5,10,2
181.11502643302083,9,11,2
181.12189300102182,2,11,2
181.13536959909834,7,11,2
181.13609673897736,9,10,2
181.14268038910814,2,10,2
181.1576970180031,7,10,2
181.21564734098502,3,11,2
181.21635790006258,8,11,2
181.2270608120598,1,11,2
181.2383235101588,3,10,2
181.23902663914487,8,10,2
181.2504154900089,1,10,2
181.31311170198023,11,10,2
181.40855206898414,0,10,2
181.4189646630548,12,10,2
181.4294101379346,0,12,2
181.44134535407647,4,10,2
181.46228389604948,4,12,2
181.5118920400273,6,12,2
181.53032427397557,5,12,2
181.61468746815808,9,12,2
181.62177686113864,2,12,2
181.6307702071499,7,12,2
181.7156290540006,3,12,2
181.7163762440905,8,12,2
181.72605174896307,1,12,2
181.80374920996837,10,12,2
181.81298218201846,11,12,2
187.11859746393748,9,3,1
187.12260208302177,2,3,1
187.13124991906807,7,3,1
187.2166451921221,8,3,1
187.2176922711078,3,0,1
187.22795590106398,1,3,1
187.235163948033,8,0,1
187.2459381420631,1,0,1
187.3070338810794,10,3,1
187.31386777805164,11,3,1
187.32906512310728,10,0,1
187.33239973406307,11,0,1
187.40515358094126,0,3,1
187.4192850671243,12,3,1
187.43995028198697,12,0,1
187.44120344612747,4,3,1
187.45902346307412,4,0,1
187.50479452311993,6,3,1
187.51809538598172,6,0,1
187.53108433098532,5,3,1
187.54914925410412,5,0,1
187.61503769410774,9,0,1
187.61938363313675,2,0,1
187.62793195596896,7,0,1
187.63914345297962,2,4,1
187.63989977305755,9,4,1
187.64798780414276,7,4,1
187.71629169001244,3,4,1
187.7178609429393,8,4,1
187.7268805289641,1,4,1
187.7471175021492,1,2,1
187.8032560951542,10,4,1
187.8135206559673,11,4,1
187.82349515799433,10,2,1
187.83380013913848,11,2,1
187.90876234695315,0,4,1
187.91937497700565,12,4,1
187.92923545604572,0,2,1
187.94184779096395,4,2,1
187.9428577090148,12,2,1
188.0116498770658,6,4,1
188.0294592040591,5,4,1
188.03263403102756,6,2,1
188.04980474011973,5,2,1
188.11477226414718,9,2,1
188.1311382020358,7,2,1
188.21653214399703,3,2,1
188.21755434200168,8,2,1
188.71240578009747,3,1,1
188.71458620904014,8,1,1
188.8070149240084,10,1,1
188.81343731912784,11,1,1
188.90031591197476,0,1,1
188.91141300601885,12,1,1
188.93154070503078,4,1,1
189.0075633721426,6,1,1
189.0289682270959,5,1,1
189.10708648106083,9,1,1
189.11667025298811,2,1,1
189.12399786314927,7,1,1
189.41183884604834,0,8,1
189.4194860451389,12,8,1
189.43978321901523,4,8,1
189.51153569901362,6,8,1
189.5293749771081,5,8,1
189.61436226894148,9,8,1
189.62574568903074,2,8,1
189.62996004405431,7,8,1
189.7178317750804,3,8,1
189.7264075691346,1,8,1
189.80565457395278,10,8,1
189.81374073494226,11,8,1
190.01109803607687,6,5,1
190.11841663811356,9,5,1
190.12369475211017,2,5,1
190.13027245202102,7,5,1
190.21292391000316,8,5,1
190.2135008960031,3,5,1
190.23036089609377,1,5,1
190.232049012091,3,7,1
190.2325759269297,8,7,1
190.25093498802744,1,7,1
190.30704091093503,10,5,1
190.31046305503696,11,5,1
190.3286441010423,11,7,1
190.3307452290319,10,7,1
190.34334063297138,11,9,1
190.34993128315546,10,9,1
190.41423861007206,0,5,1
190.42009603907354,12,5,1
190.43506711907685,4,5,1
190.43900144612417,0,7,1
190.44543078215793,12,7,1
190.44666642602533,4,7,1
190.46063957712613,4,9,1
190.46141373808496,0,9,1
190.46405653003603,12,9,1
190.47119878605008,4,6,1
190.5124415019527,6,7,1
190.5315508339554,5,7,1
190.53256197203882,6,9,1
190.55137064610608,5,9,1
190.57132598105818,5,6,1
190.61715476308018,9,7,1
190.6214890810661,2,7,1
190.63234866806306,7,9,1
190.64198714098893,2,9,1
190.6429799280595,9,6,1
190.65612877812237,7,6,1
190.6620146080386,2,6,1
190.71603381400928,3,9,1
190.7205526069738,8,9,1
190.72490702709183,1,9,1
190.73821198008955,3,6,1
190.7421212871559,8,6,1
190.74568328401074,1,6,1
190.8040466690436,10,6,1
190.81542312912643,11,6,1
190.82461209013127,10,11,2
190.90909345797263,0,6,1
190.91880260407925,12,6,1
190.930634327,0,11,2
190.93872708803974,4,11,2
190.94012294593267,12,11,2
191.0120386609342,6,11,2
191.03102019894868,5,11,2
191.03522222395986,6,10,2
191.0531491539441,5,10,2
191.11582200601697,9,11,2
191.1241966050584,2,11,2
191.13615632196888,7,11,2
191.1431918439921,9,10,2
191.1479748650454,2,10,2
191.159043247113,7,10,2
191.21242011501454,8,11,2
191.21667254110798,3,11,2
191.2277854050044,1,11,2
191.22956499294378,8,10,2
191.2386282410007,3,10,2
191.24992156005464,1,10,2
191.3153583270032,11,10,2
191.40454179397784,0,10,2
191.41503130993806,12,10,2
191.42178116505966,0,12,2
191.43984858808108,4,10,2
191.45983856497332,4,12,2
191.511383282952,6,12,2
191.52918810909614,5,12,2
191.61247592396103,9,12,2
191.62462056614459,2,12,2
191.63095011003315,7,12,2
191.71611718600616,3,12,2
191.71689948695712,8,12,2
191.72490868601017,1,12,2
191.80410585994832,10,12,2
191.81436419999227,11,12,2
197.121079540113,9,3,1
197.12339225411415,2,3,1
197.1330890590325,7,3,1
197.21642867615446,8,3,1
197.21718571707606,3,0,1
197.2275090890471,1,3,1
197.23511975700967,8,0,1
197.24590348196216,1,0,1
197.30495397513732,10,3,1
197.31699032406323,11,3,1
197.32351071201265,10,0,1
197.33686711709015,11,0,1
197.41002823715098,0,3,1
197.4210605979897,12,3,1
197.4417254331056,12,0,1
197.4424610431306,4,3,1
197.46052606706508,4,0,1
197.51371723995544,6,3,1
197.53088262910023,5,3,1
197.5321971049998,6,0,1
197.54893071297556,5,0,1
197.61621619109064,9,0,1
197.61983663006686,2,0,1
197.6333528989926,7,0,1
197.63920241012238,9,4,1
197.64048231509514,2,4,1
197.65285768313333,7,4,1
197.71820755815133,8,4,1
197.7192529470194,3,4,1
197.72655779705383,1,4,1
197.74773669615388,1,2,1
197.8034137969371,10,4,1
197.81519499910064,11,4,1
197.823811233975,10,2,1
197.83662051404826,11,2,1
197.90918444702402,0,4,1
197.91861490509473,12,4,1
197.92997593595646,0,2,1
197.9413848379627,12,2,1
197.94210433703847,4,2,1
198.01025525014848,6,4,1
198.0311698911246,5,4,1
198.03194333193824,6,2,1
198.053492550971,5,2,1
198.114366075024,9,2,1
198.13101083994843,7,2,1
198.21825388399884,3,2,1
198.21902090497315,8,2,1
198.71796521102078,3,1,1
198.71877414314076,8,1,1
198.8040242420975,10,1,1
198.81540540303104,11,1,1
198.90877546509728,0,1,1
198.91964181209914,12,1,1
198.9393067001365,4,1,1
199.01145065110177,6,1,1
199.0277369171381,5,1,1
199.1189259381499,9,1,1
199.12323490600102,2,1,1
199.13056627707556,7,1,1
199.40870428807102,0,8,1
199.4196248559747,12,8,1
199.43939353711903,4,8,1
199.51167066209018,6,8,1
199.52880531107076,5,8,1
199.61721924715675,9,8,1
199.6226615360938,2,8,1
199.6300682281144,7,8,1
199.71712853806093,3,8,1
199.72419657115825,1,8,1
199.8039982120972,10,8,1
199.8135528031271,11,8,1
200.0114355410915,6,5,1
200.11709501896985,2,5,1
200.12102825706825,9,5,1
200.1306246491149,7,5,1
200.22160980594344,8,5,1
200.22245738911442,3,5,1
200.22548275114968,1,5,1
200.24927407200448,3,7,1
200.24998564110138,1,7,1
200.25067346007563,8,7,1
200.30428092507645,10,5,1
200.3137206530664,11,5,1
200.32521072705276,10,7,1
200.3342687750701,11,7,1
200.3443652810529,10,9,1
200.3523315580096,11,9,1
200.40324658993632,0,5,1
200.42077641910873,0,7,1
200.4214982590638,12,5,1
200.4418756160885,0,9,1
200.44256273494102,4,5,1
200.44455015915446,12,7,1
200.46432592906058,12,9,1
200.4655688230414,4,7,1
200.48183672805317,4,9,1
200.4977254520636,4,6,1
200.51209317496978,6,7,1
200.5307213140186,6,9,1
200.53149990504608,5,7,1
200.54979830607772,5,9,1
200.569770981092,5,6,1
200.61495638615452,9,7,1
200.6215966681484,2,7,1
200.62809267500415,7,9,1
200.64012994407676,9,6,1
200.64083332405426,2,9,1
200.64805973111652,7,6,1
200.66026606410742,2,6,1
200.71607726998627,8,9,1
200.71849866607226,3,9,1
200.7216558221262,1,9,1
200.7411111339461,1,6,1
200.74182996409945,3,6,1
200.74251624313183,8,6,1
200.80552712501958,10,6,1
200.80824251915328,11,6,1
200.8254490289837,10,11,2
200.90338135906495,0,6,1
200.92061646003276,0,11,2
200.92133258003742,12,6,1
200.9353566330392,4,11,2
200.94714645505883,12,11,2
201.01166313909926,6,11,2
201.03205649601296,5,11,2
201.032775886124,6,10,2
201.0524730850011,5,10,2
201.11400122614577,9,11,2
201.12124126404524,2,11,2
201.12996698194183,7,11,2
201.1384119731374,9,10,2
201.1418008459732,2,10,2
201.14997166907415,7,10,2
201.21702759200707,8,11,2
201.21788101596758,3,11,2
201.2270601959899,1,11,2
201.23976311297156,3,10,2
201.24046720308252,8,10,2
201.24752609594725,1,10,2
201.31378078693524,11,10,2
201.4093515491113,0,10,2
201.41899336315691,12,10,2
201.42972194612958,0,12,2
201.43994363513775,4,10,2
201.46023227996193,4,12,2
201.51128031499684,6,12,2
201.53026597411372,5,12,2
201.6141185159795,9,12,2
201.6212973720394,2,12,2
201.63030180800706,7,12,2
201.7164657630492,3,12,2
201.71737007796764,8,12,2
201.72532635508105,1,12,2
201.8053093519993,10,12,2
201.81329713994637,11,12,2
207.12093900307082,9,3,1
207.1245962830726,2,3,1
207.13137344806455,7,3,1
207.21527552208863,8,3,1
207.21603488200344,3,0,1
207.22534349700436,1,3,1
207.23358401213773,8,0,1
207.24358291598037,1,0,1
207.30472072702833,10,3,1
207.31562936515547,11,3,1
207.32557025714777,10,0,1
207.33481280994602,11,0,1
207.40984625113197,0,3,1
207.4202006449923,12,3,1
207.44192551798187,12,0,1
207.44262362713926,4,3,1
207.4605999989435,4,0,1
207.514286726946,6,3,1
207.53000965714455,5,3,1
207.53305200999603,6,0,1
207.5482202549465,5,0,1
207.6128246311564,9,0,1
207.61968130804598,2,0,1
207.62969565205276,7,0,1
207.63274737610482,9,4,1
207.63909036898986,2,4,1
207.64924285700545,7,4,1
207.7164376131259,3,4,1
207.71761677600443,8,4,1
207.72636241512373,1,4,1
207.74672016198747,1,2,1
207.80397204705514,10,4,1
207.81421795696951,11,4,1
207.82462856196798,10,2,1
207.8345907840412,11,2,1
207.90897966804914,0,4,1
207.92129263514653,12,4,1
207.9314089010004,0,2,1
207.9418190261349,4,2,1
207.9426186780911,12,2,1
208.01155308214948,6,4,1
208.0293158381246,5,4,1
208.032586527057,6,2,1
208.0498187779449,5,2,1
208.1149605391547,9,2,1
208.13042427203618,7,2,1
208.2165658469312,8,2,1
208.2175795349758,3,2,1
208.71616155700758,3,1,1
208.7170317210257,8,1,1
208.80369088007137,10,1,1
208.81521278596483,11,1,1
208.9089636290446,0,1,1
208.92164715612307,12,1,1
208.93914026394486,4,1,1
209.0052224311512,6,1,1
209.0240566059947,5,1,1
209.1077737850137,9,1,1
209.11465187300928,2,1,1
209.12522263196297,7,1,1
209.4094975150656,0,8,1
209.4190072750207,12,8,1
209.440419430146,4,8,1
209.51197226694785,6,8,1
209.52842636709101,5,8,1
209.6147590270266,9,8,1
209.62093463609926,2,8,1
209.63190046604723,7,8,1
209.71569545706734,3,8,1
209.72647704207338,1,8,1
209.80415850598365,10,8,1
209.81341887894087,11,8,1
210.01219888404012,6,5,1
210.11816859198734,9,5,1
210.12156224506907,2,5,1
210.13020279095508,7,5,1
210.22038939711638,8,5,1
210.2212049900554,3,5,1
210.22548537701368,1,5,1
210.24533425900154,3,7,1
210.24605641909875,8,7,1
210.2467430580873,1,7,1
210.304550077999,10,5,1
210.31311688316055,11,5,1
210.32579971896484,10,7,1
210.33342866809107,11,7,1
210.34353849408217,10,9,1
210.35050881514326,11,9,1
210.40950988815166,0,5,1
210.41894300607964,12,5,1
210.43176480708644,0,7,1
210.44217188213952,12,7,1
210.4428883511573,4,5,1
210.45105715398677,0,9,1
210.461601593066,12,9,1
210.46351521508768,4,7,1
210.4807562660426,4,9,1
210.4964383849874,4,6,1
210.51187430811115,6,7,1
210.53207060997374,6,9,1
210.53286872198805,5,7,1
210.55105120898224,5,9,1
210.5696989891585,5,6,1
210.61444965214469,9,7,1
210.62113165506162,2,7,1
210.63184341811575,7,9,1
210.6363398609683,9,6,1
210.6397506040521,2,9,1
210.65300804609433,7,6,1
210.6595443750266,2,6,1
210.7145706100855,8,9,1
210.71939937211573,3,9,1
210.72375021106564,1,9,1
210.73671921598725,8,6,1
210.74063765304163,3,6,1
210.7440283750184,1,6,1
210.80381427006796,10,6,1
210.8154468780849,11,6,1
210.82378715695813,10,11,2
210.9082480261568,0,6,1
210.9218940390274,12,6,1
210.93222427205183,0,11,2
210.94096938101575,4,11,2
210.94369037495926,12,11,2
211.01129217306152,6,11,2
211.03056943113916,5,11,2
211.0320174510125,6,10,2
211.05239629815333,5,10,2
211.11434243200347,9,11,2
211.12151871807873,2,11,2
211.13176428806037,7,11,2
211.13465206697583,9,10,2
211.14313734904863,2,10,2
211.15207604295574,7,10,2
211.207765575964,8,11,2
211.22126918612048,3,11,2
211.22255283012055,8,10,2
211.22381052514538,1,11,2
211.24085076106712,1,10,2
211.24296634900384,3,10,2
211.31286511011422,11,10,2
211.40847032493912,0,10,2
211.42011776310392,12,10,2
211.43039026414044,0,12,2
211.43960660602897,4,10,2
211.45934101496823,4,12,2
211.51430610893294,6,12,2
211.52789009013213,5,12,2
211.61381206009537,9,12,2
211.62045906111598,2,12,2
211.63045198493637,7,12,2
211.71609758702107,3,12,2
211.71683369693346,8,12,2
211.72447824594565,1,12,2
211.80389042804018,10,12,2
211.81455647898838,11,12,2
217.12120754108764,9,3,1
217.1265483170282,2,3,1
217.13128671608865,7,3,1
217.21202980494127,8,3,1
217.21346259396523,3,0,1
217.22458826797083,8,0,1
217.22968149813823,1,3,1
217.24932209495455,1,0,1
217.30433777999133,10,3,1
217.31562697794288,11,3,1
217.32233198196627,10,0,1
217.33489240612835,11,0,1
217.40954837715253,0,3,1
217.41883167112246,12,3,1
217.43930983101018,12,0,1
217.4406367680058,4,3,1
217.45820018812083,4,0,1
217.513810449047,6,3,1
217.52948934794404,5,3,1
217.53269989602268,6,0,1
217.54762401408516,5,0,1
217.61496080597863,9,0,1
217.61932362499647,2,0,1
217.6285999789834,7,0,1
217.6371762540657,9,4,1
217.64111590199172,2,4,1
217.65126018901356,7,4,1
217.71632022806443,8,4,1
217.71709976997226,3,4,1
217.72624408011325,1,4,1
217.7476134239696,1,2,1
217.80308369197883,10,4,1
217.8145629260689,11,4,1
217.82306095794775,10,2,1
217.83499659504741,11,2,1
217.90812520496547,0,4,1
217.91660240711644,12,4,1
217.9301420969423,0,2,1
217.93888524593785,12,2,1
217.9401493810583,4,2,1
218.01053329603747,6,4,1
218.0297664620448,5,4,1
218.031056066975,6,2,1
218.05007971799932,5,2,1
218.11511780694127,9,2,1
218.13097099005245,7,2,1
218.2167327569332,3,2,1
218.21755095897242,8,2,1
218.71564737404697,3,1,1
218.71644762600772,8,1,1
218.80320158903487,10,1,1
218.81495146011002,11,1,1
218.9085043889936,0,1,1
218.9181639731396,12,1,1
218.9387283460237,4,1,1
219.01116461702622,6,1,1
219.02807485009544,5,1,1
219.11753341695294,9,1,1
219.1217303420417,2,1,1
219.13212728593498,7,1,1
219.40890936809592,0,8,1
219.4197685350664,12,8,1
219.4393330400344,4,8,1
219.51439647306688,6,8,1
219.52872829511762,5,8,1
219.61406149994582,9,8,1
219.6208537251223,2,8,1
219.632255746983,7,8,1
219.71560617699288,3,8,1
219.72642127308063,1,8,1
219.80374828912318,10,8,1
219.8155374310445,11,8,1
220.01154532306828,6,5,1
220.11743709002621,9,5,1
220.12183001008816,2,5,1
220.1326691370923,7,5,1
220.21596511499956,3,5,1
220.2209623621311,8,5,1
220.2270455879625,1,5,1
220.24177829106338,3,7,1
220.24248656001873,8,7,1
220.25087386998348,1,7,1
220.30380946793593,10,5,1
220.31468771607615,11,5,1
220.32420459599234,10,7,1
220.33592311711982,11,7,1
220.34149361914024,10,9,1
220.35247903014533,11,9,1
220.4117076699622,0,5,1
220.41891455696896,12,5,1
220.4328868491575,0,7,1
220.4411859861575,12,7,1
220.4418714849744,4,5,1
220.45045676012523,0,9,1
220.461159553146,12,9,1
220.46392166800797,4,7,1
220.4811498899944,4,9,1
220.49719450809062,4,6,1
220.51381412311457,6,7,1
220.53042149706744,5,7,1
220.5335829439573,6,9,1
220.54860386508517,5,9,1
220.56789096305147,5,6,1
220.61172398203053,9,7,1
220.61776174698025,2,7,1
220.6317877699621,9,6,1
220.6328278889414,7,9,1
220.63381730602123,2,9,1
220.64978808304295,2,6,1
220.65346733294427,7,6,1
220.71451314305887,3,9,1
220.71534449607134,8,9,1
220.72591377515346,1,9,1
220.73667923011817,8,6,1
220.73781416099519,3,6,1
220.74611426796764,1,6,1
220.80470801098272,10,6,1
220.81505646393634,11,6,1
220.8257575670723,10,11,2
220.90943296602927,0,6,1
220.91998189408332,12,6,1
220.93266615108587,0,11,2
220.93756037508138,4,11,2
220.943746665027,12,11,2
221.01144538610242,6,11,2
221.02968270611018,5,11,2
221.0337433470413,6,10,2
221.0500165419653,5,10,2
221.11087820702232,9,11,2
221.12670606002212,7,11,2
221.12870697514154,9,10,2
221.1297558529768,2,11,2
221.1380441901274,7,10,2
221.14942832104862,2,10,2
221.2166986220982,3,11,2
221.21773496014066,8,11,2
221.22700148401782,1,11,2
221.23971206112765,3,10,2
221.2406972181052,8,10,2
221.2469639601186,1,10,2
221.3135363010224,11,10,2
221.40877604694106,0,10,2
221.4179343271535,12,10,2
221.42891507712193,0,12,2
221.43949443707243,4,10,2
221.45928110810928,4,12,2
221.51140527403913,6,12,2
221.52975209592842,5,12,2
221.61457498604432,9,12,2
221.62167739099823,2,12,2
221.62978755310178,7,12,2
221.7163772820495,3,12,2
221.71740759001113,8,12,2
221.72659457102418,1,12,2
221.80448158201762,10,12,2
221.81481973500922,11,12,2
227.1190030730795,9,3,1
227.12251707003452,2,3,1
227.13097920105793,7,3,1
227.21587211405858,8,3,1
227.2166443951428,3,0,1
227.22784391208552,1,3,1
227.23469329904765,8,0,1
227.24589216616005,1,0,1
227.3065235549584,10,3,1
227.31543863913976,11,3,1
227.3268630511593,10,0,1
227.33418448199518,11,0,1
227.41000951710157,0,3,1
227.4202864279505,12,3,1
227.44197138096206,12,0,1
227.44266329007223,4,3,1
227.46098269196227,4,0,1
227.5134364371188,6,3,1
227.53210305795074,6,0,1
227.53282468696125,5,3,1
227.55229223007336,5,0,1
227.6129781010095,9,0,1
227.6200435750652,2,0,1
227.627922429936,7,0,1
227.63867241400294,9,4,1
227.64007493201643,2,4,1
227.6473317509517,7,4,1
227.71629098802805,3,4,1
227.71709416015074,8,4,1
227.72705669305287,1,4,1
227.80303243198432,10,4,1
227.81261692405678,11,4,1
227.82562152994797,10,2,1
227.83293852000497,11,2,1
227.9092616289854,0,4,1
227.9206416499801,12,4,1
227.93188188807108,0,2,1
227.94135982706212,12,2,1
227.9423655050341,4,2,1
228.0113771429751,6,4,1
228.03083863598295,5,4,1
228.0326962659601,6,2,1
228.05278558610007,5,2,1
228.11728258198127,9,2,1
228.13151573110372,7,2,1
228.21664998098277,8,2,1
228.21818797313608,3,2,1
228.22808385407552,1,2,1
228.71533679799177,3,1,1
228.71740521397442,8,1,1
228.8035779320635,10,1,1
228.81281892512925,11,1,1
228.90948903094977,0,1,1
228.91807804605924,12,1,1
228.93928975611925,4,1,1
229.01190694398247,6,1,1
229.02947492501698,5,1,1
229.1173210691195,9,1,1
229.12133836816065,2,1,1
229.13213943410665,7,1,1
229.40880536613986,0,8,1
229.41831963602453,12,8,1
229.4392224480398,4,8,1
229.51390995201655,6,8,1
229.529915190069,5,8,1
229.618041211972,2,8,1
229.61971296695992,9,8,1
229.63048287201673,7,8,1
229.71781606203876,3,8,1
229.72082445514388,1,8,1
229.80500935809687,10,8,1
229.81587340612896,11,8,1
230.0124189350754,6,5,1
230.1210150870029,9,5,1
230.1265254879836,2,5,1
230.1306789610535,7,5,1
230.2160636880435,3,5,1
230.2209499219898,8,5,1
230.22479598713107,1,5,1
230.2364059749525,3,7,1
230.24509868305176,1,7,1
230.2465212319512,8,7,1
230.3050164929591,10,5,1
230.3140707910061,11,5,1
230.32727784197778,10,7,1
230.334702195134,11,7,1
230.3461315680761,10,9,1
230.35200958908536,11,9,1
230.4097582299728,0,5,1
230.41879635700025,12,5,1
230.43183967401274,0,7,1
230.4416398119647,12,7,1
230.44237583200447,4,5,1
230.45124508510344,0,9,1
230.46124387905002,12,9,1
230.46314278105274,4,7,1
230.479778845096,4,9,1
230.4961936851032,4,6,1
230.5142495490145,6,7,1
230.5304725030437,5,7,1
230.53359761810862,6,9,1
230.54866743111052,5,9,1
230.56781398504972,5,6,1
230.617094774032,9,7,1
230.62472692294978,2,7,1
230.62846786505543,7,9,1
230.6369753079489,9,6,1
230.64852412394248,2,9,1
230.64954293193296,7,6,1
230.66855453210883,2,6,1
230.7146659239661,3,9,1
230.71988648711704,8,9,1
230.72416335414164,1,9,1
230.73506595310755,3,6,1
230.74484357004985,8,6,1
230.74584263795987,1,6,1
230.80390423699282,10,6,1
230.8150026500225,11,6,1
230.82404313795269,10,11,2
230.90869992412627,0,6,1
230.91935365600511,12,6,1
230.93197973212227,0,11,2
230.9411653431598,4,11,2
230.94328578095883,12,11,2
231.01182153704576,6,11,2
231.03139197197743,5,11,2
231.03249694313854,6,10,2
231.05270780599676,5,10,2
231.1145583591424,9,11,2
231.1228044840973,2,11,2
231.13181708101183,7,11,2
231.1352406151127,9,10,2
231.14587423601188,2,10,2
231.15205851499923,7,10,2
231.21612611901946,3,11,2
231.21695517096668,8,11,2
231.22431736299768,1,11,2
231.2403294609394,1,10,2
231.2410339899361,3,10,2
231.2423257760238,8,10,2
231.31472538714297,11,10,2
231.4083260591142,0,10,2
231.4186884930823,12,10,2
231.4298994790297,0,12,2
231.4394963120576,4,10,2
231.45940584712662,4,12,2
231.51425406802446,6,12,2
231.52842766605318,5,12,2
231.61678273393773,9,12,2
231.62228321493603,2,12,2
231.63056054105982,7,12,2
231.71596042905003,3,12,2
231.71731339604594,8,12,2
231.7239340171218,1,12,2
231.80417618295178,10,12,2
231.81490685697645,11,12,2
237.1182941379957,9,3,1
237.12354273209348,2,3,1
237.13137811608613,7,3,1
237.2151354891248,3,0,1
237.21621030801907,8,3,1
237.2249032659456,1,3,1
237.23643035208806,8,0,1
237.24324525799602,1,0,1
237.3054124400951,10,3,1
237.3158706370741,11,3,1
237.32602441497147,10,0,1
237.3353765110951,11,0,1
237.409986193059,0,3,1
237.4195498151239,12,3,1
237.44040758605115,12,0,1
237.44113278598525,4,3,1
237.4613174989354,4,0,1
237.51712258602493,6,3,1
237.53278032504022,5,3,1
237.53596182214096,6,0,1
237.55277800303884,5,0,1
237.61589101003483,9,0,1
237.6217502511572,2,0,1
237.62849031505175,7,0,1
237.63965437095612,9,4,1
237.64532928611152,2,4,1
237.64835925912485,7,4,1
237.71639559208415,3,4,1
237.71829481399618,8,4,1
237.7249163549859,1,4,1
237.74502562498674,1,2,1
237.80327010992914,10,4,1
237.81470055296086,11,4,1
237.82571808504872,10,2,1
237.8354791321326,11,2,1
237.91442892304622,0,4,1
237.9185427359771,12,4,1
237.93813772313297,0,2,1
237.9415551261045,12,2,1
237.94225503504276,4,2,1
238.0113979880698,6,4,1
238.02944644214585,5,4,1
238.03253456694074,6,2,1
238.0500009949319,5,2,1
238.11573630501516,9,2,1
238.1308995001018,7,2,1
238.2133894180879,3,2,1
238.22031627804972,8,2,1
238.71628435701132,3,1,1
238.71710056904703,8,1,1
238.80550749902613,10,1,1
238.81354295904748,11,1,1
238.9092339091003,0,1,1
238.91967383399606,12,1,1
238.9392971319612,4,1,1
239.01169374398887,6,1,1
239.029064420145,5,1,1
239.11430600401945,9,1,1
239.1210865189787,2,1,1
239.13035911298357,7,1,1
239.4078715511132,0,8,1
239.41945179807954,12,8,1
239.44014987512492,4,8,1
239.51517673907802,6,8,1
239.52850390411913,5,8,1
239.61404186603613,9,8,1
239.62157511198893,2,8,1
239.63028497016057,7,8,1
239.71552005410194,3,8,1
239.72394558414817,1,8,1
239.80487962113693,10,8,1
239.813939508982,11,8,1
240.0119973111432,6,5,1
240.11576333199628,9,5,1
240.12219254812226,2,5,1
240.13047617510892,7,5,1
240.22072776593268,8,5,1
240.22193433903158,3,5,1
240.22497701295651,1,5,1
240.24573007109575,8,7,1
240.24643984111026,3,7,1
240.24713035998866,1,7,1
240.30456397193484,10,5,1
240.31153070298024,11,5,1
240.32540041208267,10,7,1
240.33179350709543,11,7,1
240.34360521100461,10,9,1
240.34862174815498,11,9,1
240.41409910097718,0,5,1
240.42018498806283,12,5,1
240.43803851609118,0,7,1
240.4422446519602,4,5,1
240.44354113703594,12,7,1
240.45361681305803,0,9,1
240.46362069714814,12,9,1
240.4643561670091,4,7,1
240.482501774095,4,9,1
240.49690168793313,4,6,1
240.51535456301644,6,7,1
240.53082887711935,5,7,1
240.53561678808182,6,9,1
240.5490232249722,5,9,1
240.56770698702894,5,6,1
240.61473087407649,9,7,1
240.62394231604412,2,7,1
240.62871310696937,7,9,1
240.6339980920311,9,6,1
240.64228911907412,2,9,1
240.64920152793638,7,6,1
240.66203490900807,2,6,1
240.7149026170373,3,9,1
240.71816293615848,8,9,1
240.72406339808367,1,9,1
240.74144235393032,8,6,1
240.742133772932,3,6,1
240.74473782395944,1,6,1
240.80476718815044,10,6,1
240.81529180612415,11,6,1
240.82549515506253,10,11,2
240.90854316903278,0,6,1
240.9191680799704,12,6,1
240.92312323814258,0,11,2
240.93968496099114,4,11,2
240.94081528205425,12,11,2
241.00744177703746,6,11,2
241.03037742502056,6,10,2
241.03096069092862,5,11,2
241.05151687306352,5,10,2
241.11985209514387,9,11,2
241.12346043414436,2,11,2
241.12684789602645,7,11,2
241.14777457900345,7,10,2
241.1484730381053,9,10,2
241.14915818697773,2,10,2
241.21594319608994,8,11,2
241.21666945610195,3,11,2
241.22484724014066,1,11,2
241.23853764403611,3,10,2
241.2392319929786,8,10,2
241.24503372213803,1,10,2
241.3133132220246,11,10,2
241.41156837297603,0,10,2
241.41845621098764,12,10,2
241.4318133869674,0,12,2
241.44271801505238,4,10,2
241.46373833110556,4,12,2
241.51133606396616,6,12,2
241.52836205996573,5,12,2
241.61675132112578,9,12,2
241.62250839802437,2,12,2
241.63076455402188,7,12,2
241.71610513096675,8,12,2
241.71684873104095,3,12,2
241.72700688894838,1,12,2
241.80433201696724,10,12,2
241.81326710106805,11,12,2
247.10785170295276,9,3,1
247.1152176640462,2,3,1
247.12314216094092,7,3,1
247.20895371213555,3,0,1
247.2093702631537,8,3,1
247.22009144700132,1,3,1
247.2215119160246,8,0,1
247.2304631411098,1,0,1
247.2957798501011,10,3,1
247.30859378003515,11,3,1
247.30931822001003,10,0,1
247.32153129507788,11,0,1
247.40237526898272,0,3,1
247.41125809308141,12,3,1
247.42282176902518,12,0,1
247.43120970902964,4,3,1
247.44096029596403,4,0,1
247.50425950996578,6,3,1
247.515810016077,6,0,1
247.52176352893002,5,3,1
247.5324144209735,5,0,1
247.60700219403952,9,0,1
247.621172321029,9,4,1
247.62531521497294,2,0,1
247.62887220294215,7,0,1
247.6490135639906,2,4,1
247.64946191594936,7,4,1
247.70910645998083,3,4,1
247.70985155995004,8,4,1
247.71639414899983,1,4,1
247.731987307081,1,2,1
247.7962966079358,10,4,1
247.80843826010823,11,4,1
247.80926154297777,10,2,1
247.8226012380328,11,2,1
247.90385073400103,0,4,1
247.91186344297603,12,4,1
247.91795834014192,0,2,1
247.92425510194153,12,2,1
247.9311546010431,4,2,1
248.00305065093562,6,4,1
248.02341973898,6,2,1
248.02422499097884,5,4,1
248.03682798612863,5,2,1
248.1078773320187,9,2,1
248.13119440013543,7,2,1
248.2095575069543,3,2,1
248.2100149691105,8,2,1
248.7098234090954,8,1,1
248.7103608630132,3,1,1
248.79687325307168,10,1,1
248.8084557200782,11,1,1
248.90320141497068,0,1,1
248.91333388304338,12,1,1
248.9306285670027,4,1,1
249.00423636310734,6,1,1
249.0206768331118,5,1,1
249.10781084909104,9,1,1
249.12336736614816,2,1,1
249.12996183615178,7,1,1
249.40134804998524,0,8,1
249.41625664802268,12,8,1
249.43897112994455,4,8,1
249.51301384810358,6,8,1
249.52209111698903,5,8,1
249.61549464496784,2,8,1
249.61703957803547,9,8,1
249.62479430995882,7,8,1
249.7080108691007,3,8,1
249.71782851801254,1,8,1
249.80716360500082,10,8,1
249.80904533714056,11,8,1
250.01365040102974,6,5,1
250.11843702197075,2,5,1
250.12098379107192,9,5,1
250.13221118901856,7,5,1
250.20916040614247,3,5,1
250.20950157614425,8,5,1
250.22157589695416,1,5,1
250.22444092505611,3,7,1
250.22935540997423,8,7,1
250.2406043179799,1,7,1
250.30583631503396,10,5,1
250.30771350604482,11,5,1
250.32259911415167,11,7,1
250.3259696860332,10,7,1
250.33490962116048,11,9,1
250.34148974111304,10,9,1
250.4127928740345,0,5,1
250.4209388170857,12,5,1
250.42492745700292,0,7,1
250.434127449058,4,5,1
250.43727179500274,0,9,1
250.44095663609914,12,7,1
250.44546518893912,4,7,1
250.45765283307992,4,9,1
250.45881978515536,12,9,1
250.46804799814709,4,6,1
250.51512225694023,6,7,1
250.5235899889376,5,7,1
250.5362359159626,5,9,1
250.5384565971326,6,9,1
250.54833347699605,5,6,1
250.60753448796459,9,7,1
250.62513988115825,9,6,1
250.6256280040834,7,9,1
250.62700710212812,2,7,1
250.63758365204558,7,6,1
250.64498789515346,2,9,1
250.66411247802898,2,6,1
250.71434836415574,8,9,1
250.71673661004752,3,9,1
250.72612464707345,1,9,1
250.73902433994226,8,6,1
250.74019117210992,3,6,1
250.74979367502965,1,6,1
250.8008808749728,10,6,1
250.81752789998427,11,6,1
250.81901322095655,10,11,2
250.9097017161548,0,6,1
250.91900534997694,12,6,1
250.93180219107307,0,11,2
250.9362371219322,4,11,2
250.93954404303804,12,11,2
251.01154743507504,6,11,2
251.02972484310158,5,11,2
251.0339302890934,6,10,2
251.04960814793594,5,10,2
251.11495533795096,9,11,2
251.1236136551015,2,11,2
251.13223271095194,7,11,2
251.13537012715824,9,10,2
251.14388479012996,2,10,2
251.15283513604663,7,10,2
251.21679970808327,8,11,2
251.2180377910845,3,11,2
251.22702045808546,1,11,2
251.2407963750884,3,10,2
251.24149758415297,8,10,2
251.24717623996548,1,10,2
251.31342984503135,11,10,2
251.40940118394792,0,10,2
251.41941289813258,12,10,2
251.43198724207468,0,12,2
251.43466480611823,4,10,2
251.44669586606324,4,12,2
251.51145551912487,6,12,2
251.5285117761232,5,12,2
251.61464992607944,9,12,2
251.62303987611085,2,12,2
251.62973854900338,7,12,2
251.7097058701329,3,12,2
251.71054325299338,8,12,2
251.71789040393196,1,12,2
251.79737329110503,10,12,2
251.8150979471393,11,12,2
257.118625564035,9,3,1
257.12361006997526,2,3,1
257.1332966859918,7,3,1
257.21504899603315,3,0,1
257.21610069507733,8,3,1
257.2276986029465,1,3,1
257.23444517701864,8,0,1
257.2456673050765,1,0,1
257.30473681306466,10,3,1
257.3153129830025,11,3,1
257.32561441510916,10,0,1
257.33371718693525,11,0,1
257.4098546439782,0,3,1
257.41863210406154,12,3,1
257.4384910580702,12,0,1
257.4405436241068,4,3,1
257.45805197395384,4,0,1
257.51446761004627,6,3,1
257.53126268996857,5,3,1
257.5326239869464,6,0,1
257.5497892580461,5,0,1
257.61293206806295,9,0,1
257.6212829570286,2,0,1
257.6295283229556,7,0,1
257.6329492260702,9,4,1
257.6427439949475,2,4,1
257.64884233195335,7,4,1
257.71562517108396,8,4,1
257.717068600934,3,4,1
257.72534675803035,1,4,1
257.8045088669751,10,4,1
257.81296380911954,11,4,1
257.8257015880663,10,2,1
257.8334249991458,11,2,1
257.9085599081591,0,4,1
257.9179369250778,12,4,1
257.9300968879834,0,2,1
257.94058555504307,4,2,1
257.94130201498047,12,2,1
258.01111049810424,6,4,1
258.02865536906756,5,4,1
258.0316486109514,6,2,1
258.04931096406654,5,2,1
258.1153936451301,9,2,1
258.1297935899347,7,2,1
258.21657305792905,3,2,1
258.2177643000614,8,2,1
258.2251643729396,1,2,1
258.71521514095366,3,1,1
258.7174180711154,8,1,1
258.805392522132,10,1,1
258.815020886017,11,1,1
258.9091208339669,0,1,1
258.91803957894444,12,1,1
258.93847680906765,4,1,1
259.01229051104747,6,1,1
259.02827817900106,5,1,1
259.11436794814654,9,1,1
259.121462082956,2,1,1
259.12955745402724,7,1,1
259.4102907071356,0,8,1
259.41822954500094,12,8,1
259.4391016571317,4,8,1
259.5120127850678,6,8,1
259.52932800911367,5,8,1
259.6148191620596,9,8,1
259.6231675001327,2,8,1
259.62978063197806,7,8,1
259.71499047614634,3,8,1
259.72510164394043,1,8,1
259.8059954100754,10,8,1
259.8141024620272,11,8,1
260.0116235050373,6,5,1
260.114607477095,9,5,1
260.1284654571209,2,5,1
260.13026544614695,7,5,1
260.2214116640389,8,5,1
260.222406221088,3,5,1
260.22599310893565,1,5,1
260.2471609690692,8,7,1
260.24821664812043,3,7,1
260.2491927151568,1,7,1
260.3082104420755,10,5,1
260.31418055598624,11,5,1
260.3311808221042,10,7,1
260.33476342004724,11,7,1
260.3492778779473,10,9,1
260.3519182300661,11,9,1
260.4097540550865,0,5,1
260.41884245397523,12,5,1
260.4320993369911,0,7,1
260.44150144513696,12,7,1
260.44220938393846,4,5,1
260.4515370600857,0,9,1
260.4610758710187,12,9,1
260.46550507307984,4,7,1
260.4808304719627,4,9,1
260.4974763491191,4,6,1
260.51256143208593,6,7,1
260.53161493409425,6,9,1
260.5325956509914,5,7,1
260.55366863915697,5,9,1
260.57500664307736,5,6,1
260.6082910550758,9,7,1
260.62048573000357,2,7,1
260.6221543350257,9,6,1
260.6229072259739,7,9,1
260.6358792320825,7,6,1
260.63842228101566,2,9,1
260.65767739899457,2,6,1
260.7084297800902,8,9,1
260.70884688105434,3,9,1
260.7216420220211,1,9,1
260.7237166289706,3,6,1
260.7240377571434,8,6,1
260.73343945504166,1,6,1
260.79683254193515,10,6,1
260.80844087013975,11,6,1
260.80973622598685,10,11,2
260.90058642509393,0,6,1
260.9134536480997,0,11,2
260.9178843591362,12,6,1
260.9328259190079,4,11,2
260.9350652699359,12,11,2
261.01213847193867,6,11,2
261.0227706830483,5,11,2
261.0327752879821,6,10,2
261.04266973910853,5,10,2
261.1072813491337,9,11,2
261.12397237704135,9,10,2
261.125706944149,7,11,2
261.1264933559578,2,11,2
261.1377074830234,7,10,2
261.1468784350436,2,10,2
261.20949721103534,8,11,2
261.2115399171598,3,11,2
261.22057333402336,1,11,2
261.2223922640551,8,10,2
261.2345142860431,1,10,2
261.2349526779726,3,10,2
261.3056395149324,11,10,2
261.4008923759684,0,10,2
261.41073672496714,12,10,2
261.4175888830796,0,12,2
261.43966406793334,4,10,2
261.45954638300464,4,12,2
261.51503077405505,6,12,2
261.52303318306804,5,12,2
261.6077424939722,9,12,2
261.61403936706483,2,12,2
261.62361298897304,7,12,2
261.71962384996004,8,12,2
261.72056998615153,3,12,2
261.72134574712254,1,12,2
261.7966126401443,10,12,2
261.80584130296484,11,12,2
267.1174678110983,9,3,1
267.1273125510197,2,3,1
267.13221856509335,7,3,1
267.2166390090715,8,3,1
267.2175024531316,3,0,1
267.2252044940833,1,3,1
267.2399492280092,8,0,1
267.24378432310186,1,0,1
267.3050295920111,10,3,1
267.3157449159771,11,3,1
267.3227659680415,10,0,1
267.3351343071554,11,0,1
267.41184577997774,0,3,1
267.4209570600651,12,3,1
267.4419328251388,12,0,1
267.442977063125,4,3,1
267.4606892990414,4,0,1
267.5130263529718,6,3,1
267.5326320610475,5,3,1
267.53365215915255,6,0,1
267.551127538085,5,0,1
267.6152563961223,9,0,1
267.6201220389921,2,0,1
267.63260581111535,7,0,1
267.6379039059393,9,4,1
267.6395318310242,2,4,1
267.6523243619595,7,4,1
267.7158588429447,8,4,1
267.7174855580088,3,4,1
267.72553631896153,1,4,1
267.7462652870454,1,2,1
267.8044147309847,10,4,1
267.81387140997685,11,4,1
267.82604847406037,10,2,1
267.83522271504626,11,2,1
267.9083120189607,0,4,1
267.92158964299597,12,4,1
267.92883817106485,0,2,1
267.94319050502963,4,2,1
267.9442334230989,12,2,1
268.0112480199896,6,4,1
268.02994225313887,5,4,1
268.03375662700273,6,2,1
268.0504616750404,5,2,1
268.1153936351184,9,2,1
268.1306727039628,7,2,1
268.2165536379907,8,2,1
268.21744455210865,3,2,1
268.7058609710075,8,1,1
268.7190072219819,3,1,1
268.80415917607024,10,1,1
268.8154599349946,11,1,1
268.91437253705226,0,1,1
268.9183648061007,12,1,1
268.94004283007234,4,1,1
269.00375382695347,6,1,1
269.0286743401084,5,1,1
269.10739674814977,9,1,1
269.11426826613024,2,1,1
269.12356577115133,7,1,1
269.4015502820257,0,8,1
269.4110990441404,12,8,1
269.4314828419592,4,8,1
269.5039649589453,6,8,1
269.52418573293835,5,8,1
269.6054614521563,9,8,1
269.62190237198956,7,8,1
269.623969999142,2,8,1
269.71713874302804,3,8,1
269.71879116795026,1,8,1
269.79667520313524,10,8,1
269.80644025094807,11,8,1
269.9376803790219,4,5,1
270.00383427203633,6,5,1
270.1189266180154,9,5,1
270.1220880141482,2,5,1
270.1252993720118,7,5,1
270.22060392494313,8,5,1
270.22164284298196,3,5,1
270.22587235900573,1,5,1
270.2460697731003,8,7,1
270.2470735809766,3,7,1
270.2480712980032,1,7,1
270.30527621600777,10,5,1
270.313460130943,11,5,1
270.32573522697203,10,7,1
270.33374644699506,11,7,1
270.34292260813527,10,9,1
270.35068857111037,11,9,1
270.40963325696066,0,5,1
270.4190463151317,12,5,1
270.4309672820382,0,7,1
270.4414800701197,12,7,1
270.44250058801845,4,7,1
270.4489300940186,0,9,1
270.46076909895055,12,9,1
270.4619301799685,4,9,1
270.48013700009324,4,6,1
270.51415581209585,6,7,1
270.5309172021225,5,7,1
270.5341744311154,6,9,1
270.5491435311269,5,9,1
270.56799062807113,5,6,1
270.6156951361336,9,7,1
270.61695677996613,2,7,1
270.6287410440855,7,9,1
270.6326811921317,2,9,1
270.63607740495354,9,6,1
270.64952765312046,2,6,1
270.65082144900225,7,6,1
270.7184634830337,3,9,1
270.71973326802254,8,9,1
270.72705687908456,1,9,1
270.7412393579725,8,6,1
270.7442859611474,3,6,1
270.75253936694935,1,6,1
270.80575595609844,10,6,1
270.8129699740093,11,6,1
270.827241234947,10,11,2
270.9090658079367,0,6,1
270.9217507459689,12,6,1
270.92976315598935,0,11,2
270.94386449293233,12,11,2
270.9445918321144,4,11,2
271.0125607959926,6,11,2
271.03055104915984,5,11,2
271.0342832210008,6,10,2
271.05075599299744,5,10,2
271.10982340201735,9,11,2
271.12233235500753,2,11,2
271.12406758312136,9,10,2
271.1304093869403,7,11,2
271.143089214107,2,10,2
271.15074066398665,7,10,2
271.21686442708597,8,11,2
271.2178786250297,3,11,2
271.2277660451364,1,11,2
271.24053504597396,8,10,2
271.24153082305565,3,10,2
271.2501421889756,1,10,2
271.3155558221042,11,10,2
271.4088668511249,0,10,2
271.41833321005106,12,10,2
271.42897002212703,0,12,2
271.43987197009847,4,10,2
271.45982649805956,4,12,2
271.5144513249397,6,12,2
271.52844587899745,5,12,2
271.6168750729412,9,12,2
271.6207353591453,2,12,2
271.6292606431525,7,12,2
271.71809389814734,3,12,2
271.72009705309756,8,12,2
271.72688426915556,1,12,2
271.8056299081072,10,12,2
271.8151252879761,11,12,2
277.1189837330021,9,3,1
277.12278666812927,2,3,1
277.1311032359954,7,3,1
277.2150187869556,3,0,1
277.2168778879568,8,3,1
277.22678780998103,1,3,1
277.2361624860205,8,0,1
277.2448732149787,1,0,1
277.30712512298487,10,3,1
277.3111817841418,11,3,1
277.3276633559726,11,0,1
277.32900258293375,10,0,1
277.40205919602886,0,3,1
277.41251356201246,12,3,1
277.4300620639697,12,0,1
277.43167380802333,4,3,1
277.4413119920064,4,0,1
277.50504970015027,6,3,1
277.5164749531541,6,0,1
277.5232647699304,5,3,1
277.53410902712494,5,0,1
277.5449616741389,5,4,1
277.6061767130159,9,0,1
277.6133870210033,2,0,1
277.61871959711425,9,4,1
277.6275677101221,2,4,1
277.6302200120408,7,0,1
277.65005378611386,7,4,1
277.70906834397465,8,4,1
277.7108057620935,3,4,1
277.72639402002096,1,4,1
277.7470269049518,1,2,1
277.7967710290104,10,4,1
277.80855069309473,11,4,1
277.80908673699014,10,2,1
277.82047305000015,11,2,1
277.90091400500387,0,4,1
277.9161775340326,0,2,1
277.9213751461357,12,4,1
277.93144372315146,4,2,1
277.94236032199115,12,2,1
278.0043461320456,6,4,1
278.0172780959401,6,2,1
278.02244134806097,5,2,1
278.1082320611458,9,2,1
278.1223378670402,7,2,1
278.21708044596016,3,2,1
278.2181832459755,8,2,1
278.71601424808614,3,1,1
278.7176503529772,8,1,1
278.8038661670871,10,1,1
278.81329477601685,11,1,1
278.90095636900514,0,1,1
278.91123237111606,12,1,1
278.9308809200302,4,1,1
279.004270053003,6,1,1
279.02119268709794,5,1,1
279.11377376597375,9,1,1
279.1222313279286,2,1,1
279.1311392921489,7,1,1
279.4021275041159,0,8,1
279.41111006005667,12,8,1
279.43109922809526,4,8,1
279.50414778105915,6,8,1
279.5209718130063,5,8,1
279.60707917413674,9,8,1
279.61482166615315,2,8,1
279.62316255504265,7,8,1
279.7062801150605,3,8,1
279.7249508369714,1,8,1
279.80424678116105,10,8,1
279.81451063300483,11,8,1
280.01167843001895,6,5,1
280.1063708970323,9,5,1
280.12414640397765,7,5,1
280.1255194521509,2,5,1
280.21018312405795,3,5,1
280.2109191941563,8,5,1
280.22714114910923,8,7,1
280.22751396894455,3,7,1
280.229411090957,1,5,1
280.25001386599615,1,7,1
280.2969250730239,10,5,1
280.3080888490658,11,5,1
280.3096054410562,10,7,1
280.32288177497685,11,7,1
280.3236399660818,10,9,1
280.3357879589312,11,9,1
280.41319673205726,12,5,1
280.41424041008577,0,5,1
280.438271609135,0,7,1
280.43904139008373,12,7,1
280.4415912500117,4,5,1
280.45178364007734,12,9,1
280.45598203502595,0,9,1
280.46206468204036,4,7,1
280.48112855502404,4,9,1
280.5026513549965,4,6,1
280.50448649493046,6,7,1
280.51556300907396,6,9,1
280.52174562914297,5,7,1
280.532987147104,5,9,1
280.5443624991458,5,6,1
280.607434947975,9,7,1
280.62515183514915,9,6,1
280.62595243612304,7,9,1
280.6275977410842,2,7,1
280.63697147904895,7,6,1
280.64542634109966,2,9,1
280.6657019970007,2,6,1
280.71140855993144,8,9,1
280.7125103599392,3,9,1
280.7237356780097,1,9,1
280.7352419439703,3,6,1
280.7359977751039,8,6,1
280.74494528002106,1,6,1
280.79897088208236,10,6,1
280.8062515510246,11,6,1
280.8107556849718,10,11,2
280.91132591315545,12,6,1
280.91358426515944,0,6,1
280.92395562911406,12,11,2
280.9339227930177,4,11,2
280.93779102899134,0,11,2
281.00385159114376,6,11,2
281.0163273429498,6,10,2
281.02154041593894,5,11,2
281.03312770393677,5,10,2
281.11486451514065,9,11,2
281.12490914110094,2,11,2
281.13491024496034,9,10,2
281.1353576669935,7,11,2
281.1427944509778,2,10,2
281.1551406099461,7,10,2
281.2104577771388,3,11,2
281.2167416289449,8,11,2
281.2182936719619,1,11,2
281.224854412023,3,10,2
281.23010487598367,1,10,2
281.239497612929,8,10,2
281.31499270396307,11,10,2
281.4117997190915,12,10,2
281.4136625500396,0,10,2
281.43539590598084,4,10,2
281.4374302320648,0,12,2
281.44705404597335,4,12,2
281.5038274731487,6,12,2
281.52275877213106,5,12,2
281.60698291193694,9,12,2
281.623042762978,7,12,2
281.62549887993373,2,12,2
281.7166131089907,1,12,2
281.718816639157,3,12,2
281.7208053341601,8,12,2
281.8042064709589,10,12,2
281.8138193851337,11,12,2
287.11356820515357,9,3,1
287.12299654306844,7,3,1
287.1255133829545,2,3,1
287.2145547750406,3,0,1
287.2153339260258,8,3,1
287.2239858240355,1,3,1
287.2338801859878,8,0,1
287.24258596403524,1,0,1
287.30789091601036,10,3,1
287.31023470009677,11,3,1
287.3205229220912,11,0,1
287.3273670601193,10,0,1
287.4100620991085,0,3,1
287.42144291102886,12,3,1
287.44246210809797,12,0,1
287.44323952915147,4,3,1
287.45964319910854,4,0,1
287.5163893750869,6,3,1
287.53218163899146,5,3,1
287.53528516413644,6,0,1
287.55011691106483,5,0,1
287.6127406291198,9,0,1
287.62131359404884,2,0,1
287.6325159710832,9,4,1
287.6334986980073,7,0,1
287.64211659505963,2,4,1
287.6530156331137,7,4,1
287.71622486715205,3,4,1
287.7171581329312,8,4,1
287.72420595609583,1,4,1
287.80356885306537,10,4,1
287.81270604394376,11,4,1
287.8259916389361,10,2,1
287.83301714109257,11,2,1
287.90888649295084,0,4,1
287.91770701506175,12,4,1
287.9300119220279,0,2,1
287.94051143014804,12,2,1
287.94127054093406,4,2,1
288.01057698205113,6,4,1
288.02897849702276,5,4,1
288.033582102973,6,2,1
288.0493335360661,5,2,1
288.1149639261421,9,2,1
288.13075576000847,7,2,1
288.21714017912745,8,2,1
288.21841479395516,3,2,1
288.22496585408226,1,2,1
288.71634106407873,3,1,1
288.7178197449539,8,1,1
288.805743457051,10,1,1
288.8083203569986,11,1,1
288.909779231064,0,1,1
288.91622205800377,12,1,1
288.939452795079,4,1,1
289.0110147281084,6,1,1
289.02861485094763,5,1,1
289.11963784811087,9,1,1
289.1216179521289,2,1,1
289.1320734389592,7,1,1
289.40829791803844,0,8,1
289.41969557106495,12,8,1
289.4397244900465,4,8,1
289.5115338601172,6,8,1
289.5284197931178,5,8,1
289.61485331412405,9,8,1
289.6223792110104,2,8,1
289.6324426070787,7,8,1
289.71481127711013,3,8,1
289.7251505800523,1,8,1
289.80476338393055,10,8,1
289.8139736871235,11,8,1
290.01284008310176,6,5,1
290.1181084110867,9,5,1
290.1231286691036,2,5,1
290.1330035601277,7,5,1
290.2162708849646,8,5,1
290.2216850030236,3,5,1
290.22744350112043,1,5,1
290.2401018079836,8,7,1
290.24498955206946,3,7,1
290.2513482570648,1,7,1
290.3039856310934,10,5,1
290.31399270612746,11,5,1
290.3273339921143,10,7,1
290.3350560630206,11,7,1
290.3471190140117,10,9,1
290.35345319798216,11,9,1
290.4137094109319,0,5,1
290.4190507179592,12,5,1
290.4380692690611,0,7,1
290.442100440152,12,7,1
290.44284352101386,4,5,1
290.45384363201447,0,9,1
290.46041927300394,12,9,1
290.46415523509495,4,7,1
290.4817951989826,4,9,1
290.4980174440425,4,6,1
290.5094785389956,6,7,1
290.5287055959925,6,9,1
290.5309325971175,5,7,1
290.54827472311445,5,9,1
290.5671906620264,5,6,1
290.61477211792953,9,7,1
290.6248395841103,2,7,1
290.62861640704796,7,9,1
290.6353131211363,9,6,1
290.6455662220251,2,9,1
290.6491954319645,7,6,1
290.6627336530946,2,6,1
290.71564586507156,8,9,1
290.7203522641212,3,9,1
290.7246039309539,1,9,1
290.7417765520513,8,6,1
290.74279546993785,3,6,1
290.7452253969386,1,6,1
290.8056305539794,10,6,1
290.807669169968,11,6,1
290.8276462079957,10,11,2
290.9137676709797,0,6,1
290.91810246999376,12,6,1
290.94058209611103,4,11,2
290.94132786709815,0,11,2
290.94304005405866,12,11,2
291.01161881606095,6,11,2
291.03059573611245,5,11,2
291.0347202401608,6,10,2
291.0508497119881,5,10,2
291.1145011179615,9,11,2
291.1223934451118,2,11,2
291.13204703014344,7,11,2
291.13496282999404,9,10,2
291.1446385451127,2,10,2
291.15210375003517,7,10,2
291.2168857380748,8,11,2
291.2179339360446,3,11,2
291.2237372761592,1,11,2
291.24064583913423,8,10,2
291.2416413871106,3,10,2
291.2440813439898,1,10,2
291.31406335392967,11,10,2
291.40905710007064,0,10,2
291.41805497696623,12,10,2
291.4291773820296,0,12,2
291.43969574104995,4,10,2
291.46005453914404,4,12,2
291.51107179909013,6,12,2
291.52935355110094,5,12,2
291.6140104229562,9,12,2
291.62304321094416,2,12,2
291.630034042988,7,12,2
291.71640160214156,3,12,2
291.71743963100016,8,12,2
291.72433500015177,1,12,2
291.80438977712765,10,12,2
291.8161655799486,11,12,2
297.1215777511243,9,3,1
297.1237614110578,2,3,1
297.13192735495977,7,3,1
297.2151209281292,3,0,1
297.2175585550722,8,3,1
297.22673339699395,1,3,1
297.2360808129888,8,0,1
297.2517022921238,1,0,1
297.30451397108845,10,3,1
297.3116510871332,11,3,1
297.3269500071183,10,0,1
297.3277759801131,11,0,1
297.41206210292876,0,3,1
297.41522955009714,12,3,1
297.43103669397533,12,0,1
297.4409354249947,4,3,1
297.45903919194825,4,0,1
297.5147772610653,6,3,1
297.53266604198143,6,0,1
297.533416103106,5,3,1
297.55144819803536,5,0,1
297.61637897999026,9,0,1
297.61975451302715,2,0,1
297.6284744120203,7,0,1
297.63646302116103,9,4,1
297.63965357793495,2,4,1
297.64815346198156,7,4,1
297.716793125961,3,4,1
297.71845188108273,8,4,1
297.72660451498814,1,4,1
297.80360610806383,10,4,1
297.8153359100688,11,4,1
297.8262307289988,10,2,1
297.8361325911246,11,2,1
297.9146375451237,0,4,1
297.9183874479495,12,4,1
297.9409051060211,4,2,1
297.9416412061546,0,2,1
297.94233164493926,12,2,1
298.0070555319544,6,4,1
298.0238848531153,6,2,1
298.02795347501524,5,4,1
298.04810672812164,5,2,1
298.11127634113654,9,2,1
298.1328510839958,7,2,1
298.2138089761138,3,2,1
298.2155383231584,8,2,1
298.2300674619619,1,2,1
298.71552808512934,3,1,1
298.71674786810763,8,1,1
298.80391162005253,10,1,1
298.8154065660201,11,1,1
298.9078216420021,0,1,1
298.91830387013033,12,1,1
298.9390484590549,4,1,1
299.01118963910267,6,1,1
299.0280547521543,5,1,1
299.1136758821085,9,1,1
299.12139769410715,2,1,1
299.12966026109643,7,1,1
299.40892518498003,0,8,1
299.4184822179377,12,8,1
299.4394322419539,4,8,1
299.51499516610056,6,8,1
299.52829567110166,5,8,1
299.61508904304355,9,8,1
299.62400221801363,2,8,1
299.62668504193425,7,8,1
299.71503657707945,3,8,1
299.72427940997295,1,8,1
299.80623299907893,10,8,1
299.81372120510787,11,8,1
300.01169161801226,6,5,1
