t_s,reporter,target,reason
13.92464739899151,4,0,1
14.013908057007939,4,1,1
14.038532947888598,4,2,1
14.060212923912331,4,7,1
14.078611626988277,4,5,1
14.092498342040926,4,6,1
14.106167970923707,4,3,1
14.117502613924444,4,2,1
14.130695487838238,4,13,2
14.141522215912119,4,7,1
14.152082226937637,4,13,2
14.196886671008542,9,0,1
14.637273384956643,9,1,1
14.664122937945649,9,2,1
14.705528175923973,9,7,1
14.725010529858992,9,5,1
14.742749543860555,9,6,1
14.755118275992572,9,3,1
14.765619274927303,9,2,1
14.777815910987556,9,13,2
14.78849001484923,9,7,1
14.800568128935993,9,13,2
16.30208489787765,11,0,1
16.3058920269832,3,0,1
16.42219943390228,11,7,1
16.445646120933816,11,5,1
16.4629099520389,11,6,1
16.47592030186206,11,3,1
16.488913231063634,11,2,1
16.502871067961678,11,13,2
16.513930461835116,4,8,1
16.514774146024138,11,7,1
16.53690138598904,11,13,2
16.53945903899148,4,8,1
16.551237273961306,11,8,1
16.56498112389818,11,8,1
16.64030931587331,9,8,1
16.690233716042712,9,8,1
16.819628635887057,3,7,1
16.83957397285849,3,5,1
16.884830169845372,3,6,1
16.90474133589305,3,2,1
16.921746278880164,3,13,2
16.936114768031985,3,7,1
16.94333510287106,2,0,1
16.984235547017306,3,13,2
16.99915464106016,3,8,1
17.011698157992214,3,8,1
17.138911515008658,9,0,1
17.210154050961137,7,0,1
17.310254547046497,2,7,1
17.31686805584468,3,0,1
17.31797816697508,1,0,1
17.32452987297438,2,5,1
17.38467563292943,2,6,1
17.391116886865348,8,0,1
17.393991017946973,3,4,1
17.40102120791562,2,3,1
17.40727144596167,3,4,1
17.41799577092752,11,0,1
17.418506396003067,2,13,2
17.428905721055344,2,7,1
17.497204322833568,2,13,2
17.498350095935166,7,5,1
17.506441705860198,11,4,1
17.507502785883844,4,0,1
17.512593080988154,2,8,1
17.584793913876638,2,8,1
17.586983715882525,11,4,1
17.591235786909238,7,6,1
17.59631482185796,2,0,1
17.601746235974133,5,0,1
17.606048818910494,12,0,1
17.610211056889966,10,0,1
17.6841191588901,7,3,1
17.685053745051846,2,4,1
17.705303120892495,2,4,1
17.707378230057657,7,2,1
17.71175040397793,9,4,1
17.71292593795806,5,2,1
17.721862592035905,7,13,2
17.727806671056896,5,13,2
17.785206292988732,9,4,1
17.78633511485532,6,0,1
17.787355503998697,7,13,2
17.794424844905734,5,7,1
17.803311937954277,13,0,1
17.81008581095375,7,8,1
17.81086778291501,2,10,2
17.81163527490571,5,13,2
17.881486360915005,1,3,1
17.882396236993372,9,10,2
17.88769818795845,7,8,1
17.895445307949558,2,10,2
17.897620969917625,5,8,1
17.898750931955874,8,3,1
17.901055956957862,7,0,1
17.902127217967063,3,10,2
17.903316471958533,9,10,2
17.905750761041418,1,2,1
17.917007290991023,5,8,1
17.98190538585186,3,10,2
17.983657125849277,7,4,1
17.984489989932626,6,13,2
17.98526027193293,11,10,2
17.9860257639084,8,2,1
17.98679394600913,1,13,2
17.987540206871927,5,0,1
18.01388434600085,7,4,1
18.016184760956094,1,7,1
18.016949112992734,6,7,1
18.082303032046184,5,4,1
18.083345790859312,11,10,2
18.084253426874056,12,2,1
18.085016448050737,8,13,2
18.08578572003171,4,10,2
18.10839834297076,1,13,2
18.110059211030602,5,4,1
18.110896263970062,6,13,2
18.11159542389214,8,7,1
18.112245382973924,4,10,2
18.112887450959533,12,13,2
18.11385185783729,13,7,1
18.18574674287811,8,13,2
18.187779570929706,5,10,2
18.191466834861785,1,8,1
18.1923614309635,6,8,1
18.193152472842485,12,7,1
18.19904460106045,10,13,2
18.200863672886044,13,8,1
18.208113368833438,8,0,1
18.209080405998975,5,10,2
18.21155160688795,9,1,1
18.21239483100362,6,8,1
18.213145822053775,1,8,1
18.218506543897092,13,8,1
18.282099552918226,12,13,2
18.285119818989187,6,0,1
18.288014340912923,8,4,1
18.294013292063028,10,7,1
18.294631039025262,1,0,1
18.297671125037596,13,0,1
18.313955039018765,8,4,1
18.315670056967065,6,4,1
18.31734960502945,12,8,1
18.31830745190382,10,13,2
18.31918362691067,1,4,1
18.320059892022982,13,4,1
18.32083715405315,2,9,1
18.38436333090067,3,9,1
18.39378001797013,8,10,2
18.39934741705656,6,4,1
18.400132718961686,12,8,1
18.40094008203596,1,4,1
18.401988222030923,13,4,1
18.408016142901033,2,9,1
18.4088456670288,10,8,1
18.41893419297412,0,1,1
18.481820951914415,8,10,2
18.48262011492625,3,9,1
18.485595589037985,12,0,1
18.486760081956163,10,8,1
18.48768147896044,13,10,2
18.488544513005763,11,9,1
18.48944911896251,1,10,2
18.490407965844497,6,10,2
18.491435834905133,2,1,1
18.492366221966222,7,10,2
18.581880307057872,11,9,1
18.583017858909443,6,10,2
18.583966186037287,10,0,1
18.584768909029663,1,10,2
18.58560916292481,13,10,2
18.58641658583656,12,4,1
18.587211408885196,3,1,1
18.588275268906727,7,10,2
18.589540974935517,4,9,1
18.59125024289824,2,12,2
18.606182627845556,12,4,1
18.607098433887586,4,9,1
18.60821062605828,11,1,1
18.612103726016358,13,9,1
18.684596427949145,3,12,2
18.688221520977095,7,9,1
18.690359062049538,10,4,1
18.69391508284025,4,1,1
18.699471930973232,10,4,1
18.704836182994768,3,12,2
18.708570488961414,12,10,2
18.711288857040927,7,9,1
18.71203750791028,13,9,1
18.712760559050366,11,12,2
18.713507279986516,9,12,2
18.71655688690953,10,9,1
18.781484032981098,12,10,2
18.782619134988636,11,12,2
18.783592542866245,7,1,1
18.78443056694232,5,9,1
18.785173107869923,10,9,1
18.785967729985714,4,12,2
18.789858700940385,9,12,2
18.792233978863806,7,12,2
18.81474005803466,4,12,2
18.815537690883502,2,12,2
18.81633361405693,7,12,2
18.817307580960914,5,9,1
18.818889875896275,1,9,1
18.81963535794057,9,11,2
18.82037769886665,0,4,1
18.821272453991696,3,11,2
18.824042572872713,8,9,1
18.89106977893971,1,9,1
18.892501319991425,9,11,2
18.89443858503364,2,11,2
18.895346119999886,5,1,1
18.8961108319927,3,11,2
18.896834862884134,8,9,1
18.89759612386115,0,4,1
18.898354985984042,4,11,2
18.91743223904632,1,12,2
18.91889076004736,2,11,2
18.920781303895637,5,12,2
18.92168996995315,8,1,1
18.92255399399437,6,9,1
18.92404027702287,0,10,2
18.925689063966274,7,11,2
18.98831412405707,1,12,2
18.98911546706222,5,12,2
18.99065699102357,6,9,1
18.991556505905464,0,10,2
18.99231926794164,7,11,2
18.993073168909177,8,12,2
19.015689831925556,4,11,2
19.016946197953075,8,12,2
19.01793699595146,5,11,2
19.018771189963445,1,11,2
19.019518880872056,0,9,1
19.02025412186049,6,1,1
19.021017163991928,12,9,1
19.085784445982426,1,11,2
19.08676420385018,0,9,1
19.087649279041216,12,9,1
19.088520884048194,5,11,2
19.08929815585725,4,5,1
19.090038056951016,8,11,2
19.090766686946154,6,12,2
19.10848178085871,6,12,2
19.109402546891943,0,1,1
19.109845760045573,8,11,2
19.110375854885206,12,1,1
19.11087349895388,13,1,1
19.183649678947404,10,1,1
19.185019387863576,9,5,1
19.18548526102677,6,11,2
19.186059986939654,12,11,2
19.1865201999899,13,12,2
19.18709571706131,0,12,2
19.207636409904808,6,11,2
19.20808084285818,12,11,2
19.20851610484533,13,12,2
19.208950418047607,0,12,2
19.212001824984327,10,12,2
19.229066940024495,13,11,2
19.230034478008747,0,11,2
19.230790288886055,12,5,1
19.23154521989636,10,12,2
19.241191004868597,13,11,2
19.24303750693798,0,11,2
19.282698224997148,13,5,1
19.283557638991624,10,11,2
19.299593314994127,10,11,2
19.300281734904274,2,5,1
19.304225757019594,1,5,1
19.31853348389268,0,5,1
19.31928839487955,3,5,1
19.321547569939867,10,5,1
19.323159605031833,8,5,1
19.417622930835932,6,5,1
19.41867615096271,11,5,1
19.433990036835894,6,3,1
19.436203789897263,7,5,1
19.43968520895578,11,3,1
19.458657427923754,11,6,1
19.45943265990354,7,3,1
19.477905445965007,7,6,1
19.50939781102352,4,3,1
19.510247034952044,12,3,1
19.526103485841304,12,6,1
19.52685939683579,4,6,1
19.59967590798624,13,3,1
19.61921449401416,13,6,1
19.62435688986443,10,3,1
19.636087042978033,10,6,1
19.63748149294406,9,3,1
19.659037805860862,9,6,1
19.713405712042004,5,3,1
19.731442994903773,5,6,1
19.80266021983698,2,3,1
19.81208575796336,0,3,1
19.81695814593695,1,3,1
19.820120166055858,2,6,1
19.822437191847712,3,6,1
19.829031539848074,0,6,1
19.831392847001553,8,3,1
19.836331116966903,1,6,1
19.849040997913107,8,6,1
19.91820220486261,11,2,1
19.926373567897826,6,2,1
19.932595215039328,7,2,1
20.011381285032257,4,2,1
20.017962741898373,12,2,1
20.10874457284808,13,2,1
20.132068445906043,10,2,1
20.133439735043794,9,2,1
20.21342433989048,5,2,1
20.305363703984767,1,2,1
20.318376953946427,3,2,1
20.321786790853366,0,2,1
20.326022190973163,8,2,1
20.419415486976504,11,7,1
20.424649895867333,6,7,1
20.431996084051207,7,4,1
20.51372673898004,4,7,1
20.518455673009157,12,7,1
20.538958875928074,12,4,1
20.605297002010047,13,7,1
20.628487520851195,10,7,1
20.629259262932464,13,4,1
20.63258723798208,9,7,1
20.652614696882665,10,4,1
20.653369838837534,9,4,1
20.672493702964857,10,13,2
20.673245304031298,9,13,2
20.71427929098718,5,7,1
20.73404688294977,5,4,1
20.75305607286282,5,13,2
20.808845959836617,2,7,1
20.809832877945155,1,7,1
20.82074872800149,3,7,1
20.822605420835316,0,7,1
20.83750190399587,1,4,1
20.83970401692204,2,4,1
20.840456638950855,8,7,1
20.84326671785675,3,4,1
20.844000098994,0,4,1
20.86222090688534,1,13,2
20.86552015086636,3,13,2
20.866962001891807,2,13,2
20.867769415024668,0,13,2
20.88252078392543,8,4,1
20.899767864961177,8,13,2
20.9174476780463,11,4,1
20.922267654910684,6,4,1
20.93417601287365,7,13,2
20.934901783941314,11,13,2
20.945771072991192,6,13,2
21.011109680868685,4,13,2
21.017527773045003,12,13,2
21.03104791790247,4,8,1
21.037607253994793,12,8,1
21.105287158861756,13,8,1
21.128916959976777,10,8,1
21.132531102979556,9,8,1
21.217454907950014,5,8,1
21.23566949600354,5,9,1
21.307463156990707,2,8,1
21.315312210004777,1,8,1
21.319072376936674,3,8,1
21.322423081845045,0,8,1
21.33411642489955,2,9,1
21.33755985298194,8,9,1
21.338870029896498,1,9,1
21.340168796945363,3,9,1
21.341493394924328,0,9,1
21.36400352488272,1,11,2
21.3647717370186,3,11,2
21.38163275597617,0,11,2
21.38236347702332,2,11,2
21.3830721268896,8,11,2
21.39739487390034,2,12,2
21.39823736785911,1,12,2
21.398969238856807,3,12,2
21.39971840986982,0,12,2
21.40043039084412,8,12,2
21.423162856837735,2,10,2
21.423921257955953,0,10,2
21.4246395889204,8,10,2
21.425394990015775,1,10,2
21.426119200885296,3,10,2
21.426837421022356,11,8,1
21.428827848052606,6,8,1
21.432489001890644,7,8,1
21.48170590098016,11,9,1
21.488787523005158,6,9,1
21.489556703949347,7,9,1
21.499829535838217,11,12,2
21.514089691918343,6,11,2
21.51549031189643,4,9,1
21.51684443000704,11,10,2
21.518255481030792,7,11,2
21.519001111853868,12,9,1
21.538588898954913,6,12,2
21.541976545006037,4,11,2
21.542742556892335,7,12,2
21.543475107988343,12,11,2
21.587815498001873,6,10,2
21.590445403009653,7,10,2
21.6029580689501,13,9,1
21.60381590295583,12,10,2
21.604554014047608,4,12,2
21.624990524956957,13,11,2
21.629502512980253,10,9,1
21.63051653187722,4,10,2
21.637001506984234,9,11,2
21.64355819299817,13,12,2
21.653155206004158,9,12,2
21.65452588489279,10,11,2
21.65905104391277,13,10,2
21.68912926898338,9,10,2
21.70098328590393,10,12,2
21.71377371996641,5,11,2
21.73383407993242,5,12,2
21.75279519893229,5,10,2
27.099847479956225,13,0,1
27.124213923001662,10,0,1
27.13087348290719,9,0,1
27.21226587705314,5,0,1
27.305340682854876,2,0,1
27.310557001037523,1,0,1
27.31985507486388,3,0,1
27.32976221689023,8,0,1
27.41594168683514,11,0,1
27.421119563980028,6,0,1
27.43031067494303,7,0,1
27.509436493972316,4,0,1
27.514555759960786,12,0,1
28.13207384501584,9,1,1
28.212752419058233,5,1,1
28.30912125785835,2,1,1
28.318760802038014,3,1,1
28.319343189010397,0,1,1
28.33105360204354,8,1,1
28.420716249849647,11,1,1
28.422064168844372,6,1,1
28.431675281841308,7,1,1
28.51021308498457,12,1,1
28.51211102795787,4,1,1
28.604982328834012,13,1,1
28.6262899748981,10,1,1
28.93204610585235,7,5,1
29.010578668909147,12,5,1
29.01314396201633,4,5,1
29.10927803395316,13,5,1
29.128637204878032,10,5,1
29.13216138491407,9,5,1
29.31648511486128,2,5,1
29.317319278838113,1,5,1
29.32045364798978,0,5,1
29.32152519794181,3,5,1
29.329165754839778,8,5,1
29.42108972906135,11,5,1
29.421749616973102,6,5,1
29.431993359001353,7,6,1
29.44396899896674,6,3,1
29.444554244866595,11,6,1
29.45404958492145,7,3,1
29.462775703985244,11,3,1
29.510627374053,12,6,1
29.512092306045815,4,6,1
29.52616628492251,12,3,1
29.534123801859096,4,3,1
29.60547397006303,13,6,1
29.628781851846725,10,6,1
29.629552993923426,13,3,1
29.632264881860465,9,6,1
29.652363172965124,10,3,1
29.65315940603614,9,3,1
29.71442910702899,5,6,1
29.736251967959106,5,3,1
29.807929074857384,2,6,1
29.80937863700092,1,6,1
29.82168528600596,0,6,1
29.82527562789619,3,6,1
29.833499022061005,2,3,1
29.83460964402184,8,6,1
29.835634832968935,1,3,1
29.842490538023412,0,3,1
29.85509774601087,8,3,1
29.91743957786821,11,2,1
29.920944188022986,6,2,1
29.934702798957005,7,2,1
30.010860614012927,12,2,1
30.012984703993425,4,2,1
30.10591115592979,13,2,1
30.128034154884517,10,2,1
30.13223881390877,9,2,1
30.213423711946234,5,2,1
30.31827948288992,1,2,1
30.32218732405454,0,2,1
30.322789950994775,3,2,1
30.329701106995344,8,2,1
30.417859493056312,11,7,1
30.42169330199249,6,7,1
30.432409286964685,7,4,1
30.440825275843963,6,4,1
30.51083591603674,12,7,1
30.51198473898694,4,7,1
30.524848205037415,12,4,1
30.60641678306274,13,7,1
30.628860821016133,10,7,1
30.629891820950434,9,7,1
30.63063342194073,13,4,1
30.64748285105452,9,4,1
30.6482892439235,10,4,1
30.665851652855054,9,13,2
30.66659558401443,10,13,2
30.709385680034757,5,7,1
30.724598682951182,5,4,1
30.73994986899197,5,13,2
30.809280979912728,2,7,1
30.812110150931403,1,7,1
30.818563913926482,3,7,1
30.81930359499529,0,7,1
30.837261284934357,2,4,1
30.838006685953587,8,7,1
30.838726586895064,1,4,1
30.841117774834856,0,4,1
30.841882926877588,3,4,1
30.86355017288588,2,13,2
30.864314413862303,1,13,2
30.86509980703704,0,13,2
30.865870079025626,8,4,1
30.866586678894237,3,13,2
30.88113065296784,8,13,2
30.92032936704345,11,4,1
30.92186714988202,6,13,2
30.933426558971405,7,13,2
30.94274970400147,11,13,2
31.01435536891222,12,13,2
31.015533762983978,4,13,2
31.03693386190571,4,8,1
31.038003402063623,12,8,1
31.108529755845666,13,8,1
31.125754905864596,10,8,1
31.134545125998557,9,8,1
31.218232364859432,5,8,1
31.309501159004867,1,8,1
31.310291041852906,2,8,1
31.32008335995488,3,8,1
31.32086083199829,0,8,1
31.331144843949005,2,9,1
31.331917356001213,1,9,1
31.332642327062786,8,9,1
31.340954944025725,0,9,1
31.34171476494521,3,9,1
31.354714653920382,2,11,2
31.355445645051077,1,11,2
31.35733831883408,8,11,2
31.38153022597544,0,11,2
31.382303748978302,3,11,2
31.395464822882786,1,12,2
31.396245514973998,8,12,2
31.39869736484252,3,12,2
31.39952541794628,0,12,2
31.40025905892253,2,12,2
31.42813359084539,1,10,2
31.428947344888,3,10,2
31.429736607009545,8,10,2
31.430509138852358,0,10,2
31.431263800011948,2,10,2
31.431986931012943,11,8,1
31.432735902024433,6,8,1
31.433508354006335,7,8,1
31.49330483400263,7,9,1
31.494209359865636,6,9,1
31.49497220106423,11,9,1
31.50752860796638,4,9,1
31.51721881283447,7,11,2
31.518015315989032,6,11,2
31.518769718008116,12,9,1
31.51948252785951,11,12,2
31.532480248017237,4,11,2
31.53942413488403,7,12,2
31.540266858879477,6,12,2
31.541105133015662,11,10,2
31.582004884956405,12,11,2
31.586899243993685,7,10,2
31.58857810194604,6,10,2
31.58997891191393,4,12,2
31.597944248002023,13,9,1
31.599348857998848,12,10,2
31.605971656972542,4,10,2
31.612654615892097,13,11,2
31.626318274997175,10,9,1
31.631183242890984,13,12,2
31.632713126018643,9,11,2
31.65066878683865,13,10,2
31.651556201977655,10,11,2
31.652368754846975,9,12,2
31.695291694952175,9,10,2
31.697876058984548,10,12,2
31.711652810918167,5,9,1
31.73232430801727,5,11,2
31.75203578802757,5,12,2
31.767754714936018,5,10,2
37.104013298870996,13,0,1
37.12649250798859,10,0,1
37.13098082598299,9,0,1
37.211005149874836,5,0,1
37.30928666400723,2,0,1
37.31146663497202,1,0,1
37.31983579299413,3,0,1
37.327757528051734,8,0,1
37.41917470586486,11,0,1
37.420008279848844,6,0,1
37.43223475688137,7,0,1
37.50844244402833,4,0,1
37.51228148187511,12,0,1
38.21235371893272,5,1,1
38.30502005293965,2,1,1
38.31878947396763,0,1,1
38.32112177996896,3,1,1
38.328761677024886,8,1,1
38.4167599088978,11,1,1
38.42195310583338,6,1,1
38.4337748719845,7,1,1
38.50810501491651,4,1,1
38.515056791948155,12,1,1
38.59823214588687,13,1,1
38.62598456488922,10,1,1
38.63238758593798,9,1,1
39.00933815003373,4,5,1
39.01276556705125,12,5,1
39.10578358103521,13,5,1
39.12920085596852,10,5,1
39.132586621912196,9,5,1
39.3154627289623,2,5,1
39.31702736392617,1,5,1
39.319243006873876,0,5,1
39.322179219918326,3,5,1
39.3333984289784,8,5,1
39.41958306892775,11,5,1
39.42342752800323,6,5,1
39.431885327911004,7,5,1
39.44252145988867,11,3,1
39.444111336022615,6,3,1
39.45304613886401,7,3,1
39.46134358504787,11,6,1
39.47298469603993,7,6,1
39.504892142955214,4,3,1
39.512956822058186,12,3,1
39.521531405858696,4,6,1
39.533361142035574,12,6,1
39.60546181094833,13,3,1
39.62943665194325,13,6,1
39.63018253399059,10,3,1
39.63325374084525,9,3,1
39.652721063932404,10,6,1
39.65426336787641,9,6,1
39.71358030405827,5,3,1
39.73399355402216,5,6,1
39.81216367590241,2,3,1
39.81290786690079,1,3,1
39.814586414024234,0,3,1
39.820400228956714,3,6,1
39.834704956039786,0,6,1
39.83569642389193,8,3,1
39.839522102847695,1,6,1
39.840120849898085,2,6,1
39.85589284799062,8,6,1
39.917873478960246,11,2,1
39.92158226505853,6,2,1
39.93188558798283,7,2,1
40.009878274053335,4,2,1
40.013515937840566,12,2,1
40.10563244484365,13,2,1
40.12883701501414,10,2,1
40.134209357900545,9,2,1
40.21287471288815,5,2,1
40.30747873196378,1,2,1
40.31955608492717,0,2,1
40.32189473090693,3,2,1
40.33311203005724,8,2,1
40.41625496302731,11,7,1
40.422910851892084,6,7,1
40.43129725102335,7,4,1
40.51520304498263,12,7,1
40.5159848369658,4,7,1
40.53544864989817,12,4,1
40.606276522856206,13,7,1
40.62898613885045,13,4,1
40.631375565892085,10,7,1
40.634213977027684,9,7,1
40.654637577943504,10,4,1
40.65596015495248,9,4,1
40.67626878200099,9,13,2
40.67700351285748,10,13,2
40.715054764878005,5,7,1
40.73527734889649,5,4,1
40.75417397590354,5,13,2
40.80819157091901,2,7,1
40.81015126686543,1,7,1
40.818478513974696,3,7,1
40.81948929303326,0,7,1
40.83696877886541,1,4,1
40.83909235987812,3,4,1
40.84017042000778,2,4,1
40.84128684201278,8,7,1
40.84232074092142,0,4,1
40.86416333192028,2,13,2
40.86491613392718,1,13,2
40.86567997490056,0,13,2
40.866397456033155,3,13,2
40.86687928903848,8,4,1
40.88866453897208,8,13,2
40.91770066390745,11,4,1
40.92241293704137,6,4,1
40.92447098600678,7,13,2
40.93827256793156,6,13,2
40.94069938687608,11,13,2
41.00862697791308,12,13,2
41.013814244885,4,13,2
41.021977186901495,12,8,1
41.035940564004704,4,8,1
41.099299053894356,13,8,1
41.12689269799739,9,8,1
41.12871364993043,10,8,1
41.21603356185369,5,8,1
41.23230022401549,5,9,1
41.30539313098416,2,8,1
41.31663408083841,1,8,1
41.32308845384978,0,8,1
41.324013659963384,3,8,1
41.32540649990551,8,9,1
41.32618254190311,2,9,1
41.339446398895234,1,9,1
41.346839288948104,8,11,2
41.3476439518854,2,11,2
41.34843594394624,3,9,1
41.34925483795814,0,9,1
41.358023126842454,1,11,2
41.38849182287231,8,10,2
41.38998792483471,3,11,2
41.39079527789727,0,11,2
41.39159827097319,2,10,2
41.39239080296829,1,10,2
41.419466852908954,3,10,2
41.42081529088318,2,12,2
41.422071947017685,8,12,2
41.42336964397691,1,12,2
41.42455052700825,0,10,2
41.42568871984258,11,8,1
41.42692919494584,6,8,1
41.43373488797806,3,12,2
41.43485305993818,0,12,2
41.43595816195011,7,8,1
41.444614017847925,6,9,1
41.484657936031,11,9,1
41.48657396994531,7,9,1
41.505170637974516,6,11,2
41.509869161993265,4,9,1
41.5109987440519,7,11,2
41.512009172933176,11,10,2
41.51449850294739,12,9,1
41.521846311865374,6,10,2
41.52365616406314,4,11,2
41.53657703101635,7,10,2
41.53846672386862,6,12,2
41.53945005196147,4,10,2
41.53998546791263,12,11,2
41.58309043291956,11,12,2
41.592804088955745,7,12,2
41.5938311079517,4,12,2
41.594370792852715,12,10,2
41.60563777387142,13,9,1
41.62891166494228,10,9,1
41.629908992908895,9,11,2
41.63044424797408,13,11,2
41.65298157883808,13,10,2
41.653736979933456,9,10,2
41.65444946102798,10,11,2
41.67226426699199,9,12,2
41.6729962870013,13,12,2
41.683007961837575,10,12,2
41.715591127984226,5,11,2
41.73686454305425,5,10,2
41.75586226186715,5,12,2
47.10456880996935,13,0,1
47.12409364501946,10,0,1
47.132248086854815,9,0,1
47.21262562088668,5,0,1
47.307829225901514,1,0,1
47.30921140499413,2,0,1
47.317295535001904,3,0,1
47.328188163926825,8,0,1
47.416266507003456,11,0,1
47.42117672692984,6,0,1
47.4300606190227,7,0,1
47.510017880937085,4,0,1
47.51390918204561,12,0,1
48.12449257983826,9,1,1
48.204350898973644,5,1,1
48.30418743588962,2,1,1
48.31190404505469,0,1,1
48.316231108037755,3,1,1
48.330944465938956,8,1,1
48.417173185851425,11,1,1
48.421059185871854,6,1,1
48.43155297404155,7,1,1
48.51130486000329,4,1,1
48.51505262684077,12,1,1
48.60587053699419,13,1,1
48.626731500029564,10,1,1
49.009624178986996,4,5,1
49.01353052002378,12,5,1
49.10646821092814,13,5,1
49.128023572964594,10,5,1
49.13365116296336,9,5,1
49.31790150795132,2,5,1
49.318665029946715,1,5,1
49.321471689036116,3,5,1
49.322601601015776,0,5,1
49.33338708803058,8,5,1
49.417895858874545,11,5,1
49.41873921290971,6,5,1
49.427964515052736,7,5,1
49.436587299918756,6,3,1
49.437332750996575,11,6,1
49.443272470030934,7,6,1
49.448835647897795,11,3,1
49.45387686090544,7,3,1
49.50713015394285,4,6,1
49.5100110960193,12,6,1
49.527873233892024,12,3,1
49.528440839843825,4,3,1
49.60559348203242,13,6,1
49.628955035004765,9,6,1
49.630385025870055,13,3,1
49.63113995688036,10,6,1
49.64008428202942,9,3,1
49.65152630698867,10,3,1
49.71568649006076,5,6,1
49.73670382704586,5,3,1
49.807156258961186,2,6,1
49.80919440602884,1,6,1
49.8211868070066,3,6,1
49.82198262005113,0,6,1
49.832566170953214,1,3,1
49.83337128395215,2,3,1
49.83410514402203,8,6,1
49.8424538008403,0,3,1
49.85735925496556,8,3,1
49.917651718016714,11,2,1
49.921417814912274,6,2,1
49.93199340603314,7,2,1
50.011247287038714,4,2,1
50.01766131888144,12,2,1
50.10591312684119,13,2,1
50.12835630495101,10,2,1
50.13306751800701,9,2,1
50.21443863003515,5,2,1
50.30824780603871,1,2,1
50.32192089385353,0,2,1
50.322693296009675,3,2,1
50.32981314789504,8,2,1
50.42083571385592,11,7,1
50.42225577495992,6,7,1
50.43118579802103,7,4,1
50.510295615997165,4,7,1
50.51707833795808,12,7,1
50.537850038846955,12,4,1
50.60574822803028,13,7,1
50.62938939896412,13,4,1
50.630133101018146,10,7,1
50.63324199896306,9,7,1
50.651371283922344,10,4,1
50.652824834920466,9,4,1
50.67211831291206,9,13,2
50.67284775385633,10,13,2
50.71482805698179,5,7,1
50.7344137839973,5,4,1
50.753279028926045,5,13,2
50.80619274289347,2,7,1
50.81127987685613,1,7,1
50.81970056705177,0,7,1
50.82233100105077,3,7,1
50.82771950401366,2,4,1
50.83065002784133,8,7,1
50.838696675840765,1,4,1
50.84648625692353,0,4,1
50.84752784692682,3,4,1
50.849452511873096,2,13,2
50.85069067706354,8,4,1
50.85957802995108,1,13,2
50.88176683988422,0,13,2
50.882826230023056,8,13,2
50.8838722598739,3,13,2
50.91910391091369,11,4,1
50.92059476301074,6,4,1
50.93304580706172,7,13,2
50.941990380873904,6,13,2
50.9427293818444,11,13,2
51.01188313704915,4,13,2
51.01331940689124,12,13,2
51.034631062997505,12,8,1
51.03538107406348,4,8,1
51.10632414999418,13,8,1
51.1281025079079,10,8,1
51.132792341988534,9,8,1
51.218424604972824,5,8,1
51.30490322201513,2,8,1
51.3154676919803,1,8,1
51.32400141400285,0,8,1
51.32503019296564,3,8,1
51.326116683892906,2,9,1
51.328171932836995,8,9,1
51.33478091098368,1,9,1
51.35088645806536,2,11,2
51.35190750705078,3,9,1
51.35289693484083,0,9,1
51.3539675460197,8,11,2
51.35515005886555,1,11,2
51.38260056893341,2,10,2
51.38749439804815,3,11,2
51.388541928026825,1,10,2
51.39240204798989,8,10,2
51.39340537600219,0,11,2
51.3941482368391,2,12,2
51.39875345793553,1,12,2
51.40755568793975,3,10,2
51.4096479578875,8,12,2
51.41264732298441,0,10,2
51.4174066579435,11,8,1
51.42066208086908,3,12,2
51.4292013628874,6,8,1
51.43091208091937,0,12,2
51.433834264054894,7,8,1
51.482000172836706,11,9,1
51.49544030497782,6,9,1
51.4968160840217,7,9,1
51.50583739997819,11,10,2
51.516682147979736,12,9,1
51.517822950845584,4,9,1
51.52032813197002,7,11,2
51.521516426000744,6,11,2
51.52345344098285,11,12,2
51.54220242286101,7,10,2
51.54404970584437,12,11,2
51.54511108598672,6,10,2
51.54635164095089,4,11,2
51.55273332283832,7,12,2
51.594626602949575,6,12,2
51.59587870887481,12,10,2
51.596907707862556,4,10,2
51.60770863504149,13,9,1
51.61394341196865,4,12,2
51.62716874689795,10,9,1
51.63270891504362,13,11,2
51.63410402392037,9,11,2
51.64956429298036,10,11,2
51.65533643797971,13,10,2
51.68420213786885,9,10,2
51.68582814396359,10,12,2
51.6932605849579,13,12,2
51.709410873940215,9,12,2
51.711385699920356,5,9,1
51.73090013395995,5,11,2
51.75081818993203,5,10,2
51.766122184926644,5,12,2
57.10390326404013,13,0,1
57.12705384101719,10,0,1
57.13055385090411,9,0,1
57.21260982193053,5,0,1
57.30943797295913,2,0,1
57.31288492004387,1,0,1
57.31722271302715,3,0,1
57.32827279693447,8,0,1
57.419465127866715,11,0,1
57.42023013904691,6,0,1
57.429705729009584,7,0,1
57.50792593089864,4,0,1
57.5127748278901,12,0,1
58.21416835184209,5,1,1
58.30901513597928,2,1,1
58.319149863906205,3,1,1
58.32019851403311,0,1,1
58.32990407990292,8,1,1
58.4162396020256,11,1,1
58.42496278998442,6,1,1
58.43209327198565,7,1,1
58.50921376305632,4,1,1
58.51411310187541,12,1,1
58.605039675021544,13,1,1
58.62874356796965,10,1,1
58.63219337584451,9,1,1
59.00989724486135,4,5,1
59.01429320988245,12,5,1
59.1055085810367,13,5,1
59.12819365505129,10,5,1
59.132274782052264,9,5,1
59.30003548692912,2,5,1
59.30153973004781,1,5,1
59.31559436884709,3,5,1
59.316557115875185,0,5,1
59.322237147949636,8,5,1
59.4173700788524,11,5,1
59.421202389057726,6,5,1
59.431505321059376,7,5,1
59.43873933702707,11,6,1
59.44223544583656,6,3,1
59.452203928958625,7,6,1
59.457462548976764,11,3,1
59.47179095586762,7,3,1
59.51375187700614,4,6,1
59.51450677891262,12,6,1
59.538773397915065,12,3,1
59.53953207004815,4,3,1
59.60577541193925,13,6,1
59.63034029887058,13,3,1
59.63239259691909,10,6,1
59.63504270184785,9,6,1
59.657586932880804,10,3,1
59.65849689906463,9,3,1
59.71340235788375,5,6,1
59.733913390897214,5,3,1
59.806742989923805,2,6,1
59.80949787795544,1,6,1
59.819479600992054,0,6,1
59.82148282788694,3,6,1
59.833622882841155,2,3,1
59.83448482793756,8,6,1
59.8352193988394,1,3,1
59.84010091703385,0,3,1
59.85517641506158,8,3,1
59.91757351788692,11,2,1
59.921630372991785,6,2,1
59.93158625601791,7,2,1
60.01000596303493,4,2,1
60.013983387034386,12,2,1
60.10565718985163,13,2,1
60.1285752018448,10,2,1
60.13286301284097,9,2,1
60.21295760804787,5,2,1
60.31062996201217,1,2,1
60.31775123486295,3,2,1
60.32079094089568,0,2,1
60.331966627854854,8,2,1
60.416305663995445,11,7,1
60.42642611195333,6,7,1
60.509756427956745,4,7,1
60.515874532051384,12,7,1
60.53535705595277,12,4,1
60.60544517589733,13,7,1
60.62907632696442,10,7,1
60.62987262988463,13,4,1
60.632866544881836,9,7,1
60.65381122985855,9,4,1
60.654598912922665,10,4,1
60.67584410589188,9,13,2
60.676896805875,10,13,2
60.713791124057025,5,7,1
60.73442049999721,5,4,1
60.754422747995704,5,13,2
60.81028547487222,2,7,1
60.81116378004663,1,7,1
60.819948138901964,0,7,1
60.82069269986823,3,7,1
60.83307535201311,2,4,1
60.834439280908555,8,7,1
60.83944134297781,1,4,1
60.842293473891914,3,4,1
60.8430239148438,0,4,1
60.85386740183458,2,13,2
60.861068587051705,8,4,1
60.86455918592401,0,13,2
60.86530571687035,3,13,2
60.86602948792279,1,13,2
60.89152769185603,8,13,2
60.91777834785171,11,4,1
60.92159564583562,6,4,1
60.92985819093883,7,4,1
60.943460296839476,11,13,2
60.9441953280475,6,13,2
60.950464045861736,7,13,2
61.009681487921625,4,13,2
61.01433863095008,12,13,2
61.03250374691561,4,8,1
61.03683137986809,12,8,1
61.105375245912,13,8,1
61.128274156944826,10,8,1
61.132394874002784,9,8,1
61.217076909029856,5,8,1
61.30784016684629,2,8,1
61.308680061018094,1,8,1
61.32057148893364,3,8,1
61.32674157386646,0,8,1
61.33108359691687,1,9,1
61.3318214379251,2,9,1
61.333139075897634,8,9,1
61.341609495924786,3,9,1
61.34725697687827,0,9,1
61.35318785486743,1,10,2
61.353965047048405,2,10,2
61.358985129976645,8,10,2
61.38156231096946,0,10,2
61.382881538942456,3,10,2
61.38895038096234,2,11,2
61.38978143502027,1,11,2
61.40346330287866,0,11,2
61.40604653698392,2,12,2
61.40677630691789,3,11,2
61.40755276894197,1,12,2
61.40827954001725,8,11,2
61.42821658588946,3,12,2
61.428950757021084,0,12,2
61.429731488926336,11,8,1
61.4304633399006,8,12,2
61.43118322105147,7,8,1
61.431898400885984,6,8,1
61.48583851289004,7,9,1
61.48738489695825,6,9,1
61.48914600699209,11,9,1
61.50691454205662,7,10,2
61.51292202202603,6,10,2
61.513769346056506,11,10,2
61.51457266905345,4,9,1
61.515380451921374,12,9,1
61.52001357404515,7,11,2
61.53499870887026,6,11,2
61.535822971956804,11,12,2
61.538190949941054,7,12,2
61.53900051303208,4,10,2
61.53979832585901,12,10,2
61.58253214904107,4,11,2
61.58341563399881,6,12,2
61.59265289688483,4,12,2
61.596104834927246,12,11,2
61.59877006104216,13,9,1
61.60944429389201,13,10,2
61.62345097097568,13,11,2
61.62667660298757,10,9,1
61.63432204001583,13,12,2
61.636785679962486,9,10,2
61.648327918024734,10,11,2
61.65842521493323,9,11,2
61.68463727994822,10,12,2
61.68929606187157,9,12,2
61.71192511403933,5,9,1
61.73215782898478,5,10,2
61.75200465298258,5,11,2
61.76723800599575,5,12,2
67.10503459605388,13,0,1
67.12695890897885,10,0,1
67.13089180085808,9,0,1
67.21111753885634,5,0,1
67.30626101093367,2,0,1
67.3076200899668,1,0,1
67.3173602570314,3,0,1
67.32800590898842,8,0,1
67.4174807399977,11,0,1
67.41994859999977,6,0,1
67.4302907329984,7,0,1
67.50990135385655,4,0,1
67.51371653284878,12,0,1
68.21296292101033,5,1,1
68.30530524300411,2,1,1
68.31855963985436,0,1,1
68.31935374205932,3,1,1
68.33005776605569,8,1,1
68.41680501890369,11,1,1
68.42197767691687,6,1,1
68.43149861693382,7,1,1
68.5114285768941,4,1,1
68.51334819104522,12,1,1
68.6053213130217,13,1,1
68.6277243590448,10,1,1
68.63176022400148,9,1,1
69.01005995692685,4,5,1
69.01366364886053,12,5,1
69.10606188303791,13,5,1
69.12822806299664,10,5,1
69.13258692692034,9,5,1
69.30738308094442,2,5,1
69.3150886290241,1,5,1
69.32275541685522,0,5,1
69.32352647883818,3,5,1
69.3300452339463,8,5,1
69.41748746694066,11,5,1
69.42232392402366,6,5,1
69.4344652290456,7,5,1
69.44108269689605,11,6,1
69.44663078500889,6,3,1
69.45540935406461,7,6,1
69.46144960587844,11,3,1
69.47424846887589,7,3,1
69.51169469184242,4,6,1
69.51357660605572,12,6,1
69.53227459685877,4,3,1
69.53337518800981,12,3,1
69.60612458386458,13,6,1
69.61909486190416,10,6,1
69.62966059194878,9,6,1
69.63102745101787,10,3,1
69.6318534349557,13,3,1
69.6413619639352,9,3,1
69.70690854592249,5,6,1
69.71947774291039,5,3,1
69.80977448704652,2,6,1
69.81192930787802,1,6,1
69.82067067688331,0,6,1
69.82178834802471,3,6,1
69.83297681598924,2,3,1
69.83529363200068,8,6,1
69.83644470502622,1,3,1
69.84679035795853,0,3,1
69.86145446496084,8,3,1
69.91775150294416,11,2,1
69.92140120686963,6,2,1
69.93358096294105,7,2,1
70.01015363796614,4,2,1
70.01498614484444,12,2,1
70.10586111503653,13,2,1
70.1288492679596,10,2,1
70.13358998298645,9,2,1
70.2136027449742,5,2,1
70.30857936199754,1,2,1
70.31798518891446,0,2,1
70.32173769595101,3,2,1
70.33241604897194,8,2,1
70.41756466706283,11,7,1
70.42095188284293,6,7,1
70.51533842389472,4,7,1
70.51609409484081,12,7,1
70.53571070195176,12,4,1
70.6058233929798,13,7,1
70.63417686801404,9,7,1
70.63572581205517,13,4,1
70.63647220283747,10,7,1
70.6553485088516,10,4,1
70.65672549791634,9,4,1
70.67245938489214,10,13,2
70.6743700390216,9,13,2
70.71309184888378,5,7,1
70.73373822495341,5,4,1
70.75367205194198,5,13,2
70.80884272791445,2,7,1
70.80992364883423,1,7,1
70.82040190603584,0,7,1
70.82148093683645,3,7,1
70.83392042992637,2,4,1
70.835096482886,8,7,1
70.83632201794535,1,4,1
70.84376230998896,3,4,1
70.8448214000091,0,4,1
70.85618714196607,2,13,2
70.86307469801977,8,4,1
70.86399680399336,1,13,2
70.86665872996673,0,13,2
70.88233678485267,3,13,2
70.89103316189721,8,13,2
70.91927731386386,11,4,1
70.92309641186148,6,4,1
70.93175265798345,7,4,1
70.94133371999487,6,13,2
70.94269357901067,11,13,2
70.95254205889069,7,13,2
71.00969232083298,4,13,2
71.01424988103099,12,13,2
71.03235913487151,4,8,1
71.0365530748386,12,8,1
71.10606010793708,13,8,1
71.12879670388065,10,8,1
71.13230951386504,9,8,1
71.21770903887227,5,8,1
71.30807038489729,2,8,1
71.31016641389579,1,8,1
71.31883918005042,0,8,1
71.324239712907,3,8,1
71.3347976738587,2,9,1
71.33568200888112,8,9,1
71.33641194901429,1,9,1
71.33791282190941,0,9,1
71.3465026060585,3,9,1
71.3618611919228,1,11,2
71.36268530483358,2,11,2
71.36341705592349,0,11,2
71.36413544602692,8,11,2
71.36485823686235,3,11,2
71.39680322399363,3,10,2
71.39767351886258,2,10,2
71.39841021993198,0,10,2
71.39913476095535,1,10,2
71.39984774100594,8,10,2
71.42273106100038,3,12,2
71.42354770400561,2,12,2
71.42427137400955,1,12,2
71.42499876488,0,12,2
71.42576295696199,8,12,2
71.42647951701656,11,8,1
71.42826169799082,6,8,1
71.43933522189036,7,8,1
71.48300449200906,11,9,1
71.48632194590755,6,9,1
71.50639476603828,11,10,2
71.50714694801718,7,9,1
71.51289485092275,6,11,2
71.51366081298329,12,9,1
71.51437830296345,4,9,1
71.52372912806459,11,12,2
71.52664926089346,7,11,2
71.53844862594269,6,10,2
71.53920696792193,12,11,2
71.53997176000848,4,11,2
71.54070725105703,7,10,2
71.59165942692198,7,12,2
71.5924658998847,6,12,2
71.59327044291422,12,10,2
71.6033035479486,4,10,2
71.60885785589926,13,9,1
71.62647326593287,4,12,2
71.62823969591409,10,9,1
71.63452344504185,13,11,2
71.63526120502502,9,11,2
71.64795007603243,10,11,2
71.65702060284093,13,10,2
71.68242437485605,9,10,2
71.68714405898936,10,12,2
71.69355697091669,13,12,2
71.70094237104058,9,12,2
71.7101683919318,5,9,1
71.72686851699837,5,11,2
71.74360189191066,5,10,2
71.76001475797966,5,12,2
77.10381167195737,13,0,1
77.12693732883781,10,0,1
77.1308387790341,9,0,1
77.21171625587158,5,0,1
77.30612628697418,2,0,1
77.30824219691567,1,0,1
77.31947724497877,3,0,1
77.32806684984826,8,0,1
77.41913365502842,11,0,1
77.4198890759144,6,0,1
77.42968839383684,7,0,1
77.51114314701408,4,0,1
77.5118993788492,12,0,1
78.21314577804878,5,1,1
78.30928056803532,2,1,1
78.32042265404016,3,1,1
78.3212005959358,0,1,1
78.32955015287735,8,1,1
78.41699804691598,11,1,1
78.42095666890964,6,1,1
78.4315703199245,7,1,1
78.51317959697917,4,1,1
78.51395593886264,12,1,1
78.60510885692202,13,1,1
78.62918196991086,10,1,1
78.63313941285014,9,1,1
79.01327941589989,4,5,1
79.01814209390432,12,5,1
79.10840696585365,13,5,1
79.12635285593569,9,5,1
79.12828456098214,10,5,1
79.31541211390868,2,5,1
79.31619066605344,1,5,1
79.32243480300531,0,5,1
79.326232570922,3,5,1
79.33111552894115,8,5,1
79.42148799495772,11,5,1
79.42224032594822,6,5,1
79.43204349488951,7,5,1
79.44426310202107,6,3,1
79.44499157206155,11,6,1
79.45271092094481,7,6,1
79.46309280605055,11,3,1
79.47257124492899,7,3,1
79.51130968495272,12,6,1
79.5120562359225,4,6,1
79.5348295730073,4,3,1
79.53558329399675,12,3,1
79.60956453485414,13,6,1
79.63082966790535,10,6,1
79.63423738488927,13,3,1
79.63497757585719,9,6,1
79.65376681997441,10,3,1
79.65526158199646,9,3,1
79.71313787484542,5,6,1
79.73371656984091,5,3,1
79.80888122390024,2,6,1
79.81253964803182,1,6,1
79.81772111495957,3,6,1
79.82047462300397,0,6,1
79.83398694591597,8,6,1
79.83512423885986,1,3,1
79.83623647992499,2,3,1
79.84050751198083,0,3,1
79.8556783220265,8,3,1
79.91763687087223,11,2,1
79.92130518495105,6,2,1
79.93104702187702,7,2,1
80.01369899883866,12,2,1
80.01507761795074,4,2,1
80.10172060783952,13,2,1
80.1192550950218,10,2,1
80.1248124728445,9,2,1
80.20773347700015,5,2,1
80.30370080191642,1,2,1
80.32263187901117,0,2,1
80.32343976199627,3,2,1
80.33046843204647,8,2,1
80.419656842947,11,7,1
80.4217553329654,6,7,1
80.4311255889479,7,4,1
80.50637294491753,4,7,1
80.51536417100579,12,7,1
80.53530421690084,12,4,1
80.60740535403602,13,7,1
80.62988714198582,10,7,1
80.63129836204462,9,7,1
80.63202133285813,13,4,1
80.64917105995119,9,4,1
80.65055784885772,10,4,1
80.66691608401015,9,13,2
80.66884977789596,10,13,2
80.71368559100665,5,7,1
80.7335011640098,5,4,1
80.75349809206091,5,13,2
80.80849405284971,2,7,1
80.80932679586112,1,7,1
80.81960740801878,3,7,1
80.82035107002594,0,7,1
80.83353909384459,1,4,1
80.83427818492055,2,4,1
80.83498729486018,8,7,1
80.84184272889979,0,4,1
80.84257533983327,3,4,1
80.86074212589301,1,13,2
80.86269207089208,2,13,2
80.86348325386643,8,4,1
80.86421535490081,0,13,2
80.86493680486456,3,13,2
80.88001241302118,8,13,2
80.91794611001387,11,4,1
80.92216103989631,6,4,1
80.93612382584251,7,13,2
80.94084915099666,11,13,2
80.94412568304688,6,13,2
81.01205503195524,4,13,2
81.01447947090492,12,13,2
81.03579617594369,4,8,1
81.03654822683893,12,8,1
81.10676699085161,13,8,1
81.1277837168891,10,8,1
81.13163787685335,9,8,1
81.21735942084342,5,8,1
81.30773906596005,2,8,1
81.30985639593564,1,8,1
81.32427475601435,0,8,1
81.32695342204534,3,8,1
81.33092366484925,1,9,1
81.3322284319438,2,9,1
81.33333725295961,8,9,1
81.35133404401131,0,9,1
81.35500480793417,1,11,2
81.35605351789854,2,11,2
81.35706128599122,8,11,2
81.3581587378867,3,9,1
81.39129706798121,0,11,2
81.39372876798734,1,10,2
81.39488185988739,2,10,2
81.39606899395585,8,10,2
81.39708626293577,3,11,2
81.41954051004723,1,12,2
81.4205708198715,2,12,2
81.42161033884622,0,10,2
81.42261314787902,3,10,2
81.4237539600581,8,12,2
81.42493276391178,6,8,1
81.42599518387578,11,8,1
81.44013407500461,6,9,1
81.44116529403254,0,12,2
81.48251964803785,3,12,2
81.48357167793438,11,9,1
81.48559341602959,7,8,1
81.50389410485514,6,11,2
81.5076749320142,7,9,1
81.50844457396306,4,9,1
81.51029720692895,11,10,2
81.51523175695911,6,10,2
81.51755116297863,12,9,1
81.5323834340088,6,12,2
81.5345779559575,4,11,2
81.53546598087996,11,12,2
81.53633367596194,7,11,2
81.53772534499876,12,11,2
81.54879256989807,4,10,2
81.58174628484994,7,10,2
81.58786743902601,12,10,2
81.59468287206255,7,12,2
81.5954494739417,4,12,2
81.60828119888902,13,9,1
81.62013712502085,10,9,1
81.63222669786774,9,11,2
81.63299909001216,13,11,2
81.63540701800957,10,11,2
81.65244193188846,13,10,2
81.65320508391596,9,10,2
81.65565411304124,10,12,2
81.66748936893418,13,12,2
81.6873231320642,9,12,2
81.70407262793742,5,9,1
81.71525749587454,5,11,2
81.72591099794954,5,10,2
81.73637458495796,5,12,2
87.10766633297317,13,0,1
87.1270671938546,10,0,1
87.13094097399153,9,0,1
87.21193554298952,5,0,1
87.30689415801316,2,0,1
87.3077448119875,1,0,1
87.3195140559692,3,0,1
87.32747991196811,8,0,1
87.41072730603628,11,0,1
87.41942267189734,6,0,1
87.43038969300687,7,0,1
87.51154642691836,4,0,1
87.51290078600869,12,0,1
88.21351836295798,5,1,1
88.29857353703119,2,1,1
88.31288837292232,0,1,1
88.31383291003294,3,1,1
88.32321676588617,8,1,1
88.4121451410465,11,1,1
88.41358502092771,6,1,1
88.4241492820438,7,1,1
88.50043222703971,4,1,1
88.50452630291693,12,1,1
88.60894149704836,13,1,1
88.62776373093948,10,1,1
88.63226592889987,9,1,1
89.0098627069965,4,5,1
89.01355034206063,12,5,1
89.10971392085776,13,5,1
89.12867345893756,10,5,1
89.13224076083861,9,5,1
89.3077852029819,2,5,1
89.31983916601166,1,5,1
89.32298553502187,0,5,1
89.32419581897557,3,5,1
89.33081105700694,8,5,1
89.41003056592308,11,5,1
89.4249546090141,11,3,1
89.42574335099198,6,5,1
89.4325508440379,7,5,1
89.45020923600532,6,3,1
89.45055584586225,11,6,1
89.45366480387747,7,3,1
89.47298620198853,7,6,1
89.51154139684513,12,3,1
89.51229625800624,4,3,1
89.53512309584767,12,6,1
89.53590025799349,4,6,1
89.61055284691975,13,3,1
89.62263957993127,10,3,1
89.63455698802136,13,6,1
89.63529040897265,9,3,1
89.64565708301961,10,6,1
89.65576712996699,9,6,1
89.71404308499768,5,3,1
89.73435140098445,5,6,1
89.80816815583967,2,3,1
89.81007820996456,1,3,1
89.82320558303036,3,6,1
89.82970498688519,0,3,1
89.83367591002025,1,6,1
89.83469377900474,8,3,1
89.83568193693645,2,6,1
89.8536618379876,0,6,1
89.85521408193745,8,6,1
89.9175795018673,11,2,1
89.92179035092704,6,2,1
89.93193230894394,7,2,1
90.01324629690498,12,2,1
90.01520248292945,4,2,1
90.10593971796334,13,2,1
90.1282608518377,10,2,1
90.13228135602549,9,2,1
90.21344583993778,5,2,1
90.31108520086855,1,2,1
90.31765387696214,0,2,1
90.32187058683485,3,2,1
90.32954257493839,8,2,1
90.41986081795767,11,7,1
90.42222423502244,6,7,1
90.43103006505407,7,4,1
90.50544895697385,4,7,1
90.51575520983897,12,7,1
90.53582028998062,12,4,1
90.60546252597123,13,7,1
90.62959344103001,13,4,1
90.63066309201531,10,7,1
90.63383841188625,9,7,1
90.65190705400892,10,4,1
90.65382644883357,9,4,1
90.6729994630441,10,13,2
90.67407445400022,9,13,2
90.71630678302608,5,7,1
90.73654244700447,5,4,1
90.75569202983752,5,13,2
90.80846812785603,2,7,1
90.81041150284,1,7,1
90.8190803390462,0,7,1
90.82309973286465,3,7,1
90.84023593994789,2,4,1
90.84131587087177,1,4,1
90.8423162389081,0,4,1
90.84334548795596,8,7,1
90.8455215098802,3,4,1
90.86845678091049,2,13,2
90.86953472089954,0,13,2
90.87054201983847,8,4,1
90.87156839901581,1,13,2
90.87274007196538,3,13,2
90.88767434586771,8,13,2
90.91948681883514,11,4,1
90.92138767288998,6,4,1
90.92991475504823,7,13,2
90.9438819619827,6,13,2
90.94492899184115,11,13,2
91.01304512494244,4,13,2
91.01413795584813,12,13,2
91.03701918502338,12,8,1
91.03808403597213,4,8,1
91.10921822395176,13,8,1
91.1284111388959,10,8,1
91.13253960688598,9,8,1
91.21574589796364,5,8,1
91.30958985094912,1,8,1
91.31062049092725,2,8,1
91.31917920405976,3,8,1
91.32106342702173,0,8,1
91.33404191583395,2,9,1
91.33509089495055,8,9,1
91.3361057639122,1,9,1
91.3402935329359,3,9,1
91.34148402698338,0,9,1
91.36098886001855,2,11,2
91.36205516103655,1,11,2
91.36307242000476,8,11,2
91.36409369902685,0,11,2
91.38135088793933,3,11,2
91.39619048894383,2,12,2
91.39725539996289,1,12,2
91.39825535798445,0,12,2
91.39928296697326,3,12,2
91.40046165091917,8,12,2
91.42205796390772,2,10,2
91.42308549303561,1,10,2
91.42407793086022,0,10,2
91.42510939086787,3,10,2
91.42633073497564,8,10,2
91.42746336688288,11,8,1
91.42849892703816,6,8,1
91.43248512991704,7,8,1
91.48258334188722,11,9,1
91.49195990804583,6,9,1
91.49966840585694,7,9,1
91.50134559394792,11,12,2
91.51301375590265,6,11,2
91.51845008996315,12,9,1
91.5193084939383,4,9,1
91.52101123286411,11,10,2
91.52193279890344,7,11,2
91.52818813594058,6,12,2
91.54462551185861,7,12,2
91.5455257280264,6,10,2
91.58226201101206,4,11,2
91.58309181383811,12,11,2
91.59798641689122,7,10,2
91.60797189106233,4,12,2
91.60868855100125,13,9,1
91.6092748879455,12,10,2
91.62302176794037,10,9,1
91.62753816600889,4,10,2
91.63134873402305,13,11,2
91.6326374008786,9,11,2
91.63960896804929,10,11,2
91.68155937897973,13,12,2
91.6821343949996,9,12,2
91.68432768783532,10,12,2
91.69414138584398,13,10,2
91.69959111092612,9,10,2
91.70834562997334,5,9,1
91.72500495193526,5,11,2
91.74069812800735,5,12,2
91.75656153797172,5,10,2
97.10377699602395,13,0,1
97.12609969894402,10,0,1
97.13066783896647,9,0,1
97.20605675899424,5,0,1
97.30705443490297,2,0,1
97.30783435702324,1,0,1
97.31799165485427,3,0,1
97.33019905188121,8,0,1
97.41922403802164,11,0,1
97.42029194789939,6,0,1
97.43102618283592,7,0,1
97.5104607178364,4,0,1
97.51180377602577,12,0,1
98.20677373791113,5,1,1
98.30903340992518,2,1,1
98.31826937198639,0,1,1
98.32032612990588,3,1,1
98.33234630106017,8,1,1
98.41387481498532,6,1,1
98.41549018002115,11,1,1
98.42757839290425,7,1,1
98.51162568898872,12,1,1
98.51240764092654,4,1,1
98.60910433484241,13,1,1
98.62820322695188,10,1,1
98.63267327402718,9,1,1
99.00725106406026,4,5,1
99.01901265792549,12,5,1
99.10919649689458,13,5,1
99.12869786005467,10,5,1
99.13246435695328,9,5,1
99.30644804402255,2,5,1
99.31825365894474,1,5,1
99.32263445295393,0,5,1
99.32339569483884,3,5,1
99.33254245389253,8,5,1
99.41801515989937,11,5,1
99.42232286185026,6,5,1
99.4320600379724,7,5,1
99.4400766659528,11,3,1
99.4434511018917,6,3,1
99.45440711290576,7,3,1
99.4591412069276,11,6,1
99.47351254499517,7,6,1
99.51073726103641,4,3,1
99.51444373605773,12,3,1
99.53342692484148,4,6,1
99.53635707893409,12,6,1
99.60986546403728,13,3,1
99.63115911884233,10,3,1
99.63416302390397,13,6,1
99.6353139069397,9,3,1
99.65287856501527,10,6,1
99.65334945800714,9,6,1
99.70669292192906,5,3,1
99.72074940102175,5,6,1
99.79854535800405,2,3,1
99.81781517597847,2,6,1
99.82026354502887,0,3,1
99.82083967095241,3,6,1
99.8213578260038,1,3,1
99.82287336885929,8,3,1
99.83622619789094,0,6,1
99.83706219191663,8,6,1
99.83915375103243,1,6,1
99.92038305592723,11,2,1
99.92228884994984,6,2,1
99.93332337285392,7,2,1
100.01139175891876,4,2,1
100.01835460588336,12,2,1
100.106057084864,13,2,1
100.12862694496289,10,2,1
100.13295594789088,9,2,1
100.21592132304795,5,2,1
100.30728003499098,1,2,1
100.31954452302307,0,2,1
100.3235421560239,3,2,1
100.32834083284251,8,2,1
100.41912992903963,6,7,1
100.41983425896615,11,7,1
100.43124773283489,7,4,1
100.50993207585998,4,7,1
100.51487625599839,12,7,1
100.53476194990799,12,4,1
100.60614598589018,13,7,1
100.62651697383262,10,7,1
100.62837495701388,13,4,1
100.6295184190385,9,7,1
100.64444785285741,10,4,1
100.64553755288944,9,4,1
100.66299594892189,10,13,2
100.66401193803176,9,13,2
100.7142359430436,5,7,1
100.73380961804651,5,4,1
100.75289881997742,5,13,2
100.80403074086644,2,7,1
100.80582429189235,1,7,1
100.81334226485342,3,7,1
100.81565698096529,0,7,1
100.83122415305115,1,4,1
100.83210950787179,0,4,1
100.83310323604383,3,4,1
100.83414781605825,2,4,1
100.8353057790082,8,7,1
100.84402043605223,0,13,2
100.85691326204687,2,13,2
100.85769325401634,1,13,2
100.85842502396554,8,4,1
100.8591764960438,3,13,2
100.87094933004119,8,13,2
100.92203544988297,11,4,1
100.9230628889054,6,4,1
100.93475859099999,7,13,2
100.94128431589343,6,13,2
100.94505915301852,11,13,2
101.0106862350367,4,13,2
101.0153637980111,12,13,2
101.03330041700974,4,8,1
101.03801061096601,12,8,1
101.10646623303182,13,8,1
101.1224439269863,10,8,1
101.13288462301716,9,8,1
101.21860136487521,5,8,1
101.31148990103975,1,8,1
101.31226792302914,2,8,1
101.3232531149406,0,8,1
101.3241686008405,3,8,1
101.3309656640049,8,9,1
101.33361704903655,2,9,1
101.33439373085275,1,9,1
101.34423816995695,0,9,1
101.34467818285339,3,9,1
101.35824314784259,2,11,2
101.35871473094448,1,11,2
101.36059716390446,0,11,2
101.361059457995,8,11,2
101.36149503989145,3,11,2
101.38835694198497,1,10,2
101.38930854899809,2,10,2
101.39037058898248,0,10,2
101.39131987583824,3,10,2
101.3919100528583,8,10,2
101.40947462106124,1,12,2
101.4104808899574,0,12,2
101.41378394397907,3,12,2
101.4144157320261,2,12,2
101.4152288150508,8,12,2
101.41735060489736,6,8,1
101.4181988989003,11,8,1
101.42408335604705,7,8,1
101.43064906192012,6,9,1
101.43773789401166,11,9,1
101.43849870492704,7,9,1
101.44237429485656,6,11,2
101.44968408206478,7,11,2
101.45448959898204,11,10,2
101.45495154196396,6,10,2
101.46124485996552,7,10,2
101.46639376692474,6,12,2
101.49132435396314,7,12,2
101.49186985893175,11,12,2
101.50811557006091,12,9,1
101.50846168003045,4,9,1
101.52397111989558,12,11,2
101.52500433893874,4,11,2
101.53839272004552,4,10,2
101.53873336897232,12,10,2
101.5492677979637,4,12,2
101.59535681596026,13,9,1
101.61218582303263,13,11,2
101.6280059418641,13,10,2
101.62869019201025,9,11,2
101.63074706005864,10,9,1
101.64319569291547,9,10,2
101.64362380490638,13,12,2
101.6548619850073,9,12,2
101.65567685803398,10,11,2
101.67256525694393,10,12,2
101.70513339084573,5,9,1
101.71960827196017,5,11,2
101.73175465594977,5,10,2
101.7429425639566,5,12,2
107.10471921903081,13,0,1
107.12719407700934,10,0,1
107.13110111793503,9,0,1
107.21148889884353,5,0,1
107.30630160891451,2,0,1
107.31280274293385,1,0,1
107.31774292397313,3,0,1
107.32979770586826,8,0,1
107.41905186790973,11,0,1
107.42010523797944,6,0,1
107.42604944598861,7,0,1
107.5095544049982,4,0,1
107.51409190404229,12,0,1
108.21381573705003,5,1,1
108.30905819893815,2,1,1
108.31916789594106,0,1,1
108.32056459505111,3,1,1
108.33216931391507,8,1,1
108.41832118900493,11,1,1
108.42392439791001,6,1,1
108.4253524178639,7,1,1
108.50362115888856,4,1,1
108.51305053685792,12,1,1
108.60578958783299,13,1,1
108.62205412890762,10,1,1
108.63352029491216,9,1,1
108.92438896698877,7,5,1
109.00301574799232,4,5,1
109.014210334979,12,5,1
109.10000823903829,13,5,1
109.11818906501867,10,5,1
109.12475180090405,9,5,1
109.30044668493792,2,5,1
109.30517994984984,1,5,1
109.31446184287779,0,5,1
109.315243414836,3,5,1
109.32229864504188,8,5,1
109.41886842483655,6,5,1
109.41990077402443,11,5,1
109.43166869785637,7,6,1
109.44012210797518,11,6,1
109.44117736793123,6,3,1
109.45321003906429,11,3,1
109.45508928294294,7,3,1
109.50999785098247,4,6,1
109.51373773696832,12,6,1
109.53280173800886,4,3,1
109.53468221100047,12,3,1
109.60726887988858,13,6,1
109.63008624804206,10,6,1
109.63119749887846,13,3,1
109.63374644098803,9,6,1
109.65299952798523,10,3,1
109.65487912087701,9,3,1
109.71343614184298,5,6,1
109.73421553196386,5,3,1
109.80977878603153,1,6,1
109.81088475696743,2,6,1
109.82085737003945,3,6,1
109.82192315999418,0,6,1
109.83372496487573,2,3,1
109.83475904399529,1,3,1
109.83575373305939,8,6,1
109.84197300905362,0,3,1
109.8584486360196,8,3,1
109.91837917687371,11,2,1
109.92043835483491,6,2,1
109.93187772994861,7,2,1
110.00126452790573,4,2,1
110.01424484699965,12,2,1
110.10022604605183,13,2,1
110.11894843704067,10,2,1
110.12550020287745,9,2,1
110.20628883503377,5,2,1
110.30050045694225,1,2,1
110.31079317885451,3,2,1
110.3199475388974,0,2,1
110.33174848393537,8,2,1
110.41169358184561,11,7,1
110.4137996819336,6,7,1
110.423397653969,7,4,1
110.5017218159046,4,7,1
110.51032070000656,12,7,1
110.52348447404802,12,4,1
110.59805918904021,13,7,1
110.61051276302896,13,4,1
110.6200615039561,10,7,1
110.6273522998672,9,7,1
110.63149232789874,10,4,1
110.63900060090236,9,4,1
110.6433539239224,10,13,2
110.65062350104563,9,13,2
110.71613118890673,5,7,1
110.73634354304522,5,4,1
110.75265373499133,5,13,2
110.81262564705685,2,7,1
110.81551896897145,1,7,1
110.81910450104624,0,7,1
110.82046158891171,3,7,1
110.8326376050245,8,7,1
110.8381450609304,1,4,1
110.8399445018731,2,4,1
110.84134214185178,0,4,1
110.84207305195741,3,4,1
110.85957686905749,8,4,1
110.86203204886988,1,13,2
110.86279514990747,2,13,2
110.8635689120274,3,13,2
110.86428586300462,0,13,2
110.87687767995521,8,13,2
110.91348237800412,11,4,1
110.92261350690387,6,4,1
110.93202394386753,11,13,2
110.93432303890586,7,13,2
110.94512991583906,6,13,2
111.00152995600365,4,13,2
111.00629848102108,12,13,2
111.0137441419065,4,8,1
111.01862269104458,12,8,1
111.09840135392733,13,8,1
111.11851123487577,10,8,1
111.12386342603713,9,8,1
111.21896668500267,5,8,1
111.29994591185823,2,8,1
111.30164740001783,1,8,1
111.31915338686667,3,8,1
111.3196544109378,2,9,1
111.32008877396584,1,9,1
111.32051266590133,0,8,1
111.32157699600793,8,9,1
111.3405936548952,3,9,1
111.34104510792531,2,11,2
111.34149770089425,8,11,2
111.34192940290086,1,11,2
111.34235119493678,0,9,1
111.3622272789944,3,11,2
111.36266708187759,2,12,2
111.36311147385277,8,12,2
111.3635412659496,1,12,2
111.36396419792436,0,11,2
111.38389175385237,3,12,2
111.38439233787358,8,10,2
111.38491942291148,0,12,2
111.38539126585238,2,10,2
111.38581172795966,1,10,2
111.39961627894081,0,10,2
111.40012348396704,3,10,2
111.41386606404558,6,8,1
111.41583719896153,11,8,1
111.42602413799614,6,9,1
111.42682600091211,7,8,1
111.43512958684005,11,9,1
111.43947598990053,7,9,1
111.44020321103744,6,11,2
111.4557914629113,6,12,2
111.45697471685708,11,12,2
111.45813559903763,7,11,2
111.47120279003866,6,10,2
111.47182766790502,11,10,2
111.4723319618497,7,12,2
111.4860929029528,7,10,2
111.50050341105089,4,9,1
111.50533272884786,12,9,1
111.51265175594017,4,11,2
111.51981452899054,12,11,2
111.52379827201366,4,12,2
111.53377968585119,12,10,2
111.53516871505417,4,10,2
111.59736632998101,13,9,1
111.6102274840232,13,11,2
111.62395392404869,13,12,2
111.62431020406075,10,9,1
111.63525676494464,9,11,2
111.63716154894792,10,11,2
111.63753062905744,13,10,2
111.64812576002441,10,12,2
111.65536228497513,9,12,2
111.67543365387246,9,10,2
111.71231773099862,5,9,1
111.73467034497298,5,11,2
111.75452319788747,5,12,2
111.77073017787188,5,10,2
117.09768060105853,13,0,1
117.1172851480078,10,0,1
117.12430358701386,9,0,1
117.2129024299793,5,0,1
117.29951005592011,2,0,1
117.30071335984394,1,0,1
117.31959886592813,3,0,1
117.32134991604835,8,0,1
117.41876485897228,11,0,1
117.42325464589521,6,0,1
117.42447056085803,7,0,1
117.50468964595348,12,0,1
117.50703907292336,4,0,1
118.1251480858773,9,1,1
118.20531935989857,5,1,1
118.29993528383784,2,1,1
118.31030055787414,0,1,1
118.3220497709699,8,1,1
118.32241137092933,3,1,1
118.4117321849335,11,1,1
118.41365482890978,6,1,1
118.42408649483696,7,1,1
118.5035767799709,4,1,1
118.5062442959752,12,1,1
118.60544468997978,13,1,1
118.62830025795847,10,1,1
118.92369241686538,7,5,1
119.00432636402547,4,5,1
119.01045569800772,12,5,1
119.10976551496424,13,5,1
119.12870328198187,10,5,1
119.13260237290524,9,5,1
119.30083161406219,2,5,1
119.30149392294697,1,5,1
119.31599751487374,0,5,1
119.31652909005061,3,5,1
119.3227438959293,8,5,1
119.41216516192071,11,5,1
119.41411250689998,6,5,1
119.42897381889634,6,3,1
119.42933965893462,11,6,1
119.42967303888872,7,6,1
119.44415684905834,7,3,1
119.44450111896731,11,3,1
119.50239714095369,4,6,1
119.50804976187646,12,6,1
119.5164752008859,4,3,1
119.5215615448542,12,3,1
119.61132438085042,13,6,1
119.63208363996819,10,6,1
119.6343023229856,13,3,1
119.6359065680299,9,6,1
119.65486982604489,10,3,1
119.65521416603588,9,3,1
119.70619354187511,5,6,1
119.71917429985479,5,3,1
119.80335338786244,1,6,1
119.81247009686194,2,6,1
119.81723659206182,0,6,1
119.81787026999518,3,6,1
119.82050188397989,1,3,1
119.83372709993273,0,3,1
119.83716579689644,8,6,1
119.83864870900288,2,3,1
119.84923641895875,8,3,1
119.90959927183576,11,2,1
119.92301430203952,7,2,1
119.92469176999293,6,2,1
120.00121963000856,4,2,1
120.00730991293676,12,2,1
120.10723637696356,13,2,1
120.12956678098999,10,2,1
120.13315399200656,9,2,1
120.2128504528664,5,2,1
120.30262004886754,1,2,1
120.31097455602139,0,2,1
120.32409974886104,3,2,1
120.33230108092539,8,2,1
120.42360647092573,11,7,1
120.42555482592434,7,4,1
120.42619144404307,6,7,1
120.5049912489485,4,7,1
120.5083316238597,12,7,1
120.52725389087573,12,4,1
120.60564806405455,13,7,1
120.62936372705735,13,4,1
120.63016550987959,10,7,1
120.63268624106422,9,7,1
120.65413108002394,10,4,1
120.65456224186346,9,4,1
120.67562172887847,9,13,2
120.67647529300302,10,13,2
120.71590616204776,5,7,1
120.73594103986397,5,4,1
120.75681980187073,5,13,2
120.81338039692491,0,7,1
120.81700288900174,2,7,1
120.81759274494834,1,7,1
120.8236442769412,3,7,1
120.82517456100322,0,4,1
120.83929366106167,8,7,1
120.84335760585964,0,13,2
120.84475264605135,1,4,1
120.84566757199354,3,4,1
120.84661419899203,2,4,1
120.85919733601622,3,13,2
120.86468937201425,8,4,1
120.86825549299829,2,13,2
120.86858317186125,1,13,2
120.88078201794997,8,13,2
120.91302821296267,11,4,1
120.92445097700693,6,4,1
120.92577683390118,11,13,2
120.9358761808835,7,13,2
120.9455505348742,6,13,2
121.00243838899769,4,13,2
121.00723012490198,12,13,2
121.01408019894734,4,8,1
121.0200162769761,12,8,1
121.10704455594532,13,8,1
121.11853111186065,10,8,1
121.13303301297128,9,8,1
121.21313426503912,5,8,1
121.31627710000612,2,8,1
121.31719516590238,1,8,1
121.32012669905089,0,8,1
121.32118738000281,3,8,1
121.32917854585685,8,9,1
121.34181851497851,2,9,1
121.34264141786844,0,9,1
121.34337091888301,3,9,1
121.34408694901504,1,9,1
121.34988956293091,8,11,2
121.36698252800852,2,11,2
121.36776301986538,1,11,2
121.36853706184775,0,11,2
121.38133230502717,3,11,2
121.38206483586691,8,12,2
121.39621907798573,2,12,2
121.39701117994264,1,12,2
121.39781225286424,0,12,2
121.39853639295325,3,12,2
121.39925402402878,8,10,2
121.41964488197118,2,10,2
121.42047152505256,1,10,2
121.42119966587052,0,10,2
121.42196089704521,3,10,2
121.4226962979883,11,8,1
121.42432472505607,6,8,1
121.43236967292614,7,8,1
121.44037239998579,11,9,1
121.48379481188022,6,9,1
121.48429300589487,7,9,1
121.49416470504366,11,12,2
121.49963047006167,7,11,2
121.50678261299618,4,9,1
121.51105673494749,11,10,2
121.51201830198988,6,11,2
121.51253959699534,12,9,1
121.51299578999169,7,12,2
121.51898627984338,4,11,2
121.53133556991816,7,10,2
121.53187620500103,12,11,2
121.53230932797305,6,12,2
121.53274043998681,4,12,2
121.5484764459543,12,10,2
121.54902015184052,4,10,2
121.54948082496412,6,10,2
121.60499020898715,13,9,1
121.62004681583494,13,11,2
121.62108226586133,10,9,1
121.6249552150257,9,11,2
121.63490330683999,10,11,2
121.6353521400597,13,12,2
121.63659485499375,9,12,2
121.65084961988032,10,12,2
121.65131503297016,13,10,2
121.6517533250153,9,10,2
121.70861912798136,5,9,1
121.71691418299451,5,11,2
121.72886799206026,5,12,2
121.74069256801158,5,10,2
127.09891937486827,13,0,1
127.12745872396044,10,0,1
127.13209121488035,9,0,1
127.21128551103175,5,0,1
127.30724791297689,2,0,1
127.30832432303578,1,0,1
127.31779233086854,3,0,1
127.32985293399543,8,0,1
127.4144327819813,11,0,1
127.42341281706467,7,0,1
127.42578521394171,6,0,1
127.50049247290008,4,0,1
127.51430929498747,12,0,1
128.12437067599967,9,1,1
128.2142369840294,5,1,1
128.30585186183453,2,1,1
128.32052255794406,3,1,1
128.32172373286448,0,1,1
128.32913539302535,8,1,1
128.4206703088712,11,1,1
128.42176831001416,6,1,1
128.43233074899763,7,1,1
128.5132122130599,4,1,1
128.5146910250187,12,1,1
128.6089812188875,13,1,1
128.62756913597696,10,1,1
129.0150457038544,12,5,1
129.01586185698397,4,5,1
129.10936598898843,13,5,1
129.1287657590583,10,5,1
129.13256814703345,9,5,1
129.3018634179607,2,5,1
129.30247690505348,1,5,1
129.31562213785946,3,5,1
129.3161998540163,0,5,1
129.32254235399887,8,5,1
129.4097092859447,11,5,1
129.42358716996387,6,5,1
129.4255784158595,11,3,1
129.42638619896024,7,5,1
129.44255738705397,11,6,1
129.44302913104184,7,3,1
129.44345470285043,6,3,1
129.45431605097838,7,6,1
129.503392662853,4,3,1
129.51946530886926,12,3,1
129.52175236400217,4,6,1
129.53539525996894,12,6,1
129.59771958785132,13,3,1
129.60852086404338,13,6,1
129.62200226588175,10,3,1
129.63839816092514,10,6,1
129.63876756187528,9,3,1
129.66105168289505,9,6,1
129.70619427389465,5,3,1
129.7187638299074,5,6,1
129.80105814384297,2,3,1
129.8024629538413,1,3,1
129.82276109000668,2,6,1
129.82343777897768,1,6,1
129.82378605892882,0,3,1
129.82413883903064,3,6,1
129.82476172596216,8,3,1
129.83849925594404,8,6,1
129.83883912488818,0,6,1
129.9089337028563,11,2,1
129.92322220792994,6,2,1
129.92449431400746,7,2,1
130.0109572459478,12,2,1
130.01283377897926,4,2,1
130.10586016695015,13,2,1
130.12906756601296,10,2,1
130.13048093602993,9,2,1
130.20931704086252,5,2,1
130.30169407092035,1,2,1
130.31294694985263,0,2,1
130.3164978409186,3,2,1
130.32284325105138,8,2,1
130.41536446404643,6,7,1
130.4169660899788,11,7,1
130.431947164936,7,4,1
130.50160954985768,4,7,1
130.50910707283765,12,7,1
130.5210333210416,12,4,1
130.606825734023,13,7,1
130.62015266204253,10,7,1
130.6267169478815,9,7,1
130.62886599893682,13,4,1
130.63941798801534,9,4,1
130.64293848793022,10,4,1
130.6500145678874,9,13,2
130.66367683606222,10,13,2
130.71202770690434,5,7,1
130.7318704498466,5,4,1
130.751335632056,5,13,2
130.80064530996606,2,7,1
130.80650750594214,1,7,1
130.8151827820111,0,7,1
130.81602161587216,2,4,1
130.8168094989378,3,7,1
130.83257727487944,8,7,1
130.83341332897544,0,4,1
130.8341940608807,3,4,1
130.83492756192572,2,13,2
130.8356481329538,1,4,1
130.8514358799439,0,13,2
130.85219438187778,3,13,2
130.85291864303872,8,4,1
130.85500105191022,1,13,2
130.86483674985357,8,13,2
130.91271518799476,11,4,1
130.91511841583997,6,4,1
130.92949623405002,11,13,2
130.93227924290113,7,13,2
130.9335194178857,6,13,2
131.0019373279065,4,13,2
131.00676773488522,12,13,2
131.01450874493457,4,8,1
131.0197492330335,12,8,1
131.0984012738336,13,8,1
131.11941706901416,10,8,1
131.1329347928986,9,8,1
131.21099520591088,5,8,1
131.2985436290037,2,8,1
131.31598471291363,2,9,1
131.3195820050314,3,8,1
131.31994316587225,1,8,1
131.32195018301718,8,9,1
131.32259117090143,0,8,1
131.32896881201304,2,11,2
131.33218008303083,3,9,1
131.33535873284563,8,11,2
131.3456426349003,1,9,1
131.34833651105873,2,10,2
131.34868571092375,3,11,2
131.34903104091063,8,10,2
131.35023441491649,0,9,1
131.36963304504752,2,12,2
131.36997342389077,8,12,2
131.3703205739148,3,10,2
131.37065899395384,1,11,2
131.3712688810192,0,11,2
131.38972960505635,3,12,2
131.3914302829653,1,10,2
131.39697594987229,0,10,2
131.40958164795302,1,12,2
131.41001781984232,0,12,2
131.41043271194212,11,8,1
131.41689432505518,6,8,1
131.420289110858,11,9,1
131.43076200806536,6,9,1
131.43257457995787,7,8,1
131.4329240899533,11,10,2
131.44735948904417,6,11,2
131.44796230597422,11,12,2
131.44880776992068,7,9,1
131.45885774493217,6,10,2
131.46548339305446,7,11,2
131.47037020185962,6,12,2
131.4825591968838,7,10,2
131.49459250783548,7,12,2
131.50162101793103,4,9,1
131.50934066693299,12,9,1
131.51476512104273,4,11,2
131.52521485695615,12,11,2
131.52669144794345,4,10,2
131.5390472288709,4,12,2
131.53939677891321,12,10,2
131.59714745683596,13,9,1
131.61315195006318,13,11,2
131.6250758690294,9,11,2
131.62732848199084,10,9,1
131.63780449004844,13,10,2
131.63855335093103,9,10,2
131.64873535884544,10,11,2
131.65013383887708,9,12,2
131.65630165394396,13,12,2
131.66817212104797,10,12,2
131.7116763140075,5,9,1
131.7332899768371,5,11,2
131.75310164899565,5,10,2
131.76689278986305,5,12,2
137.1048908289522,13,0,1
137.12661062483676,10,0,1
137.1325348529499,9,0,1
137.21260733390227,5,0,1
137.29896803200245,2,0,1
137.30909700901248,1,0,1
137.31977666192688,3,0,1
137.32961503090337,8,0,1
137.4195006089285,11,0,1
137.42087895888835,6,0,1
137.4305988738779,7,0,1
137.50815551402047,4,0,1
137.51191064994782,12,0,1
138.21347065083683,5,1,1
138.309119933052,2,1,1
138.3188685788773,0,1,1
138.32023200788535,3,1,1
138.3321307459846,8,1,1
138.41608987585641,11,1,1
138.4233864028938,6,1,1
138.4334903890267,7,1,1
138.51110035995953,4,1,1
138.51498946989886,12,1,1
138.60640477202833,13,1,1
138.62769377487712,10,1,1
138.631953145843,9,1,1
139.01126125105657,4,5,1
139.01751738786697,12,5,1
139.1075874620583,13,5,1
139.1288025828544,10,5,1
139.1326467320323,9,5,1
139.31105553987436,2,5,1
139.31771722901613,1,5,1
139.32266899989918,0,5,1
139.32392521505244,3,5,1
139.32956750504673,8,5,1
139.41651521995664,11,5,1
139.42397709190845,6,5,1
139.4360084028449,7,5,1
139.44158598105423,11,6,1
139.44553974294104,6,3,1
139.46027213102207,7,6,1
139.46276040188968,11,3,1
139.47990351705812,7,3,1
139.50464881886728,4,6,1
139.51666342001408,12,6,1
139.5207318449393,4,3,1
139.5392834909726,12,3,1
139.61006802786142,13,6,1
139.62654360500164,10,6,1
139.6349447928369,9,6,1
139.63597576203756,13,3,1
139.6499070979189,10,3,1
139.65611686301418,9,3,1
139.71388276084326,5,6,1
139.73433528095484,5,3,1
139.8097267090343,2,6,1
139.8105073608458,1,6,1
139.82145630102605,3,6,1
139.82224038406275,0,6,1
139.83556473092176,2,3,1
139.83614403684624,8,6,1
139.83687183796428,1,3,1
139.84274139488116,0,3,1
139.85721799498424,8,3,1
139.9180336499121,11,2,1
139.92291599791497,6,2,1
139.93350964784622,7,2,1
140.0118305189535,4,2,1
140.01353904698044,12,2,1
140.10627543600276,13,2,1
140.1290266518481,10,2,1
140.13278388790786,9,2,1
140.21392833883874,5,2,1
140.30920470901765,1,2,1
140.3230587230064,0,2,1
140.32394215790555,3,2,1
140.33330077305436,8,2,1
140.42009641393088,11,7,1
140.42212536092848,6,7,1
140.5115046550054,4,7,1
140.51796650793403,12,7,1
140.54039657395333,12,4,1
140.60994120594114,13,7,1
140.63058778084815,10,7,1
140.63350110384636,13,4,1
140.63486607302912,9,7,1
140.65486675989814,10,4,1
140.65656480798498,9,4,1
140.67635621898808,9,13,2
140.67709754989482,10,13,2
140.715047796024,5,7,1
140.7355502769351,5,4,1
140.75568477786146,5,13,2
140.8069406908471,2,7,1
140.81535544991493,1,7,1
140.82042282400653,3,7,1
140.8251986990217,0,7,1
140.82883884198964,2,4,1
140.83208277402446,8,7,1
140.8371651179623,1,4,1
140.8408545430284,3,4,1
140.85356141300872,2,13,2
140.85432613501325,0,4,1
140.8550489549525,8,4,1
140.85792972706258,1,13,2
140.8603188439738,3,13,2
140.88956867391244,8,13,2
140.8903176349122,0,13,2
140.92028704402037,11,4,1
140.92500036791898,6,4,1
140.93367397389375,7,4,1
140.94305548002012,11,13,2
140.94626908097416,6,13,2
140.95530599704944,7,13,2
141.01214557886124,4,13,2
141.01418075687252,12,13,2
141.03410619101487,4,8,1
141.03488568286411,12,8,1
141.10988206998445,13,8,1
141.1289923018776,10,8,1
141.13273149798624,9,8,1
141.2175808029715,5,8,1
141.30797718605027,2,8,1
141.31535300496034,1,8,1
141.31975480983965,3,8,1
141.32063756487332,0,8,1
141.33515291684307,2,9,1
141.3358913778793,8,9,1
141.33769900887273,1,9,1
141.34163088002242,3,9,1
141.34237981191836,0,9,1
141.3622151738964,1,11,2
141.36364458384924,2,11,2
141.36506355484016,3,11,2
141.36582836601883,8,11,2
141.36658576806076,0,11,2
141.39686510595493,1,12,2
141.3976492290385,2,12,2
141.3984330210369,8,12,2
141.39915868104436,0,12,2
141.39991266303696,3,12,2
141.42152527486905,1,10,2
141.4222756868694,2,10,2
141.4247792479582,6,8,1
141.42552311904728,0,10,2
141.42727837897837,3,10,2
141.42858695588075,8,10,2
141.42932420689613,11,8,1
141.4337385308463,7,8,1
141.4350415279623,6,9,1
141.48758389800787,6,11,2
141.48928774590604,7,9,1
141.49000661703758,11,9,1
141.5034618480131,6,12,2
141.51349475304596,4,9,1
141.51619190885685,6,10,2
141.5175312468782,11,12,2
141.51825442700647,7,11,2
141.51896768785082,12,9,1
141.52994915889576,11,10,2
141.54144198494032,7,12,2
141.54220188688487,12,11,2
141.54292389703915,4,11,2
141.5927604199387,12,10,2
141.59397845505737,7,10,2
141.5949370218441,4,12,2
141.60595497395843,4,10,2
141.6084784050472,13,9,1
141.6316803828813,10,9,1
141.6324725060258,9,11,2
141.63322108704597,13,11,2
141.65192550700158,9,12,2
141.65498393401504,13,12,2
141.65575594594702,10,11,2
141.6697624330409,9,10,2
141.67114590201527,13,10,2
141.6756869109813,10,12,2
141.71169852185994,5,9,1
141.73295029485598,5,11,2
141.75294290087186,5,12,2
141.76941525796428,5,10,2
147.10817175684497,13,0,1
147.12689990806393,10,0,1
147.1318343670573,9,0,1
147.21165853994898,5,0,1
147.30626588198356,2,0,1
147.3107102678623,1,0,1
147.31798603385687,3,0,1
147.33002949599177,8,0,1
147.41755100688897,11,0,1
147.41903939889744,6,0,1
147.43039219104685,7,0,1
147.50956827495247,4,0,1
147.51165072387084,12,0,1
148.2132865928579,5,1,1
148.30547148687765,2,1,1
148.31907153199427,0,1,1
148.32032115687616,3,1,1
148.33153082500212,8,1,1
148.4170268890448,11,1,1
148.42079407488927,6,1,1
148.43312206491828,7,1,1
148.5098009079229,4,1,1
148.51374458987266,12,1,1
148.6094628139399,13,1,1
148.6283823598642,10,1,1
148.63239339389838,9,1,1
149.01109339902177,12,5,1
149.0135101468768,4,5,1
149.10918872896582,13,5,1
149.12896609003656,10,5,1
149.13416523695923,9,5,1
149.31291943392716,2,5,1
149.31380828889087,1,5,1
149.3220281819813,3,5,1
149.3234432018362,0,5,1
149.33253850997426,8,5,1
149.4195403859485,11,5,1
149.42315468890592,6,5,1
149.4336182649713,7,5,1
149.44203992397524,11,3,1
149.44350353605114,6,3,1
149.4551112439949,7,3,1
149.46084088692442,11,6,1
149.4751705529634,7,6,1
149.51045169285499,4,3,1
149.51377004687674,12,3,1
149.53314906684682,4,6,1
149.5350893419236,12,6,1
149.6107367358636,13,3,1
149.63158001704141,10,3,1
149.63475506706163,13,6,1
149.63614202593453,9,3,1
149.65412153606303,10,6,1
149.65888097998686,9,6,1
149.71679961192422,5,3,1
149.7382116690278,5,6,1
149.8074995330535,2,3,1
149.8096977758687,1,3,1
149.82081083999947,3,6,1
149.8215997030493,0,3,1
149.83304625796154,2,6,1
149.83451977884397,1,6,1
149.8352717908565,8,3,1
149.846163979033,0,6,1
149.85476360283792,8,6,1
149.91996588092297,11,2,1
149.92191177699715,6,2,1
149.9322074279189,7,2,1
150.01279806299135,4,2,1
150.0141250898596,12,2,1
150.1095285548363,13,2,1
150.1291069400031,10,2,1
150.1327432228718,9,2,1
150.21523248101585,5,2,1
150.30858795694076,1,2,1
150.32085443497635,0,2,1
150.32166195800528,3,2,1
150.3325892679859,8,2,1
150.4196652858518,11,7,1
150.42468556785025,6,7,1
150.4335885499604,7,4,1
150.51176318596117,4,7,1
150.51514219189994,12,7,1
150.53629987104796,12,4,1
150.61025480786338,13,7,1
150.62281418405473,10,7,1
150.6306642058771,9,7,1
150.6328362680506,13,4,1
150.63841815595515,10,4,1
150.6460166319739,9,4,1
150.65424868487753,10,13,2
150.66192014189437,9,13,2
150.71386821498163,5,7,1
150.73518465901725,5,4,1
150.75520761683583,5,13,2
150.80758181097917,2,7,1
150.80949286487885,1,7,1
150.8203657339327,0,7,1
150.82113077491522,3,7,1
150.83211242593825,8,7,1
150.83286788803525,2,4,1
150.8336854709778,1,4,1
150.8430763068609,3,4,1
150.8453953329008,0,4,1
150.85566722392105,2,13,2
150.85645313584246,1,13,2
150.85721980803646,8,4,1
150.8816507109441,3,13,2
150.88239683187567,0,13,2
150.88316201395355,8,13,2
150.92165759485215,11,4,1
150.922824467998,6,4,1
150.93173290998675,7,13,2
150.94518562196754,6,13,2
150.94616326899268,11,13,2
151.01080800197087,4,13,2
151.0179937549401,12,13,2
151.03074528696015,4,8,1
151.0385382878594,12,8,1
151.10538267204538,13,8,1
151.12600834690966,10,8,1
151.1326726358384,9,8,1
151.21814101887867,5,8,1
151.30866207391955,2,8,1
151.31382864085026,1,8,1
151.3181713540107,0,8,1
151.3262693840079,3,8,1
151.3333179228939,2,9,1
151.33407045388594,8,9,1
151.33755501289852,0,9,1
151.33885872992687,1,9,1
151.34510069689713,3,9,1
151.35695093288086,2,11,2
151.35770629392937,8,11,2
151.3621504700277,0,11,2
151.36287499102764,1,11,2
151.38154154992662,3,11,2
151.38606842793524,2,10,2
151.40259819687344,0,10,2
151.40341778984293,2,12,2
151.40416119084693,3,10,2
151.40490347193554,1,10,2
151.40570529503748,8,10,2
151.4230999678839,0,12,2
151.4239247010555,11,8,1
151.43061388097703,1,12,2
151.43140136287548,3,12,2
151.43218198488466,8,12,2
151.4816239469219,6,8,1
151.48241642885841,7,8,1
151.4831492600497,11,9,1
151.49933069897816,6,9,1
151.50360528985038,11,10,2
151.50436100084335,7,9,1
151.5097933448851,4,9,1
151.51483739796095,12,9,1
151.5194073379971,11,12,2
151.52233258099295,6,11,2
151.52724717999808,7,11,2
151.53547538304701,4,11,2
151.53620703401975,6,10,2
151.5815641998779,7,10,2
151.58229915983975,12,11,2
151.59181857993826,6,12,2
151.59315674798563,7,12,2
151.6027591000311,4,10,2
151.6041682199575,13,9,1
151.60687678703107,12,10,2
151.61891303793527,4,12,2
151.6293608150445,13,11,2
151.6300921048969,9,11,2
151.63081629597582,10,9,1
151.65083562303334,13,10,2
151.651565924054,9,10,2
151.65229122387245,10,11,2
151.69278143183328,13,12,2
151.69939980003983,10,12,2
151.70130497287028,9,12,2
151.7105682559777,5,9,1
151.72766465088353,5,11,2
151.7437355760485,5,10,2
151.75890772603452,5,12,2
157.10377584584057,13,0,1
157.12415094394237,10,0,1
157.13073045993224,9,0,1
157.20735452184454,5,0,1
157.30688872304745,2,0,1
157.30765704484656,1,0,1
157.31741871102713,3,0,1
157.32862946903333,8,0,1
157.4156600649003,11,0,1
157.4194551128894,6,0,1
157.43040722305886,7,0,1
157.5097717528697,4,0,1
157.51172287785448,12,0,1
158.2082210679073,5,1,1
158.30588576500304,2,1,1
158.31922007305548,0,1,1
158.3199750049971,3,1,1
158.3287789139431,8,1,1
158.41159413103014,11,1,1
158.41407992201857,6,1,1
158.42377218604088,7,1,1
158.50333469104953,4,1,1
158.50566747691482,12,1,1
158.5987492450513,13,1,1
158.62632005591877,9,1,1
158.628259440884,10,1,1
159.01133667794056,4,5,1
159.01608005305752,12,5,1
159.1002891289536,13,5,1
159.1282280809246,10,5,1
159.1290770948399,9,5,1
159.31271950993687,2,5,1
159.31352304201573,1,5,1
159.32210408500396,3,5,1
159.32335782097653,0,5,1
159.3304582319688,8,5,1
159.41770442505367,11,5,1
159.42220898205414,6,5,1
159.4357132948935,7,5,1
159.4406511648558,11,3,1
159.4445536150597,6,3,1
159.4542326000519,7,3,1
159.46155708795413,11,6,1
159.46684292703867,7,6,1
159.5138407489285,4,3,1
159.51459205988795,12,3,1
159.53722219192423,4,6,1
159.5379958038684,12,6,1
159.60604109195992,13,3,1
159.62957125902176,10,3,1
159.63031544000842,13,6,1
159.63329223403707,9,3,1
159.65460315789096,9,6,1
159.65534133906476,10,6,1
159.70870939199813,5,3,1
159.72341651795432,5,6,1
159.8107101318892,1,3,1
159.81205314002,2,3,1
159.82205625390634,3,6,1
159.82495409599505,0,3,1
159.83166004600935,8,3,1
159.83555911690928,2,6,1
159.83748845104128,1,6,1
159.84631500183605,0,6,1
159.84843656094745,8,6,1
159.92195438500494,11,2,1
159.92313996888697,6,2,1
159.93149314494804,7,2,1
160.0102476370521,4,2,1
160.01470536389388,12,2,1
160.106036412064,13,2,1
160.12913869693875,10,2,1
160.13425811193883,9,2,1
160.20817546686158,5,2,1
160.30747509095818,1,2,1
160.32398682786152,0,2,1
160.32505557895638,3,2,1
160.3274661169853,8,2,1
160.41855289787054,11,7,1
160.42221583193168,6,7,1
160.43177364300936,7,4,1
160.5135827320628,4,7,1
160.51631127903238,12,7,1
160.53550690296106,12,4,1
160.60539289284497,13,7,1
160.6268210709095,13,4,1
160.62973867403343,10,7,1
160.63540043402463,9,7,1
160.64852004498243,10,4,1
160.6562219739426,9,4,1
160.66762405703776,10,13,2
160.67588011105545,9,13,2
160.70812640502118,5,7,1
160.7222983269021,5,4,1
160.7363858560566,5,13,2
160.8095808099024,2,7,1
160.81065668095835,1,7,1
160.8200147759635,0,7,1
160.8210457949899,3,7,1
160.8342034779489,8,7,1
160.83525238698348,1,4,1
160.83851852989756,2,4,1
160.84222527500242,3,4,1
160.84324644389562,0,4,1
160.8616897270549,2,13,2
160.86272560595535,8,4,1
160.86371444398537,1,13,2
160.86475979397073,3,13,2
160.8820385830477,0,13,2
160.89122222387232,8,13,2
160.92055190494284,6,4,1
160.92183540086262,11,4,1
160.9319887389429,6,13,2
160.93456266191788,7,13,2
160.94353318586946,11,13,2
161.0102021759376,4,13,2
161.01533941086382,12,13,2
161.0342428269796,4,8,1
161.03818983887322,12,8,1
161.1095744620543,13,8,1
161.12819962901995,10,8,1
161.13238537800498,9,8,1
161.21070697694086,5,8,1
161.30965838185512,1,8,1
161.31075257295743,2,8,1
161.31924017285928,0,8,1
161.32027488201857,3,8,1
161.33188589196652,1,9,1
161.332907439908,2,9,1
161.33397876098752,8,9,1
161.34006518288516,3,9,1
161.34107103198767,0,9,1
161.35386225394905,2,11,2
161.35917735495605,1,11,2
161.35995427705348,8,11,2
161.36220204085112,0,11,2
161.38156289001927,2,12,2
161.3823245409876,3,11,2
161.39859591191635,2,10,2
161.39944664598443,3,12,2
161.40032858098857,0,12,2
161.40108917304315,8,12,2
161.4018971559126,1,12,2
161.41876375395805,11,8,1
161.42177038895898,0,10,2
161.42231064406224,3,10,2
161.42275073588826,8,10,2
161.42318483884446,1,10,2
161.42360566090792,6,8,1
161.4320657409262,11,9,1
161.43660241900943,7,8,1
161.43843470094725,6,9,1
161.44305638200603,11,12,2
161.49447873886675,11,10,2
161.49562786193565,6,11,2
161.49676224403083,7,9,1
161.50891409884207,12,9,1
161.511630164925,6,12,2
161.5119620449841,4,9,1
161.51666128798388,7,11,2
161.5247803479433,6,10,2
161.52537908498198,12,11,2
161.53658321290277,7,12,2
161.53746927785687,4,11,2
161.5389629600104,12,10,2
161.54756293306127,7,10,2
161.55697608087212,4,12,2
161.59349706606008,4,10,2
161.60234876605682,13,9,1
161.62351415585726,13,11,2
161.6261121800635,10,9,1
161.63223231304437,9,11,2
161.6438581829425,13,12,2
161.64458787301555,10,11,2
161.65352687588893,9,12,2
161.66378821688704,10,12,2
161.6642170799896,13,10,2
161.6731923338957,9,10,2
161.7055076288525,5,9,1
161.718578560045,5,11,2
161.73074615490623,5,12,2
161.74167990405113,5,10,2
167.10398852685466,13,0,1
167.1270568210166,10,0,1
167.13080780697055,9,0,1
167.2124760709703,5,0,1
167.30817718291655,1,0,1
167.30946218897589,2,0,1
167.31951915402897,3,0,1
167.32499042898417,8,0,1
167.41953299799934,11,0,1
167.4205617669504,6,0,1
167.4270581509918,7,0,1
167.51146374293603,4,0,1
167.51249241200276,12,0,1
168.21003420697525,5,1,1
168.3043764999602,2,1,1
168.3115405428689,0,1,1
168.31300279404968,3,1,1
168.32257539592683,8,1,1
168.41271472000517,6,1,1
168.4145709730219,11,1,1
168.42286863783374,7,1,1
168.51231819204986,4,1,1
168.5131501960568,12,1,1
168.6061559310183,13,1,1
168.62620352883823,10,1,1
168.63275287486613,9,1,1
169.0115971788764,4,5,1
169.01357380487025,12,5,1
169.10605345503427,13,5,1
169.1283315869514,10,5,1
169.13260883791372,9,5,1
169.30899380589835,2,5,1
169.3130609409418,1,5,1
169.3224075860344,0,5,1
169.3232538900338,3,5,1
169.33421734999865,8,5,1
169.4215380148962,11,5,1
169.4225967049133,6,5,1
169.43172015296295,7,5,1
169.444173195865,11,6,1
169.44606863893569,6,3,1
169.451997987926,7,6,1
169.46180325490423,11,3,1
169.4720106748864,7,3,1
169.51228106603958,4,6,1
169.51303735701367,12,6,1
169.53566836798564,4,3,1
169.536408029031,12,3,1
169.61017859890126,13,6,1
169.62835211399943,10,6,1
169.634875128977,9,6,1
169.63591595902108,13,3,1
169.64937160001136,10,3,1
169.6556370779872,9,3,1
169.71595991705544,5,6,1
169.73740105400793,5,3,1
169.80836345488206,2,6,1
169.81071920203976,1,6,1
169.8195401309058,3,6,1
169.8215548088774,0,6,1
169.83431031997316,2,3,1
169.8356442679651,1,3,1
169.83666788693517,8,6,1
169.8428144310601,0,3,1
169.85887416591868,8,3,1
169.91736089298502,11,2,1
169.92213716893457,6,2,1
169.93212495185435,7,2,1
170.00989884487353,4,2,1
170.01424020784907,12,2,1
170.10654602386057,13,2,1
170.12832237989642,10,2,1
170.1326316029299,9,2,1
170.21500387694687,5,2,1
170.3089459380135,1,2,1
170.3200938939117,0,2,1
170.327171074925,8,2,1
170.32857386395335,3,2,1
170.4198332100641,11,7,1
170.4219234290067,6,7,1
170.431113289902,7,4,1
170.51402394892648,4,7,1
170.5163117540069,12,7,1
170.5349992129486,12,4,1
170.60665794392116,13,7,1
170.62909236899577,10,7,1
170.62986565101892,13,4,1
170.63406591000967,9,7,1
170.65124901686795,10,4,1
170.65600899187848,9,4,1
170.6706142560579,10,13,2
170.6770779590588,9,13,2
170.7156972528901,5,7,1
170.7359755570069,5,4,1
170.75564409489743,5,13,2
170.80919004185125,2,7,1
170.81048417906277,1,7,1
170.81870123092085,0,7,1
170.82281517796218,3,7,1
170.83555263886228,2,4,1
170.83631279994734,8,7,1
170.83704933105037,1,4,1
170.8399801850319,0,4,1
170.8429704590235,3,4,1
170.86159572703764,2,13,2
170.86469904496334,0,13,2
170.8659769508522,3,13,2
170.86709211301059,8,4,1
170.86815144284628,1,13,2
170.89121656585485,8,13,2
170.92118172487244,6,4,1
170.92223926493898,11,4,1
170.93202366190962,7,13,2
170.94654468400404,6,13,2
170.94756487291306,11,13,2
171.0129078340251,12,13,2
171.014682054054,4,13,2
171.03696459601633,12,8,1
171.03776263794862,4,8,1
171.10908187902533,13,8,1
171.1283107539639,10,8,1
171.13257997506298,9,8,1
171.21807429683395,5,8,1
171.3075121010188,2,8,1
171.30947392689995,1,8,1
171.31959173292853,0,8,1
171.3206498529762,3,8,1
171.33155179186724,1,9,1
171.33258055103943,2,9,1
171.33362254104577,8,9,1
171.34030109993182,3,9,1
171.34146502288058,0,9,1
171.35924660693854,2,11,2
171.36031588702463,8,11,2
171.361375187058,1,11,2
171.36244022706524,3,11,2
171.36368555296212,0,11,2
171.39768534596078,1,12,2
171.39872110495344,3,12,2
171.39972339384258,8,12,2
171.40077098389156,0,12,2
171.40199620788917,2,12,2
171.42585752392188,1,10,2
171.427102498943,3,10,2
171.4281535889022,2,10,2
171.4293745039031,0,10,2
171.43050876585767,8,10,2
171.4315375450533,6,8,1
171.43260815599933,11,8,1
171.43476948700845,7,8,1
171.4533681338653,7,9,1
171.48431206005625,11,9,1
171.48542246199213,6,9,1
171.5075693000108,11,12,2
171.5089666089043,7,11,2
171.51049738191068,6,11,2
171.5120761769358,4,9,1
171.5128484389279,12,9,1
171.52446817792952,11,10,2
171.52580186584964,6,12,2
171.53021612088196,7,12,2
171.53541011805646,12,11,2
171.53613871894777,4,11,2
171.53685821895488,6,10,2
171.5826118660625,7,10,2
171.60153663088568,12,10,2
171.60273047490045,4,12,2
171.60355482902378,13,9,1
171.6287072019186,4,10,2
171.6297989229206,10,9,1
171.63079867092893,13,11,2
171.63302683387883,9,11,2
171.65027938294224,13,12,2
171.65366312884726,9,12,2
171.65475121000782,10,11,2
171.6650776618626,13,10,2
171.68812559498474,10,12,2
171.69001772883348,9,10,2
171.713786321925,5,9,1
171.73452617996372,5,11,2
171.75389487785287,5,12,2
171.76995870284736,5,10,2
177.1041493290104,13,0,1
177.12679402995855,10,0,1
177.13070840085857,9,0,1
177.2123153230641,5,0,1
177.30740146688186,1,0,1
177.3081964289304,2,0,1
177.31958867190406,3,0,1
177.32947349199094,8,0,1
177.41839797096327,11,0,1
177.41977852000855,6,0,1
177.42704594600946,7,0,1
177.5116348520387,4,0,1
177.51308923400939,12,0,1
178.21282672695816,5,1,1
178.308782704873,2,1,1
178.31881941994652,0,1,1
178.32067450205795,3,1,1
178.32987414300442,8,1,1
178.41745342384093,11,1,1
178.42142847599462,6,1,1
178.43115688185208,7,1,1
178.5098985529039,4,1,1
178.5150741690304,12,1,1
178.60945249302313,13,1,1
178.628450820921,10,1,1
178.63270985195413,9,1,1
179.00988188688643,4,5,1
179.01375141600147,12,5,1
179.10614321404137,13,5,1
179.12646432896145,10,5,1
179.13422589888796,9,5,1
179.30820380803198,2,5,1
179.3108758230228,1,5,1
179.32320827292278,0,5,1
179.32442426704802,3,5,1
179.3324854359962,8,5,1
179.41801167884842,11,5,1
179.42176569486037,6,5,1
179.4322785618715,7,5,1
179.44001784198917,11,3,1
179.44334388594143,6,3,1
179.45377838192508,7,3,1
179.45927980705164,11,6,1
179.47315402003005,7,6,1
179.50893702404574,4,3,1
179.51561108301394,12,3,1
179.52926489990205,4,6,1
179.53786783386022,12,6,1
179.60634366399609,13,3,1
179.63161489996128,13,6,1
179.63246588385664,10,3,1
179.63400143687613,9,3,1
179.65498949191533,9,6,1
179.6558084350545,10,6,1
179.7161089628935,5,3,1
179.7367738080211,5,6,1
179.8099608810153,1,3,1
179.81073213298805,2,3,1
179.8217941969633,3,6,1
179.82440427085385,0,3,1
179.834872166859,1,6,1
179.83566113002598,2,6,1
179.83702625799924,8,3,1
179.84655443788506,0,6,1
179.8605642649345,8,6,1
179.91766472300515,11,2,1
179.92151427199133,6,2,1
179.9332181229256,7,2,1
180.00532390596345,4,2,1
180.00944756297395,12,2,1
180.10592811601236,13,2,1
180.11902331700549,10,2,1
180.12437730887905,9,2,1
180.21454456285574,5,2,1
180.3087220308371,1,2,1
180.3176376929041,0,2,1
180.3219982169103,3,2,1
180.33119391696528,8,2,1
180.41884657996707,11,7,1
180.4257567860186,6,7,1
180.4266092099715,7,4,1
180.51438269694336,4,7,1
180.51637396286242,12,7,1
180.5358433648944,12,4,1
180.60993516305462,13,7,1
180.63249339303002,10,7,1
180.63380963983946,13,4,1
180.63453890988603,9,7,1
180.65503700100817,10,4,1
180.6566205159761,9,4,1
180.67615050892346,10,13,2
180.67748957686126,9,13,2
180.71385969803669,5,7,1
180.73383157304488,5,4,1
180.75301040685736,5,13,2
180.80891914991662,2,7,1
180.81275403895415,1,7,1
180.81929071387276,0,7,1
180.8206352519337,3,7,1
180.83200029400177,2,4,1
180.83274349500425,8,7,1
180.83868678286672,1,4,1
180.84179765195586,3,4,1
180.84252053196542,0,4,1
180.8550011459738,2,13,2
180.85574632696807,8,4,1
180.8608693119604,1,13,2
180.86352219688706,3,13,2
180.8642506180331,0,13,2
180.88961074594408,8,13,2
180.91884610406123,6,4,1
180.91976761003025,11,4,1
180.9377592599485,6,13,2
180.93863574485295,7,13,2
180.94079849589616,11,13,2
181.0104208078701,4,13,2
181.01429141801782,12,13,2
181.0345159310382,4,8,1
181.03528022184037,12,8,1
181.1105609149672,13,8,1
181.12573090498336,10,8,1
181.13609240786172,9,8,1
181.2139476039447,5,8,1
181.30820108391345,2,8,1
181.30972990696318,1,8,1
181.3205459539313,3,8,1
181.3213391059544,0,8,1
181.3315895558335,2,9,1
181.33233153703623,8,9,1
181.33304240787402,1,9,1
181.34153990796767,3,9,1
181.34443982993253,0,9,1
181.35547381290235,1,11,2
181.35792483203113,8,11,2
181.38167986483313,0,11,2
181.38270485401154,2,11,2
181.38348649605177,3,11,2
181.38927374989726,1,10,2
181.3911848438438,8,10,2
181.40687715890817,0,10,2
181.40765431104228,3,10,2
181.4084879050497,2,10,2
181.40935673890635,8,12,2
181.41013997094706,1,12,2
181.42555664805695,3,12,2
181.42846727999859,11,8,1
181.48190691391937,0,12,2
181.48267853586003,2,12,2
181.483412547037,6,8,1
181.48416620795615,7,8,1
181.4961964590475,11,9,1
181.496958371019,7,9,1
181.5018164778594,6,9,1
181.50734122493304,4,9,1
181.5114124598913,12,9,1
181.5229929878842,7,11,2
181.52375974995084,6,11,2
181.52448477991857,11,10,2
181.52754307701252,4,11,2
181.530887091998,12,11,2
181.54511666484177,7,10,2
181.545915216906,6,10,2
181.58307884004898,11,12,2
181.58444073889405,4,10,2
181.59376920294017,12,10,2
181.59558985498734,6,12,2
181.59734155400656,7,12,2
181.60488308803178,4,12,2
181.6062844679691,13,9,1
181.6239362580236,10,9,1
181.62469039903954,13,11,2
181.63852119096555,9,11,2
181.6434441099409,13,10,2
181.64475680701435,10,11,2
181.69686685386114,13,12,2
181.69768596696667,10,12,2
181.70019175787456,9,10,2
181.71259013889357,5,9,1
181.72306018602103,9,12,2
181.73348516086116,5,11,2
181.7531558580231,5,10,2
181.76876362995245,5,12,2
187.10793346585706,13,0,1
187.12674489896744,10,0,1
187.13067265995778,9,0,1
187.21181818889454,5,0,1
187.30752829904668,1,0,1
187.30845174496062,2,0,1
187.31794521491975,3,0,1
187.32765971985646,8,0,1
187.41554227890447,11,0,1
187.419177651871,6,0,1
187.43035673792474,7,0,1
187.50088849593885,4,0,1
187.50602592201903,12,0,1
188.21317898086272,5,1,1
188.3056744809728,2,1,1
188.32022789283656,3,1,1
188.32101736497134,0,1,1
188.3291747160256,8,1,1
188.4206190968398,11,1,1
188.42141982889734,6,1,1
188.4318486750126,7,1,1
188.51117381104268,4,1,1
188.51419789693318,12,1,1
188.60916212690063,13,1,1
188.62279139296152,10,1,1
188.63350930600427,9,1,1
189.00594841502607,4,5,1
189.01744606089778,12,5,1
189.1064987028949,13,5,1
189.1286432298366,10,5,1
189.13398017105646,9,5,1
189.3176796438638,2,5,1
189.31895819003694,1,5,1
189.32235451601446,0,5,1
189.32338139484636,3,5,1
189.33337021805346,8,5,1
189.4169354350306,11,5,1
189.4236278149765,6,5,1
189.4323409309145,7,5,1
189.44340484496206,11,3,1
189.44501789100468,6,3,1
189.45399219496176,7,3,1
189.46393428603187,11,6,1
189.47370625287294,7,6,1
189.5117654609494,4,3,1
189.5157193329651,12,3,1
189.53441733284853,4,6,1
189.5376661249902,12,6,1
189.61028640088625,13,3,1
189.6312148240395,10,3,1
189.63410811591893,13,6,1
189.63556499686092,9,3,1
189.65590289304964,10,6,1
189.65776138589717,9,6,1
189.71410712203942,5,3,1
189.73436608584598,5,6,1
189.80931115802377,2,3,1
189.8101700330153,1,3,1
189.819371443009,0,3,1
189.82011561398394,3,6,1
189.83729781094007,2,6,1
189.83812221395783,1,6,1
189.83891601697542,8,3,1
189.8407514989376,0,6,1
189.85861000488512,8,6,1
189.9178306919057,11,2,1
189.92277925205417,6,2,1
189.93184133898467,7,2,1
190.01137298089452,4,2,1
190.01711863395758,12,2,1
190.10856899386272,13,2,1
190.1297514338512,10,2,1
190.13365452503785,9,2,1
190.21628375491127,5,2,1
190.30946325394325,1,2,1
190.3221556339413,0,2,1
190.32298169704154,3,2,1
190.32990126288496,8,2,1
190.41908500902355,11,7,1
190.4235418648459,6,7,1
190.5074186399579,4,7,1
190.51734221098013,12,7,1
190.538659124868,12,4,1
190.60584424785338,13,7,1
190.6295563299209,13,4,1
190.63031261088327,10,7,1
190.63333852705546,9,7,1
190.65198490489274,10,4,1
190.65384341799654,9,4,1
190.6725398269482,10,13,2
190.6739317169413,9,13,2
190.71414190600626,5,7,1
190.73527914402075,5,4,1
190.75565113103949,5,13,2
190.80938135297038,1,7,1
190.81064482801594,2,7,1
190.82062213099562,3,7,1
190.8220161299687,0,7,1
190.83326885895804,8,7,1
190.8369666140061,1,4,1
190.83776937704533,2,4,1
190.84153616405092,3,4,1
190.8455657970626,0,4,1
190.85710090398788,8,4,1
190.8643414499238,1,13,2
190.86510632093996,3,13,2
190.8819736589212,2,13,2
190.88463701400906,0,13,2
190.8872420678381,8,13,2
190.9197376279626,6,4,1
190.92079838784412,11,4,1
190.93484227592126,7,4,1
190.9376731768716,6,13,2
190.94129728898406,11,13,2
190.95789149892516,7,13,2
191.01100661302917,4,13,2
191.01726414100267,12,13,2
191.03097934904508,4,8,1
191.03718167496845,12,8,1
191.1058353090193,13,8,1
191.12845392990857,10,8,1
191.13252299488522,9,8,1
191.21870503597893,5,8,1
191.30802489584312,2,8,1
191.30947467684746,1,8,1
191.31981799006462,0,8,1
191.3209126610309,3,8,1
191.3314222979825,1,9,1
191.33222228102386,2,9,1
191.3329629220534,8,9,1
191.34080438385718,3,9,1
191.34159575589,0,9,1
191.35952897393145,2,11,2
191.36027484503575,8,11,2
191.36099697602913,1,11,2
191.3625185689889,3,11,2
191.36325825983658,0,11,2
191.39651150093414,1,10,2
191.39738040603697,0,10,2
191.39815422799438,3,10,2
191.39891556999646,2,10,2
191.39964862004854,8,10,2
191.40926195285283,1,12,2
191.42390244686976,0,12,2
191.42481091292575,3,12,2
191.4255829649046,2,12,2
191.42634767689742,8,12,2
191.42721382086165,11,8,1
191.4294578039553,6,8,1
191.4359961799346,7,8,1
191.48409269191325,11,9,1
191.4922433530446,6,9,1
191.50362253491767,7,9,1
191.51002966589294,11,10,2
191.51231684093364,4,9,1
191.51366528891958,6,11,2
191.51419926504605,12,9,1
191.52413003589027,7,11,2
191.52589729591273,11,12,2
191.53769814991392,4,11,2
191.53906895895489,6,10,2
191.53981727990322,7,10,2
191.54060766287148,12,11,2
191.5912308259867,7,12,2
191.59200957790017,6,12,2
191.59275217889808,4,10,2
191.60284183500335,12,10,2
191.60859974799678,13,9,1
191.6114788998384,4,12,2
191.62722737598233,9,11,2
191.63027903204784,10,9,1
191.631125055952,13,11,2
191.6383142399136,9,10,2
191.65369667485356,9,12,2
191.65446781693026,13,10,2
191.6562709279824,10,11,2
191.69616524805315,10,12,2
191.69693275005557,13,12,2
191.71185712283477,5,9,1
191.7322490599472,5,11,2
191.75196707900614,5,10,2
191.76734435395338,5,12,2
197.1043914000038,13,0,1
197.1242173218634,10,0,1
197.13092950196005,9,0,1
197.2115912558511,5,0,1
197.30967454286292,2,0,1
197.312592176022,1,0,1
197.31850558402948,3,0,1
197.3206489039585,8,0,1
197.41450941190124,6,0,1
197.41649297787808,11,0,1
197.4299599500373,7,0,1
197.5080391508527,4,0,1
197.5120760849677,12,0,1
198.21317238896154,5,1,1
198.30577772203833,2,1,1
198.31846663099714,0,1,1
198.32083244784735,3,1,1
198.32945256191306,8,1,1
198.41742952284403,11,1,1
198.42155181989074,6,1,1
198.43175809900276,7,1,1
198.51079348684289,4,1,1
198.5152797140181,12,1,1
198.60911887092516,13,1,1
198.6281026690267,10,1,1
198.63284067297354,9,1,1
199.01133814197965,4,5,1
199.01791899790987,12,5,1
199.11075958702713,13,5,1
199.12577030202374,10,5,1
199.13415238889866,9,5,1
199.30861542001367,2,5,1
199.31099506700411,1,5,1
199.32257826486602,3,5,1
199.3238638220355,0,5,1
199.33056445093825,8,5,1
199.41756604495458,11,5,1
199.4215608178638,6,5,1
199.43356660800055,7,5,1
199.44261217396706,11,6,1
199.44334238488227,6,3,1
199.45853035501204,11,3,1
199.4593157370109,7,6,1
199.47682055295445,7,3,1
199.50991616002284,4,6,1
199.51361335488036,12,6,1
199.5317759788595,4,3,1
199.53525043698028,12,3,1
199.60983308893628,13,6,1
199.6300985228736,10,6,1
199.6331868809648,13,3,1
199.63401732384227,9,6,1
199.65595787600614,10,3,1
199.65673248795792,9,3,1
199.71382931387052,5,6,1
199.7347608068958,5,3,1
199.81094946386293,2,6,1
199.81536911986768,1,6,1
199.82099163904786,3,6,1
199.8220765988808,0,6,1
199.8333492388483,2,3,1
199.83439185796306,8,6,1
199.83708093501627,1,3,1
199.8448106329888,0,3,1
199.85492020985112,8,3,1
199.91751433187164,11,2,1
199.92119278595783,6,2,1
199.93182769790292,7,2,1
200.00490929698572,4,2,1
200.006685876986,12,2,1
200.1108067058958,13,2,1
200.12913063401356,9,2,1
200.12950180494227,10,2,1
200.20758716599084,5,2,1
200.31299225101247,1,2,1
200.32653505401686,3,2,1
200.32731311605312,0,2,1
200.3309428789653,8,2,1
200.41768081486225,11,7,1
200.42035172088072,6,7,1
200.509583737934,4,7,1
200.5138256980572,12,7,1
200.5340088289231,12,4,1
200.6099409898743,13,7,1
200.63023329386488,10,7,1
200.63331059203483,13,4,1
200.6340472518932,9,7,1
200.654615245061,9,4,1
200.6553455349058,10,4,1
200.67602404090576,9,13,2
200.67674733093008,10,13,2
200.71332106692716,5,7,1
200.73294133204035,5,4,1
200.75225967890583,5,13,2
200.81021340098232,1,7,1
200.81105295498855,2,7,1
200.81894846796058,0,7,1
200.82025016495027,3,7,1
200.8375355140306,2,4,1
200.8382638648618,8,7,1
200.83897272497416,1,4,1
200.84173043305054,3,4,1
200.84244452300481,0,4,1
200.86543681495823,1,13,2
200.86674931203015,0,13,2
200.86746194190346,3,13,2
200.86817488190718,2,13,2
200.8688860819675,8,4,1
200.88316365587525,8,13,2
200.918474806007,11,4,1
200.92258146195672,6,4,1
200.93149414495565,7,4,1
200.93942915997468,11,13,2
200.94279849505983,6,13,2
200.95192603301257,7,13,2
201.01193391298875,4,13,2
201.01414621504955,12,13,2
201.03534663585015,12,8,1
201.0360735359136,4,8,1
201.1092618489638,13,8,1
201.12835674989037,10,8,1
201.13183328788728,9,8,1
201.21788122388534,5,8,1
201.30802057683468,2,8,1
201.31163846887648,1,8,1
201.32111285696737,3,8,1
201.3265253410209,0,8,1
201.33074378990568,2,9,1
201.33146049105562,8,9,1
201.33696352690458,1,9,1
201.3401546869427,3,9,1
201.35275200288743,0,9,1
201.35677846800536,2,11,2
201.35751900891773,1,11,2
201.35823335894383,8,11,2
201.35975574189797,3,11,2
201.38514392101206,0,11,2
201.38646256783977,2,10,2
201.38718073791824,1,10,2
201.3879052088596,3,10,2
201.3891968659591,8,10,2
201.407115153037,2,12,2
201.40791516494937,1,12,2
201.4086450159084,0,10,2
201.40940446802415,3,12,2
201.41012478806078,8,12,2
201.42238003504463,11,8,1
201.423116305843,0,12,2
201.42480401392095,6,8,1
201.43154780496843,7,8,1
201.43978071794845,11,9,1
201.44421914289705,6,9,1
201.48980783391744,7,9,1
201.4936727839522,6,11,2
201.49612225289457,11,10,2
201.51360423793085,11,12,2
201.5141977549065,6,10,2
201.5147697608918,12,9,1
201.51534922793508,7,11,2
201.51591464388184,4,9,1
201.53511766693555,12,11,2
201.5358822189737,6,12,2
201.5366158299148,7,10,2
201.53737821197137,4,11,2
201.55138150788844,12,10,2
201.5534198358655,7,12,2
201.58221709099598,4,10,2
201.59918298083358,4,12,2
201.60327278706245,13,9,1
201.6192050089594,10,9,1
201.62139432085678,13,11,2
201.63119459804147,10,11,2
201.635270643048,9,11,2
201.63686352805234,13,10,2
201.6428376280237,10,12,2
201.6544538969174,13,12,2
201.6551877069287,9,10,2
201.67171647492796,9,12,2
201.7137885368429,5,9,1
201.7343628690578,5,11,2
201.75336758699268,5,10,2
201.768739271909,5,12,2
207.1082954108715,13,0,1
207.12612805585377,10,0,1
207.131952611031,9,0,1
207.21128559694625,5,0,1
207.306885833852,2,0,1
207.3076714759227,1,0,1
207.31729676784016,3,0,1
207.32883248501457,8,0,1
207.41783819487318,11,0,1
207.4216536830645,6,0,1
207.4336273719091,7,0,1
207.50801790785044,4,0,1
207.51191980903968,12,0,1
208.21319766389206,5,1,1
208.30581050598994,2,1,1
208.3185667169746,0,1,1
208.31930353795178,3,1,1
208.33133881888352,8,1,1
208.4192133769393,11,1,1
208.42135241697542,6,1,1
208.43150175502524,7,1,1
208.51065062591806,4,1,1
208.51543710101396,12,1,1
208.60926430788822,13,1,1
208.6276408380363,10,1,1
208.63226025784388,9,1,1
208.92453843401745,7,5,1
209.0040460450109,4,5,1
209.00565527984872,12,5,1
209.11003645602614,13,5,1
209.11975148087367,10,5,1
209.1273515559733,9,5,1
209.30640983604826,2,5,1
209.3173595748376,1,5,1
209.32044866285287,3,5,1
209.32362878299318,0,5,1
209.33270983002149,8,5,1
209.41749173984863,11,5,1
209.42254271288402,6,5,1
209.42936077690683,7,3,1
209.4383464809507,11,3,1
209.4475236509461,7,6,1
209.4498428159859,6,3,1
209.45871511800215,11,6,1
209.51193606387824,12,3,1
209.5136568029411,4,3,1
209.5279676078353,12,6,1
209.53555844305083,4,6,1
209.60258284094743,13,3,1
209.61883543105796,13,6,1
209.62973276898265,10,3,1
209.63347339490429,9,3,1
209.65425194404088,9,6,1
209.65497670392506,10,6,1
209.71369528700598,5,3,1
209.73482923489064,5,6,1
209.80810670997016,2,3,1
209.8115426870063,1,3,1
209.81338763888925,3,6,1
209.82043211790733,0,3,1
209.8374704909511,2,6,1
209.8387736179866,8,3,1
209.83948889793828,1,6,1
209.8416268278379,0,6,1
209.85933820996433,8,6,1
209.91961001604795,11,2,1
209.92132209497504,6,2,1
209.9318115520291,7,2,1
210.01092585199513,4,2,1
210.01468077790923,12,2,1
210.10572489583865,13,2,1
210.12612497294322,10,2,1
210.1335670540575,9,2,1
210.2142178970389,5,2,1
210.30764661193825,1,2,1
210.31768584693782,3,2,1
210.31963774189353,0,2,1
210.33244094392285,8,2,1
210.41761181596667,11,7,1
210.42170929186977,6,7,1
210.50993647892028,4,7,1
210.51436119503342,12,7,1
210.53391318791546,12,4,1
210.60936924489215,13,7,1
210.62966861901805,10,7,1
210.6330010339152,13,4,1
210.63379680598155,9,7,1
210.6506616328843,10,4,1
210.65411726105958,9,4,1
210.67120564496145,10,13,2
210.67363299406134,9,13,2
210.71521959104575,5,7,1
210.73817743104883,5,4,1
210.7573247528635,5,13,2
210.80795954703353,2,7,1
210.81077596684918,1,7,1
210.8167698159814,3,7,1
210.81821316690184,0,7,1
210.83565052086487,8,7,1
210.83641472295858,1,4,1
210.83714709291235,3,4,1
210.83794333599508,2,4,1
210.83928571385331,0,4,1
210.8636362729594,2,13,2
210.8644168949686,1,13,2
210.8651469659526,0,13,2
210.86593924788758,3,13,2
210.86668910994194,8,4,1
210.88991387700662,8,13,2
210.9212585638743,6,4,1
210.92203042586334,11,4,1
210.93546532699838,7,4,1
210.94027916295454,6,13,2
210.94230254995637,11,13,2
210.95588205498643,7,13,2
211.01256974996068,4,13,2
211.01390463788994,12,13,2
211.0357833970338,4,8,1
211.0365133478772,12,8,1
211.10589793184772,13,8,1
211.1277840109542,10,8,1
211.12911986885592,9,8,1
211.21794134401716,5,8,1
211.30578030087054,2,8,1
211.31609586300328,1,8,1
211.3219204179477,3,8,1
211.32424714392982,0,8,1
211.32983726193197,2,9,1
211.33118977001868,8,9,1
211.34303841600195,0,9,1
211.34379621688277,3,9,1
211.34451616788283,1,9,1
211.35383949102834,2,11,2
211.35595874092542,8,11,2
211.38278473098762,3,11,2
211.38501204387285,1,11,2
211.3869602389168,0,11,2
211.38772686105222,2,12,2
211.40712960995734,1,12,2
211.40796357393265,3,12,2
211.40870943502523,2,10,2
211.40945414593443,8,12,2
211.41017259587534,0,12,2
211.43180777900852,1,10,2
211.43257219088264,0,10,2
211.43338069389574,3,10,2
211.43414015485905,8,10,2
211.43486009491608,11,8,1
211.43557289498858,6,8,1
211.43628419586457,7,8,1
211.48715956602246,6,9,1
211.49082553992048,7,9,1
211.4915609799791,11,9,1
211.51534527400509,11,12,2
211.51611363585107,7,11,2
211.5168883278966,6,11,2
211.5177104009781,12,9,1
211.51843272102997,4,9,1
211.53713847091421,11,10,2
211.53796069393866,6,12,2
211.53870139503852,7,12,2
211.53945840592496,12,11,2
211.54019474703819,4,11,2
211.58178161503747,7,10,2
211.59379835496657,6,10,2
211.5951627129689,12,10,2
211.59592871484347,4,12,2
211.6043806038797,13,9,1
211.61224403697997,4,10,2
211.6275052689016,13,11,2
211.62888909806497,10,9,1
211.62965187989175,9,11,2
211.64312710100785,9,12,2
211.64674148405902,13,12,2
211.6826944409404,9,10,2
211.68677466688678,10,11,2
211.69274909584783,13,10,2
211.71007099701092,10,12,2
211.71083784801885,5,9,1
211.72636385797523,5,11,2
211.74178490391932,5,12,2
211.75740126590244,5,10,2
217.10444992803968,13,0,1
217.12450860603712,10,0,1
217.13298868597485,9,0,1
217.21192149096169,5,0,1
217.30649384786375,2,0,1
217.30788490688428,1,0,1
217.3179885528516,3,0,1
217.32752609299496,8,0,1
217.41639530891553,11,0,1
217.4219262059778,6,0,1
217.43000276386738,7,0,1
217.5084138440434,4,0,1
217.51297605293803,12,0,1
218.1251343318727,9,1,1
218.2074322809931,5,1,1
218.30474883597344,2,1,1
218.31953067495488,3,1,1
218.32027430599555,0,1,1
218.32916278694756,8,1,1
218.41592748300172,11,1,1
218.42317046783864,6,1,1
218.43346445006318,7,1,1
218.50898396689445,4,1,1
218.51262563094497,12,1,1
218.6058492299635,13,1,1
218.62820089189336,10,1,1
219.01371486485004,12,5,1
219.01516496599652,4,5,1
219.10667024599388,13,5,1
219.12904264987446,10,5,1
219.13281015586108,9,5,1
219.31816831300966,2,5,1
219.319588792976,1,5,1
219.32242566393688,0,5,1
219.32386437384412,3,5,1
219.3330116730649,8,5,1
219.4178218538873,11,5,1
219.42201135191135,6,5,1
219.43176309904084,7,5,1
219.43965087202378,11,6,1
219.44323150301352,6,3,1
219.45196371991187,7,6,1
219.4588847758714,11,3,1
219.46841709595174,7,3,1
219.51356949401088,12,6,1
219.51434078603052,4,6,1
219.5370264078956,12,3,1
219.5378463510424,4,3,1
219.60954448091798,13,6,1
219.63039956102148,10,6,1
219.63428887096234,13,3,1
219.63569104089402,9,6,1
219.65138804493472,10,3,1
219.6591698359698,9,3,1
219.7157206959091,5,6,1
219.73699652892537,5,3,1
219.80755104590207,2,6,1
219.8094359189272,1,6,1
219.82083793194033,3,6,1
219.8216660048347,0,6,1
219.83339967788197,1,3,1
219.83418631996028,2,3,1
219.8349173408933,8,6,1
219.84349618293345,0,3,1
219.85512329195626,8,3,1
219.9175955208484,11,2,1
219.92155494284816,6,2,1
219.93185791489668,7,2,1
220.013944337843,12,2,1
220.01539934892207,4,2,1
220.10645626694895,13,2,1
220.1290030849632,10,2,1
220.13433030596934,9,2,1
220.21341901505366,5,2,1
220.3089471978601,1,2,1
220.32023576786742,0,2,1
220.3272120859474,3,2,1
220.33041138597764,8,2,1
220.41846727905795,11,7,1
220.4222950770054,6,7,1
220.43142719590105,7,4,1
220.51479776506312,4,7,1
220.51830478501506,12,7,1
220.53801482194103,12,4,1
220.60571701894514,13,7,1
220.62900500791147,10,7,1
220.62978846998885,13,4,1
220.63413142389618,9,7,1
220.6491187380161,10,4,1
220.6566600408405,9,4,1
220.6683988638688,10,13,2
220.67720379284583,9,13,2
220.7153584130574,5,7,1
220.7367507580202,5,4,1
220.75663155084476,5,13,2
220.80811590794474,2,7,1
220.8150912958663,1,7,1
220.81966388504952,0,7,1
220.82042068592273,3,7,1
220.83934255200438,2,4,1
220.84009332302958,8,7,1
220.84283401095308,0,4,1
220.84363338397816,3,4,1
220.84438329492696,1,4,1
220.86835291306488,2,13,2
220.86917867697775,0,13,2
220.8820346710272,3,13,2
220.8827693220228,1,13,2
220.88351306295954,8,4,1
220.9004606718663,8,13,2
220.9176299679093,11,4,1
220.92231065104716,6,4,1
220.92615128983743,7,13,2
220.94020843692124,11,13,2
220.94342696806416,6,13,2
221.0096806739457,4,13,2
221.01429961505346,12,13,2
221.03175234794617,4,8,1
221.03653910383582,12,8,1
221.10558696789667,13,8,1
221.13125928491354,10,8,1
221.13298568385653,9,8,1
221.2186895799823,5,8,1
221.3073665900156,2,8,1
221.30904811783694,1,8,1
221.31889950600453,0,8,1
221.32744676899165,3,8,1
221.33117690403014,1,9,1
221.33196985605173,8,9,1
221.33398643299006,2,9,1
221.33768323785625,0,9,1
221.3573956459295,3,9,1
221.35820425883867,1,11,2
221.3589970509056,8,11,2
221.35972208203748,2,11,2
221.36043823184446,0,11,2
221.39140111906454,0,12,2
221.39369748393074,2,12,2
221.394537756918,8,12,2
221.39532015984878,1,12,2
221.39604800986126,3,11,2
221.4208374018781,2,10,2
221.42210795800202,0,10,2
221.42332305200398,3,12,2
221.42448615492322,8,10,2
221.42557666590437,1,10,2
221.42675354890525,11,8,1
221.4278629310429,6,8,1
221.43852899293415,7,8,1
221.48263868084177,3,10,2
221.48390894685872,11,9,1
221.48824279988185,6,9,1
221.4972588350065,7,9,1
221.51101000397466,6,11,2
221.5118423178792,4,9,1
221.51264520105906,11,12,2
221.51342092291452,12,9,1
221.51953390589915,7,11,2
221.53702823095955,11,10,2
221.53756792587228,6,12,2
221.5380596399773,4,11,2
221.53893204499036,7,12,2
221.53937258687802,12,11,2
221.59450248698704,7,10,2
221.59510392392986,6,10,2
221.5957295820117,4,12,2
221.5963134788908,12,10,2
221.60430790483952,13,9,1
221.60839947103523,4,10,2
221.62912262696773,10,9,1
221.62971537397243,13,11,2
221.63075176393613,9,11,2
221.6507598599419,13,12,2
221.65155680291355,9,12,2
221.65232684486546,10,11,2
221.68487108591944,13,10,2
221.69103645998985,10,12,2
221.69208506983705,9,10,2
221.70941104996018,5,9,1
221.72743217996322,5,11,2
221.74654665100388,5,12,2
221.76227111602202,5,10,2
227.10029778489843,13,0,1
227.12601851299405,9,0,1
227.12711821403354,10,0,1
227.21215833094902,5,0,1
227.30736189498566,2,0,1
227.30831159185618,1,0,1
227.31773479888216,3,0,1
227.3295187719632,8,0,1
227.4191902000457,11,0,1
227.42003733385354,6,0,1
227.42998089594766,7,0,1
227.50302879302762,4,0,1
227.51285060099326,12,0,1
228.21277934103273,5,1,1
228.30591138685122,2,1,1
228.31853110389784,3,1,1
228.31941721891053,0,1,1
228.32909625303,8,1,1
228.4171897759661,11,1,1
228.42090641101822,6,1,1
228.4310528889764,7,1,1
228.51116620586254,4,1,1
228.5134262398351,12,1,1
228.60462606092915,13,1,1
228.62859342899173,10,1,1
228.63256707205437,9,1,1
229.01015062793158,4,5,1
229.01346861198545,12,5,1
229.10974575695582,13,5,1
229.12610447988845,10,5,1
229.1328783519566,9,5,1
229.30997848394327,1,5,1
229.3107615460176,2,5,1
229.32350721699186,3,5,1
229.3242869589012,0,5,1
229.33442453597672,8,5,1
229.41732611204498,11,5,1
229.4221552188974,6,5,1
229.43215974187478,7,5,1
229.43894920405,11,3,1
229.44689427898265,6,3,1
229.45324906893075,7,3,1
229.45904703298584,11,6,1
229.47002828284167,7,6,1
229.51059530093335,12,3,1
229.51137844403274,4,3,1
229.53553876793012,12,6,1
229.5362948088441,4,6,1
229.6068607259076,13,3,1
229.62976501393132,10,3,1
229.63052223599516,13,6,1
229.63365116389468,9,3,1
229.6510878179688,10,6,1
229.65444508288056,9,6,1
229.71391282603145,5,3,1
229.73398265405558,5,6,1
229.80999902496114,2,3,1
229.8110380449798,1,3,1
229.8212513839826,0,3,1
229.82247426803224,3,6,1
229.8354125439655,2,6,1
229.8361500550527,1,6,1
229.8369330370333,8,3,1
229.84191984892823,0,6,1
229.8615032429807,8,6,1
229.91986711486243,11,2,1
229.9213936580345,6,2,1
229.93247440084815,7,2,1
230.01013908884488,4,2,1
230.01468088803813,12,2,1
230.1068298658356,13,2,1
230.12624735501595,10,2,1
230.13330185506493,9,2,1
230.21405346994288,5,2,1
230.30914303194731,1,2,1
230.31283373595215,0,2,1
230.31515237200074,3,2,1
230.3299803310074,8,2,1
230.4216331948992,11,7,1
230.42276591691189,6,7,1
230.43155865604058,7,4,1
230.5133357909508,4,7,1
230.51467277784832,12,7,1
230.53666572086513,12,4,1
230.6098937629722,13,7,1
230.61758901085705,10,7,1
230.63157935696654,10,4,1
230.6333177459892,9,7,1
230.63406856684014,13,4,1
230.64258133806288,10,13,2
230.64851935603656,9,4,1
230.66416725888848,9,13,2
230.71397795900702,5,7,1
230.73349428083748,5,4,1
230.75201965495944,5,13,2
230.80966959684156,1,7,1
230.81085399002768,2,7,1
230.82009554188699,0,7,1
230.82188463304192,3,7,1
230.83370741805993,2,4,1
230.83475314686075,1,4,1
230.8368642369751,8,7,1
230.84151411801577,0,4,1
230.85074234986678,3,4,1
230.85236281505786,1,13,2
230.85809112805873,2,13,2
230.86268987786025,0,13,2
230.86352272098884,8,4,1
230.8822561809793,3,13,2
230.88847554684617,8,13,2
230.91041018790565,11,4,1
230.9234503270127,11,13,2
230.92419561790302,6,4,1
230.93273254996166,7,13,2
230.94474889989942,6,13,2
230.95348573685624,7,8,1
231.00149042601697,4,13,2
231.00698591093533,12,13,2
231.0140359508805,4,8,1
231.01992358802818,12,8,1
231.10175282298587,13,8,1
231.12630285788327,10,8,1
231.13319876301102,9,8,1
231.21770564489998,5,8,1
231.30548549885862,2,8,1
231.31517255306244,1,8,1
231.32050287397578,3,8,1
231.3214418210555,0,8,1
231.32301389495842,2,9,1
231.3274624310434,8,9,1
231.3411490379367,3,9,1
231.341976972064,2,11,2
231.34413077286445,1,9,1
231.34494533599354,0,9,1
231.34779558586888,8,11,2
231.36576156504452,2,10,2
231.3665857380256,1,11,2
231.36734830983914,0,11,2
231.3825318790041,3,11,2
231.38677062885836,2,12,2
231.3875191709958,8,10,2
231.40078824595548,3,10,2
231.40160821890458,1,10,2
231.40232959995046,0,10,2
231.40372285898775,8,12,2
231.42238046694547,3,12,2
231.4232789829839,1,12,2
231.42411887599155,0,12,2
231.42627978790551,6,8,1
231.42710121092387,11,8,1
231.43247790285386,7,9,1
231.48277863604017,6,9,1
231.4855263340287,11,9,1
231.4953688629903,7,11,2
231.50792424799874,11,10,2
231.5086457079742,6,11,2
231.51226961100474,4,9,1
231.51454573590308,12,9,1
231.5170837379992,7,10,2
231.52469647303224,11,12,2
231.53211365290917,6,10,2
231.53634659200907,7,12,2
231.53882778296247,4,11,2
231.58269416401163,12,11,2
231.58315746695735,6,12,2
231.60155512788333,4,10,2
231.60539095685817,12,10,2
231.60775121301413,13,9,1
231.6211672630161,10,9,1
231.62257078289986,4,12,2
231.63309876993299,9,11,2
231.63390465290286,13,11,2
231.63525331183337,10,11,2
231.64771286398172,10,12,2
231.65279285795987,9,10,2
231.65363122196868,13,10,2
231.69016570597887,13,12,2
231.69227055483498,9,12,2
231.71363908983767,5,9,1
231.73411044897512,5,11,2
231.75316885788925,5,10,2
231.7685596239753,5,12,2
237.1045349179767,13,0,1
237.12024955195375,10,0,1
237.13126890384592,9,0,1
237.21131455898285,5,0,1
237.30001835897565,2,0,1
237.30084137199447,1,0,1
237.31196577684022,3,0,1
237.32149548688903,8,0,1
237.4086723239161,11,0,1
237.42217266606167,6,0,1
237.4237492699176,7,0,1
237.5104820849374,4,0,1
237.51260339492,12,0,1
238.21306968596764,5,1,1
238.30599523498677,2,1,1
238.32136764004827,0,1,1
238.3221809240058,3,1,1
238.3241837900132,8,1,1
238.4172935448587,11,1,1
238.4209720690269,6,1,1
238.43308590189554,7,1,1
238.5112472740002,4,1,1
238.51335450285114,12,1,1
238.60533494595438,13,1,1
238.62947951885872,10,1,1
238.63475974905305,9,1,1
239.01173128583468,4,5,1
239.01331114093773,12,5,1
239.10587276006117,13,5,1
239.12885593995452,10,5,1
239.13487521000206,9,5,1
239.30827820696868,2,5,1
239.3131627549883,1,5,1
239.32450749585405,0,5,1
239.32579514291137,3,5,1
239.32690312387422,8,5,1
239.4176048708614,11,5,1
239.42138373688795,6,5,1
239.4319148149807,7,5,1
239.44070178386755,11,3,1
239.44223386701196,6,3,1
239.4527701549232,7,3,1
239.4598509359639,11,6,1
239.47231128904969,7,6,1
239.51220063702203,4,3,1
239.5162943028845,12,3,1
239.53486612904817,4,6,1
239.5382309940178,12,6,1
239.60653899703175,13,3,1
239.63011017395183,10,3,1
239.63115867297165,13,6,1
239.63487418787554,9,3,1
239.6550080080051,10,6,1
239.6568788208533,9,6,1
239.7145985639654,5,3,1
239.735939407954,5,6,1
239.80068553006276,2,3,1
239.80471000401303,1,3,1
239.820579882944,2,6,1
239.82370242197067,1,6,1
239.82663334487006,0,3,1
239.82820046902634,3,6,1
239.83053625491448,8,3,1
239.8423573600594,0,6,1
239.8501396998763,8,6,1
239.9175526269246,11,2,1
239.92144304700196,6,2,1
239.93216564087197,7,2,1
240.00792721495964,4,2,1
240.01177889294922,12,2,1
240.10268155601807,13,2,1
240.12644538795575,10,2,1
240.13454517698847,9,2,1
240.21419438091107,5,2,1
240.30416370695457,1,2,1
240.32261670893058,0,2,1
240.3235737059731,3,2,1
240.33014020184055,8,2,1
240.4181390318554,11,7,1
240.42325129685923,6,7,1
240.4315824720543,7,4,1
240.51407287688926,4,7,1
240.51820987300016,12,7,1
240.53873318387195,12,4,1
240.60562724689953,13,7,1
240.62902218895033,10,7,1
240.62982328189537,13,4,1
240.63274433393963,9,7,1
240.65449945,9,4,1
240.65525358100422,10,4,1
240.6757074499037,9,13,2
240.6764429109171,10,13,2
240.71340292692184,5,7,1
240.733046652982,5,4,1
240.75241890083998,5,13,2
240.8083429930266,2,7,1
240.81030358886346,1,7,1
240.82017509802245,0,7,1
240.8224863728974,3,7,1
240.8328060049098,2,4,1
240.8413282369729,1,4,1
240.8422779329121,8,7,1
240.84302142402157,0,4,1
240.84616987290792,3,4,1
240.8521856740117,2,13,2
240.86847770493478,3,13,2
240.86906467098743,0,13,2
240.88144581206143,8,4,1
240.88199635688215,1,13,2
240.89594366191886,8,13,2
240.91988255898468,11,4,1
240.92146155401133,6,4,1
240.93494314490817,7,13,2
240.94436125201173,11,13,2
240.94497190904804,6,13,2
241.0129867240321,4,13,2
241.0143941938877,12,13,2
241.0358971520327,12,8,1
241.036626372952,4,8,1
241.10897646006197,13,8,1
241.12582486588508,10,8,1
241.132981228875,9,8,1
241.2186769139953,5,8,1
241.30776940495707,2,8,1
241.30973062990233,1,8,1
241.32674021204002,8,9,1
241.327964695869,0,8,1
241.32905204687268,3,8,1
241.33117079688236,1,9,1
241.3322357169818,2,9,1
241.35003209090792,8,11,2
241.35165885696188,0,9,1
241.35370509396307,1,11,2
241.3545752489008,2,11,2
241.3553349110298,3,9,1
241.3676190278493,0,11,2
241.38907742593437,8,12,2
241.39473433606327,2,12,2
241.39565457194112,1,12,2
241.39639196288772,3,11,2
241.3971159029752,0,12,2
241.41433467995375,0,10,2
241.4151230319403,2,10,2
241.41584774293005,8,10,2
241.41905689402483,1,10,2
241.41986331599765,3,12,2
241.42059810692444,11,8,1
241.42339170584455,6,8,1
241.43489520205185,3,10,2
241.43566223303787,7,8,1
241.48545383196324,6,9,1
241.48724780301563,11,9,1
241.49889609287493,7,9,1
241.51112618902698,6,11,2
241.51161924283952,11,12,2
241.51292746001855,12,9,1
241.51328257005662,4,9,1
241.52616464393213,7,11,2
241.53228448797017,11,10,2
241.53302118903957,6,12,2
241.53615299705416,12,11,2
241.53688983805478,4,11,2
241.5457830990199,6,10,2
241.5833851029165,7,12,2
241.59996016300283,12,10,2
241.600688502891,4,12,2
241.6058906300459,13,9,1
241.60800367989577,7,10,2
241.6177586459089,4,10,2
241.62919045984745,13,11,2
241.63011915585957,10,9,1
241.63085789699107,9,11,2
241.6503881488461,13,12,2
241.65113695990294,9,12,2
241.65299635287374,10,11,2
241.68951672594994,13,10,2
241.69027452799492,9,10,2
241.69682850292884,10,12,2
241.712084564846,5,9,1
241.73266048706137,5,11,2
241.7513204549905,5,12,2
241.7671024419833,5,10,2
247.10381952906027,13,0,1
247.12617687205784,10,0,1
247.13067681901157,9,0,1
247.2116853799671,5,0,1
247.3090528449975,1,0,1
247.30999721190892,2,0,1
247.31729494896717,3,0,1
247.32666762406006,8,0,1
247.41633981093764,11,0,1
247.42160290991887,6,0,1
247.4321101270616,7,0,1
247.50775836687535,4,0,1
247.51168728806078,12,0,1
248.21378839295357,5,1,1
248.3051359669771,2,1,1
248.32037142803892,0,1,1
248.3212823139038,3,1,1
248.32867057295516,8,1,1
248.4218854198698,11,1,1
248.42328571993858,6,1,1
248.43431503186002,7,1,1
248.50915509904735,4,1,1
248.51325106504373,12,1,1
248.60942401597276,13,1,1
248.62816760595888,10,1,1
248.63270880491473,9,1,1
249.0091060739942,4,5,1
249.0128273088485,12,5,1
249.10946155292913,13,5,1
249.1284593208693,10,5,1
249.13245034287684,9,5,1
249.30718132690527,2,5,1
249.30908168992028,1,5,1
249.32494269893505,0,5,1
249.32640645094216,3,5,1
249.32982809795067,8,5,1
249.42150706099346,11,5,1
249.42256074096076,6,5,1
249.43418682995252,7,5,1
249.44627675204538,6,3,1
249.44731693086214,11,3,1
249.45895482087508,7,3,1
249.46527435886674,11,6,1
249.4802446528338,7,6,1
249.51039861585014,4,3,1
249.51432118704543,12,3,1
249.53137684892863,4,6,1
249.53462356096134,12,6,1
249.60998850385658,13,3,1
249.63101443788037,10,3,1
249.63385327905416,13,6,1
249.63515890599228,9,3,1
249.65574080799706,10,6,1
249.65767311304808,9,6,1
249.71348536084406,5,3,1
249.73379132593982,5,6,1
249.8028392000124,1,3,1
249.80395125085488,2,3,1
249.8208180780057,3,6,1
249.8258735309355,2,6,1
249.82666520401835,1,6,1
249.8274556659162,8,3,1
249.8282447080128,0,3,1
249.83893698104657,8,6,1
249.84893816383556,0,6,1
249.91066448995844,11,2,1
249.9145901009906,6,2,1
249.92423066403717,7,2,1
250.0018234590534,4,2,1
250.00634702690877,12,2,1
250.10597403603606,13,2,1
250.1285968159791,10,2,1
250.1330348108895,9,2,1
250.21409701486118,5,2,1
250.3044651709497,1,2,1
250.3171230489388,0,2,1
250.32633766997606,3,2,1
250.32996339304373,8,2,1
250.42005399102345,11,7,1
250.42303352593444,6,7,1
250.5104744490236,4,7,1
250.51697193295695,12,7,1
250.53784275404178,12,4,1
250.6101831998676,13,7,1
250.63219170295633,13,4,1
250.63301836606115,10,7,1
250.63380309799686,9,7,1
250.65523757506162,9,4,1
250.65598895587027,10,4,1
250.67543706600554,10,13,2
250.6761711470317,9,13,2
250.71297662798315,5,7,1
250.73276086803526,5,4,1
250.75226761004888,5,13,2
250.81288655498065,2,7,1
250.81540949596092,1,7,1
250.82045411900617,3,7,1
250.82153713004664,0,7,1
250.83177681895904,8,7,1
250.8387623769231,2,4,1
250.8399997719098,1,4,1
250.84257639502175,3,4,1
250.84457331104204,0,4,1
250.85541001800448,8,4,1
250.8615289409645,2,13,2
250.86247989791445,1,13,2
250.86443272302859,3,13,2
250.88141004298814,0,13,2
250.8871563959401,8,13,2
250.91895475587808,11,4,1
250.92299068998545,6,4,1
250.93365234090015,7,4,1
250.94061467889696,11,13,2
250.94408384687267,6,13,2
250.95727646001615,7,13,2
251.01197802694514,4,13,2
251.0140960670542,12,13,2
251.03484857385047,12,8,1
251.03557667485438,4,8,1
251.10627210489474,13,8,1
251.12902606884018,10,8,1
251.1329787010327,9,8,1
251.21761540486477,5,8,1
251.3080905850511,2,8,1
251.31327904202044,1,8,1
251.3204489739146,0,8,1
251.3254259750247,3,8,1
251.331108125858,8,9,1
251.33269013091922,2,9,1
251.33347175293602,1,9,1
251.3506619189866,0,9,1
251.35451688803732,2,11,2
251.35537232202478,8,11,2
251.35614105383866,1,11,2
251.35686051496305,3,9,1
251.3888750600163,2,12,2
251.39527318091132,8,12,2
251.39632769091986,1,12,2
251.39827578584664,0,11,2
251.39951590099372,3,11,2
251.40060294186696,2,10,2
251.4268427339848,0,12,2
251.42784577189013,3,12,2
251.4288292499259,8,10,2
251.42990494100377,11,8,1
251.43109218403697,1,10,2
251.43222951702774,6,8,1
251.43329721689224,7,8,1
251.48584343399853,6,9,1
251.48728537396528,0,10,2
251.48809095704928,3,10,2
251.48882329789922,11,9,1
251.49041484296322,7,9,1
251.49879359989427,11,12,2
251.51312006497756,12,9,1
251.51409069285728,11,10,2
251.51492489594966,7,11,2
251.51581041095778,6,11,2
251.51662640389986,4,9,1
251.52969036391005,12,11,2
251.53068143199198,7,12,2
251.53149625496008,6,12,2
251.5853171069175,12,10,2
251.58633413584903,7,10,2
251.58823653985746,4,11,2
251.5895359169226,6,10,2
251.60364820598625,13,9,1
251.61516258190386,4,12,2
251.63119557499886,10,9,1
251.63203846896067,13,11,2
251.63416673988104,4,10,2
251.6357932558749,9,11,2
251.6560081068892,13,12,2
251.6571960709989,10,11,2
251.65837852400728,9,12,2
251.6825207369402,13,10,2
251.68731114291586,10,12,2
251.6881654469762,9,10,2
251.71220979699865,5,9,1
251.7331736709457,5,11,2
251.75304226297885,5,12,2
251.7696987038944,5,10,2
257.1088889350649,13,0,1
257.1269312950317,10,0,1
257.1321181319654,9,0,1
257.2121485059615,5,0,1
257.30641901283525,2,0,1
257.30843358905986,1,0,1
257.3172056078911,3,0,1
257.32820362900384,8,0,1
257.4154364259448,11,0,1
257.42025316297077,6,0,1
257.43328387103975,7,0,1
257.5097433140036,4,0,1
257.51231111586094,12,0,1
258.2138008698821,5,1,1
258.30493046785705,2,1,1
258.31968591501936,3,1,1
258.32073406502604,0,1,1
258.32857306604274,8,1,1
258.4170067580417,11,1,1
258.42072746297345,6,1,1
258.4330632619094,7,1,1
258.5100920109544,4,1,1
258.51442749402486,12,1,1
258.6100554789882,13,1,1
258.62731407699175,10,1,1
258.6307305539958,9,1,1
259.00782090984285,4,5,1
259.0160650140606,12,5,1
259.1076374039985,13,5,1
259.13026754395105,10,5,1
259.1345724959392,9,5,1
259.3078736679163,2,5,1
259.3220218778588,0,5,1
259.3233101349324,3,5,1
259.3244156660512,1,5,1
259.3298442088999,8,5,1
259.41776235587895,11,5,1
259.4217713200487,6,5,1
259.4357038838789,7,5,1
259.4396573959384,11,3,1
259.44298021984287,6,3,1
259.45986242685467,11,6,1
259.4619266060181,7,3,1
259.47853207495064,7,6,1
259.5107052049134,4,3,1
259.5164213068783,12,3,1
259.53210740094073,4,6,1
259.5386597060133,12,6,1
259.6064618639648,13,3,1
259.62963273888454,13,6,1
259.632033176953,10,3,1
259.6343536928762,9,3,1
259.65600925590843,10,6,1
259.6567305459175,9,6,1
259.7128421328962,5,3,1
259.7341888169758,5,6,1
259.80841207690537,2,3,1
259.8097754949704,1,3,1
259.81955205183476,0,3,1
259.8221639059484,3,6,1
259.8338052649051,1,6,1
259.83456771587953,2,6,1
259.83608766901307,8,3,1
259.84195688483305,0,6,1
259.8553294739686,8,6,1
259.9185040208977,11,2,1
259.9236919370014,6,2,1
259.93253624788485,7,2,1
260.0105798149016,4,2,1
260.01514066406526,12,2,1
260.1069528909866,13,2,1
260.1290157949552,10,2,1
260.132840303937,9,2,1
260.2134352528956,5,2,1
260.3084569410421,1,2,1
260.32315153698437,3,2,1
260.3271662800107,0,2,1
260.33023981703445,8,2,1
260.4187979619019,11,7,1
260.4232701889705,6,7,1
260.43111584102735,7,4,1
260.51433484395966,12,7,1
260.5162626388483,4,7,1
260.53509068186395,12,4,1
260.60574067989364,13,7,1
260.6276576600503,13,4,1
260.63215954694897,10,7,1
260.6359022129327,9,7,1
260.65436735586263,10,4,1
260.65571460383944,9,4,1
260.6734909869265,10,13,2
260.67603855906054,9,13,2
260.7143245120533,5,7,1
260.734724188922,5,4,1
260.75376207684167,5,13,2
260.80729175102897,1,7,1
260.8086680599954,2,7,1
260.81702202605084,0,7,1
260.823525179876,3,7,1
260.82408819603734,1,4,1
260.8338001710363,2,4,1
260.8345414218493,8,7,1
260.841863978887,1,13,2
260.8426409708336,0,4,1
260.8456084749196,3,4,1
260.8565013029147,2,13,2
260.85788548202254,8,4,1
260.8659857409075,0,13,2
260.86674007284455,3,13,2
260.8763723948505,8,13,2
260.9191149738617,11,4,1
260.92098961700685,6,4,1
260.9320263690315,7,13,2
260.94296062900685,11,13,2
260.9437142498791,6,13,2
260.952714754967,7,8,1
261.0100036249496,4,13,2
261.0141801328864,12,13,2
261.03500112192705,12,8,1
261.0357302229386,4,8,1
261.1064694339875,13,8,1
261.1280932549853,10,8,1
261.13216021005064,9,8,1
261.21105704200454,5,8,1
261.315760493977,2,8,1
261.3165224848781,1,8,1
261.320016524056,3,8,1
261.320736394031,0,8,1
261.3272001768928,8,9,1
261.3429252519272,1,9,1
261.3436460120138,2,9,1
261.3443605629727,0,9,1
261.3450782529544,3,9,1
261.3471075699199,8,11,2
261.36870869086124,1,11,2
261.369479133049,2,11,2
261.37022385396995,3,11,2
261.3709385038819,0,11,2
261.3716536038555,8,10,2
261.3804327528924,1,10,2
261.39648760692216,0,10,2
261.3972751388792,3,10,2
261.3980087400414,8,12,2
261.3987347309012,2,10,2
261.3994540409185,1,12,2
261.4127833179664,0,12,2
261.4138759889174,3,12,2
261.41573224100284,2,12,2
261.42338422802277,11,8,1
261.4245972118806,6,8,1
261.43131150188856,7,9,1
261.4847974649165,11,9,1
261.4872918250039,6,9,1
261.4985626640264,7,11,2
261.5104368098546,11,10,2
261.5114525088575,6,11,2
261.5124571269844,4,9,1
261.51348074595444,12,9,1
261.5198805569671,7,10,2
261.53412709990516,11,12,2
261.5350434058346,6,10,2
261.53594913193956,4,11,2
261.53810035297647,12,11,2
261.53854591492563,7,12,2
261.54748033802025,6,12,2
261.5823281330522,4,10,2
261.5889909819234,12,10,2
261.59684120398015,4,12,2
261.6045390118379,13,9,1
261.6224622388836,10,9,1
261.6256236678455,13,11,2
261.63294629589655,9,11,2
261.6425147058908,10,11,2
261.6452852538787,13,10,2
261.6535697588697,9,10,2
261.6624292698689,13,12,2
261.66315686004236,10,12,2
261.6886051900219,9,12,2
261.7130188199226,5,9,1
261.7337683769874,5,11,2
261.7531248049345,5,10,2
261.771508484846,5,12,2
267.1045014250558,13,0,1
267.1261883878615,10,0,1
267.13073560688645,9,0,1
267.21133074583486,5,0,1
267.3073631019797,1,0,1
267.3087164000608,2,0,1
267.3167801478412,3,0,1
267.3274443799164,8,0,1
267.41588082094677,11,0,1
267.42079997994006,6,0,1
267.4304450529162,7,0,1
267.5083744970616,4,0,1
267.51243050186895,12,0,1
268.2132799439132,5,1,1
268.3092942000367,2,1,1
268.3181932410225,0,1,1
268.32205142988823,3,1,1
268.3319805408828,8,1,1
268.4169822749682,11,1,1
268.4220234269742,6,1,1
268.43157355790026,7,1,1
268.50938392803073,4,1,1
268.5134406329598,12,1,1
268.60565910092555,13,1,1
268.62635125685483,10,1,1
268.6330019449815,9,1,1
269.002096273005,4,5,1
269.0144180220086,12,5,1
269.1069964999333,13,5,1
269.1286245419178,10,5,1
269.13358888193034,9,5,1
269.30513704405166,2,5,1
269.31956695206463,1,5,1
269.32586032990366,3,5,1
269.3266649830621,0,5,1
269.3323341929354,8,5,1
269.41881665890105,11,5,1
269.4231733919587,6,5,1
269.4321199748665,7,5,1
269.4409770059865,11,3,1
269.4441534150392,6,3,1
269.4535019500181,7,3,1
269.4600845859386,11,6,1
269.4699665158987,7,6,1
269.5120530258864,4,3,1
269.51538469991647,12,3,1
269.5335626639426,4,6,1
269.53781437384896,12,6,1
269.6100509578828,13,3,1
269.6314045919571,10,3,1
269.63436627504416,13,6,1
269.63519866904244,9,3,1
269.6563717268873,9,6,1
269.6571156079881,10,6,1
269.7134380619973,5,3,1
269.7334479968995,5,6,1
269.8072357738856,2,3,1
269.813393187942,1,3,1
269.8213836848736,3,6,1
269.8221527058631,0,3,1
269.83136551687494,2,6,1
269.83511070301756,1,6,1
269.8365141819231,8,3,1
269.84242954989895,0,6,1
269.85890357592143,8,6,1
269.917600115994,11,2,1
269.9211588159669,6,2,1
269.93231842201203,7,2,1
270.00994274695404,4,2,1
270.01379404589534,12,2,1
270.10823153704405,13,2,1
270.12882187892683,10,2,1
270.1346265929751,9,2,1
270.21301215095446,5,2,1
270.30864649498835,1,2,1
270.324636796955,0,2,1
270.3254779910203,3,2,1
270.32716925884597,8,2,1
270.41038991184905,11,7,1
270.41451636888087,6,7,1
270.4309253329411,7,4,1
270.5020329840481,4,7,1
270.5135987419635,12,7,1
270.53445846098475,12,4,1
270.6025184059981,13,7,1
270.621717188973,10,7,1
270.625321050873,13,4,1
270.63285644399,9,7,1
270.64000384602696,10,4,1
270.65421131788753,9,4,1
270.6562855169177,10,13,2
270.673934455961,9,13,2
270.7143378078472,5,7,1
270.73422403098084,5,4,1
270.7546406078618,5,13,2
270.8101660090033,1,7,1
270.8128907859791,2,7,1
270.81936324900016,0,7,1
270.8207928589545,3,7,1
270.8376972868573,2,4,1
270.83907262585126,1,4,1
270.83980298694223,8,7,1
270.8418973160442,3,4,1
270.84266671794467,0,4,1
270.86444899393246,1,13,2
270.8652921768371,2,13,2
270.8660792398732,0,13,2
270.8668009699322,8,4,1
270.86751334997825,3,13,2
270.88224740698934,8,13,2
270.91898814588785,11,4,1
270.9240433089435,6,4,1
270.9321208379697,7,13,2
270.9396457099356,11,13,2
270.94561244896613,6,13,2
271.01382407802157,12,13,2
271.0151999669615,4,13,2
271.0364274568856,4,8,1
271.03715355787426,12,8,1
271.10672532604076,13,8,1
271.12914087995887,10,8,1
271.1326643489301,9,8,1
271.217959030997,5,8,1
271.3099101919215,1,8,1
271.31066730385646,2,8,1
271.32118880096823,3,8,1
271.32195760286413,0,8,1
271.33298496506177,2,9,1
271.3337962778751,1,9,1
271.3363244389184,8,9,1
271.34230610798113,0,9,1
271.34306476986967,3,9,1
271.3534129720647,2,11,2
271.3541456030216,1,11,2
271.38827331806533,0,11,2
271.38904796005227,8,11,2
271.3898338219151,3,11,2
271.39113282901235,2,10,2
271.3918743899558,1,10,2
271.4122140449472,8,10,2
271.41335690696724,1,12,2
271.41436349600554,0,10,2
271.4153887948487,3,10,2
271.41637987294234,2,12,2
271.4259306830354,6,8,1
271.4273808640428,11,8,1
271.4317861490417,3,12,2
271.43257499090396,8,12,2
271.4341462349985,0,12,2
271.43583248299547,7,8,1
271.44336297595873,6,9,1
271.48617565701716,11,9,1
271.49626672198065,6,11,2
271.49707938497886,7,9,1
271.5102030460257,11,10,2
271.51299945497885,4,9,1
271.5150857239496,12,9,1
271.5174191808328,6,10,2
271.5182859748602,7,11,2
271.53764505288564,12,11,2
271.53817692794837,11,12,2
271.5386045698542,6,12,2
271.5390469520353,7,10,2
271.5394812738523,4,11,2
271.58427869086154,7,12,2
271.5860984430183,12,10,2
271.59247926296666,4,10,2
271.60143236699514,13,9,1
271.6074041048996,4,12,2
271.61298071290366,13,11,2
271.6254827568773,13,10,2
271.62603311194107,10,9,1
271.63221197691746,9,11,2
271.63885745499283,13,12,2
271.6395851050038,10,11,2
271.65256623202004,10,12,2
271.6543305818923,9,10,2
271.696351300925,9,12,2
271.71217814902775,5,9,1
271.73270382895134,5,11,2
271.75239453604445,5,10,2
271.7679184048902,5,12,2
277.1039699059911,13,0,1
277.12622505496256,10,0,1
277.13070439198054,9,0,1
277.21133119193837,5,0,1
277.3054297629278,2,0,1
277.30882033891976,1,0,1
277.3202004500199,3,0,1
277.32995324605145,8,0,1
277.41942673688754,11,0,1
277.4202200989239,6,0,1
277.4324382538907,7,0,1
277.5098277828656,4,0,1
277.5116815350484,12,0,1
278.2131511110347,5,1,1
278.30883725686,2,1,1
278.3187869179528,0,1,1
278.3206911419984,3,1,1
278.33144856686704,8,1,1
278.415704858955,11,1,1
278.42512036603875,6,1,1
278.42746988194995,7,1,1
278.5132588578854,4,1,1
278.51571459695697,12,1,1
278.6054702049587,13,1,1
278.6283774229232,10,1,1
278.63191913301125,9,1,1
279.01452962192707,4,5,1
279.0178250959143,12,5,1
279.10654427390546,13,5,1
279.12877125293016,10,5,1
279.1324014158454,9,5,1
279.3180894560646,1,5,1
279.31916056689806,2,5,1
279.3223176158499,0,5,1
279.32355723087676,3,5,1
279.3323543998413,8,5,1
279.41367934900336,11,5,1
279.42377971485257,6,5,1
279.4328141398728,11,3,1
279.4343633139506,7,5,1
279.450967323035,11,6,1
279.45177691592835,6,3,1
279.4549609660171,7,3,1
279.47474866593257,7,6,1
279.5067928119097,12,3,1
279.5081940118689,4,3,1
279.51785011496395,12,6,1
279.5248116918374,4,6,1
279.605007968843,13,3,1
279.6236713069957,13,6,1
279.62445743894204,10,3,1
279.63563783606514,9,3,1
279.64075312996283,10,6,1
279.6584357798565,9,6,1
279.7062899330631,5,3,1
279.71841686591506,5,6,1
279.79757169494405,2,3,1
279.8074880049098,1,3,1
279.81129955290817,2,6,1
279.81464990694076,0,3,1
279.8285598109942,8,3,1
279.8296310908627,0,6,1
279.83065489004366,1,6,1
279.83175609097816,3,6,1
279.8424149530474,8,6,1
279.9083158860449,11,2,1
279.9127625420224,6,2,1
279.9279518008698,7,2,1
280.01426168205217,4,2,1
280.0153351018671,12,2,1
280.10629909392446,13,2,1
280.12919898191467,10,2,1
280.1331483339891,9,2,1
280.21412818389945,5,2,1
280.30538103403524,1,2,1
280.32382613490336,0,2,1
280.32486380496994,3,2,1
280.32710715802386,8,2,1
280.4169172379188,11,7,1
280.4236480179243,6,7,1
280.43200809392147,7,4,1
280.5142301588785,4,7,1
280.51527173887007,12,7,1
280.53608974698,12,4,1
280.6104068988934,13,7,1
280.6308265060652,10,7,1
280.63397000497207,13,4,1
280.6347590580117,9,7,1
280.65276591689326,10,4,1
280.6543191608507,9,4,1
280.67360346601345,9,13,2
280.6743348969612,10,13,2
280.7128720160108,5,7,1
280.7324096688535,5,4,1
280.7518699290231,5,13,2
280.8039240408689,2,7,1
280.8072494750377,1,7,1
280.80882620904595,0,7,1
280.82746777683496,0,4,1
280.82903628097847,3,7,1
280.82991483598016,1,4,1
280.83072548895143,2,4,1
280.8315170810092,8,7,1
280.84033929090947,0,13,2
280.84807573002763,1,13,2
280.85120892804116,2,13,2
280.8527062300127,3,4,1
280.853453860851,8,4,1
280.8708007619716,8,13,2
280.8715545530431,3,13,2
280.9203593030106,11,4,1
280.92229762789793,6,4,1
280.93260072986595,7,13,2
280.94351329794154,6,13,2
280.94455984793603,11,13,2
281.0128554790281,4,13,2
281.0143616020214,12,13,2
281.0357132649515,4,8,1
281.0364367258735,12,8,1
281.11003181687556,13,8,1
281.12821658095345,10,8,1
281.1323998088483,9,8,1
281.21752016595565,5,8,1
281.31043278286234,1,8,1
281.3108787059318,2,8,1
281.3130188358482,3,8,1
281.31932712486014,0,8,1
281.3230813909322,3,9,1
281.33769292384386,3,11,2
281.3384228248615,2,9,1
281.33911071391776,8,9,1
281.33945095399395,1,9,1
281.34073655004613,0,9,1
281.3505481570028,3,12,2
281.3676025699824,2,11,2
281.3679804210551,8,11,2
281.3683103399817,1,11,2
281.36866111005656,0,11,2
281.3689922289923,3,10,2
281.3866060569417,2,12,2
281.38703471887857,8,12,2
281.39019260788336,1,12,2
281.391051662853,0,12,2
281.4100260590203,2,10,2
281.4107394888997,1,10,2
281.41116011096165,0,10,2
281.4117037469987,8,10,2
281.41213748883456,11,8,1
281.4251811678987,6,8,1
281.4278148319572,11,9,1
281.42818477284163,7,8,1
281.44093053299,6,9,1
281.44161838293076,11,12,2
281.44194940198213,7,9,1
281.4575922039803,6,11,2
281.45795140392147,11,10,2
281.4583060739096,7,11,2
281.47174978489056,7,12,2
281.4743265279103,6,12,2
281.485919845989,7,10,2
281.4926122049801,6,10,2
281.50057253986597,4,9,1
281.51121197105385,12,9,1
281.5142379058525,4,11,2
281.53021398792043,4,12,2
281.5310082898941,12,11,2
281.5439577270299,4,10,2
281.5497178588994,12,10,2
281.60427765198983,13,9,1
281.6257120280061,13,11,2
281.62654273188673,10,9,1
281.63960698083974,9,11,2
281.64714770391583,13,12,2
281.64904905785806,10,11,2
281.663124255836,9,12,2
281.6662693449762,13,10,2
281.6700871428475,10,12,2
281.68071489292197,9,10,2
281.7117190400604,5,9,1
281.7319007208571,5,11,2
281.75128453900106,5,12,2
281.7698181630112,5,10,2
287.1050147549249,13,0,1
287.12645700084977,10,0,1
287.13103099004366,9,0,1
287.2112916598562,5,0,1
287.3056353968568,2,0,1
287.31261343485676,1,0,1
287.31701695895754,3,0,1
287.3275119960308,8,0,1
287.415547874989,11,0,1
287.4194986568764,6,0,1
287.42995467199944,7,0,1
287.51144840591587,4,0,1
287.5123205508571,12,0,1
288.2090549299028,5,1,1
288.30501641286537,2,1,1
288.3189065658953,0,1,1
288.3201700418722,3,1,1
288.32870173291303,8,1,1
288.4207964160014,11,1,1
288.42157992790453,6,1,1
288.43141657696106,7,1,1
288.5134191948455,4,1,1
288.51488749706186,12,1,1
288.609646655852,13,1,1
288.62842222698964,10,1,1
288.6325284629129,9,1,1
289.01194636989385,4,5,1
289.0173130019102,12,5,1
289.1092171098571,13,5,1
289.12914834404364,9,5,1
289.1316058929078,10,5,1
289.3153549178969,2,5,1
289.31797043187544,1,5,1
289.32255869195797,3,5,1
289.3233341439627,0,5,1
289.3322016450111,8,5,1
289.41952780401334,11,5,1
289.4214066369459,6,5,1
289.43195186485536,7,5,1
289.44254239392467,6,3,1
289.4432743350044,11,3,1
289.45258234790526,7,3,1
289.46110710897483,11,6,1
289.4713260878343,7,6,1
289.50520708598197,4,3,1
289.5185867839027,12,3,1
289.52103582397103,4,6,1
289.54057783586904,12,6,1
289.6092135668732,13,3,1
289.63302945997566,13,6,1
289.6341695319861,10,3,1
289.63519022101536,9,3,1
289.6568604928907,9,6,1
289.65766232600436,10,6,1
289.7147570909001,5,3,1
289.7360999940429,5,6,1
289.8136221349705,2,3,1
289.81396614504047,1,3,1
289.81578197702765,3,6,1
289.81637615384534,0,3,1
289.83565364801325,8,3,1
289.8394671259448,1,6,1
289.8398053860292,0,6,1
289.8401311850175,2,6,1
289.85630883299746,8,6,1
289.9202689009253,11,2,1
289.9221070429776,6,2,1
289.93180523696356,7,2,1
290.01013480196707,4,2,1
290.01394745893776,12,2,1
290.106014611898,13,2,1
290.1292150479276,10,2,1
290.13317460985854,9,2,1
290.2137519880198,5,2,1
290.3090824428946,1,2,1
290.3183156240266,0,2,1
290.3219566969201,3,2,1
290.3305742009543,8,2,1
290.4126341608353,11,7,1
290.42175189894624,6,7,1
290.4304037329275,7,4,1
290.5016105468385,4,7,1
290.5169534799643,12,7,1
290.5378912719898,12,4,1
290.60716664092615,13,7,1
290.6310943879653,13,4,1
290.6325229778886,10,7,1
290.63414411386475,9,7,1
290.65427761292085,10,4,1
290.6562123079784,9,4,1
290.6742907289881,10,13,2
290.6766620359849,9,13,2
290.71361087984405,5,7,1
290.7331872440409,5,4,1
290.7526019930374,5,13,2
290.80992443300784,2,7,1
290.8151720019523,1,7,1
290.81945484294556,3,7,1
290.8201808729209,0,7,1
290.83198775700293,2,4,1
290.8327253779862,8,7,1
290.83789643389173,1,4,1
290.84158860798925,0,4,1
290.8423144388944,3,4,1
290.8550792199094,2,13,2
290.86001416901127,8,4,1
290.8607372599654,1,13,2
290.86305347504094,0,13,2
290.86379447602667,3,13,2
290.8817224728409,8,13,2
290.9231060228776,6,4,1
290.92448320193216,11,4,1
290.9341551850084,7,13,2
290.94749013194814,11,13,2
290.9482289329171,6,13,2
291.0105663759168,4,13,2
291.01550884498283,12,13,2
291.03374653100036,4,8,1
291.0365358099807,12,8,1
291.10581221897155,13,8,1
291.12279174895957,10,8,1
291.1337514978368,9,8,1
291.21629155194387,5,8,1
291.3053434889298,2,8,1
291.311748001026,1,8,1
291.32335658883676,0,8,1
291.3243190860376,3,8,1
291.3297078679316,2,9,1
291.33044157898985,8,9,1
291.3317452259362,1,9,1
291.3510876330547,3,9,1
291.3528544830624,0,9,1
291.3536091640126,2,11,2
291.3543281638995,1,11,2
291.3550433048513,8,11,2
291.36879877303727,2,10,2
291.3919338178821,3,11,2
291.3944647789467,1,10,2
291.3952224999666,0,11,2
291.39596356102265,2,12,2
291.39667550101876,8,10,2
291.4150511310436,3,10,2
291.4196475909557,8,12,2
291.42041696305387,0,10,2
291.4211418030318,1,12,2
291.42190661490895,11,8,1
291.42499492294155,6,8,1
291.4263361899648,3,12,2
291.44062356394716,0,12,2
291.481442397926,11,9,1
291.48207741603255,6,9,1
291.4824995379895,7,8,1
291.49899443401955,11,10,2
291.5034391100053,4,9,1
291.5040057860315,7,9,1
291.5044300479349,6,11,2
291.505753215868,12,9,1
291.5102772829123,11,12,2
291.5220385759603,12,11,2
291.52238572598435,4,11,2
291.52467503002845,7,11,2
291.5250229400117,6,10,2
291.54022573004477,12,10,2
291.54087113798596,4,10,2
291.54129024990834,6,12,2
291.54161489894614,7,10,2
291.55420996504836,7,12,2
291.5545399049297,4,12,2
291.59689740184695,13,9,1
291.60865996498615,13,11,2
291.6211877989117,10,9,1
291.62367693986744,13,10,2
291.6254634100478,9,11,2
291.63791820197366,10,11,2
291.63828631304204,13,12,2
291.63862063200213,9,10,2
291.6523097290192,9,12,2
291.6526514389552,10,12,2
291.70379386493005,5,9,1
291.7154978150502,5,11,2
291.7261317160446,5,10,2
291.73668652400374,5,12,2
297.1041631249245,13,0,1
297.1270407908596,10,0,1
297.13103394396603,9,0,1
297.2118445490487,5,0,1
297.3060149708763,2,0,1
297.30740908998996,1,0,1
297.3171528559178,3,0,1
297.3276872038841,8,0,1
297.4150903339032,11,0,1
297.42219449486583,6,0,1
297.4323782529682,7,0,1
297.50820347690023,4,0,1
297.5132154978346,12,0,1
298.21357003599405,5,1,1
298.30608101189137,2,1,1
298.3185735249426,0,1,1
298.31962685496546,3,1,1
298.3300477489829,8,1,1
298.41725008399226,11,1,1
298.42098843003623,6,1,1
298.4330506408587,7,1,1
298.51112668798305,4,1,1
298.5134820640087,12,1,1
298.605051652994,13,1,1
298.6284586149268,10,1,1
298.63223724183626,9,1,1
299.0104212819133,4,5,1
299.01413402706385,12,5,1
299.1061458978802,13,5,1
299.12831882503815,10,5,1
299.1327269489411,9,5,1
299.30853749997914,2,5,1
299.31733852787875,1,5,1
299.3220736919902,3,5,1
299.32287204498425,0,5,1
299.3340682410635,8,5,1
299.4178742298391,11,5,1
299.4217360690236,6,5,1
299.43517726892605,7,5,1
299.43893004604615,11,6,1
299.44240417401306,6,3,1
299.45984752685763,11,3,1
299.46127079683356,7,6,1
299.47949742199853,7,3,1
299.5117515139282,4,6,1
299.5154893489089,12,6,1
299.53637685999274,4,3,1
299.53784215194173,12,3,1
299.6057847519405,13,6,1
299.6311821900308,13,3,1
299.63255590898916,10,6,1
299.63425126695074,9,6,1
299.65336144692264,10,3,1
299.65670060086995,9,3,1
299.7131985379383,5,6,1
299.73397172498517,5,3,1
299.8110956158489,2,6,1
299.8153523460496,1,6,1
299.82144891796634,3,6,1
299.8225092580542,0,6,1
299.8336488229688,8,6,1
299.83552372595295,2,3,1
299.8366104369052,1,3,1
299.84356032288633,0,3,1
299.85459721600637,8,3,1
299.91744905197993,11,2,1
299.9211150149349,6,2,1
299.9331870370079,7,2,1
300.011025586864,4,2,1
