t_s,reporter,target,reason
13.446488308953121,10,0,1
13.542645756155252,1,0,1
13.61775108706206,5,0,1
13.686138770077378,2,0,1
13.692663901951164,0,1,1
13.785699752159417,8,0,1
13.80056006507948,9,0,1
13.806528102140874,0,6,1
13.818843835033476,9,1,1
13.820548782125115,0,12,2
13.824314187048003,3,0,1
13.833330768160522,0,10,2
13.834868831094354,11,0,1
13.846870705019683,0,11,2
13.890458298148587,7,0,1
13.896234379149973,0,5,1
13.9130448771175,0,6,1
13.919083835091442,10,6,1
13.919951569056138,2,6,1
13.926223494112492,0,8,1
13.94176485715434,0,8,1
13.945913972100243,10,12,2
13.946699404157698,2,12,2
13.985429962165654,0,13,2
13.995045569958165,0,13,2
13.99886840605177,10,11,2
14.009824071079493,0,7,1
14.010450218105689,2,10,2
14.018512333044782,8,10,2
14.022366410121322,10,5,1
14.025804836070165,0,7,1
14.087559595005587,2,11,2
14.09084362606518,10,6,1
14.09178640297614,8,11,2
14.093734486959875,12,0,1
14.09450593800284,1,6,1
14.186598322121426,13,0,1
14.187774715013802,10,8,1
14.189421260962263,3,5,1
14.190391448093578,12,1,1
14.19140963605605,11,5,1
14.192240669159219,7,5,1
14.193102332996204,5,6,1
14.19387311511673,8,5,1
14.194912623148412,1,12,2
14.195757267065346,2,5,1
14.199450880056247,3,6,1
14.214585561072454,10,8,1
14.285810274071991,11,6,1
14.286357849137858,2,6,1
14.286828502081335,8,6,1
14.289183428045362,1,10,2
14.290290819015354,3,8,1
14.29113905201666,7,6,1
14.291880453005433,13,5,1
14.292651274008676,5,12,2
14.3027897560969,6,0,1
14.38670452311635,10,13,2
14.38754841615446,2,8,1
14.389138270169497,0,9,1
14.389763568062335,9,5,1
14.393346786964685,3,8,1
14.3944487280678,13,6,1
14.39519162895158,4,0,1
14.395871347980574,7,8,1
14.396451944019645,1,11,2
14.397254886105657,8,13,2
14.397882153978571,11,8,1
14.398507290985435,5,10,2
14.39900416508317,12,5,1
14.492573390016332,0,9,1
14.49323558807373,2,8,1
14.49370610108599,11,8,1
14.494160403963178,10,13,2
14.494634466944262,13,8,1
14.49507317901589,1,5,1
14.495529372012243,7,8,1
14.495968324132264,8,13,2
14.49642836698331,9,6,1
14.49701338307932,5,11,2
14.497516207164153,3,13,2
14.498880984960124,12,6,1
14.591936266049743,1,6,1
14.593299504136667,3,13,2
14.594626280944794,5,6,1
14.595785093028098,13,8,1
14.596835362026468,10,7,1
14.597872151061893,8,7,1
14.599184777121991,7,13,2
14.600259127095342,9,8,1
14.601358697982505,2,13,2
14.602437237976119,12,8,1
14.603675502119586,11,13,2
14.604724582051858,4,5,1
14.68878292106092,6,5,1
14.692332501057535,7,13,2
14.692789403023198,8,7,1
14.693470292026177,12,8,1
14.693992647109553,10,7,1
14.694472340168431,2,13,2
14.695114657981321,9,8,1
14.695771055994555,11,13,2
14.696462355088443,1,8,1
14.696940178982913,5,8,1
14.697458493057638,13,7,1
14.697922726161778,3,7,1
14.698383269133046,4,6,1
14.794636117992923,13,7,1
15.111704355105758,1,8,1
15.12773124105297,9,13,2
15.196023792028427,12,13,2
15.205593859078363,10,9,1
15.211740100057796,8,9,1
15.215409361990169,4,8,1
15.218650561990216,6,8,1
15.218995752045885,7,9,1
15.219324911013246,8,9,1
15.219650930026546,2,7,1
15.21997599909082,12,13,2
15.220300517976284,10,9,1
15.220628947019577,13,9,1
15.22097420715727,9,13,2
15.221299465978518,1,13,2
15.22164599597454,11,7,1
15.22196964500472,6,8,1
15.222292273072526,4,8,1
15.222614892059937,7,9,1
15.222939020954072,5,13,2
15.223263160092756,3,9,1
15.223590180044994,1,13,2
15.223913758993149,3,9,1
15.224239737959579,2,9,1
15.224597217980772,13,9,1
15.224933077115566,5,13,2
15.225260486127809,9,7,1
15.225585895124823,11,9,1
15.225909534143284,12,7,1
15.226233683060855,4,13,2
15.226557332091033,6,13,2
15.226880640955642,2,9,1
15.227203920017928,11,9,1
15.227580601116642,12,7,1
15.227904258994386,9,7,1
15.228229739004746,6,13,2
15.228594039101154,4,13,2
15.22892699809745,1,7,1
15.229252747027203,5,7,1
15.229579666163772,6,7,1
15.229902714956552,1,7,1
15.230226814048365,12,9,1
15.230557693168521,5,7,1
15.230883282143623,4,7,1
15.23120698099956,12,9,1
15.231534660095349,6,7,1
15.231858358951285,4,7,1
15.232184708118439,1,9,1
15.232510758098215,5,9,1
15.232834247173741,1,9,1
15.23316846601665,5,9,1
15.233494465006515,4,9,1
15.233818094013259,6,9,1
15.234144262969494,4,9,1
15.234467782080173,6,9,1
17.313946691108868,12,0,1
17.411069915164262,10,0,1
17.41185617703013,2,0,1
17.522496157092974,8,0,1
17.523262008093297,4,0,1
17.531430795090273,1,0,1
17.613581422017887,6,0,1
17.61480939714238,3,0,1
17.615861186059192,7,0,1
17.617006238084286,5,0,1
17.618080288171768,11,0,1
17.71213717595674,13,0,1
17.806069551035762,9,0,1
17.813913349062204,0,1,1
17.823692412115633,12,1,1
17.826785868033767,9,1,1
17.915774075081572,10,1,1
17.916650219121948,2,1,1
18.02614623797126,4,1,1
18.026911959052086,8,1,1
18.035613510990515,1,4,1
18.05155838513747,8,4,1
18.11860373103991,6,1,1
18.11973913316615,7,1,1
18.12073950096965,3,1,1
18.123830446973443,11,1,1
18.124990049982443,5,1,1
18.150189931038767,6,4,1
18.151924569159746,3,4,1
18.15265805996023,5,4,1
18.15339881996624,7,4,1
18.154110050061718,11,4,1
18.217239247169346,13,1,1
18.239680242026225,13,4,1
18.311612125020474,0,4,1
18.31357484916225,9,4,1
18.329236255027354,12,4,1
18.416229617083445,10,4,1
18.417576135136187,2,4,1
18.91603366099298,10,2,1
19.02764233807102,4,2,1
19.028481082059443,8,2,1
19.037313187029213,1,2,1
19.120413691038266,3,2,1
19.121670735999942,7,2,1
19.122451486997306,6,2,1
19.1246632989496,5,2,1
19.125471221050248,11,2,1
19.219443588051945,13,2,1
19.31444218195975,0,2,1
19.31519432296045,9,2,1
19.329356898088008,12,2,1
19.527873964048922,8,3,1
19.52870092703961,4,3,1
19.540960729122162,1,3,1
19.616955964127555,6,3,1
19.617774897022173,7,3,1
19.621718746144325,5,3,1
19.622468907153234,11,3,1
19.724539479007944,13,3,1
19.81182498903945,9,3,1
19.815734317991883,0,3,1
19.8287235989701,12,3,1
19.91757668298669,2,3,1
19.918331024004146,10,3,1
20.03240646002814,1,12,2
20.053527288138866,1,10,2
20.120749989058822,5,12,2
20.12413686304353,3,12,2
20.125577623955905,7,12,2
20.126311843981966,11,12,2
20.12711639609188,6,12,2
20.15080006606877,5,10,2
20.15488762012683,6,10,2
20.155630900058895,11,10,2
20.18632707512006,3,10,2
20.188228448154405,7,10,2
20.218840420013294,13,12,2
20.24191218195483,13,10,2
20.264304575975984,13,11,2
20.279918530024588,13,5,1
20.308259409153834,0,12,2
20.313925066962838,9,12,2
20.32548767910339,0,10,2
20.330997672164813,12,10,2
20.33719788515009,0,11,2
20.342765840003267,9,10,2
20.350421423092484,0,5,1
20.355824263067916,12,11,2
20.385475939139724,9,11,2
20.403788967989385,9,5,1
20.404526949161664,12,5,1
20.413100398145616,10,12,2
20.41414223704487,2,12,2
20.436075878096744,2,10,2
20.43681869795546,10,11,2
20.45650387601927,2,11,2
20.457253576954827,10,5,1
20.47236156812869,2,5,1
20.527163662947714,8,12,2
20.527921554166824,4,12,2
20.533832509070635,1,11,2
20.55507179000415,1,5,1
20.555801751092076,8,10,2
20.55842983396724,4,10,2
20.576983090955764,1,9,1
20.57770791114308,8,11,2
20.58324632514268,4,11,2
20.594642162090167,8,5,1
20.596998647088185,1,6,1
20.613163117086515,4,5,1
20.618545757140964,8,9,1
20.620693857083097,11,5,1
20.62331192009151,5,11,2
20.6241304629948,3,11,2
20.624982657143846,7,11,2
20.62571495701559,4,9,1
20.627501977141947,6,11,2
20.648281974950805,3,5,1
20.649108198005706,11,9,1
20.64983042795211,5,9,1
20.650534047978,7,5,1
20.653249013004825,6,5,1
20.702289639040828,5,6,1
20.70431439508684,3,9,1
20.70544375712052,11,6,1
20.70669815200381,6,9,1
20.70783820305951,7,9,1
20.715383873088285,13,9,1
20.72228014515713,7,6,1
20.72432949207723,3,6,1
20.7351865649689,13,6,1
20.80677039711736,13,7,1
20.80780389602296,9,6,1
20.812579198973253,0,9,1
20.821811116067693,12,9,1
20.831509126117453,9,7,1
20.837984356097877,0,6,1
20.840372283011675,12,6,1
20.850296849152073,9,8,1
20.86028317711316,12,7,1
20.86136977816932,0,7,1
20.879346118075773,12,8,1
20.880330784944817,0,8,1
20.911328368121758,2,9,1
20.91250367113389,10,9,1
20.936026606010273,2,6,1
20.937087194994092,10,6,1
20.95895855408162,2,7,1
20.96000762307085,10,7,1
20.977031977148727,2,8,1
20.978063235990703,10,8,1
21.019810918020085,4,6,1
21.02083483710885,8,6,1
21.031332899117842,1,7,1
21.04012331413105,8,7,1
21.041007268009707,4,7,1
21.04980883304961,1,8,1
21.057901049032807,4,8,1
21.105303297983482,3,7,1
21.108396924100816,7,8,1
21.109939326997846,6,7,1
21.112214111024514,11,7,1
21.11696735303849,3,8,1
21.117608641041443,5,7,1
21.129739359021187,6,8,1
21.132119425106794,11,8,1
21.135307864053175,5,8,1
21.216115792980418,13,8,1
21.307975250063464,9,13,2
21.30873559205793,0,13,2
21.319507422158495,12,13,2
21.409967090003192,2,13,2
21.41082823416218,10,13,2
21.520956870168447,4,13,2
21.524275022093207,8,13,2
21.53464918094687,1,13,2
21.609451574040577,6,13,2
21.61064806696959,3,13,2
21.612612242111936,7,13,2
21.614674458978698,11,13,2
21.615722568007186,5,13,2
27.41134461015463,10,0,1
27.412152883131057,2,0,1
27.517456985078752,4,0,1
27.522400082089007,8,0,1
27.53270072909072,1,0,1
27.6052774800919,6,0,1
27.60624361713417,3,0,1
27.60816626995802,11,0,1
27.61300355498679,5,0,1
27.613761916058138,7,0,1
27.706049954984337,13,0,1
27.807190681109205,9,0,1
27.81127566494979,0,1,1
27.825172401964664,12,0,1
27.82820638595149,9,1,1
27.845379804028198,12,1,1
27.914193999953568,2,1,1
27.914939380949363,10,1,1
28.024391228100285,8,1,1
28.025528399972245,4,1,1
28.03248252416961,1,4,1
28.116517283022404,5,1,1
28.11761514400132,3,1,1
28.11864668317139,6,1,1
28.11966437101364,11,1,1
28.12077127210796,7,1,1
28.141568660968915,6,4,1
28.142608779948205,5,4,1
28.143617218127474,3,4,1
28.144651046022773,7,4,1
28.145884721074253,11,4,1
28.213551705004647,13,1,1
28.234039274975657,13,4,1
28.306398920016363,9,4,1
28.315416170982644,0,4,1
28.325362137984484,12,4,1
28.41374072805047,10,4,1
28.41475952696055,2,4,1
28.521314362995327,8,4,1
28.91271660104394,10,2,1
29.023942606989294,8,2,1
29.024721038993448,4,2,1
29.035584251163527,1,2,1
29.11577697400935,7,2,1
29.116601817077026,3,2,1
29.11735301814042,6,2,1
29.12007426400669,5,2,1
29.121533334022388,11,2,1
29.20961982710287,13,2,1
29.312843131134287,9,2,1
29.31364508299157,0,2,1
29.32469113008119,12,2,1
29.524277847027406,8,3,1
29.526932571083307,4,3,1
29.533564985962585,1,3,1
29.614062257111073,6,3,1
29.614856438944116,7,3,1
29.617929904954508,5,3,1
29.618701396044344,11,3,1
29.714593676151708,13,3,1
29.80878984904848,9,3,1
29.812350637977943,0,3,1
29.8239680910483,12,3,1
29.91383806313388,2,3,1
29.914649286074564,10,3,1
30.03329581907019,1,12,2
30.053821111097932,1,10,2
30.12066822196357,3,12,2
30.12164483894594,11,12,2
30.122380590066314,7,12,2
30.123090939130634,6,12,2
30.12379897898063,5,12,2
30.15003392007202,7,10,2
30.150838792091236,6,10,2
30.151633534114808,11,10,2
30.152422696119174,3,10,2
30.15325157903135,5,10,2
30.213083865121007,13,12,2
30.23419149313122,13,10,2
30.253923292038962,13,11,2
30.2704038110096,13,5,1
30.30989653011784,9,12,2
30.311706401174888,0,12,2
30.324850457021967,12,10,2
30.332610363140702,0,10,2
30.33335361396894,9,10,2
30.345134002156556,12,11,2
30.353691060096025,9,11,2
30.354406730039045,0,11,2
30.36445098905824,12,5,1
30.371182087110355,9,5,1
30.372479763114825,0,5,1
30.413106983993202,10,12,2
30.413903855951503,2,12,2
30.435732753947377,10,11,2
30.436490605119616,2,10,2
30.457329895114526,2,11,2
30.458665373036638,10,5,1
30.47306057298556,2,5,1
30.524004582082853,8,12,2
30.524747792165726,4,12,2
30.53108333912678,1,11,2
30.548117242986336,8,10,2
30.548845783108845,4,10,2
30.551433915970847,1,5,1
30.57111783302389,4,11,2
30.57184719410725,1,9,1
30.572558964136988,8,11,2
30.59115248103626,4,5,1
30.591907171998173,1,6,1
30.592619052156806,8,5,1
30.612443384015933,4,9,1
30.61485071107745,8,9,1
30.62026873207651,5,11,2
30.62102857301943,7,11,2
30.621739203110337,11,5,1
30.62244832306169,3,11,2
30.62315447209403,6,11,2
30.647844720166177,7,5,1
30.64856093004346,6,5,1
30.649316760944203,5,9,1
30.650023990077898,11,9,1
30.650726119987667,3,5,1
30.685771265998483,7,9,1
30.69493175111711,3,9,1
30.69654261507094,11,6,1
30.69729812606238,5,6,1
30.69895648304373,6,9,1
30.704208749113604,7,6,1
30.715060741174966,3,6,1
30.717624271987006,13,9,1
30.735887760994956,13,6,1
30.75238890107721,13,7,1
30.808954945066944,9,6,1
30.81282976316288,0,9,1
30.821747112087905,12,9,1
30.834282871102914,0,6,1
30.835011221002787,9,7,1
30.842464277986437,12,6,1
30.855855660978705,9,8,1
30.85660232207738,0,7,1
30.86150067811832,12,7,1
30.87458102311939,0,8,1
30.876592417946085,12,8,1
30.911714136134833,2,9,1
30.912464917171746,10,9,1
30.934956224169582,10,6,1
30.935695874039084,2,6,1
30.956508063012734,2,7,1
30.957264984957874,10,7,1
30.974736771080643,10,8,1
30.975492562167346,2,8,1
31.020122274989262,4,6,1
31.020875356160104,8,6,1
31.03610692010261,1,7,1
31.038986359955743,8,7,1
31.039701519999653,4,7,1
31.056309482082725,4,8,1
31.057629588991404,1,8,1
31.10345176514238,3,7,1
31.10423368611373,6,7,1
31.10500724799931,7,8,1
31.11719183716923,5,7,1
31.118122473126277,11,7,1
31.119521702174097,3,8,1
31.120275773108006,6,8,1
31.13599061104469,5,8,1
31.13674001209438,11,8,1
31.212974564172328,13,8,1
31.30838725110516,0,13,2
31.30941338906996,9,13,2
31.32454427005723,12,13,2
31.40932749095373,2,13,2
31.41371612297371,10,13,2
31.52166576916352,4,13,2
31.5229874860961,8,13,2
31.532826180104166,1,13,2
31.608938008081168,6,13,2
31.609689838951454,3,13,2
31.61141842813231,7,13,2
31.61403221008368,11,13,2
31.61477531096898,5,13,2
37.41469279816374,2,0,1
37.416017604991794,10,0,1
37.522915952140465,8,0,1
37.524003002094105,4,0,1
37.53269857401028,1,0,1
37.61219145799987,6,0,1
37.61411026096903,7,0,1
37.61488202307373,3,0,1
37.61645106598735,11,0,1
37.61827314714901,5,0,1
37.71360056102276,13,0,1
37.8094220389612,9,0,1
37.810605752049014,0,1,1
37.8232590041589,12,0,1
37.83643368096091,9,1,1
37.844246719032526,12,1,1
37.91299375309609,2,1,1
37.91432472015731,10,1,1
38.023307325085625,8,1,1
38.02405231515877,4,1,1
38.03196904598735,1,4,1
38.114360890118405,6,1,1
38.115173981990665,7,1,1
38.11590233305469,3,1,1
38.11935857916251,5,1,1
38.121012954972684,11,1,1
38.144169020000845,6,4,1
38.145033193985,3,4,1
38.14579521515407,7,4,1
38.14650602499023,5,4,1
38.14721915498376,11,4,1
38.21364085399546,13,1,1
38.23311786609702,13,4,1
38.30235530412756,9,4,1
38.31557184201665,0,4,1
38.324935663025826,12,4,1
38.41266610613093,10,4,1
38.41345527814701,2,4,1
38.5223144791089,8,4,1
38.9120339800138,10,2,1
39.02380829304457,8,2,1
39.025230792118236,4,2,1
39.03613965609111,1,2,1
39.10201826994307,6,2,1
39.111696490086615,7,2,1
39.11364870402031,11,2,1
39.11415355815552,5,2,1
39.11628514714539,3,2,1
39.20616447995417,13,2,1
39.29953875998035,9,2,1
39.30542024411261,0,2,1
39.31650886312127,12,2,1
39.52290504006669,4,3,1
39.52437443099916,8,3,1
39.534108801046386,1,3,1
39.61399692599662,6,3,1
39.61476195696741,7,3,1
39.618415768956766,5,3,1
39.6197236450389,11,3,1
39.715017708949745,13,3,1
39.80428217398003,9,3,1
39.81069859303534,0,3,1
39.82661231607199,12,3,1
39.91391606698744,2,3,1
39.91479624202475,10,3,1
40.03622270305641,1,12,2
40.11917680199258,3,12,2
40.119810739997774,7,12,2
40.120362624991685,6,12,2
40.12144467514008,11,12,2
40.121992700966075,5,12,2
40.14902484416962,11,10,2
40.149796795099974,3,10,2
40.150570356985554,7,10,2
40.15128425695002,6,10,2
40.15199381601997,5,10,2
40.21356790116988,13,12,2
40.2353649281431,13,10,2
40.25420948211104,13,11,2
40.269767065066844,13,5,1
40.31127893202938,9,12,2
40.31703230203129,0,12,2
40.32738335011527,12,10,2
40.33539379294962,9,10,2
40.33898291294463,0,10,2
40.3500745119527,12,11,2
40.35484802513383,9,11,2
40.35721670999192,0,11,2
40.3728131451644,9,5,1
40.37421414395794,12,5,1
40.37493717414327,0,5,1
40.414284530095756,2,12,2
40.415280987042934,10,12,2
40.438181535108015,2,10,2
40.438922306057066,10,11,2
40.459434467135,10,5,1
40.46016881708056,2,11,2
40.47472652303986,2,5,1
40.524007155094296,4,12,2
40.52480298699811,8,12,2
40.53208376001567,1,10,2
40.54912502411753,8,10,2
40.54986710497178,4,10,2
40.55323194898665,1,11,2
40.572791553102434,4,11,2
40.57353421417065,8,11,2
40.574245654046535,1,5,1
40.59220530395396,1,9,1
40.592992695979774,8,5,1
40.59371457598172,4,5,1
40.61169126606546,1,6,1
40.61810890515335,3,11,2
40.61884843604639,7,11,2
40.619560555089265,6,11,2
40.62026843498461,11,5,1
40.6215949121397,5,11,2
40.647654727101326,7,5,1
40.648600144078955,6,5,1
40.64934565499425,3,5,1
40.65007470501587,11,9,1
40.65087284706533,5,9,1
40.68842014297843,7,9,1
40.68935092911124,3,9,1
40.69009029911831,11,6,1
40.69080956908874,6,9,1
40.70032946509309,5,6,1
40.70126252109185,7,6,1
40.70971878594719,3,6,1
40.719340834068134,13,9,1
40.74131382605992,13,6,1
40.761619181139395,13,7,1
40.797855330165476,9,6,1
40.81819086614996,0,9,1
40.82097096298821,12,9,1
40.82283477601595,9,7,1
40.84028433216736,12,6,1
40.841473715147,0,6,1
40.84542655502446,9,8,1
40.857665185118094,12,7,1
40.86026857816614,0,7,1
40.87541253003292,0,8,1
40.87589556304738,12,8,1
40.91098935995251,10,9,1
40.911349130095914,2,9,1
40.933896258007735,10,6,1
40.93423604709096,2,6,1
40.95522231212817,10,7,1
40.95596128213219,2,7,1
40.97293352498673,2,8,1
40.97425622213632,10,8,1
41.0186243171338,8,9,1
41.019369028043,4,9,1
41.02951973094605,1,7,1
41.03754450404085,8,6,1
41.03826565411873,4,6,1
41.045603848062456,1,8,1
41.05606696009636,4,7,1
41.056798780104145,8,7,1
41.07148312916979,4,8,1
41.10564870014787,7,8,1
41.10704008908942,3,7,1
41.1078759720549,6,7,1
41.113468697993085,5,7,1
41.11422455916181,11,7,1
41.118391135009006,3,8,1
41.12882217601873,6,8,1
41.13164841406979,11,8,1
41.13240754511207,5,8,1
41.212849725969136,13,8,1
41.309800195042044,0,13,2
41.31065447907895,9,13,2
41.316174522042274,12,13,2
41.40948299015872,10,13,2
41.41025572200306,2,13,2
41.521894450997934,4,13,2
41.52364475908689,8,13,2
41.533345479052514,1,13,2
41.61100249201991,6,13,2
41.611944168107584,3,13,2
41.61277987109497,7,13,2
41.614276223117486,5,13,2
41.61510749603622,11,13,2
47.41163751599379,10,0,1
47.41241264715791,2,0,1
47.527673337142915,8,0,1
47.5284309880808,4,0,1
47.532243544002995,1,0,1
47.604971789056435,6,0,1
47.61152860196307,3,0,1
47.612281473120674,7,0,1
47.615899694152176,11,0,1
47.617151499027386,5,0,1
47.7184255591128,13,0,1
47.80711331916973,9,0,1
47.811615254031494,0,1,1
47.82415098301135,12,0,1
47.827425364172086,9,1,1
47.84569479315542,12,1,1
47.913389028050005,10,1,1
47.91417543007992,2,1,1
48.027939048130065,8,1,1
48.02874010009691,4,1,1
48.03357869503088,1,4,1
48.114901279099286,7,1,1
48.115856506163254,6,1,1
48.1169850169681,3,1,1
48.11996806017123,5,1,1
48.12072008103132,11,1,1
48.143768802983686,5,4,1
48.14530105609447,7,4,1
48.14604680612683,11,4,1
48.146779627073556,6,4,1
48.14750458695926,3,4,1
48.214329708134755,13,1,1
48.235685392981395,13,4,1
48.30520744808018,9,4,1
48.307961384998634,0,4,1
48.323919610120356,12,4,1
48.41311911307275,10,4,1
48.4143590379972,2,4,1
48.52128704614006,8,4,1
48.9114444500301,10,2,1
49.02378380903974,8,2,1
49.02458022115752,4,2,1
49.03357765101828,1,2,1
49.11546721216291,6,2,1
49.116774637950584,3,2,1
49.117672553053126,7,2,1
49.11997521715239,5,2,1
49.1214280880522,11,2,1
49.21387187205255,13,2,1
49.30403224308975,9,2,1
49.30611248104833,0,2,1
49.318691871128976,12,2,1
49.526105836965144,8,3,1
49.52715929597616,4,3,1
49.52817326411605,1,3,1
49.61425669095479,6,3,1
49.615331060951576,7,3,1
49.61876544705592,11,3,1
49.61996686109342,5,3,1
49.71406695106998,13,3,1
49.80699019902386,9,3,1
49.81526325899176,0,3,1
49.82617269316688,12,3,1
49.91386172408238,2,3,1
49.91463707596995,10,3,1
50.032494737999514,1,12,2
50.12068855413236,3,12,2
50.12154292804189,7,12,2
50.12227196805179,6,12,2
50.123657637042925,11,12,2
50.124376447172835,5,12,2
50.15028743795119,3,10,2
50.15122683509253,6,10,2
50.1520526681561,5,10,2
50.15285111009143,7,10,2
50.15369022311643,11,10,2
50.21350687905215,13,12,2
50.23521408298984,13,10,2
50.255802577128634,13,11,2
50.272277476033196,13,5,1
50.30631249304861,9,12,2
50.31557735102251,0,12,2
50.327367519028485,9,10,2
50.32873910712078,12,10,2
50.33826775313355,0,10,2
50.349172867136076,9,11,2
50.35053040413186,12,11,2
50.35692856297828,0,11,2
50.366500759031624,9,5,1
50.37077088817023,12,5,1
50.37281195516698,0,5,1
50.40791654307395,2,12,2
50.41209185915068,10,12,2
50.42406823299825,2,10,2
50.43218952813186,10,11,2
50.439772660145536,2,11,2
50.45429570414126,10,5,1
50.45606914302334,2,5,1
50.51888479315676,8,12,2
50.522747999988496,4,12,2
50.53314030007459,1,10,2
50.543240341125056,8,10,2
50.54427678999491,4,10,2
50.55870589194819,1,11,2
50.56389429606497,8,11,2
50.56464593694545,4,11,2
50.5828980950173,4,5,1
50.5836923669558,1,5,1
50.58443365804851,8,5,1
50.59364463505335,4,6,1
50.61416097613983,8,6,1
50.6146647001151,1,6,1
50.61810902599245,6,11,2
50.619328590109944,5,11,2
50.61992802703753,11,5,1
50.62051479308866,7,11,2
50.62083944212645,3,11,2
50.627079596044496,1,9,1
50.64814203209244,6,5,1
50.6484847611282,11,6,1
50.6488339509815,3,5,1
50.64917417103425,7,5,1
50.64950480009429,5,6,1
50.702304310165346,6,9,1
50.702935978071764,3,6,1
50.70349035295658,5,9,1
50.70403921906836,7,6,1
50.704615314956754,11,9,1
50.71830609603785,7,9,1
50.71909756795503,3,9,1
50.721894606016576,13,6,1
50.73968686116859,13,9,1
50.78829924506135,13,7,1
50.80237967707217,9,6,1
50.81714959908277,0,6,1
50.819468283094466,12,6,1
50.82033266709186,9,7,1
50.83055196213536,12,9,1
50.83783503505401,9,8,1
50.84104218403809,0,9,1
50.8430696001742,12,7,1
50.8542364211753,12,8,1
50.86164541798644,0,7,1
50.87748975912109,0,8,1
50.91441221698187,2,6,1
50.91520979907364,10,6,1
50.93506408203393,2,9,1
50.93610566109419,10,9,1
50.95668305410072,10,7,1
50.95747502706945,2,7,1
50.97449666005559,10,8,1
50.974968823138624,2,8,1
51.01881879498251,8,9,1
51.01974538015202,4,9,1
51.02624415117316,1,7,1
51.03899299609475,8,7,1
51.03976905811578,1,8,1
51.04051105910912,4,7,1
51.05620518606156,4,8,1
51.10576992598362,3,7,1
51.10671015200205,7,8,1
51.10748009313829,6,7,1
51.1082619051449,11,7,1
51.11356554296799,5,7,1
51.12807420711033,3,8,1
51.12891881004907,11,8,1
51.12975201406516,5,8,1
51.130889415042475,6,8,1
51.213625009171665,13,8,1
51.30824925401248,0,13,2
51.30948131904006,9,13,2
51.321146643022075,12,13,2
51.409962706966326,10,13,2
51.41076604905538,2,13,2
51.52371365507133,8,13,2
51.52459266898222,4,13,2
51.536216272972524,1,13,2
51.60113199008629,6,13,2
51.606937122065574,3,13,2
51.610707137035206,11,13,2
51.612766944104806,7,13,2
51.6135531461332,5,13,2
57.40956074511632,10,0,1
57.41036052699201,2,0,1
57.52234704606235,4,0,1
57.5240219430998,8,0,1
57.53295178106055,1,0,1
57.612406393978745,7,0,1
57.61321915616281,6,0,1
57.613942987052724,3,0,1
57.61640601512045,11,0,1
57.617463055066764,5,0,1
57.71386096905917,13,0,1
57.80712622706778,9,0,1
57.81292808800936,0,1,1
57.82560395100154,12,0,1
57.82899719616398,9,1,1
57.84402011404745,12,1,1
57.91284260107204,2,1,1
57.91361826215871,10,1,1
58.02338985004462,8,1,1
58.02446850016713,4,1,1
58.03152576601133,1,4,1
58.112679596059024,6,1,1
58.11397257214412,3,1,1
58.11515577509999,7,1,1
58.120401081163436,11,1,1
58.12193169398233,5,1,1
58.13162788399495,7,4,1
58.138718421105295,6,4,1
58.13944829208776,3,4,1
58.14253986813128,5,4,1
58.14326590811834,11,4,1
58.21363132703118,13,1,1
58.23424392216839,13,4,1
58.311826921999454,0,4,1
58.312582383165136,9,4,1
58.32478531310335,12,4,1
58.412721692118794,2,4,1
58.413911985000595,10,4,1
58.52415154501796,8,4,1
58.91270137601532,10,2,1
59.02437462611124,4,2,1
59.02549688704312,8,2,1
59.03300695610233,1,2,1
59.10747374012135,7,2,1
59.11426596902311,6,2,1
59.1150974330958,3,2,1
59.117505999980494,11,2,1
59.11889318795875,5,2,1
59.213567005004734,13,2,1
59.312544360989705,0,2,1
59.31334568397142,9,2,1
59.32604455715045,12,2,1
59.52514674211852,4,3,1
59.52600367600098,8,3,1
59.53476032009348,1,3,1
59.606587960151955,7,3,1
59.6081968951039,6,3,1
59.61791063612327,5,3,1
59.61922897212207,11,3,1
59.71376517508179,13,3,1
59.799155042972416,9,3,1
59.804492792114615,0,3,1
59.81635703216307,12,3,1
59.906942185014486,10,3,1
59.90737250703387,2,3,1
60.03260095510632,1,12,2
60.11834068200551,7,12,2
60.11956802709028,3,12,2
60.120572244981304,6,12,2
60.1216516350396,11,12,2
60.122906810138375,5,12,2
60.14812172204256,7,10,2
60.14918367099017,6,10,2
60.15016202908009,3,10,2
60.15116792614572,11,10,2
60.15229492797516,5,10,2
60.21344597102143,13,12,2
60.23537889216095,13,10,2
60.25443845312111,13,11,2
60.27023541298695,13,5,1
60.30981425498612,9,12,2
60.314911337103695,0,12,2
60.3288442150224,12,10,2
60.33496065507643,9,10,2
60.338727600174025,0,10,2
60.34907486801967,12,11,2
60.3564485241659,9,11,2
60.3579792061355,0,11,2
60.3677992799785,12,5,1
60.374570788117126,9,5,1
60.37507758196443,0,5,1
60.413201864110306,10,12,2
60.41444956907071,2,12,2
60.435536165954545,10,11,2
60.4361004519742,2,10,2
60.457296112086624,10,5,1
60.458024952095,2,11,2
60.47353471396491,2,5,1
60.51702897599898,8,12,2
60.52579369000159,4,12,2
60.53457576408982,1,10,2
60.53769514197484,8,10,2
60.54895376507193,4,10,2
60.556782213039696,8,11,2
60.55762616614811,1,11,2
60.57410473516211,4,11,2
60.57492871815339,8,5,1
60.57741587702185,1,5,1
60.59395598806441,1,6,1
60.595168952131644,4,5,1
60.619040976976976,1,9,1
60.61989467102103,7,11,2
60.620625691022724,11,5,1
60.621379322139546,3,11,2
60.622094442136586,6,11,2
60.62280978215858,5,11,2
60.63170801009983,11,6,1
60.645457852166146,7,5,1
60.646190183004364,5,6,1
60.64691271306947,11,9,1
60.647630312945694,3,5,1
60.65059024607763,6,5,1
60.66430922807194,7,6,1
60.685630321037024,3,6,1
60.691453514155,5,9,1
60.6929075140506,7,9,1
60.69447044795379,6,9,1
60.70043011312373,3,9,1
60.7155673049856,13,6,1
60.733889454975724,13,9,1
60.75317015196197,13,7,1
60.81117833801545,9,6,1
60.81251777498983,0,6,1
60.82477766601369,12,6,1
60.83230771613307,0,9,1
60.834296212065965,9,7,1
60.843476176960394,12,9,1
60.853956958977506,0,7,1
60.854683759156615,9,8,1
60.863538216101006,12,7,1
60.86968479701318,0,8,1
60.87916688108817,12,8,1
60.91370832314715,2,6,1
60.91445990395732,10,6,1
60.93434909800999,2,9,1
60.93509736913256,10,9,1
60.95614864514209,2,7,1
60.95686510507949,10,7,1
60.9742092480883,10,8,1
60.974760783137754,2,8,1
61.02006056508981,4,6,1
61.020952549995854,8,6,1
61.03201466798782,1,7,1
61.03698978712782,8,9,1
61.03781197895296,4,9,1
61.05257728113793,1,8,1
61.05513404216617,8,7,1
61.055952704977244,4,7,1
61.06998462509364,4,8,1
61.10475377412513,7,8,1
61.10534969996661,3,7,1
61.10574439098127,6,7,1
61.11183129111305,11,7,1
61.11773536517285,3,8,1
61.11842927499674,5,7,1
61.129018428968266,11,8,1
61.13006409909576,6,8,1
61.134537243051454,5,8,1
61.21312698209658,13,8,1
61.30883171712048,0,13,2
61.311252244981006,9,13,2
61.32086087204516,12,13,2
61.4097735080868,10,13,2
61.41052486910485,2,13,2
61.52197724301368,4,13,2
61.5230882440228,8,13,2
61.533199636032805,1,13,2
61.61063577304594,6,13,2
61.6115482179448,3,13,2
61.612433172995225,7,13,2
61.61399266612716,5,13,2
61.61486263014376,11,13,2
67.41162677505054,2,0,1
67.41246600798331,10,0,1
67.52185243507847,8,0,1
67.5226353770122,4,0,1
67.5312370560132,1,0,1
67.61219398095272,7,0,1
67.61302325408906,6,0,1
67.61375394416973,3,0,1
67.61616511107422,5,0,1
67.61696941405535,11,0,1
67.71370325796306,13,0,1
67.80404852400534,9,0,1
67.81442079297267,0,1,1
67.82455899612978,9,1,1
67.8253865391016,12,0,1
67.84658277896233,12,1,1
67.91268123011105,2,1,1
67.91347786202095,10,1,1
68.02324491902255,8,1,1
68.02464162814431,4,1,1
68.0322918810416,1,4,1
68.11534261517227,3,1,1
68.1161553170532,7,1,1
68.11697251000442,6,1,1
68.11770842107944,11,1,1
68.11846559215337,5,1,1
68.14442845410667,11,4,1
68.14532749005593,6,4,1
68.14606186002493,3,4,1
68.14678050996736,5,4,1
68.14751389110461,7,4,1
68.21486299601384,13,1,1
68.23442419106141,13,4,1
68.30543426913209,9,4,1
68.31491937302053,0,4,1
68.32523599010892,12,4,1
68.41261364403181,2,4,1
68.41342205600813,10,4,1
68.52090328000486,8,4,1
68.91130189294927,10,2,1
69.02320451010019,8,2,1
69.02496065897867,4,2,1
69.03331033117138,1,2,1
69.1147456499748,6,2,1
69.11552282096818,3,2,1
69.11628904310055,7,2,1
69.11803239095025,11,2,1
69.11884701414965,5,2,1
69.2137957981322,13,2,1
69.30806479416788,9,2,1
69.31229844200425,0,2,1
69.3255432411097,12,2,1
69.52364412811585,8,3,1
69.52685327804647,4,3,1
69.53369319811463,1,3,1
69.61138394195586,6,3,1
69.61345258913934,7,3,1
69.61725561507046,11,3,1
69.61864130408503,5,3,1
69.71465694811195,13,3,1
69.80839650915004,9,3,1
69.81285317311995,0,3,1
69.82653725403361,12,3,1
69.91393286804669,2,3,1
69.9147496810183,10,3,1
70.03283025999554,1,12,2
70.11945777316578,6,12,2
70.1209236329887,7,12,2
70.1214970590081,3,12,2
70.12204212509096,11,12,2
70.12457563495263,5,12,2
70.13997987401672,7,10,2
70.14076048601419,6,10,2
70.14166824100539,11,10,2
70.14528703200631,3,10,2
70.14920274098404,5,10,2
70.21563064097427,13,12,2
70.23578853299841,13,10,2
70.25445446302183,13,5,1
70.27005762699991,13,11,2
70.30317584006116,9,12,2
70.30582460295409,0,12,2
70.32237833505496,9,10,2
70.32337088207714,0,10,2
70.32385269599035,12,10,2
70.33850265410729,0,5,1
70.33944971999153,9,5,1
70.33989668311551,12,5,1
70.3543975960929,0,11,2
70.35525280004367,9,11,2
70.35585346701555,12,11,2
70.4060464950744,2,12,2
70.40647527715191,10,12,2
70.420941069955,10,5,1
70.42171212099493,2,10,2
70.43519458710216,2,5,1
70.43555977707729,10,11,2
70.44688015198335,2,11,2
70.52023544511758,8,12,2
70.52634150511585,4,12,2
70.53353728610091,1,10,2
70.54561826214194,8,10,2
70.54865198698826,4,10,2
70.5506530131679,1,5,1
70.57031074003316,1,11,2
70.57184025202878,8,5,1
70.57263448508456,4,5,1
70.58087278413586,1,6,1
70.59135040617548,8,11,2
70.59215619810857,1,9,1
70.59291335917078,4,11,2
70.61962852417491,8,6,1
70.62100385199301,6,5,1
70.62224215595052,4,6,1
70.62333015701734,3,5,1
70.62438866612501,7,5,1
70.62547777616419,11,5,1
70.62648011394776,5,11,2
70.63240631995723,6,11,2
70.64842132595368,7,11,2
70.65063887811266,6,9,1
70.65175594901666,3,11,2
70.65295973210596,5,6,1
70.65386858698912,11,6,1
70.69843337801285,7,6,1
70.6989942539949,11,9,1
70.69955631997436,3,6,1
70.70531061012298,5,9,1
70.71737489616498,3,9,1
70.71812303713523,7,9,1
70.72003666008823,13,6,1
70.740065488033,13,9,1
70.75788046396337,13,7,1
70.81060478300788,9,6,1
70.81422384409234,0,6,1
70.82398098497652,12,6,1
70.83374929707497,0,9,1
70.83447522809729,9,7,1
70.84241667902097,12,9,1
70.85407435405068,9,8,1
70.85479252412915,0,7,1
70.86226652213372,12,7,1
70.86995259602554,0,8,1
70.87780697504058,12,8,1
70.91428389004432,10,6,1
70.91561874817125,2,6,1
70.93616926996037,10,9,1
70.93695325194858,2,9,1
70.95786887407303,10,7,1
70.95859617507085,2,7,1
70.97542933304794,2,8,1
70.97615507408045,10,8,1
71.01793997804634,8,9,1
71.01878959103487,4,9,1
71.03594343899749,1,7,1
71.03692160616629,4,7,1
71.03773466916755,8,7,1
71.05538340006024,4,8,1
71.05620283307508,1,8,1
71.1092172099743,3,7,1
71.10998306097463,7,8,1
71.11080914409831,6,7,1
71.11153020407073,11,7,1
71.112243414158,5,7,1
71.12867509201169,3,8,1
71.12931071897037,5,8,1
71.12999878800474,11,8,1
71.13075582007878,6,8,1
71.21598362410441,13,8,1
71.30871867598034,9,13,2
71.31294970400631,0,13,2
71.32438379316591,12,13,2
71.40955050499178,10,13,2
71.41031800606288,2,13,2
71.52191104413942,4,13,2
71.52316160895862,8,13,2
71.53492426709272,1,13,2
71.60483502410352,3,13,2
71.6057502690237,6,13,2
71.6098989250604,7,13,2
71.6131335850805,5,13,2
71.61360602802597,11,13,2
77.4114279160276,10,0,1
77.41224239906296,2,0,1
77.52180314995348,8,0,1
77.52326225116849,4,0,1
77.53343220404349,1,0,1
77.61225661006756,7,0,1
77.6130688530393,6,0,1
77.61381011316553,3,0,1
77.61610856815241,5,0,1
77.617970649153,11,0,1
77.71683819312602,13,0,1
77.80470389104448,9,0,1
77.81349218497053,0,1,1
77.82477467996068,9,1,1
77.8258994910866,12,0,1
77.84559361007996,12,1,1
77.91269264812581,10,1,1
77.91346294013783,2,1,1
78.02355569717474,8,1,1
78.02473071916029,4,1,1
78.03489796211943,1,4,1
78.11359421396628,3,1,1
78.11444066814147,6,1,1
78.11698442907073,7,1,1
78.11791506502777,5,1,1
78.11901216511615,11,1,1
78.14254586095922,3,4,1
78.14334587310441,5,4,1
78.14411346404813,7,4,1
78.14483277406543,6,4,1
78.14561478607357,11,4,1
78.21399468113668,13,1,1
78.23463075608015,13,4,1
78.3062177801039,9,4,1
78.31477449811064,0,4,1
78.32408000715077,12,4,1
78.4132269800175,10,4,1
78.41398240113631,2,4,1
78.52157669817097,8,4,1
78.91263139108196,10,2,1
79.02415303699672,8,2,1
79.02499607112259,4,2,1
79.03564085694961,1,2,1
79.11284029716626,3,2,1
79.11626275302842,6,2,1
79.11743121617474,7,2,1
79.11958131496795,11,2,1
79.12233657203615,5,2,1
79.2159382191021,13,2,1
79.31351655698381,9,2,1
79.31434602104127,0,2,1
79.32409352203831,12,2,1
79.52457989612594,4,3,1
79.52635599602945,8,3,1
79.53363475808874,1,3,1
79.6112938420847,6,3,1
79.61621579900384,7,3,1
79.61761221801862,11,3,1
79.62254278501496,5,3,1
79.71407274412923,13,3,1
79.80845895409584,9,3,1
79.81419330299832,0,3,1
79.8249648429919,12,3,1
79.91433779313229,2,3,1
79.91510164411739,10,3,1
80.02460922417231,1,12,2
80.11098194005899,6,12,2
80.12030613003299,11,12,2
80.12180464202538,3,12,2
80.12465778109618,7,12,2
80.1254375630524,5,12,2
80.12712553003803,6,10,2
80.14885556511581,3,10,2
80.14959843596444,11,10,2
80.15313108405098,5,10,2
80.15385137405246,7,10,2
80.21304927300662,13,12,2
80.23322053509764,13,10,2
80.25257021398284,13,5,1
80.26819267915562,13,11,2
80.31252016406506,0,12,2
80.31340616894886,9,12,2
80.32405076501891,12,10,2
80.33541824202985,0,10,2
80.33616325212643,9,10,2
80.34404271212406,12,5,1
80.35569589701481,0,5,1
80.35654997010715,9,5,1
80.36378407198936,12,11,2
80.37307667103596,9,11,2
80.37439689808525,0,11,2
80.41310648596846,10,12,2
80.41439910209738,2,12,2
80.43747724499553,2,10,2
80.4382350561209,10,5,1
80.4599741010461,10,11,2
80.46071257209405,2,5,1
80.47805135510862,2,11,2
80.52360690408386,8,12,2
80.52631919900887,4,12,2
80.53685881313868,1,10,2
80.54637869796716,4,10,2
80.54712065914646,8,10,2
80.56016428209841,1,5,1
80.5675745580811,8,5,1
80.56829900899902,4,5,1
80.5866001280956,4,11,2
80.58733302913606,1,11,2
80.58804643899202,8,11,2
80.61955897603184,1,6,1
80.62176380795427,3,5,1
80.62270804401487,6,5,1
80.62328109005466,11,5,1
80.6238189151045,7,5,1
80.62435401999392,5,11,2
80.63156106113456,1,9,1
80.6505530399736,3,11,2
80.65109656495042,6,11,2
80.65163385006599,11,6,1
80.65289253508672,5,6,1
80.65345674101263,7,11,2
80.69146655010991,11,9,1
80.69222397101112,6,9,1
80.69301444315352,3,6,1
80.69377266406082,7,6,1
80.69448726298288,5,9,1
80.7111197069753,3,9,1
80.71251094597392,7,9,1
80.71488157217391,13,6,1
80.73275383003056,13,9,1
80.75236739614047,13,7,1
80.80000984296203,9,6,1
80.81547952396795,9,7,1
80.8162311851047,0,6,1
80.8170610179659,12,6,1
80.83189178095199,0,9,1
80.83263854216784,9,8,1
80.83338660304435,12,9,1
80.84528280398808,12,7,1
80.8460291151423,0,7,1
80.85863038594835,0,8,1
80.85937490616925,12,8,1
80.90662319306284,2,6,1
80.90737149305642,10,6,1
80.92124753003009,10,9,1
80.92199533106759,2,9,1
80.93529460113496,10,7,1
80.9360454720445,2,7,1
80.94938989402726,2,8,1
80.9501232940238,10,8,1
81.02378336596303,4,6,1
81.02453471696936,8,6,1
81.02919873711653,1,7,1
81.04677790612914,1,8,1
81.04751789709553,4,9,1
81.04823667695746,8,9,1
81.06378189008683,4,7,1
81.07055176910944,8,7,1
81.0783024141565,4,8,1
81.10528817609884,3,7,1
81.10616175108589,7,8,1
81.10689053102396,6,7,1
81.11232900200412,5,7,1
81.11628161207773,3,8,1
81.1186044269707,11,7,1
81.12553489999846,5,8,1
81.12670806306414,6,8,1
81.1348693901673,11,8,1
81.2137127770111,13,8,1
81.3081150460057,9,13,2
81.31087690312415,0,13,2
81.32005067798309,12,13,2
81.40926576405764,2,13,2
81.41003555501811,10,13,2
81.52293624007143,4,13,2
81.5237120911479,8,13,2
81.53663165098988,1,13,2
81.60981314000674,6,13,2
81.6105874821078,3,13,2
81.61300606909208,7,13,2
81.61377167003229,11,13,2
81.61632824107073,5,13,2
87.41140370699577,10,0,1
87.41217792895623,2,0,1
87.52373682614416,8,0,1
87.52511109504849,4,0,1
87.53522278601304,1,0,1
87.61222640099004,7,0,1
87.61302263406105,6,0,1
87.61377175408415,3,0,1
87.61639813706279,11,0,1
87.61779285594821,5,0,1
87.71269557997584,13,0,1
87.80455277906731,9,0,1
87.81295819301158,0,1,1
87.82311568595469,12,0,1
87.82444864301942,9,1,1
87.84307964215986,12,1,1
87.91319244494662,2,1,1
87.91394489607774,10,1,1
88.02367296302691,8,1,1
88.02451347606257,4,1,1
88.03474764106795,1,4,1
88.1141888841521,7,1,1
88.11499998695217,6,1,1
88.11577939800918,3,1,1
88.1187856120523,5,1,1
88.12052894104272,11,1,1
88.14338008710183,7,4,1
88.14411284797825,3,4,1
88.14482623711228,5,4,1
88.14557092799805,11,4,1
88.14628448802978,6,4,1
88.21212892211042,13,1,1
88.23155304300599,13,4,1
88.31180089898407,9,4,1
88.31585537199862,0,4,1
88.32256883895025,12,4,1
88.41254421509802,10,4,1
88.41345113003626,2,4,1
88.52337718312629,8,4,1
88.9136250440497,10,2,1
89.02400155807845,8,2,1
89.02477396000177,4,2,1
89.0334577721078,1,2,1
89.11546702613123,6,2,1
89.11623702803627,3,2,1
89.11699454905465,7,2,1
89.11969466414303,5,2,1
89.1210927630309,11,2,1
89.2132829411421,13,2,1
89.31232068012469,9,2,1
89.31683301599696,0,2,1
89.32454941002652,12,2,1
89.52443723916076,4,3,1
89.52581237698905,8,3,1
89.53482303814963,1,3,1
89.61362095316872,6,3,1
89.61438894504681,7,3,1
89.61799129494466,5,3,1
89.61875816597603,11,3,1
89.71328026009724,13,3,1
89.80932117509656,9,3,1
89.81315811211243,0,3,1
89.82341127702966,12,3,1
89.9141348451376,10,3,1
89.91490734601393,2,3,1
90.03277016896755,1,12,2
90.1212918551173,7,12,2
90.1221858500503,6,12,2
90.1229280109983,3,12,2
90.12364867096767,5,12,2
90.12437422201037,11,12,2
90.15117449802347,3,10,2
90.15200860099867,7,10,2
90.15275948215276,6,10,2
90.1535392741207,11,10,2
90.15425714408047,5,10,2
90.21261099004187,13,12,2
90.23284434294328,13,10,2
90.2519963469822,13,11,2
90.26750466809608,13,5,1
90.31253900309093,9,12,2
90.31365304416977,0,12,2
90.32424840913154,12,10,2
90.33596459613182,9,10,2
90.33702757512219,0,10,2
90.34483338310383,12,11,2
90.3541472919751,9,11,2
90.35671860398725,0,11,2
90.3641890019644,12,5,1
90.3687106880825,9,5,1
90.38622300606221,0,5,1
90.41361992899328,10,12,2
90.41467357799411,2,12,2
90.43710747314617,10,11,2
90.4381559221074,2,10,2
90.45891159004532,2,11,2
90.45994439907372,10,5,1
90.47461493802257,2,5,1
90.51964962203056,8,12,2
90.52209611097351,4,12,2
90.53475443297066,1,10,2
90.54443886317313,4,10,2
90.54550465312786,8,10,2
90.5553286371287,1,11,2
90.56630212208256,4,11,2
90.56733934115618,8,11,2
90.57365190703422,1,5,1
90.58631764003076,8,5,1
90.5873668990098,4,5,1
90.58929045312107,1,6,1
90.61300350306556,1,9,1
90.62002068897709,7,11,2
90.62136858608574,11,5,1
90.6225212579593,6,11,2
90.62374524213374,3,11,2
90.62496583606116,5,11,2
90.64959973306395,6,5,1
90.65091371908784,5,6,1
90.65204650117084,11,6,1
90.65332390600815,7,5,1
90.65452332003042,3,5,1
90.68858518917114,6,9,1
90.68950116401538,7,6,1
90.69038781896234,5,9,1
90.69114245008677,11,9,1
90.69191288109869,3,6,1
90.70973908808082,7,9,1
90.71063495310955,3,9,1
90.71814504195936,13,6,1
90.73658392601646,13,9,1
90.75645899912342,13,7,1
90.8090538540855,9,6,1
90.81355914007872,0,6,1
90.82714193803258,12,6,1
90.83226543106139,9,7,1
90.83407536195591,0,9,1
90.8503270840738,9,8,1
90.85277410317212,12,9,1
90.85815840214491,0,7,1
90.87469276296906,12,7,1
90.87542045302689,0,8,1
90.89113929099403,12,8,1
90.91313240397722,10,6,1
90.91390598495491,2,6,1
90.93378040916286,10,9,1
90.93452598014846,2,9,1
90.95527069806121,10,7,1
90.95600400795229,2,7,1
90.97323319804855,10,8,1
90.97396948910318,2,8,1
91.01805863715708,8,6,1
91.018928630976,4,6,1
91.03090184507892,1,7,1
91.03308389498852,4,9,1
91.03474626108073,8,9,1
91.04695304203779,4,7,1
91.04743615514599,1,8,1
91.05212088604458,8,7,1
91.05828013713472,4,8,1
91.11020978400484,7,8,1
91.11076763900928,6,7,1
91.11132850497961,3,7,1
91.11181472800672,11,7,1
91.1158134599682,5,7,1
91.13137028296478,6,8,1
91.13183299615048,3,8,1
91.13230502908118,11,8,1
91.13274578098208,5,8,1
91.20602291310206,13,8,1
91.3043862329796,9,13,2
91.31054856511764,0,13,2
91.32099355501123,12,13,2
91.409855640959,2,13,2
91.4107665461488,10,13,2
91.52435597102158,4,13,2
91.52513437205926,8,13,2
91.53549497108907,1,13,2
91.60393082699738,3,13,2
91.6076877519954,6,13,2
91.60902065900154,7,13,2
91.61148978816345,11,13,2
91.61384228407405,5,13,2
97.41115725506097,10,0,1
97.41199132916518,2,0,1
97.52763976994902,8,0,1
97.5284304220695,4,0,1
97.53121560998261,1,0,1
97.61344778095372,7,0,1
97.61468380503356,6,0,1
97.61581166717224,3,0,1
97.61699410900474,5,0,1
97.61897940514609,11,0,1
97.71313148806803,13,0,1
97.80716097704135,9,0,1
97.81209249515086,0,1,1
97.82513649808243,12,0,1
97.82980299810879,9,1,1
97.84474863414653,12,1,1
97.91308969794773,2,1,1
97.91385868005455,10,1,1
98.02397913811728,4,1,1
98.02474798914045,8,1,1
98.03194877016358,1,4,1
98.11703908001073,7,1,1
98.11849954095669,6,1,1
98.1192962131463,3,1,1
98.12009076494724,5,1,1
98.12094902899116,11,1,1
98.14617687207647,5,4,1
98.14694171305746,11,4,1
98.14769577397965,6,4,1
98.14841064414941,3,4,1
98.14919438608922,7,4,1
98.21520319511183,13,1,1
98.23522469308227,13,4,1
98.30722386809066,9,4,1
98.31531207403168,0,4,1
98.32420065207407,12,4,1
98.41302651609294,2,4,1
98.4137986979913,10,4,1
98.52423467417248,8,4,1
98.91085692495108,10,2,1
99.02427773503587,8,2,1
99.0250936881639,4,2,1
99.03326896508224,1,2,1
99.11567643098533,7,2,1
99.11694092699327,3,2,1
99.11816615099087,6,2,1
99.12140435096808,5,2,1
99.12249236111529,11,2,1
99.21377385407686,13,2,1
99.31143750506453,9,2,1
99.312970637111,0,2,1
99.32640879205428,12,2,1
99.52462231414393,4,3,1
99.52602672297508,8,3,1
99.53490636101924,1,3,1
99.61104840203188,6,3,1
99.6142648709938,7,3,1
99.617745768046,5,3,1
99.61951123806648,11,3,1
99.71448978409171,13,3,1
99.8095736829564,9,3,1
99.81283459300175,0,3,1
99.82566223107278,12,3,1
99.91409371513873,10,3,1
99.9148520261515,2,3,1
100.12204043800011,5,12,2
100.12334277410991,7,12,2
100.12454517697915,3,12,2
100.12532112910412,11,12,2
100.1260383289773,6,12,2
100.15244937501848,6,10,2
100.15331013896503,3,10,2
100.15407199016772,5,10,2
100.15478997002356,7,10,2
100.15550406998955,11,10,2
100.21340740309097,13,12,2
100.23409644002095,13,10,2
100.25367779517546,13,11,2
100.26945581403561,13,5,1
100.29810035298578,9,12,2
100.31387075199746,9,10,2
100.31492459098808,0,12,2
100.32448587799445,12,10,2
100.33613993297331,9,11,2
100.33721094205976,0,10,2
100.34619923308492,12,11,2
100.35218764911406,9,5,1
100.35969837894663,0,11,2
100.36525239306502,12,5,1
100.3852405201178,0,5,1
100.40271538705565,2,12,2
100.41343411616981,10,12,2
100.41697779414244,2,10,2
100.4345280630514,10,11,2
100.4370159029495,2,11,2
100.45461513311602,2,5,1
100.45540232514031,10,5,1
100.52547558699735,8,12,2
100.52842330909334,4,12,2
100.53285252302885,1,12,2
100.55023115710355,8,10,2
100.55100372806191,4,10,2
100.55363284097984,1,10,2
100.5726311809849,4,11,2
100.57348395511508,8,11,2
100.57421121513471,1,11,2
100.59233577013947,4,5,1
100.59318836405873,8,5,1
100.59397648600861,1,5,1
100.62106322008185,1,6,1
100.6220990291331,3,11,2
100.62287903111428,7,11,2
100.62367519317195,11,5,1
100.62440146296285,6,11,2
100.62517081503756,5,11,2
100.63095767609775,1,9,1
100.6517879460007,6,5,1
100.6526643410325,3,5,1
100.65356754604727,5,6,1
100.65431210608222,7,5,1
100.65502712596208,11,6,1
100.6904908339493,6,9,1
100.69776379712857,11,9,1
100.69863804103807,3,6,1
100.6994854749646,5,9,1
100.70021244511008,7,6,1
100.71870633005165,7,9,1
100.71965131699108,3,9,1
100.72039147699252,13,6,1
100.7381625820417,13,9,1
100.79087316105142,13,7,1
100.80923116300255,9,6,1
100.81471231509931,0,6,1
100.8239357820712,12,6,1
100.83243769896217,9,7,1
100.83379075699486,0,9,1
100.84285551914945,12,9,1
100.85500094806775,9,8,1
100.85573651804589,0,7,1
100.86326179816388,12,7,1
100.87169725308195,0,8,1
100.87916878098622,12,8,1
100.91333511308767,10,6,1
100.91412176494487,2,6,1
100.93485282198526,2,9,1
100.93560942308977,10,9,1
100.95684413495474,2,7,1
100.95761731616221,10,7,1
100.97507778299041,10,8,1
100.9759209761396,2,8,1
101.02057278994471,4,6,1
101.02156932814978,8,6,1
101.02886965195648,1,7,1
101.03762629604898,8,9,1
101.03798534604721,4,9,1
101.04485311708413,1,8,1
101.0562058230862,8,7,1
101.05655443295836,4,7,1
101.07134523498826,4,8,1
101.1029661661014,3,7,1
101.1074574610684,7,8,1
101.11025691917166,6,7,1
101.11460460000671,11,7,1
101.11624854616821,3,8,1
101.1165977451019,5,7,1
101.13464498799294,11,8,1
101.13548793201335,6,8,1
101.13628355413675,5,8,1
101.21368200005963,13,8,1
101.29885811312124,9,13,2
101.3045688320417,0,13,2
101.31667064898647,12,13,2
101.4050925730262,10,13,2
101.40646496112458,2,13,2
101.52301520807669,4,13,2
101.52551078703254,8,13,2
101.5351779370103,1,13,2
101.61115135415457,6,13,2
101.61207404895686,3,13,2
101.61299383500591,7,13,2
101.61452188715339,11,13,2
101.61600853898562,5,13,2
107.41229623509571,2,0,1
107.41312538809143,10,0,1
107.5239203250967,8,0,1
107.52676501497626,4,0,1
107.53335349797271,1,0,1
107.61277303099632,7,0,1
107.61379172909074,6,0,1
107.6149658120703,3,0,1
107.61634892015718,11,0,1
107.61712841200642,5,0,1
107.71780914696865,13,0,1
107.80457300506532,9,0,1
107.81096036313102,0,1,1
107.81736552109942,12,0,1
107.82627611909993,9,1,1
107.8326565970201,12,1,1
107.90959536097944,10,1,1
107.91116036404856,2,1,1
108.02359817712568,4,1,1
108.02437508897856,8,1,1
108.0346747559961,1,4,1
108.11471717595123,6,1,1
108.11567324213684,3,1,1
108.11640180298127,7,1,1
108.1172105751466,11,1,1
108.12207716098055,5,1,1
108.1434112850111,7,4,1
108.14433902106248,11,4,1
108.1451147031039,6,4,1
108.14583766297437,3,4,1
108.14655333315022,5,4,1
108.21293743210845,13,1,1
108.23302106116898,13,4,1
108.30748476600274,9,4,1
108.31120448000729,0,4,1
108.32500822399743,12,4,1
108.41269247699529,2,4,1
108.41398949408904,10,4,1
108.52318988600746,8,4,1
108.91141757299192,10,2,1
109.02365205995739,8,2,1
109.02441308111884,4,2,1
109.03537524607964,1,2,1
109.1148487799801,6,2,1
109.11609941511415,3,2,1
109.11749986396171,7,2,1
109.11984346015379,11,2,1
109.12230304814875,5,2,1
109.21615498303436,13,2,1
109.30852677696384,9,2,1
109.31251563807018,0,2,1
109.32609434612095,12,2,1
109.52563700615428,8,3,1
109.52720782998949,4,3,1
109.5360943370033,1,3,1
109.6121449561324,6,3,1
109.61422596406192,7,3,1
109.61718649696559,11,3,1
109.61826374614611,5,3,1
109.7143892350141,13,3,1
109.80871983314864,9,3,1
109.81247758702375,0,3,1
109.82560194307007,12,3,1
109.9142006309703,10,3,1
109.91498706303537,2,3,1
110.0325430589728,1,12,2
110.12110120616853,3,12,2
110.1222067270428,7,12,2
110.12322799512185,6,12,2
110.12427321402356,5,12,2
110.12542034615763,11,12,2
110.15248032007366,7,10,2
110.15357171115465,11,10,2
110.1545747090131,6,10,2
110.15561205800623,3,10,2
110.15683197206818,5,10,2
110.21438022516668,13,12,2
110.23581541213207,13,10,2
110.25493673514575,13,11,2
110.27035169512965,13,5,1
110.30782260815613,9,12,2
110.31199395516887,0,12,2
110.32547222007997,12,10,2
110.33114838809706,9,10,2
110.33306485204957,0,10,2
110.3495146301575,12,11,2
110.3522749771364,9,11,2
110.35353010194376,0,11,2
110.37206742796116,12,5,1
110.38520883512683,0,5,1
110.38645191909745,9,5,1
110.4139342349954,10,12,2
110.41499955509789,2,12,2
110.43670566007495,10,11,2
110.437789370073,2,10,2
110.45813092612661,10,5,1
110.45919975615107,2,11,2
110.47408251115121,2,5,1
110.52433144114912,4,12,2
110.52542228111997,8,12,2
110.53338600299321,1,10,2
110.5470609141048,8,10,2
110.54812424397096,4,10,2
110.55383888306096,1,11,2
110.5704332550522,8,11,2
110.57148412405513,4,11,2
110.57344214897603,1,5,1
110.59015070507303,8,5,1
110.59121518395841,4,5,1
110.5922415831592,1,6,1
110.6182781481184,1,9,1
110.61934582795948,7,11,2
110.6203711470589,6,11,2
110.62144504697062,3,11,2
110.62263656011783,5,11,2
110.6237771420274,11,5,1
110.64883834007196,7,5,1
110.64996534097008,6,5,1
110.65097595914267,11,6,1
110.65204159915447,5,6,1
110.65327212307602,3,5,1
110.688203206053,7,6,1
110.68932007811964,11,9,1
110.69038222706877,6,9,1
110.69150922913104,5,9,1
110.69275384396315,3,6,1
110.69895040616393,7,9,1
110.70820156414993,3,9,1
110.72247656201944,13,6,1
110.74133682716638,13,9,1
110.76006362913176,13,7,1
110.80202756798826,9,6,1
110.81493547814898,0,6,1
110.81684323097579,9,7,1
110.82421314599924,12,6,1
110.83387131500058,9,8,1
110.83491033408791,0,9,1
110.84309387207031,12,9,1
110.85393394413404,0,7,1
110.86335489712656,12,7,1
110.8695696699433,0,8,1
110.8796757410746,12,8,1
110.91325372713618,2,6,1
110.91431268607266,10,6,1
110.93367352616042,2,9,1
110.93555750814267,10,9,1
110.95538810105063,2,7,1
110.95643883012235,10,7,1
110.97381336404942,10,8,1
110.97487739403732,2,8,1
111.0239826219622,4,6,1
111.02505237213336,8,6,1
111.03059820597991,1,7,1
111.04665460414253,8,9,1
111.04769041296095,4,9,1
111.04870941117406,1,8,1
111.06774089112878,8,7,1
111.06878182012588,4,7,1
111.0836417041719,4,8,1
111.10374400415458,3,7,1
111.10480559407733,6,7,1
111.10588604398072,7,8,1
111.11142155807465,11,7,1
111.1184867550619,6,8,1
111.1195895660203,5,7,1
111.12063207500614,3,8,1
111.12723287916742,11,8,1
111.13486172095872,5,8,1
111.21608881396241,13,8,1
111.3016264680773,9,13,2
111.30897687212564,0,13,2
111.32407102314755,12,13,2
111.40998225612566,10,13,2
111.41103592608124,2,13,2
111.52295904397033,8,13,2
111.52405092515983,4,13,2
111.5333785850089,1,13,2
111.61039948114194,6,13,2
111.61143718007952,3,13,2
111.61248483904637,7,13,2
111.6136498011183,11,13,2
111.61496419808827,5,13,2
117.41186285414733,2,0,1
117.41274008899927,10,0,1
117.52438493003137,8,0,1
117.52636604500003,1,0,1
117.5268068369478,4,0,1
117.61038058600388,6,0,1
117.6108200980816,3,0,1
117.61240455205552,5,0,1
117.61362073617056,7,0,1
117.61474612704478,11,0,1
117.7190043029841,13,0,1
117.80234379507601,9,0,1
117.8119803131558,0,1,1
117.82453177310526,9,1,1
117.82560535310768,12,0,1
117.84693281701766,12,1,1
117.91276782215573,2,1,1
117.91382899112068,10,1,1
118.02636774699204,8,1,1
118.02686432003975,4,1,1
118.02880950504914,1,4,1
118.11758460802957,11,1,1
118.11943954997696,3,1,1
118.12047405913472,6,1,1
118.12162969098426,7,1,1
118.12448031106032,5,1,1
118.14818432112224,6,4,1
118.14925151015632,7,4,1
118.15025528916158,5,4,1
118.1512893170584,3,4,1
118.15246189013124,11,4,1
118.20912471902557,13,1,1
118.2247662851587,13,4,1
118.30820550001226,9,4,1
118.31304906494915,0,4,1
118.32908495212905,12,4,1
118.41233235108666,2,4,1
118.41371498908848,10,4,1
118.52108076098375,8,4,1
118.91219033906236,10,2,1
119.02433876413852,8,2,1
119.02549671614543,4,2,1
119.03413234604523,1,2,1
119.11423624795862,7,2,1
119.11501477006823,6,2,1
119.11578759201802,3,2,1
119.11924280808307,5,2,1
119.12023232504725,11,2,1
119.21594433207065,13,2,1
119.31073829415254,9,2,1
119.31155895697884,0,2,1
119.32708711898886,12,2,1
119.52398317609914,8,3,1
119.52593420003541,4,3,1
119.53452870994806,1,3,1
119.61284679197706,7,3,1
119.61398345301859,6,3,1
119.61833730502985,11,3,1
119.61910708597861,5,3,1
119.72130618407391,13,3,1
119.80960571416654,9,3,1
119.81443994911388,0,3,1
119.82475615595467,12,3,1
119.91379858716391,2,3,1
119.91457594907843,10,3,1
120.03370231809095,1,12,2
120.12080234498717,3,12,2
120.12163082812913,6,12,2
120.12236004904844,5,12,2
120.12308402894996,7,12,2
120.12380630895495,11,12,2
120.15106379799545,7,10,2
120.15181079902686,11,10,2
120.15258693112992,6,10,2
120.15336084202863,5,10,2
120.15407747216523,3,10,2
120.21512715402059,13,12,2
120.23539328807965,13,10,2
120.25433527608402,13,11,2
120.26996111194603,13,5,1
120.31020313315094,9,12,2
120.31412097206339,0,12,2
120.32461213413626,12,10,2
120.33455805107951,9,10,2
120.33893866301514,0,10,2
120.34751896304078,12,11,2
120.35411699605174,9,11,2
120.3604138919618,0,11,2
120.37100710696541,9,5,1
120.37173306709155,12,5,1
120.37845786497928,0,5,1
120.41344017907977,10,12,2
120.4142007699702,2,12,2
120.43809379613958,2,10,2
120.43882708717138,10,11,2
120.46036707703024,10,5,1
120.46114695817232,2,11,2
120.47695353906602,2,5,1
120.51838150294498,4,12,2
120.52531715715304,8,12,2
120.53596434299834,1,10,2
120.53945886110887,4,10,2
120.54562868294306,8,10,2
120.55808284902014,1,11,2
120.55903708608821,4,11,2
120.56458456115797,8,11,2
120.57891447003931,4,5,1
120.57972746295854,1,5,1
120.58052450511605,8,5,1
120.59608576912433,1,6,1
120.61811890196986,1,9,1
120.6189657561481,3,11,2
120.61978626903147,7,11,2
120.62059427215718,6,11,2
120.62138285394758,11,5,1
120.62213885504752,5,11,2
120.64879715698771,7,5,1
120.6496644411236,6,5,1
120.65040616202168,11,6,1
120.65113406209275,3,5,1
120.65186295309104,5,6,1
120.67188117094338,6,9,1
120.68808728200383,7,6,1
120.68887564400211,11,9,1
120.68970602704212,5,9,1
120.69044079794548,3,6,1
120.69884320208803,7,9,1
120.70803563809022,3,9,1
120.71812850912102,13,6,1
120.73708937806077,13,9,1
120.75608507706784,13,7,1
120.80126348603517,9,6,1
120.8110934800934,0,6,1
120.81585006206296,9,7,1
120.82767267106101,0,9,1
120.82847239403054,12,6,1
120.82931051705964,9,8,1
120.84356574411504,0,7,1
120.85107500408776,12,9,1
120.85931561305188,0,8,1
120.86936944304034,12,7,1
120.88517435407266,12,8,1
120.91352487402037,10,6,1
120.9142735239584,2,6,1
120.93427921202965,10,9,1
120.93502624309622,2,9,1
120.95575071009807,10,7,1
120.9564973609522,2,7,1
120.9739909991622,2,8,1
120.97473173914477,10,8,1
121.02367769298144,4,6,1
121.0244344540406,8,6,1
121.02879631496035,1,7,1
121.04554016212933,1,8,1
121.04633353394456,8,9,1
121.0470602051355,4,9,1
121.06743109202944,8,7,1
121.06816900311969,4,7,1
121.08322908217087,4,8,1
121.10403360216878,3,7,1
121.10484729497693,7,8,1
121.10561216599308,6,7,1
121.11993468506262,11,7,1
121.12200046307407,3,8,1
121.12279547494836,6,8,1
121.12351734517142,5,7,1
121.1411969079636,5,8,1
121.14195221895352,11,8,1
121.21350183198228,13,8,1
121.309322881978,0,13,2
121.31136034894735,9,13,2
121.32154260296375,12,13,2
121.40315095707774,10,13,2
121.41258328896947,2,13,2
121.52220260398462,4,13,2
121.52440802496858,8,13,2
121.53328018309548,1,13,2
121.60371591500007,3,13,2
121.60823736106977,6,13,2
121.61072777095251,7,13,2
121.61297749308869,11,13,2
121.61539364117198,5,13,2
127.41168975410983,2,0,1
127.4125119659584,10,0,1
127.52207223000005,8,0,1
127.52286379202269,4,0,1
127.53110065101646,1,0,1
127.61231983406469,3,0,1
127.61326799006201,6,0,1
127.61525005614385,7,0,1
127.61775712599047,5,0,1
127.61880323500372,11,0,1
127.70576405804604,13,0,1
127.79838259913959,9,0,1
127.80463975295424,0,1,1
127.8107753940858,9,1,1
127.82364221313037,12,0,1
127.84368734108284,12,1,1
127.90287312096916,2,1,1
127.91339923394844,10,1,1
128.0230559189804,8,1,1
128.02382567105815,4,1,1
128.0346075911075,1,4,1
128.11129582906142,6,1,1
128.11368602514267,7,1,1
128.11482169711962,3,1,1
128.11922911996953,11,1,1
128.12035360117443,5,1,1
128.14153279107995,3,4,1
128.14294191007502,6,4,1
128.1436689000111,7,4,1
128.14535134704784,11,4,1
128.14616524009034,5,4,1
128.214366029948,13,1,1
128.23498461511917,13,4,1
128.30525920307264,9,4,1
128.31506773713045,0,4,1
128.3248648289591,12,4,1
128.4123466880992,10,4,1
128.41312141902745,2,4,1
128.52135399496183,8,4,1
128.912034612149,10,2,1
129.02362966095097,8,2,1
129.02440916304477,4,2,1
129.0354730009567,1,2,1
129.11533844703808,6,2,1
129.11614639917389,3,2,1
129.11691666115075,7,2,1
129.11868173000403,11,2,1
129.12049611099064,5,2,1
129.21440284699202,13,2,1
129.30834677512757,9,2,1
129.312097589951,0,2,1
129.32479494297877,12,2,1
129.52313102013431,8,3,1
129.52697708713822,4,3,1
129.5353691310156,1,3,1
129.61119781411253,6,3,1
129.6134639470838,7,3,1
129.61909571499564,11,3,1
129.62072354997508,5,3,1
129.7214125560131,13,3,1
129.8081479931716,9,3,1
129.8123702800367,0,3,1
129.82644160208292,12,3,1
129.91389954998158,2,3,1
129.91465809103101,10,3,1
130.121446153149,6,12,2
130.12235873797908,5,12,2
130.12314091995358,3,12,2
130.12388037098572,7,12,2
130.12462276103906,11,12,2
130.15100914705545,3,10,2
130.1518205900211,7,10,2
130.15254531009123,5,10,2
130.15330213098787,6,10,2
130.15402571111917,11,10,2
130.21336795506068,13,12,2
130.23363923910074,13,10,2
130.25273332116194,13,5,1
130.26816080114804,13,11,2
130.3083664320875,9,12,2
130.3130379919894,0,12,2
130.32634264300577,12,10,2
130.3310441740323,9,10,2
130.3372895079665,0,10,2
130.3493577139452,9,5,1
130.3501336860936,12,5,1
130.35920562804677,0,5,1
130.36705459700897,9,11,2
130.3694721851498,12,11,2
130.3911733990535,0,11,2
130.41293223504908,10,12,2
130.413775308989,2,12,2
130.43569178995676,2,10,2
130.43643617094494,10,5,1
130.45725960098207,2,5,1
130.4579850709997,10,11,2
130.47303713997826,2,11,2
130.52383328601718,8,12,2
130.52639964711852,4,12,2
130.53452769410796,1,12,2
130.54655823903158,8,10,2
130.54730036994442,4,10,2
130.55479085911065,1,10,2
130.56744568096474,4,5,1
130.56817096215673,8,5,1
130.57307329797186,1,5,1
130.58638365915976,8,11,2
130.58711143909022,4,11,2
130.5892212879844,1,11,2
130.60138828703202,1,6,1
130.6220510629937,1,9,1
130.62341558095068,6,5,1
130.62414717115462,3,5,1
130.6249173330143,5,11,2
130.62573353596963,7,5,1
130.62645956594497,11,5,1
130.6528595520649,7,11,2
130.65321999206208,11,6,1
130.65354903112166,3,11,2
130.6538913201075,6,11,2
130.6542191801127,5,6,1
130.70009861816652,5,9,1
130.70079304696992,6,9,1
130.70138331409544,11,9,1
130.70251416508108,7,6,1
130.70311687211506,3,6,1
130.7137844490353,13,6,1
130.71439290605485,7,9,1
130.72013996704482,3,9,1
130.73498204001226,13,9,1
130.75512341107242,13,7,1
130.7983652560506,9,6,1
130.80340811703354,0,6,1
130.81260228296742,9,7,1
130.81406017299742,0,9,1
130.8267436469905,9,8,1
130.82749591814354,0,7,1
130.82890958711505,12,6,1
130.83834380004555,0,8,1
130.84638908412308,12,9,1
130.86533454200253,12,7,1
130.88077922305092,12,8,1
130.91361113800667,2,6,1
130.914685778087,10,6,1
130.9342044419609,2,9,1
130.9352673110552,10,9,1
130.9557449419517,2,7,1
130.95651782304049,10,7,1
130.97391476808116,2,8,1
130.97468765010126,10,8,1
131.0239766431041,4,6,1
131.02473552408628,8,6,1
131.0314682321623,1,7,1
131.0462361930404,8,9,1
131.04696959396824,4,9,1
131.0490083009936,1,8,1
131.06648023799062,8,7,1
131.06904671899974,4,7,1
131.0849623719696,4,8,1
131.10568361007608,3,7,1
131.10661401599646,7,8,1
131.10736216697842,6,7,1
131.1086916939821,11,7,1
131.12336825300008,5,7,1
131.12521144398488,3,8,1
131.12594608496875,11,8,1
131.12666484504007,6,8,1
131.1392459650524,5,8,1
131.21538026700728,13,8,1
131.3085872940719,9,13,2
131.31267503811978,0,13,2
131.3195258991327,12,13,2
131.40934060211293,2,13,2
131.41264097415842,10,13,2
131.52270378102548,4,13,2
131.52475625812076,8,13,2
131.53502078400925,1,13,2
131.6016172701493,3,13,2
131.60238520102575,6,13,2
131.61445418815129,5,13,2
131.6152291491162,11,13,2
131.61596223013476,7,13,2
137.41174599109218,10,0,1
137.41293704416603,2,0,1
137.5239287270233,8,0,1
137.5266338030342,4,0,1
137.53093328303657,1,0,1
137.61384311295114,6,0,1
137.61460774415173,3,0,1
137.61535221501254,7,0,1
137.61791087617166,11,0,1
137.61921140295453,5,0,1
137.71395304310136,13,0,1
137.80456544808112,9,0,1
137.81112936115824,0,1,1
137.82440774096176,12,0,1
137.82520459312946,9,1,1
137.8448174900841,12,1,1
137.9134433120489,10,1,1
137.91440593916923,2,1,1
138.02298679505475,8,1,1
138.0237422559876,4,1,1
138.03196837496944,1,4,1
138.1116935070604,3,1,1
138.11249288916588,7,1,1
138.1148589050863,6,1,1
138.1201577030588,11,1,1
138.12164263403974,5,1,1
138.13892147596925,6,4,1
138.13965275604278,3,4,1
138.14036892610602,7,4,1
138.1427435921505,5,4,1
138.14346202206798,11,4,1
138.21240940410644,13,1,1
138.2319730890449,13,4,1
138.3112081270665,0,4,1
138.31199864903465,9,4,1
138.3237594871316,12,4,1
138.41284580994397,10,4,1
138.41401122207753,2,4,1
138.52073892601766,8,4,1
138.90454294206575,10,2,1
139.01693993411027,8,2,1
139.01753839105368,4,2,1
139.02628609514795,1,2,1
139.10738529497758,7,2,1
139.11629768298008,3,2,1
139.11739114415832,6,2,1
139.12000895710662,5,2,1
139.12124652112834,11,2,1
139.21389059303328,13,2,1
139.31330543314107,9,2,1
139.31437622313388,0,2,1
139.32630601595156,12,2,1
139.52472519502044,8,3,1
139.52597686997615,4,3,1
139.5366642579902,1,3,1
139.61203134804964,6,3,1
139.61316168005578,7,3,1
139.61746926000342,11,3,1
139.6203887211159,5,3,1
139.71471893996932,13,3,1
139.80872815009207,9,3,1
139.8124359131325,0,3,1
139.8255600191187,12,3,1
139.91435921401717,2,3,1
139.91530042001978,10,3,1
140.12156672799028,3,12,2
140.12299310811795,7,12,2
140.12399488594383,6,12,2
140.1247263760306,11,12,2
140.12552516907454,5,12,2
140.15067293914035,3,10,2
140.15153471310623,6,10,2
140.15226835408248,5,10,2
140.1530246050097,7,10,2
140.15374092501588,11,10,2
140.2135565620847,13,12,2
140.23400567215867,13,10,2
140.2531574149616,13,11,2
140.26875127013773,13,5,1
140.30807558610104,9,12,2
140.31177417910658,0,12,2
140.32892785710283,12,10,2
140.33296670904383,0,10,2
140.33406291995198,9,10,2
140.35544753610156,9,11,2
140.35623243800364,0,11,2
140.35701959999278,12,11,2
140.37573944102041,9,5,1
140.37623112509027,0,5,1
140.37717939098366,12,5,1
140.4128551259637,10,12,2
140.41322195599787,2,12,2
140.43572016316466,10,11,2
140.4362431280315,2,10,2
140.45787744107656,2,11,2
140.4586095509585,10,5,1
140.47390971705317,2,5,1
140.52167732897215,8,12,2
140.52384324907325,4,12,2
140.5350063899532,1,12,2
140.54483279399574,4,10,2
140.54559104517102,8,10,2
140.5556203641463,1,10,2
140.5664279961493,4,11,2
140.56715411599725,8,11,2
140.57410924998112,1,11,2
140.584149440052,4,5,1
140.58487337012775,8,5,1
140.58997196215205,1,5,1
140.61240343702957,1,6,1
140.62159908306785,3,11,2
140.62237599515356,11,5,1
140.6231619969476,6,11,2
140.62392642814666,5,11,2
140.6246593289543,7,11,2
140.62544371094555,1,9,1
140.64426336507313,11,6,1
140.6507391850464,7,5,1
140.65146522503346,3,5,1
140.65218653599732,5,6,1
140.65295556699857,6,5,1
140.69085107301362,11,9,1
140.69619448203593,7,6,1
140.69707144610584,5,9,1
140.70111548900604,3,6,1
140.70688144001178,6,9,1
140.70836072112434,7,9,1
140.71473446907476,3,9,1
140.71980697009712,13,6,1
140.73875933815725,13,9,1
140.79553846013732,13,7,1
140.8083332469687,9,6,1
140.81234880909324,0,6,1
140.8215535050258,12,6,1
140.83443325501867,0,9,1
140.83521721605211,9,7,1
140.83858254016377,12,9,1
140.8564661690034,0,7,1
140.85736831417307,9,8,1
140.85983599210158,12,7,1
140.87448334111832,0,8,1
140.87641890509985,12,8,1
140.91329102194868,10,6,1
140.9140373931732,2,6,1
140.93463967717253,10,9,1
140.9353903280571,2,9,1
140.95724037708715,10,7,1
140.95798017806374,2,7,1
140.9747666551266,2,8,1
140.97553314710967,10,8,1
141.02058077207766,8,6,1
141.02379863196984,4,6,1
141.02916486212052,1,7,1
141.03536060405895,8,9,1
141.04531769198366,1,8,1
141.0466700689867,4,9,1
141.05155028495938,8,7,1
141.0653764109593,4,7,1
141.08092620410025,4,8,1
141.10421043308452,7,8,1
141.1050268060062,3,7,1
141.10575375612825,6,7,1
141.11475294712,11,7,1
141.11553963809274,5,7,1
141.11691580712795,3,8,1
141.12988367816433,6,8,1
141.1328227201011,5,8,1
141.13342219707556,11,8,1
141.21355369011872,13,8,1
141.30789135908708,9,13,2
141.31238869414665,0,13,2
141.32097517396323,12,13,2
141.4081997249741,2,13,2
141.4124404429458,10,13,2
141.5219820861239,4,13,2
141.52302069496363,8,13,2
141.53418511501513,1,13,2
141.61064966605045,6,13,2
141.61157335201278,3,13,2
141.61245870706625,7,13,2
141.61408260208555,11,13,2
141.6150635899976,5,13,2
147.41163151501678,10,0,1
147.41275657713413,2,0,1
147.52180541609414,8,0,1
147.52332904795185,4,0,1
147.5309205900412,1,0,1
147.61329347616993,7,0,1
147.61436019511893,3,0,1
147.61669405014254,6,0,1
147.61793059506454,5,0,1
147.61895370297134,11,0,1
147.71894636005163,13,0,1
147.8095269240439,9,0,1
147.8105986439623,0,1,1
147.81885669496842,12,0,1
147.83561262208968,12,1,1
147.83754181512631,9,1,1
147.91441578813829,2,1,1
147.91543971607462,10,1,1
148.02379001607187,8,1,1
148.02496776916087,4,1,1
148.03455320606008,1,4,1
148.1151801829692,3,1,1
148.1163827860728,6,1,1
148.11726603098214,7,1,1
148.11960949609056,5,1,1
148.1206017441582,11,1,1
148.1449663429521,3,4,1
148.14577491604723,5,4,1
148.14664655015804,7,4,1
148.14743520203047,6,4,1
148.14815083215944,11,4,1
148.21485744114034,13,1,1
148.23453697911464,13,4,1
148.307530824095,9,4,1
148.3116923701018,0,4,1
148.32284314115532,12,4,1
148.41339675406925,10,4,1
148.41416773595847,2,4,1
148.5216400809586,8,4,1
148.9120685730595,10,2,1
149.0243056199979,4,2,1
149.02514708414674,8,2,1
149.03531002695672,1,2,1
149.115920154145,7,2,1
149.11675546714105,3,2,1
149.1175338490866,6,2,1
149.12021541316062,5,2,1
149.12108744797297,11,2,1
149.21428408497013,13,2,1
149.3083768580109,9,2,1
149.31244416115806,0,2,1
149.32555656600744,12,2,1
149.52480397908948,8,3,1
149.52878178004175,4,3,1
149.5329557270743,1,3,1
149.6127863819711,7,3,1
149.61560548003763,6,3,1
149.61918288003653,11,3,1
149.61991490004584,5,3,1
149.71452853712253,13,3,1
149.80961484694853,9,3,1
149.8122316901572,0,3,1
149.82543653808534,12,3,1
149.9150502961129,2,3,1
149.9158000871539,10,3,1
150.1215081801638,5,12,2
150.12251284811646,7,12,2
150.12328901910223,6,12,2
150.1240566810593,3,12,2
150.12492424505763,11,12,2
150.1365820299834,5,10,2
150.14944698801264,3,10,2
150.15017289901152,7,10,2
150.15089411917143,6,10,2
150.15160898910835,11,10,2
150.21356809604913,13,12,2
150.2349537711125,13,10,2
150.25479709496722,13,11,2
150.27134433598258,13,5,1
150.31243740115315,0,12,2
150.31324817310087,9,12,2
150.3275101610925,12,10,2
150.33708201814443,9,10,2
150.33784564910457,0,10,2
150.348167686956,12,11,2
150.35851544514298,0,11,2
150.35926893609576,9,11,2
150.3678074539639,12,5,1
150.37606286397204,9,5,1
150.376796255121,0,5,1
150.41344171599485,2,12,2
150.41474143206142,10,12,2
150.4362582419999,2,10,2
150.4370329240337,10,11,2
150.45755668496713,10,5,1
150.45828390610404,2,11,2
150.47380895796232,2,5,1
150.5224452239927,4,12,2
150.5246748761274,8,12,2
150.53264698805287,1,12,2
150.5386648159474,4,10,2
150.54998270212673,8,10,2
150.55505104316399,1,10,2
150.55707012908533,4,11,2
150.5752475061454,4,5,1
150.57598331617191,1,11,2
150.57669712603092,8,11,2
150.59367949911393,8,5,1
150.5946330560837,1,5,1
150.6200156530831,1,6,1
150.62142555299215,3,11,2
150.62217112304643,7,11,2
150.62295292504132,5,11,2
150.62371699605137,6,11,2
150.62509846501052,11,5,1
150.6298203470651,1,9,1
150.64069940010086,3,5,1
150.64816425810568,7,5,1
150.64892175910063,5,6,1
150.65078684105538,6,5,1
150.65155159216374,11,6,1
150.65622244216502,3,6,1
150.69273390015587,5,9,1
150.69352664216422,7,6,1
150.6949161910452,3,9,1
150.69751296308823,11,9,1
150.6987901891116,6,9,1
150.70745462016203,7,9,1
150.7208213431295,13,6,1
150.7401060401462,13,9,1
150.76031985413283,13,7,1
150.8105526440777,9,6,1
150.81254479894415,0,6,1
150.8316180210095,12,6,1
150.83298621908762,0,9,1
150.83371256897226,9,7,1
150.85658656596206,0,7,1
150.85734538803808,9,8,1
150.85806157812476,12,9,1
150.874699751148,12,7,1
150.87543445196934,0,8,1
150.88546225102618,12,8,1
150.91358286514878,10,6,1
150.91432465612888,2,6,1
150.9345749800559,10,9,1
150.93611594312824,2,9,1
150.9569469341077,10,7,1
150.95769551512785,2,7,1
150.97527398495004,2,8,1
150.97601930610836,10,8,1
151.0255207850132,8,6,1
151.02627087617293,1,7,1
151.02699440601282,4,6,1
151.03649013116956,1,8,1
151.04728162195534,4,9,1
151.0480396731291,8,9,1
151.06897718599066,8,7,1
151.06980812898837,4,7,1
151.08622614713386,4,8,1
151.10652502300218,7,8,1
151.10915644606575,3,7,1
151.11115918215364,6,7,1
151.1128041681368,5,7,1
151.11419479711913,11,7,1
151.129960186081,3,8,1
151.1308826119639,6,8,1
151.13168634404428,5,8,1
151.13398603815585,11,8,1
151.21319042495452,13,8,1
151.30917632114142,0,13,2
151.31134603102691,9,13,2
151.32117919507436,12,13,2
151.40668154810555,2,13,2
151.40715467114933,10,13,2
151.51679929695092,8,13,2
151.5172611901071,4,13,2
151.52535060513765,1,13,2
151.60447142110206,3,13,2
151.60836645914242,6,13,2
151.6114117440302,7,13,2
151.61357255396433,5,13,2
151.6152426211629,11,13,2
157.31583718396723,12,0,1
157.40912577416748,10,0,1
157.40969431004487,2,0,1
157.51584277814254,4,0,1
157.51627639005892,8,0,1
157.53136640111916,1,0,1
157.6063960720785,7,0,1
157.6110324910842,5,0,1
157.61324789305218,6,0,1
157.6140046340879,3,0,1
157.61475296504796,11,0,1
157.7138081761077,13,0,1
157.80485490406863,9,0,1
157.81394551694393,0,1,1
157.82688672817312,9,1,1
157.8277128210757,12,1,1
157.91263798810542,10,1,1
157.91342567000538,2,1,1
158.02340866508894,8,1,1
158.02416567597538,4,1,1
158.0317592381034,1,4,1
158.11562854610384,6,1,1
158.11639217706397,3,1,1
158.1171636879444,7,1,1
158.11963908700272,5,1,1
158.12042091903277,11,1,1
158.14574398496188,6,4,1
158.14665391109884,7,4,1
158.14744565309957,5,4,1
158.14818598306738,3,4,1
158.1489392539952,11,4,1
158.21379880211316,13,1,1
158.23306202911772,13,4,1
158.30725964717567,9,4,1
158.3107526539825,0,4,1
158.32551428605802,12,4,1
158.412850770168,2,4,1
158.41364718205296,10,4,1
158.52082555997185,8,4,1
158.91158729116432,10,2,1
159.02423181012273,4,2,1
159.025361191947,8,2,1
159.03313335799612,1,2,1
159.1182620411273,7,2,1
159.11931897094473,11,2,1
159.1203252391424,3,2,1
159.12138659809716,6,2,1
159.12256500101648,5,2,1
159.21351970615797,13,2,1
159.3086869691033,9,2,1
159.3167715840973,0,2,1
159.3255934100598,12,2,1
159.5243612099439,8,3,1
159.5288414149545,4,3,1
159.5331868659705,1,3,1
159.6097111790441,6,3,1
159.6148597530555,7,3,1
159.6183102489449,5,3,1
159.6190393390134,11,3,1
159.71352721308358,13,3,1
159.8125136019662,9,3,1
159.81815933901817,0,3,1
159.82065299898386,12,3,1
159.91395765915513,2,3,1
159.9150732101407,10,3,1
160.03295877599157,1,12,2
160.1226847670041,7,12,2
160.12367381504737,11,12,2
160.1244096350856,6,12,2
160.125247128075,5,12,2
160.12598597910255,3,12,2
160.15213854797184,7,10,2
160.15309660416096,11,10,2
160.1538430149667,6,10,2
160.15458541596308,5,10,2
160.15535641810857,3,10,2
160.2130228250753,13,12,2
160.2332352681551,13,10,2
160.25314567307942,13,11,2
160.26897804415785,13,5,1
160.31129609397613,9,12,2
160.31653226003982,0,12,2
160.32380672194995,12,10,2
160.33811184111983,9,10,2
160.3446733939927,0,10,2
160.3454526460264,12,11,2
160.3584176369477,9,11,2
160.36608082102612,12,5,1
160.36688187299296,0,11,2
160.37436150200665,9,5,1
160.3802928570658,0,5,1
160.41285640513524,10,12,2
160.413845611969,2,12,2
160.43539941310883,2,10,2
160.43615193408914,10,11,2
160.4565444320906,10,5,1
160.4573295940645,2,11,2
160.4727888549678,2,5,1
160.5257436609827,8,12,2
160.52976705296896,4,12,2
160.5345240761526,1,10,2
160.5473212529905,8,10,2
160.55157686094753,4,10,2
160.55463573615998,1,11,2
160.5677561420016,8,11,2
160.57210274296813,4,11,2
160.5734934420325,1,5,1
160.5871641030535,8,5,1
160.58933353307657,4,5,1
160.5907383330632,1,6,1
160.6144470339641,1,9,1
160.61549342307262,6,11,2
160.6187943550758,11,5,1
160.62043865094893,5,11,2
160.62124147312716,7,11,2
160.6217987590935,3,11,2
160.63321215705946,6,5,1
160.638746191049,11,6,1
160.64602346415631,7,5,1
160.6468246160075,5,6,1
160.64875461999327,3,5,1
160.65122084901668,6,9,1
160.65329606714658,11,9,1
160.66238019010052,7,6,1
160.6956592069473,7,9,1
160.69667291501537,5,9,1
160.69818923808634,3,6,1
160.7148145311512,3,9,1
160.71919519314542,13,6,1
160.7372324860189,13,9,1
160.75605998095125,13,7,1
160.81084112799726,9,6,1
160.8122141060885,0,6,1
160.82404696615413,12,6,1
160.83373531606048,0,9,1
160.83447695616633,9,7,1
160.84297582297586,12,9,1
160.85547206108458,0,7,1
160.85727006196976,9,8,1
160.86324227810837,12,7,1
160.87242807401344,0,8,1
160.8791969830636,12,8,1
160.91357352095656,2,6,1
160.91432621213607,10,6,1
160.93410260300152,2,9,1
160.93486298411153,10,9,1
160.95589416101575,2,7,1
160.95662629115395,10,7,1
160.97315609198995,10,8,1
160.97451204899698,2,8,1
161.02382332412526,8,6,1
161.02463801717386,4,6,1
161.02987487311475,1,7,1
161.04565441212617,1,8,1
161.04711138317361,8,9,1
161.04783393302932,4,9,1
161.06758241401985,8,7,1
161.06841636705212,4,7,1
161.0837716551032,4,8,1
161.1045058730524,3,7,1
161.1058201789856,7,8,1
161.10807029204443,6,7,1
161.11401848797686,11,7,1
161.11643489613198,3,8,1
161.11770143103786,5,7,1
161.13117222604342,6,8,1
161.1319943589624,11,8,1
161.1343181040138,5,8,1
161.21315129101276,13,8,1
161.30827097198926,0,13,2
161.30970153212547,9,13,2
161.32130701607093,12,13,2
161.40961943706498,10,13,2
161.41039163898677,2,13,2
161.52357392315753,8,13,2
161.52660133806057,4,13,2
161.53627964807674,1,13,2
161.60799785610288,7,13,2
161.60875323717482,6,13,2
161.60951426904649,3,13,2
161.61561813903973,5,13,2
161.6170461990405,11,13,2
167.41182459914126,2,0,1
167.4126460221596,10,0,1
167.52205802104436,8,0,1
167.52443990809843,4,0,1
167.53267058706842,1,0,1
167.6124356200453,6,0,1
167.61323287314735,3,0,1
167.6139957641717,7,0,1
167.6164373520296,5,0,1
167.61725422507152,11,0,1
167.71366003202274,13,0,1
167.80245275702327,9,0,1
167.81151559995487,0,1,1
167.82282488513738,9,1,1
167.82392638595775,12,0,1
167.84542878507636,12,1,1
167.90351210394874,10,1,1
167.91272756108083,2,1,1
168.0234236069955,8,1,1
168.0245328079909,4,1,1
168.0332426801324,1,4,1
168.11483347415924,7,1,1
168.11601434694603,6,1,1
168.1170519059524,3,1,1
168.12086726212874,11,1,1
168.12212023697793,5,1,1
168.1469760001637,7,4,1
168.14800624898635,3,4,1
168.14903556811623,5,4,1
168.15003494615667,6,4,1
168.1511574969627,11,4,1
168.21564042405225,13,1,1
168.23551296815276,13,4,1
168.30688121705316,9,4,1
168.31497312313877,0,4,1
168.32345774001442,12,4,1
168.4132442830596,10,4,1
168.41429015202448,2,4,1
168.52145983907394,8,4,1
168.91186907095835,10,2,1
169.01359991705976,8,2,1
169.01936075696722,4,2,1
169.03291868511587,1,2,1
169.11777723114938,3,2,1
169.11884119012393,7,2,1
169.1198697090149,6,2,1
169.1210271611344,5,2,1
169.1223063969519,11,2,1
169.2145143270027,13,2,1
169.30771458498202,9,2,1
169.3157988600433,0,2,1
169.32410318194889,12,2,1
169.51740365009755,4,3,1
169.51797577599064,8,3,1
169.53492142795585,1,3,1
169.60380970896222,7,3,1
169.6044427161105,6,3,1
169.60745510016568,11,3,1
169.62009933311492,5,3,1
169.71453101513907,13,3,1
169.8106849549804,9,3,1
169.8161557081621,0,3,1
169.81784890498966,12,3,1
169.91509859613143,10,3,1
169.91585422703065,2,3,1
170.0353614881169,1,12,2
170.12119631003588,6,12,2
170.12236011307687,3,12,2
170.12337701115757,7,12,2
170.12447470217012,5,12,2
170.12557687307708,11,12,2
170.15079688513651,7,10,2
170.151620678138,6,10,2
170.1523984100204,3,10,2
170.15316947107203,11,10,2
170.15389164211228,5,10,2
170.21417734213173,13,12,2
170.2355087271426,13,10,2
170.25529917911626,13,11,2
170.27194592216983,13,5,1
170.31095110997558,9,12,2
170.31172875198536,0,12,2
170.32579715410247,12,10,2
170.3342980509624,0,10,2
170.3350955429487,9,10,2
170.35331260110252,12,11,2
170.3561582399998,9,11,2
170.35691145109013,0,11,2
170.37560791196302,0,5,1
170.37636872311123,9,5,1
170.3771273540333,12,5,1
170.40276082907803,10,12,2
170.4140749340877,2,12,2
170.41743581811897,10,11,2
170.43763215094805,10,5,1
170.43897791812196,2,10,2
170.4570363520179,2,11,2
170.4728533930611,2,5,1
170.52440767013468,4,12,2
170.52521699294448,8,12,2
170.5325754780788,1,10,2
170.54690552712418,8,10,2
170.5493104639463,4,10,2
170.55298466607928,1,11,2
170.56539053213783,8,11,2
170.56917822710238,4,11,2
170.57148739206605,1,5,1
170.57650727196597,8,5,1
170.5863536170218,4,5,1
170.58683299995027,1,9,1
170.59902101010084,1,6,1
170.618279495975,3,11,2
170.61864986713044,6,11,2
170.61938425712287,7,11,2
170.6197383571416,5,11,2
170.6203727151733,11,5,1
170.6308830480557,11,9,1
170.64684287202545,6,5,1
170.64759568311274,3,5,1
170.6483075930737,5,9,1
170.6490442340728,7,5,1
170.649797745049,11,6,1
170.66851172712632,6,9,1
170.68854580516927,7,9,1
170.68934055697173,3,9,1
170.69005694705993,5,6,1
170.71234288904816,3,6,1
170.71327405516058,7,6,1
170.71492768102325,13,9,1
170.73855156917125,13,6,1
170.75869260006584,13,7,1
170.80908836517483,9,6,1
170.81041598203592,0,9,1
170.82135766698048,12,9,1
170.83231179206632,0,6,1
170.83307594410144,9,7,1
170.8416592630092,12,6,1
170.8533337181434,9,8,1
170.85406579915434,0,7,1
170.8607696359977,12,7,1
170.87043913500383,0,8,1
170.87645683297887,12,8,1
170.9087943341583,10,9,1
170.91137611609884,2,9,1
170.93311025202274,2,6,1
170.93384001310915,10,6,1
170.95444334717467,10,7,1
170.95518740802072,2,7,1
170.97198810614645,10,8,1
170.97271962603554,2,8,1
171.02206000196747,4,9,1
171.02284630411305,8,9,1
171.03284351201728,1,7,1
171.04435133305378,4,6,1
171.04651731415652,8,6,1
171.05303359497339,1,8,1
171.0653966900427,4,7,1
171.06787806912325,8,7,1
171.08119110995904,4,8,1
171.10472103604116,7,8,1
171.1062876591459,3,7,1
171.10671251104213,6,7,1
171.1132484639529,11,7,1
171.11796072497964,5,7,1
171.1200522130821,3,8,1
171.12094368808903,6,8,1
171.1266872480046,11,8,1
171.1369664950762,5,8,1
171.20561440801248,13,8,1
171.29916063603014,9,13,2
171.30637694709003,0,13,2
171.31785728712566,12,13,2
171.40622182004154,10,13,2
171.40979040996172,2,13,2
171.51596710900776,4,13,2
171.5183656560257,8,13,2
171.53310470702127,1,13,2
171.608126178151,6,13,2
171.6091874879785,3,13,2
171.61000230000354,7,13,2
171.61665273597464,5,13,2
171.61836859304458,11,13,2
177.411856289953,10,0,1
177.41247350699268,2,0,1
177.52186493598856,8,0,1
177.5228364430368,4,0,1
177.53340922808275,1,0,1
177.6151921581477,7,0,1
177.61635202006437,6,0,1
177.61741892015561,3,0,1
177.6184734189883,11,0,1
177.61975299497135,5,0,1
177.71391964005306,13,0,1
177.80516147403978,9,0,1
177.81432386906818,0,1,1
177.82477767113596,9,1,1
177.82558483304456,12,0,1
177.84571928414516,12,1,1
177.91254692710936,2,1,1
177.91334241908044,10,1,1
178.02326560299844,4,1,1
178.02464618207887,8,1,1
178.03221248299815,1,4,1
178.1139084000606,6,1,1
178.1146923219785,3,1,1
178.11542124208063,7,1,1
178.1181307581719,5,1,1
178.1198074349668,11,1,1
178.14328554901294,6,4,1
178.14409344200976,3,4,1
178.14482174208388,5,4,1
178.14562591398135,7,4,1
178.14635381498374,11,4,1
178.21291812998243,13,1,1
178.23243169416673,13,4,1
178.30644310708158,9,4,1
178.31517928116955,0,4,1
178.3250718661584,12,4,1
178.41264753811993,2,4,1
178.41353840311058,10,4,1
178.52300752396695,8,4,1
178.91275803907774,10,2,1
179.02406278206035,4,2,1
179.02550541213714,8,2,1
179.03292979905382,1,2,1
179.11480863112956,6,2,1
179.1156008229591,3,2,1
179.11633254401386,7,2,1
179.11918962397613,5,2,1
179.12053803098388,11,2,1
179.21361850597896,13,2,1
179.31201462913305,9,2,1
179.3160797220189,0,2,1
179.32579214312136,12,2,1
179.5243754889816,4,3,1
179.52528950409032,8,3,1
179.5329481579829,1,3,1
179.6115467089694,6,3,1
179.61373129999265,7,3,1
179.61827950598672,5,3,1
179.61968020605855,11,3,1
179.714542650152,13,3,1
179.8092345490586,9,3,1
179.81320113013498,0,3,1
179.82307203509845,12,3,1
179.90673567797057,10,3,1
179.90830236114562,2,3,1
180.02429063501768,1,12,2
180.0358899179846,1,10,2
180.11320141307078,3,12,2
180.1145779909566,7,12,2
180.11549384705722,6,12,2
180.11623551812954,11,12,2
180.11710786214098,5,12,2
180.13555856607854,3,10,2
180.13637787895277,7,10,2
180.1371310800314,11,10,2
180.13785277004354,6,10,2
180.13857932109386,5,10,2
180.21468211198226,13,12,2
180.23599461605772,13,10,2
180.25583731895313,13,11,2
180.27247551316395,13,5,1
180.3077610770706,0,12,2
180.3111782821361,9,12,2
180.3253433071077,12,10,2
180.33037102711387,0,10,2
180.33593384199776,9,10,2
180.3472679380793,12,11,2
180.3522944780998,0,11,2
180.35481324908324,9,11,2
180.36945724696852,12,5,1
180.3714930631686,9,5,1
180.37197119696066,0,5,1
180.41332643898204,10,12,2
180.41418315307237,2,12,2
180.4333056670148,10,11,2
180.4368614749983,2,10,2
180.45194670604542,10,5,1
180.45402339403518,2,11,2
180.46816809801385,2,5,1
180.52357815299183,8,12,2
180.52495936094783,4,12,2
180.53336628596298,1,11,2
180.54628159594722,4,10,2
180.54701169603504,8,10,2
180.55403907201253,1,5,1
180.56779173505493,8,11,2
180.5706994959619,4,11,2
180.57279822509736,1,6,1
180.58744140295312,8,5,1
180.58874813001603,4,5,1
180.5894906700123,1,9,1
180.61882173805498,7,11,2
180.6197726239916,11,5,1
180.6205759071745,6,11,2
180.62134501803666,3,11,2
180.62207008805126,5,11,2
180.64635368599556,11,6,1
180.6470841160044,3,5,1
180.64779893611558,7,5,1
180.64852398610674,6,5,1
180.64925941615365,5,6,1
180.687051640125,11,9,1
180.6877806109842,6,9,1
180.6884949200321,5,9,1
180.68925258214585,7,6,1
180.68996129115112,3,6,1
180.7030743570067,7,9,1
180.70607677008957,3,9,1
180.7146592901554,13,6,1
180.72520426404662,13,9,1
180.73588540102355,13,7,1
180.80873456201516,9,6,1
180.8127441140823,0,6,1
180.82775381207466,12,6,1
180.83140078396536,9,7,1
180.83213753416203,0,9,1
180.84908068715595,12,9,1
180.85200235806406,9,8,1
180.85275721899234,0,7,1
180.86954032699578,12,7,1
180.8702685481403,0,8,1
180.88541713007726,12,8,1
180.91418581199832,10,6,1
180.91492946306244,2,6,1
180.93609756208025,10,9,1
180.9370789800305,2,9,1
180.95615077205002,2,7,1
180.95659300405532,10,7,1
180.975087990053,10,8,1
180.97543329908513,2,8,1
181.01602774113417,8,6,1
181.01646035304293,4,6,1
181.03013375401497,8,9,1
181.03060257714242,4,9,1
181.03105029999278,1,7,1
181.04568938794546,8,7,1
181.04616414103657,4,7,1
181.04660661309026,1,8,1
181.0565064291004,4,8,1
181.1105357350316,7,8,1
181.11104951007292,6,7,1
181.1120023659896,11,7,1
181.11532949912362,3,7,1
181.11936028208584,5,7,1
181.12548806215636,6,8,1
181.12594422511756,11,8,1
181.13536383816972,5,8,1
181.13594152405858,3,8,1
181.206204242073,13,8,1
181.29901570011862,9,13,2
181.3047165691387,0,13,2
181.3230118791107,12,13,2
181.40586797799915,10,13,2
181.40863010496832,2,13,2
181.52058841614053,4,13,2
181.52719880104996,8,13,2
181.53006199002266,1,13,2
181.61212326795794,5,13,2
181.61287564900704,6,13,2
181.61363457003608,3,13,2
181.61434981995262,7,13,2
181.61513037211262,11,13,2
187.31530746794306,12,0,1
187.40311501617543,10,0,1
187.41064676595852,2,0,1
187.52100884309039,8,0,1
187.524465539027,4,0,1
187.5307697651442,1,0,1
187.60007876716554,6,0,1
187.610127086984,7,0,1
187.61125714913942,11,0,1
187.61168242106214,5,0,1
187.61348366108723,3,0,1
187.70519275707193,13,0,1
187.7973442261573,9,0,1
187.8104729419574,0,1,1
187.8200182481669,9,1,1
187.82146538910456,12,1,1
187.9058408611454,2,1,1
187.90665520401672,10,1,1
188.01809829100966,8,1,1
188.0254125650972,1,4,1
188.02751517295837,4,1,1
188.1081478111446,7,1,1
188.11113845417276,11,1,1
188.1131276199594,6,1,1
188.11388813098893,3,1,1
188.12330291396938,5,1,1
188.12762294407003,7,4,1
188.1345690181479,11,4,1
188.1386022400111,3,4,1
188.13939332216978,6,4,1
188.14777401601896,5,4,1
188.21292338194326,13,1,1
188.23315173597075,13,4,1
188.31246700696647,0,4,1
188.31324957916513,9,4,1
188.3246619871352,12,4,1
188.40381553396583,2,4,1
188.4116206311155,10,4,1
188.52151505509391,8,4,1
188.9037820021622,10,2,1
189.02408911613747,4,2,1
189.0251997569576,8,2,1
189.03157934499905,1,2,1
189.11300742602907,6,2,1
189.11354695097543,3,2,1
189.11396289197728,11,2,1
189.11442508501932,7,2,1
189.11485250713304,5,2,1
189.205692789983,13,2,1
189.30248533794656,9,2,1
189.31633079401217,0,2,1
189.32509199809283,12,2,1
189.5242624010425,8,3,1
189.52521850704215,4,3,1
189.5352786181029,1,3,1
189.6116568071302,6,3,1
189.61378997610882,7,3,1
189.61844807607122,11,3,1
189.61922648805194,5,3,1
189.71326039894484,13,3,1
189.8051408410538,9,3,1
189.81481025111862,0,3,1
189.8245921130292,12,3,1
189.91358696413226,2,3,1
189.91504292516038,10,3,1
190.03274163603783,1,12,2
190.11955597717315,7,12,2
190.12071877904236,6,12,2
190.12164044496603,3,12,2
190.12245442694984,11,12,2
190.1257691499777,5,12,2
190.1495615330059,6,10,2
190.15036083501764,3,10,2
190.15112120704725,7,10,2
190.15184146701358,5,10,2
190.15255256695673,11,10,2
190.21379850408994,13,12,2
190.2347097969614,13,10,2
190.25454921997152,13,11,2
190.2697020319756,13,5,1
190.2995494240895,9,12,2
190.3161574769765,9,10,2
190.31760515808128,12,10,2
190.31927976408042,0,12,2
190.32666222006083,9,11,2
190.3318611450959,12,11,2
190.34355756104924,9,5,1
190.34558428800665,12,5,1
190.3459721491672,0,10,2
190.36742561706342,0,11,2
190.38424807600677,0,5,1
190.40639605303295,10,12,2
190.4086523060687,2,12,2
190.4193495339714,10,11,2
190.43228261498734,10,5,1
190.4336247020401,2,10,2
190.4536132090725,2,11,2
190.47057167207822,2,5,1
190.52023622696288,8,12,2
190.52959204814397,4,12,2
190.5368315691594,1,10,2
190.54034132813103,8,10,2
190.54881588416174,4,10,2
190.55908073997125,8,11,2
190.56183767598122,1,11,2
190.56429586512968,4,11,2
190.57752513396554,8,5,1
190.579514979152,4,5,1
190.5811000741087,1,5,1
190.59898052201606,1,6,1
190.59972117305733,6,11,2
190.6209944060538,11,5,1
190.62176310713403,1,9,1
190.6225228679832,7,11,2
190.6232480991166,6,5,1
190.62396314903162,3,11,2
190.62467504804954,5,11,2
190.64386868407018,7,5,1
190.64506795699708,11,6,1
190.64615482697263,6,9,1
190.6473424199503,3,5,1
190.64942515897565,5,6,1
190.659628193127,3,6,1
190.66069338214584,7,6,1
190.66181230405346,11,9,1
190.67255882313475,7,9,1
190.68577639199793,5,9,1
190.687835379038,3,9,1
190.7082636989653,13,6,1
190.71843112213537,13,9,1
190.72986787115224,13,7,1
190.7990772810299,9,6,1
190.80601797415875,0,6,1
190.8121286451351,9,7,1
190.81898603611626,12,6,1
190.81945173908025,0,9,1
190.82511695614085,9,8,1
190.8326261159964,0,7,1
190.83300890610553,12,9,1
190.8466087160632,12,7,1
190.84694475494325,0,8,1
190.85805803514086,12,8,1
190.90814658114687,2,6,1
190.90848849108443,10,6,1
190.92800660501234,2,9,1
190.9298708071001,10,9,1
190.95174467703328,10,7,1
190.952441025991,2,7,1
190.97059242194518,2,8,1
190.97137142415158,10,8,1
191.0163977991324,8,6,1
191.01683872099966,4,6,1
191.02937150094658,1,7,1
191.0301321821753,8,9,1
191.0304779021535,4,9,1
191.04482445213944,1,8,1
191.04530698503368,8,7,1
191.04563621408306,4,7,1
191.0559623821173,4,8,1
191.10914673516527,3,7,1
191.1096316780895,6,7,1
191.11010197200812,7,8,1
191.11279650614597,11,7,1
191.11677899817005,5,7,1
191.12515682098456,3,8,1
191.1292057740502,6,8,1
191.12965986714698,11,8,1
191.1308526401408,5,8,1
191.20466908812523,13,8,1
191.2991370621603,9,13,2
191.30499173514545,0,13,2
191.3222409260925,12,13,2
191.4067303009797,2,13,2
191.4076948480215,10,13,2
191.51274858694524,8,13,2
191.52081886213273,4,13,2
191.5348514530342,1,13,2
191.60865984112024,3,13,2
191.6091550551355,7,13,2
191.60961916809902,6,13,2
191.6112251020968,5,13,2
191.61171776615083,11,13,2
197.32202493515797,12,0,1
197.40520644397475,2,0,1
197.40573019906878,10,0,1
197.5157758470159,8,0,1
197.5192522041034,4,0,1
197.53287141397595,1,0,1
197.60442049894482,3,0,1
197.60551632917486,7,0,1
197.60656634904444,6,0,1
197.61735238903202,11,0,1
197.61843134905212,5,0,1
197.70728020602837,13,0,1
197.80910911597311,9,0,1
197.81277659814805,0,1,1
197.82293490110897,12,1,1
197.8314439279493,9,1,1
197.91143246809952,2,1,1
197.91188184102066,10,1,1
198.01675352500752,4,1,1
198.01720488700084,8,1,1
198.03397052409127,1,4,1
198.10430774604902,3,1,1
198.10474746813998,7,1,1
198.1051890400704,6,1,1
198.1093694071751,5,1,1
198.12532291095704,3,4,1
198.12674852111377,6,4,1
198.1270797799807,5,4,1
198.12767092697322,7,4,1
198.1280006361194,11,1,1
198.14754187106155,11,4,1
198.2134383681696,13,1,1
198.23250114009716,13,4,1
198.30616370309144,9,4,1
198.3162644051481,0,4,1
198.3177300360985,12,4,1
198.4054143000394,2,4,1
198.41420487500727,10,4,1
198.51329997903667,8,4,1
198.91285306797363,10,2,1
199.02420668210834,8,2,1
199.0262728300877,4,2,1
199.03354977304116,1,2,1
199.10427232505754,3,2,1
199.112425242085,6,2,1
199.11595200002193,7,2,1
199.12068982212804,11,2,1
199.12265361705795,5,2,1
199.20951247913763,13,2,1
199.30630308715627,0,2,1
199.30832931399345,9,2,1
199.3159905381035,12,2,1
199.5255497400649,8,3,1
199.52712170407176,4,3,1
199.532029081136,1,3,1
199.60338372015394,7,3,1
199.60415481217206,6,3,1
199.60993524314836,5,3,1
199.61820049304515,11,3,1
199.71085068606772,13,3,1
199.81333347409964,9,3,1
199.81537084002048,0,3,1
199.81973021198064,12,3,1
199.9074905491434,2,3,1
199.90854619815946,10,3,1
200.02571134502068,1,10,2
200.0377152489964,1,12,2
200.11311748204753,7,10,2
200.11755240499042,11,10,2
200.11959512205794,5,10,2
200.12068648217246,3,10,2
200.1219313670881,6,10,2
200.13157409615815,7,12,2
200.13529887003824,11,12,2
200.14762104395777,3,12,2
200.14843569602817,6,12,2
200.1492082681507,5,12,2
200.20965236308984,13,10,2
200.22244851011783,13,12,2
200.23502935096622,13,11,2
200.24804054410197,13,5,1
200.30758281308226,0,10,2
200.31048762402497,9,10,2
200.32024337607436,12,10,2
200.32086323411204,0,12,2
200.33671425608918,0,11,2
200.33778467494994,12,11,2
200.33959285612218,9,12,2
200.35026387311518,0,5,1
200.3513445931021,12,5,1
200.36374193895608,9,11,2
200.38111906312406,9,5,1
200.40577770094387,10,12,2
200.41132959607057,2,10,2
200.42269827309065,10,11,2
200.4245967559982,2,12,2
200.43658383004367,2,11,2
200.4369472200051,10,5,1
200.44802828901447,2,5,1
200.51760076894425,4,10,2
200.5180633221753,8,10,2
200.52742992294952,1,11,2
200.53199668996967,8,12,2
200.5328685841523,4,12,2
200.5402692409698,1,5,1
200.54450395912863,8,11,2
200.55307923816144,1,6,1
200.55593532812782,4,11,2
200.55763226514682,8,5,1
200.5646672011353,1,9,1
200.57089082500897,4,5,1
200.5819239821285,4,6,1
200.61905379709788,11,5,1
200.6198032880202,6,11,2
200.62052351911552,3,11,2
200.62129031005315,5,11,2
200.62207943201065,7,11,2
200.6484575071372,6,5,1
200.64925521006808,3,5,1
200.64997666003183,5,6,1
200.65068705915473,11,6,1
200.65141975996085,7,5,1
200.67418255400844,6,9,1
200.6749193649739,11,9,1
200.6756319750566,3,6,1
200.67634040513076,5,9,1
200.67707191500813,7,6,1
200.6868897289969,3,9,1
200.69481844012626,7,9,1
200.71408306714147,13,6,1
200.7315839349758,13,9,1
200.74832426104695,13,7,1
200.80664773797616,0,6,1
200.80823234212585,9,6,1
200.82022712612525,0,9,1
200.82128521613777,12,6,1
200.83229661313817,9,7,1
200.83422180614434,12,9,1
200.83457313594408,0,7,1
200.85014962009154,0,8,1
200.85049565997906,12,7,1
200.85145930713043,9,8,1
200.86195069015957,12,8,1
200.90390046895482,2,6,1
200.91482885414734,10,6,1
200.9160468580667,2,9,1
200.9299167150166,2,7,1
200.93353374511935,10,9,1
200.94119837903418,2,8,1
200.9528535241261,10,7,1
200.96909366594627,10,8,1
201.0208469000645,4,9,1
201.02277256315574,8,6,1
201.03557302011177,1,7,1
201.0384351001121,4,7,1
201.04445216804743,8,9,1
201.0553259011358,4,8,1
201.0599226190243,1,8,1
201.0633526351303,8,7,1
201.10978571907617,7,8,1
201.11074442602694,3,7,1
201.1134050800465,6,7,1
201.1148254100699,11,7,1
201.11693069897592,5,7,1
201.13354492210783,3,8,1
201.13614261406474,6,8,1
201.1365763260983,11,8,1
201.13710905099288,5,8,1
201.20704766106792,13,8,1
201.3079430940561,0,13,2
201.31075438298285,9,13,2
201.32152680307627,12,13,2
201.4053176390007,2,13,2
201.40862052096054,10,13,2
201.52567458502017,8,13,2
201.52671638410538,4,13,2
201.53628388000652,1,13,2
201.61166136199608,7,13,2
201.6127040211577,6,13,2
201.6137429100927,3,13,2
201.61478857905604,11,13,2
201.61596153210849,5,13,2
207.40861016814597,10,0,1
207.41021770308726,2,0,1
207.52214664407074,8,0,1
207.52296644705348,4,0,1
207.5312876291573,1,0,1
207.60397314513102,6,0,1
207.60502065415494,7,0,1
207.61224166606553,3,0,1
207.61598471016623,5,0,1
207.61714637302794,11,0,1
207.71667518699542,13,0,1
207.80805992614478,9,0,1
207.81275539612398,0,1,1
207.8241377940867,12,0,1
207.82782918703742,9,1,1
207.8441352210939,12,1,1
207.91278603603132,10,1,1
207.9136882510502,2,1,1
208.0153716460336,8,1,1
208.02262883796357,4,1,1
208.03338366816752,1,4,1
208.1150999260135,3,1,1
208.11587722809054,7,1,1
208.1165919280611,6,1,1
208.12074655410834,5,1,1
208.12166020902805,11,1,1
208.1464039690327,11,4,1
208.14720441098325,6,4,1
208.14793721213937,3,4,1
208.14864872209728,7,4,1
208.14942578412592,5,4,1
208.21274905907921,13,1,1
208.23420226713642,13,4,1
208.31235946714878,0,4,1
208.31336847506464,9,4,1
208.32352123805322,12,4,1
208.41302996315062,10,4,1
208.41392864799127,2,4,1
208.51561798411421,8,4,1
208.91244684811682,10,2,1
209.01560548413545,8,2,1
209.0233997120522,4,2,1
209.03443952999078,1,2,1
209.11633399315178,3,2,1
209.1173378310632,6,2,1
209.1210118031595,7,2,1
209.12175467400812,11,2,1
209.122738791164,5,2,1
209.21619962714612,13,2,1
209.3087330381386,9,2,1
209.31215432309546,0,2,1
209.32786883111112,12,2,1
209.5246643279679,8,3,1
209.52552743209526,4,3,1
209.53322153608315,1,3,1
209.61135449516587,6,3,1
209.61420681513846,7,3,1
209.61837005103007,11,3,1
209.62001289706677,5,3,1
209.7206471429672,13,3,1
209.80846590106376,9,3,1
209.81175915314816,0,3,1
209.82417638902552,12,3,1
209.9137231761124,10,3,1
209.91448093694635,2,3,1
210.0328971091658,1,12,2
210.12117837998085,3,12,2
210.1219771921169,7,12,2
210.12271114299074,11,12,2
210.12343132309616,6,12,2
210.12414207309484,5,12,2
210.15163208916783,7,10,2
210.1524267019704,3,10,2
210.15316587197594,6,10,2
210.15397782507353,5,10,2
210.1547000349965,11,10,2
210.21334334998392,13,12,2
210.23373309802264,13,10,2
210.25281066005118,13,11,2
210.26849378808402,13,5,1
210.30780660407618,9,12,2
210.31126599013805,0,12,2
210.32925039203838,12,10,2
210.33061529998668,9,10,2
210.3321539829485,0,10,2
210.35321074002422,9,11,2
210.35394623014145,0,11,2
210.35466170008294,12,11,2
210.37412466295063,0,5,1
210.37485388317145,9,5,1
210.3755653630942,12,5,1
210.41428813314997,10,12,2
210.41557890898548,2,12,2
210.4390221121721,10,11,2
210.43976944312453,2,10,2
210.4613239739556,2,11,2
210.46205958514474,10,5,1
210.47797341900878,2,5,1
210.52178294002078,8,12,2
210.5256395880133,4,12,2
210.53431786899455,1,10,2
210.54436511010863,8,10,2
210.54590842314065,4,10,2
210.5546129650902,1,11,2
210.56580817815848,8,11,2
210.56661625998095,4,11,2
210.57388216303661,1,5,1
210.58361251396127,8,5,1
210.58439206611365,4,5,1
210.58961765095592,1,6,1
210.60941840312444,1,9,1
210.61862713005394,3,11,2
210.62018002313562,6,11,2
210.62104094796814,5,11,2
210.6217824879568,7,11,2
210.6225036380347,11,5,1
210.64897994603962,6,5,1
210.6495697030332,3,5,1
210.65023787203245,5,6,1
210.65081791812554,11,6,1
210.65139413415454,7,5,1
210.6880420059897,3,6,1
210.6895389170386,6,9,1
210.6903225791175,11,9,1
210.69107946101576,7,6,1
210.69182264106348,5,9,1
210.70600345614366,3,9,1
210.70739779504947,7,9,1
210.70865744096227,13,6,1
210.71883981395513,13,9,1
210.7295710640028,13,7,1
210.8094553509727,9,6,1
210.81382484314963,0,6,1
210.82694441895,12,6,1
210.83270081900991,9,7,1
210.83351722196676,0,9,1
210.84541750396602,12,9,1
210.85316003998742,9,8,1
210.85450692707673,0,7,1
210.86420302814804,12,7,1
210.87111911014654,0,8,1
210.88003603904508,12,8,1
210.91280010296032,10,6,1
210.91363683599047,2,6,1
210.93333258503117,2,9,1
210.9340823360253,10,9,1
210.95472395210527,10,7,1
210.95545826200396,2,7,1
210.9721116560977,2,8,1
210.97299869102426,10,8,1
211.0258907659445,8,6,1
211.02670507808216,4,6,1
211.03001444111578,1,7,1
211.0482066180557,1,8,1
211.04912590398453,4,9,1
211.0498707140796,8,9,1
211.06972001795657,8,7,1
211.07045651809312,4,7,1
211.08587169810198,4,8,1
211.10390590108,3,7,1
211.1049449101556,7,8,1
211.10590972704813,6,7,1
211.11433630203828,11,7,1
211.11854739906266,3,8,1
211.11934059113264,6,8,1
211.12241908698343,5,7,1
211.13033990794793,11,8,1
211.14128443296067,5,8,1
211.21470193006098,13,8,1
211.3091768550221,9,13,2
211.31291795894504,0,13,2
211.32037149602547,12,13,2
211.41020443104208,10,13,2
211.41097120312043,2,13,2
211.52034379309043,4,13,2
211.5218364740722,8,13,2
211.5348366559483,1,13,2
211.611919186078,6,13,2
211.612697027158,3,13,2
211.61352551006712,11,13,2
211.61425527115352,7,13,2
211.6150422131177,5,13,2
217.41202002111822,2,0,1
217.41282751294784,10,0,1
217.52205128897913,8,0,1
217.52376299607567,4,0,1
217.53305354597978,1,0,1
217.6126681449823,3,0,1
217.61463560000993,7,0,1
217.61672669905238,11,0,1
217.61810219706967,6,0,1
217.61884521809407,5,0,1
217.7143822121434,13,0,1
217.80784257804044,9,0,1
217.81126246298663,0,1,1
217.8251259601675,12,0,1
217.82854742510244,9,1,1
217.844835779164,12,1,1
217.91265441011637,2,1,1
217.9137548210565,10,1,1
218.02307381900027,8,1,1
218.02517232811078,4,1,1
218.0327345591504,1,4,1
218.1151183161419,7,1,1
218.11619563610293,3,1,1
218.11725070513785,6,1,1
218.11831166502088,11,1,1
218.12121793604456,5,1,1
218.14424990816042,3,4,1
218.14534110808745,5,4,1
218.1463539560791,7,4,1
218.14743583695963,11,4,1
218.14864658098668,6,4,1
218.21277329907753,13,1,1
218.23244972713292,13,4,1
218.30770398606546,9,4,1
218.31129322596826,0,4,1
218.3265368109569,12,4,1
218.41318056709133,2,4,1
218.41424130601808,10,4,1
218.52092695096508,8,4,1
218.911490382161,10,2,1
219.0235750770662,8,2,1
219.02451913314871,4,2,1
219.0331407331396,1,2,1
219.11548426002264,6,2,1
219.11606879602186,7,2,1
219.11651633912697,3,2,1
219.1176162790507,11,2,1
219.12154232896864,5,2,1
219.21370430802926,13,2,1
219.30878448905423,9,2,1
219.31237343000248,0,2,1
219.32356099202298,12,2,1
219.52375211403705,8,3,1
219.5251982640475,4,3,1
219.534654508112,1,3,1
219.61365393106826,11,3,1
219.61455062613823,7,3,1
219.61528035602532,6,3,1
219.6171948891133,5,3,1
219.71375113213435,13,3,1
219.8104929390829,9,3,1
219.81582109816372,12,3,1
219.8178208740428,0,3,1
219.9137280981522,2,3,1
219.9145082300529,10,3,1
220.02050767606124,4,12,2
220.03409737395123,1,12,2
220.12151967198588,3,12,2
220.12236055615358,11,12,2
220.1231559580192,7,12,2
220.12390607898124,6,12,2
220.1246692200657,5,12,2
220.1484381831251,11,10,2
220.14939027908258,5,10,2
220.1502002121415,7,10,2
220.15102089499123,6,10,2
220.15182454697788,3,10,2
220.21391755808145,13,12,2
220.23384586395696,13,10,2
220.25337341916747,13,11,2
220.26851496100426,13,5,1
220.3090080600232,0,12,2
220.31200353405438,9,12,2
220.3251342200674,12,10,2
220.32997064501978,0,10,2
220.33395832614042,9,10,2
220.34645713400096,12,11,2
220.3508589870762,0,11,2
220.35195760801435,9,11,2
220.36950678704306,0,5,1
220.37057156697847,9,5,1
220.37159050512128,12,5,1
220.4126721911598,10,12,2
220.41375111113302,2,12,2
220.43263070704415,10,11,2
220.43454201100394,2,10,2
220.44784422102384,10,5,1
220.45286084106192,2,11,2
220.4684608359821,2,5,1
220.5224021601025,4,10,2
220.52437198511325,8,12,2
220.5349794710055,1,10,2
220.54352670907974,4,11,2
220.54780726903118,8,10,2
220.55538217001595,1,11,2
220.56142633897252,4,5,1
220.5687039210461,8,11,2
220.5748589730356,1,5,1
220.5877444720827,8,5,1
220.5892416140996,1,9,1
220.6185500321444,1,6,1
220.6206013490446,7,11,2
220.621181785129,3,11,2
220.62172456015833,6,11,2
220.62226673495024,11,5,1
220.6228051299695,5,11,2
220.64575824001804,7,5,1
220.64631192595698,3,5,1
220.64686259115115,5,9,1
220.64739718614146,11,9,1
220.64794138097204,6,5,1
220.68828590610065,3,9,1
220.68883901112713,7,9,1
220.68939966708422,6,9,1
220.68994301208295,11,6,1
220.69131002016366,5,6,1
220.70417502894998,7,6,1
220.70949797704816,3,6,1
220.7124339491129,13,9,1
220.733135886956,13,6,1
220.75305363209918,13,7,1
220.81097523705103,9,6,1
220.8120510270819,0,9,1
220.82167569501325,12,9,1
220.83198214299046,9,7,1
220.83411436202005,0,6,1
220.84235210204497,12,6,1
220.85143552511,9,8,1
220.85398343601264,0,7,1
220.8615340271499,12,7,1
220.86988224997185,0,8,1
220.87756045395508,12,8,1
220.9115365310572,2,9,1
220.9122946721036,10,9,1
220.9346170150675,10,6,1
220.9353730659932,2,6,1
220.95619293604977,2,7,1
220.9569968590513,10,7,1
220.9742605299689,10,8,1
220.97499448107556,2,8,1
221.02120137913153,8,9,1
221.02195702004246,4,9,1
221.02861790615134,1,7,1
221.04603201104328,1,8,1
221.04675236111507,4,6,1
221.04747943207622,8,6,1
221.06766680511646,8,7,1
221.06838901503943,4,7,1
221.08284741803072,4,8,1
221.10496142413467,7,8,1
221.10597097314894,3,7,1
221.10808311216533,6,7,1
221.11216370598413,11,7,1
221.11763517814688,5,7,1
221.12254512496293,3,8,1
221.12620633700863,6,8,1
221.12839510804042,11,8,1
221.13392847310752,5,8,1
221.21343806013465,13,8,1
221.30841539800167,9,13,2
221.30925723095424,0,13,2
221.3193195220083,12,13,2
221.40965686109848,10,13,2
221.41054271603934,2,13,2
221.52294258004986,8,13,2
221.52372179203667,4,13,2
221.5332206459716,1,13,2
221.60857649799436,6,13,2
221.60937477997504,3,13,2
221.6110060850624,7,13,2
221.61317063611932,11,13,2
221.61456456501037,5,13,2
227.41225502407178,10,0,1
227.41313220816664,2,0,1
227.51942187198438,4,0,1
227.52092270413414,8,0,1
227.53294380917214,1,0,1
227.61322670802474,3,0,1
227.6146293671336,7,0,1
227.61543702916242,6,0,1
227.61682505812496,5,0,1
227.6176289410796,11,0,1
227.71614624815993,13,0,1
227.80527810310014,9,0,1
227.8146810750477,0,1,1
227.82429072307423,12,0,1
227.82756689516827,9,1,1
227.84390070009977,12,1,1
227.91323897405528,2,1,1
227.91401713597588,10,1,1
228.0252472970169,8,1,1
228.02677623997442,4,1,1
228.02817988907918,1,4,1
228.11737569607794,11,1,1
228.1182135590352,5,1,1
228.11900114105083,7,1,1
228.11977997305803,3,1,1
228.12053299415857,6,1,1
228.14544769912027,11,4,1
228.14623949094675,6,4,1
228.1470194531139,3,4,1
228.14773989305831,7,4,1
228.14847300294787,5,4,1
228.21132049616426,13,1,1
228.23081869911402,13,4,1
228.30632464494556,9,4,1
228.3150800189469,0,4,1
228.32507513812743,12,4,1
228.41236195201054,2,4,1
228.41317481501028,10,4,1
228.52154152700678,8,4,1
228.91232058405876,10,2,1
229.02392021613196,8,2,1
229.02536861598492,4,2,1
229.03327949694358,1,2,1
229.1158652100712,6,2,1
229.1166440011002,3,2,1
229.11740867304616,7,2,1
229.11885734298266,11,2,1
229.1217640140094,5,2,1
229.2060838160105,13,2,1
229.30736048007384,0,2,1
229.30967402411625,9,2,1
229.31826007412747,12,2,1
229.52443203306757,8,3,1
229.52521697501652,4,3,1
229.53516820212826,1,3,1
229.6019094439689,6,3,1
229.61291026999243,7,3,1
229.6172661720775,5,3,1
229.61803451296873,11,3,1
229.71912322216667,13,3,1
229.8087672321126,9,3,1
229.81263438006863,0,3,1
229.82639291416854,12,3,1
229.9136314559728,10,3,1
229.91438831714913,2,3,1
230.0323724881746,1,12,2
230.12219617213123,5,12,2
230.12360819196329,11,12,2
230.1243557529524,6,12,2
230.1251106141135,7,12,2
230.12582258298062,3,12,2
230.15119292098098,6,10,2
230.1520061129704,3,10,2
230.1528017160017,5,10,2
230.1536274489481,11,10,2
230.15442054113373,7,10,2
230.21553745516576,13,12,2
230.2358991629444,13,10,2
230.25434040697291,13,11,2
230.2701519180555,13,5,1
230.30849263700657,0,12,2
230.31055558496155,9,12,2
230.32514865207486,0,10,2
230.3278026659973,12,10,2
230.33199087204412,9,10,2
230.3410911471583,0,11,2
230.34904595813714,12,11,2
230.35438106697984,9,11,2
230.357003740035,0,5,1
230.3683395960834,12,5,1
230.37038939306512,9,5,1
230.41264302213676,10,12,2
230.4134256541729,2,12,2
230.43535401509143,10,11,2
230.4361073160544,2,10,2
230.45599966100417,2,11,2
230.4568117230665,10,5,1
230.47126704617403,2,5,1
230.52476585796103,4,12,2
230.5258216180373,8,12,2
230.53576768515632,1,10,2
230.5484778690152,8,10,2
230.5495770201087,4,10,2
230.55747611098923,1,11,2
230.5703547890298,8,11,2
230.57120006298646,4,11,2
230.5766976971645,1,5,1
230.59021160309203,8,5,1
230.5910582570359,4,5,1
230.59261660999618,1,9,1
230.61886627203785,1,6,1
230.61974294716492,3,11,2
230.62017721915618,7,11,2
230.62105481303297,6,11,2
230.6216237291228,11,5,1
230.62216417398304,5,11,2
230.6471056099981,11,9,1
230.6474484601058,5,9,1
230.6477834689431,7,5,1
230.6481086879503,3,5,1
230.6484351870604,6,5,1
230.68527813395485,11,6,1
230.68787924712524,3,9,1
230.68852393515408,7,9,1
230.6891365321353,5,6,1
230.68946766108274,6,9,1
230.70111095602624,7,6,1
230.7016430911608,3,6,1
230.71777187101543,13,9,1
230.73791110212915,13,6,1
230.75917217507958,13,7,1
230.80938075506128,9,6,1
230.81071647210047,0,9,1
230.8233484539669,12,9,1
230.83075631107204,0,6,1
230.83156903414056,9,7,1
230.84420797694474,12,6,1
230.8522758211475,0,7,1
230.85304812295362,9,8,1
230.86379852308892,12,7,1
230.86895680613816,0,8,1
230.87954424205236,12,8,1
230.91094197705388,2,9,1
230.91171192913316,10,9,1
230.93397352006286,2,6,1
230.93470987002365,10,6,1
230.95503458706662,10,7,1
230.95576612697914,2,7,1
230.97295298613608,10,8,1
230.97371662803926,2,8,1
231.02184161008336,8,9,1
231.0226155410055,4,9,1
231.0291546441149,1,7,1
231.04721093713306,1,8,1
231.04800687008537,8,6,1
231.04873846005648,4,6,1
231.0683993580751,8,7,1
231.06982683809474,4,7,1
231.08685775310732,4,8,1
231.10323927015997,3,7,1
231.10540275997482,7,8,1
231.10890968795866,6,7,1
231.11773949395865,5,7,1
231.11808384396136,11,7,1
231.11987139401026,3,8,1
231.12881809310056,6,8,1
231.1305586511735,5,8,1
231.13851205306128,11,8,1
231.21555681200698,13,8,1
231.30755633697845,9,13,2
231.30833933898248,0,13,2
231.31976654799655,12,13,2
231.40939671709202,2,13,2
231.410151258111,10,13,2
231.52317116013728,8,13,2
231.52392141101882,4,13,2
231.53338449494913,1,13,2
231.6041669989936,3,13,2
231.60582020506263,6,13,2
231.6109052170068,7,13,2
231.6140789850615,5,13,2
231.6160873011686,11,13,2
237.41158638894558,2,0,1
237.4123736510519,10,0,1
237.52271495806053,4,0,1
237.52412970806472,8,0,1
237.53110992209986,1,0,1
237.61284194211476,6,0,1
237.61408700607717,3,0,1
237.615143625997,7,0,1
237.61622230615467,11,0,1
237.61733586713672,5,0,1
237.71905631409027,13,0,1
237.8053155990783,9,0,1
237.81203272705898,0,1,1
237.8232352391351,12,0,1
237.82711225701496,9,1,1
237.8428280861117,12,1,1
237.9131030649878,10,1,1
237.91390797798522,2,1,1
238.02397040696815,8,1,1
238.02474491903558,4,1,1
238.03243794315495,1,4,1
238.11710631405003,6,1,1
238.1180722010322,5,1,1
238.1188307220582,3,1,1
238.11960783414543,11,1,1
238.12038189615123,7,1,1
238.14680418302305,6,4,1
238.14766114600934,3,4,1
238.14840030716732,5,4,1
238.14917612913996,7,4,1
238.14989882917143,11,4,1
238.21274718199857,13,1,1
238.23248002212495,13,4,1
238.30959258205257,9,4,1
238.31122036813758,0,4,1
238.32296783616766,12,4,1
238.412794820033,2,4,1
238.4137978979852,10,4,1
238.5210565100424,8,4,1
238.91121617006138,10,2,1
239.0197291560471,4,2,1
239.02211200306192,8,2,1
239.03318926203065,1,2,1
239.11672870116308,6,2,1
239.1178826331161,3,2,1
239.11890625208616,7,2,1
239.1199516709894,11,2,1
239.12113846396096,5,2,1
239.21602496108972,13,2,1
239.30907952599227,9,2,1
239.31279927003197,0,2,1
239.32467460096814,12,2,1
239.5260266161058,4,3,1
239.526784586953,8,3,1
239.5333546800539,1,3,1
239.6115746111609,6,3,1
239.6135792969726,7,3,1
239.61789676803164,11,3,1
239.62055986211635,5,3,1
239.71481394115835,13,3,1
239.80921193305403,9,3,1
239.81269618007354,0,3,1
239.82505942508578,12,3,1
239.9137648390606,10,3,1
239.91453764098696,2,3,1
240.0327877481468,1,12,2
240.12151352199726,11,12,2
240.1227274760604,7,12,2
240.12371131405234,6,12,2
240.12477204413153,5,12,2
240.12582859303802,3,12,2
240.1516526530031,3,10,2
240.15253829816356,7,10,2
240.1533479699865,5,10,2
240.154089380987,6,10,2
240.15484448196366,11,10,2
240.21375717502087,13,12,2
240.2347398600541,13,10,2
240.25398455699906,13,11,2
240.26967307412997,13,5,1
240.30718100001104,9,12,2
240.3157155790832,0,12,2
240.31791780004278,12,10,2
240.33124315110035,9,10,2
240.33799568004906,12,11,2
240.34002831601538,0,10,2
240.3514741959516,12,5,1
240.35251893498935,9,11,2
240.36150233610533,0,11,2
240.3686615349725,9,5,1
240.37859431211837,0,5,1
240.40732831298374,2,12,2
240.4081454561092,10,12,2
240.42371303006075,10,11,2
240.424496171996,2,10,2
240.43790598609485,2,11,2
240.438661507098,10,5,1
240.4492154510226,2,5,1
240.51382850296795,8,12,2
240.52110054600053,4,12,2
240.52465343498625,8,10,2
240.53492210200056,1,10,2
240.53713047294877,8,11,2
240.5411046340596,4,10,2
240.54749606200494,8,5,1
240.55698826699518,1,11,2
240.56033650110476,4,11,2
240.575942046009,4,5,1
240.57643732917495,1,5,1
240.58952148398384,1,6,1
240.59916491317563,1,9,1
240.61820827401243,7,11,2
240.61870415811427,6,11,2
240.61918742209673,3,11,2
240.61969291605055,11,5,1
240.6242364330683,5,11,2
240.64861717214808,3,5,1
240.64912666613236,7,5,1
240.64968893211335,11,6,1
240.650212447159,6,5,1
240.65068543003872,5,6,1
240.6723934749607,3,6,1
240.6892061540857,11,9,1
240.69023291300982,6,9,1
240.6912552609574,7,6,1
240.69233528105542,5,9,1
240.69469069712795,3,9,1
240.69980861013755,7,9,1
240.71370530710556,13,6,1
240.72859601303935,13,9,1
240.74459740915336,13,7,1
240.8054635671433,9,6,1
240.81393142300658,0,6,1
240.8219965279568,12,6,1
240.82610723213293,9,7,1
240.83772490615956,12,9,1
240.83854480902664,0,9,1
240.84679067903198,9,8,1
240.85376472305506,12,7,1
240.85877111298032,0,7,1
240.86958317505196,12,8,1
240.87439717911184,0,8,1
240.91294213407673,2,6,1
240.91370104509406,10,6,1
240.93362536095083,2,9,1
240.93436174094677,10,9,1
240.9554624799639,2,7,1
240.9561983300373,10,7,1
240.97383740195073,2,8,1
240.97461567400023,10,8,1
241.02361254999414,8,6,1
241.02442528307438,4,6,1
241.03261251095682,1,7,1
241.04636018513702,8,9,1
241.04719540802762,4,9,1
241.0490730900783,1,8,1
241.06746128294617,4,7,1
241.06828785594553,8,7,1
241.08294825511985,4,8,1
241.10514629399404,7,8,1
241.10617082216777,3,7,1
241.1076947050169,6,7,1
241.11564372712746,5,7,1
241.11659341305494,11,7,1
241.11747174803168,3,8,1
241.12595324404538,6,8,1
241.133973618038,5,8,1
241.13555515208282,11,8,1
241.21579405013472,13,8,1
241.308816654142,0,13,2
241.31030238512903,9,13,2
241.3213860541582,12,13,2
241.40959907509387,10,13,2
241.410349145066,2,13,2
241.522012880072,4,13,2
241.52281842194498,8,13,2
241.53350941999815,1,13,2
241.6087344479747,3,13,2
241.61242726095952,6,13,2
241.61427111295052,7,13,2
241.615154447034,11,13,2
241.61597784003243,5,13,2
247.41178324702196,2,0,1
247.41261609015055,10,0,1
247.52220046613365,8,0,1
247.52334054815583,4,0,1
247.53327975515276,1,0,1
247.6127463420853,3,0,1
247.6145237509627,6,0,1
247.61526036215946,7,0,1
247.61664845002815,11,0,1
247.61781754298136,5,0,1
247.70684151607566,13,0,1
247.7972604080569,9,0,1
247.8046190731693,0,1,1
247.8091547691729,9,1,1
247.8165338949766,12,0,1
247.82851700903848,12,1,1
247.9144136151299,10,1,1
247.91531748999842,2,1,1
248.02335578296334,8,1,1
248.02410793397576,4,1,1
248.03178358799778,1,4,1
248.1121198690962,7,1,1
248.11548560205847,6,1,1
248.11623815307394,3,1,1
248.12006284995005,11,1,1
248.12161192297935,5,1,1
248.1313664650079,7,4,1
248.14541053702123,11,4,1
248.14620474912226,6,4,1
248.1469259990845,5,4,1
248.14764411910437,3,4,1
248.2125507791061,13,1,1
248.23214251594618,13,4,1
248.30793834012002,9,4,1
248.31282492610626,0,4,1
248.32346689305268,12,4,1
248.41255635698326,10,4,1
248.41338683106005,2,4,1
248.52170189097524,8,4,1
248.91134582809173,10,2,1
249.023150176974,8,2,1
249.02455486613326,4,2,1
249.03307773312554,1,2,1
249.1131736470852,6,2,1
249.11379434494302,7,2,1
249.11438001110218,3,2,1
249.11760442098603,5,2,1
249.1199806269724,11,2,1
249.214138263138,13,2,1
249.30842862301506,9,2,1
249.31445602094755,0,2,1
249.3263016610872,12,2,1
249.52436725515872,8,3,1
249.52522260905243,4,3,1
249.5335258510895,1,3,1
249.61390945198946,6,3,1
249.61477105598897,7,3,1
249.61818004096858,11,3,1
249.61895386315882,5,3,1
249.71513039502315,13,3,1
249.80657846597023,9,3,1
249.81586234504357,0,3,1
249.81897364207543,12,3,1
249.91456352709793,10,3,1
249.9153370789718,2,3,1
250.03282581595704,1,12,2
250.12182351807132,3,12,2
250.12290988815948,7,12,2
250.12376496195793,6,12,2
250.12462911615148,5,12,2
250.12548303999938,11,12,2
250.15165600995533,7,10,2
250.15242896112613,11,10,2
250.15321871312335,3,10,2
250.1539461039938,6,10,2
250.15467151417397,5,10,2
250.2132145371288,13,12,2
250.23436020710506,13,10,2
250.25429231207818,13,11,2
250.27081898297183,13,5,1
250.3088515640702,9,12,2
250.3133238090668,0,12,2
250.32583127799444,12,10,2
250.33201338001527,9,10,2
250.3373472581152,0,10,2
250.34909705608152,12,11,2
250.350976329064,9,11,2
250.35822880105115,0,11,2
250.36872270400636,9,5,1
250.37022693594918,12,5,1
250.38682694896124,0,5,1
250.4134545221459,10,12,2
250.41420701215975,2,12,2
250.4365045039449,10,11,2
250.4372619050555,2,10,2
250.45838275412098,2,11,2
250.4591201550793,10,5,1
250.4743132791482,2,5,1
250.52698161709122,8,12,2
250.529908898985,4,12,2
250.53427310101688,1,10,2
250.55087696411647,8,10,2
250.55443677306175,1,11,2
250.5557335091289,4,10,2
250.57224567001686,8,11,2
250.57522827317007,1,5,1
250.5759623539634,4,11,2
250.59039375605062,8,5,1
250.59187279711477,1,6,1
250.5926437091548,4,5,1
250.62124689714983,8,6,1
250.62229955615476,1,9,1
250.62361502298154,4,6,1
250.62468082201667,3,11,2
250.62546777399257,5,11,2
250.62619256414473,7,11,2
250.62693408504128,6,11,2
250.62764896498993,11,5,1
250.65319030801766,7,5,1
250.653983670054,6,5,1
250.6547314801719,3,5,1
250.65545172104612,5,6,1
250.6561644100584,11,6,1
250.7021712830756,6,9,1
250.70299804699607,5,9,1
250.70372569700703,7,6,1
250.70443608704954,11,9,1
250.7052732501179,3,6,1
250.72268552612513,13,6,1
250.72412643604912,3,9,1
250.72495595901273,7,9,1
250.79339327802882,13,9,1
250.8104199420195,9,6,1
250.81487878714688,0,6,1
250.81561252707615,13,7,1
250.82225234201178,12,6,1
250.83201021514833,0,9,1
250.83337681298144,9,7,1
250.83991613495164,12,9,1
250.84999350598082,0,7,1
250.85079885902815,9,8,1
250.85960205411538,12,7,1
250.8647812891286,0,8,1
250.87800480704755,12,8,1
250.91355595900677,10,6,1
250.9143768120557,2,6,1
250.93417902407236,2,9,1
250.93524044402875,10,9,1
250.95590746006928,2,7,1
250.95698815002106,10,7,1
250.97391380206682,10,8,1
250.9746612929739,2,8,1
251.01637410605326,4,9,1
251.01783204707317,8,9,1
251.02471202914603,1,7,1
251.03126294212416,8,7,1
251.0323145010043,4,7,1
251.03601384395733,1,8,1
251.0437722010538,4,8,1
251.10574273904786,3,7,1
251.1071412479505,6,7,1
251.10842483397573,7,8,1
251.110777069116,11,7,1
251.11205416498706,5,7,1
251.12759561813436,6,8,1
251.12836522003636,3,8,1
251.12912412104197,5,8,1
251.12983871111646,11,8,1
251.21355423610657,13,8,1
251.29901926009916,9,13,2
251.30717026698403,0,13,2
251.31660814001225,12,13,2
251.40681415610015,2,13,2
251.40724330814555,10,13,2
251.5234903700184,8,13,2
251.52427600207739,4,13,2
251.53252474195324,1,13,2
251.60399372503161,6,13,2
251.60491891112179,3,13,2
251.60573681397364,7,13,2
251.6143602039665,11,13,2
251.6160720421467,5,13,2
257.4115080081392,10,0,1
257.41242540301755,2,0,1
257.5276368369814,8,0,1
257.5284121790901,4,0,1
257.5311013839673,1,0,1
257.60446808999404,6,0,1
257.6070122709498,7,0,1
257.61196476896293,3,0,1
257.61593206902035,5,0,1
257.61686279508285,11,0,1
257.71341466810554,13,0,1
257.8074340110179,0,1,1
257.8089962240774,9,0,1
257.8208413149696,12,0,1
257.82845585700125,9,1,1
257.84062097617425,12,1,1
257.9124454499688,10,1,1
257.91327895317227,2,1,1
258.023011673009,4,1,1
258.02379647502676,8,1,1
258.0318468899932,1,4,1
258.1151581229642,7,1,1
258.11616209102795,6,1,1
258.11728083202615,3,1,1
258.1180174930487,11,1,1
258.1212888441514,5,1,1
258.14465301600285,3,4,1
258.1455070800148,5,4,1
258.1462696711533,7,4,1
258.1469923011027,11,4,1
258.1477084411308,6,4,1
258.2125132889487,13,1,1
258.2324476451613,13,4,1
258.3076709031593,9,4,1
258.3127678150777,0,4,1
258.3266705330461,12,4,1
258.41315903514624,10,4,1
258.4139339469839,2,4,1
258.52152376808226,8,4,1
258.91188875515945,10,2,1
259.0241090951022,8,2,1
259.0249469480477,4,2,1
259.0329445810057,1,2,1
259.11440880410373,6,2,1
259.1158890449442,3,2,1
259.11666924715973,7,2,1
259.1187393341679,5,2,1
259.11948424507864,11,2,1
259.2136469511315,13,2,1
259.30919681699015,0,2,1
259.3115836731158,9,2,1
259.3257960691117,12,2,1
259.52457240317017,4,3,1
259.5254537779838,8,3,1
259.5337104580831,1,3,1
259.6143495379947,6,3,1
259.61513746902347,7,3,1
259.61808276106603,5,3,1
259.6188459531404,11,3,1
259.71359461615793,13,3,1
259.8084923620336,0,3,1
259.81091154017486,9,3,1
259.82576615409926,12,3,1
259.915077455109,2,3,1
259.91587670799345,10,3,1
260.0340873040259,1,12,2
260.12185726314783,7,12,2
260.1226512650028,6,12,2
260.1233784451615,5,12,2
260.1240914950613,3,12,2
260.124804985011,11,12,2
260.15162397315726,7,10,2
260.1524320850149,6,10,2
260.153254608158,5,10,2
260.1539694480598,3,10,2
260.1546804481186,11,10,2
260.21329813310876,13,12,2
260.23534004809335,13,10,2
260.2553876370657,13,11,2
260.2722002561204,13,5,1
260.3089740809519,0,12,2
260.3103890409693,9,12,2
260.32778298598714,0,10,2
260.3302406440489,12,10,2
260.3315370010678,9,10,2
260.3424222939648,0,11,2
260.35367207811214,9,11,2
260.35515059903264,12,11,2
260.3559541220311,0,5,1
260.3712816189509,9,5,1
260.37266474799253,12,5,1
260.4135228670202,2,12,2
260.4143054690212,10,12,2
260.4359914739616,2,10,2
260.43673688499257,10,11,2
260.4573556201067,2,11,2
260.4580992611591,10,5,1
260.4731101789512,2,5,1
260.52396733802743,8,12,2
260.5287938530091,4,12,2
260.53235100209713,1,10,2
260.5460348231718,8,10,2
260.5517364819534,4,10,2
260.5525138541125,1,11,2
260.5646716330666,8,11,2
260.57228175597265,4,11,2
260.57305847713724,1,5,1
260.58045122306794,8,5,1
260.58850242802873,4,5,1
260.58992361696437,1,9,1
260.61672099516727,7,11,2
260.61757589899935,1,6,1
260.6183706710581,11,5,1
260.6191466820892,6,11,2
260.61989577300847,3,11,2
260.6206183331087,5,11,2
260.6393476759549,7,5,1
260.6401246881578,11,9,1
260.6409181400668,3,5,1
260.64167541102506,5,9,1
260.6423908909783,6,5,1
260.65886894008145,7,9,1
260.6596349221654,11,6,1
260.6603796230629,3,9,1
260.6858503629919,5,6,1
260.68880919506773,6,9,1
260.69017521315254,7,6,1
260.6986472699791,3,6,1
260.7173532519955,13,9,1
260.7391838210169,13,6,1
260.75872028502636,13,7,1
260.80966004612856,9,6,1
260.81041065696627,0,9,1
260.82425175304525,12,9,1
260.8325210439507,0,6,1
260.833588964073,9,7,1
260.8449707310647,12,6,1
260.8534439969808,0,7,1
260.8544692560099,9,8,1
260.86441967403516,12,7,1
260.86914270510897,0,8,1
260.88007633015513,12,8,1
260.9071851861663,2,9,1
260.9131345821079,10,9,1
260.9307132521644,2,6,1
260.93600294017233,10,6,1
260.94927424006164,2,7,1
260.9578190690372,10,7,1
260.965128981974,2,8,1
260.9754205890931,10,8,1
261.0224657719955,8,9,1
261.0237332470715,4,9,1
261.0291175970342,1,7,1
261.04687332198955,1,8,1
261.0480198049918,4,6,1
261.04912333516404,8,6,1
261.06923779612407,4,7,1
261.07027245499194,8,7,1
261.0850754880812,4,8,1
261.10542820603587,3,7,1
261.10776087106206,11,7,1
261.1103494830895,7,8,1
261.1117285110522,6,7,1
261.1150347441435,5,7,1
261.1196511921007,3,8,1
261.1212412461173,11,8,1
261.1289713419974,6,8,1
261.1310276801232,5,8,1
261.21558495797217,13,8,1
261.301554286154,9,13,2
261.30880013806745,0,13,2
261.3198360661045,12,13,2
261.410001731012,10,13,2
261.4108408240136,2,13,2
261.5241433940828,8,13,2
261.5264296780806,4,13,2
261.53314811503515,1,13,2
261.6111511811614,3,13,2
261.6117365269456,7,13,2
261.61221976112574,6,13,2
261.61355154798366,5,13,2
261.6141956660431,11,13,2
267.4115381850861,10,0,1
267.4126852371264,2,0,1
267.5217290390283,8,0,1
267.5228065990377,4,0,1
267.5328143881634,1,0,1
267.61277445801534,6,0,1
267.61389683000743,3,0,1
267.6149275379721,7,0,1
267.61706163804047,5,0,1
267.6181798391044,11,0,1
267.70801624516025,13,0,1
267.7982803231571,9,0,1
267.8046687510796,0,1,1
267.8153244680725,12,0,1
267.822343043983,9,1,1
267.8278034259565,12,1,1
267.9132141880691,10,1,1
267.9142546770163,2,1,1
268.0240150890313,8,1,1
268.0250810191501,4,1,1
268.0321780270897,1,4,1
268.1170183031354,7,1,1
268.11822360707447,6,1,1
268.11923108506016,3,1,1
268.1202866740059,11,1,1
268.1213373930659,5,1,1
268.14599677105434,6,4,1
268.1469308270607,3,4,1
268.1477559399791,5,4,1
268.1485626830254,7,4,1
268.149422747083,11,4,1
268.2131940149702,13,1,1
268.2332291151397,13,4,1
268.3119968220126,0,4,1
268.3127642329782,9,4,1
268.32572901505046,12,4,1
268.4132085039746,2,4,1
268.4139717060607,10,4,1
268.5206099799834,8,4,1
268.91350480914116,10,2,1
269.0239576001186,8,2,1
269.02510957210325,4,2,1
269.03301818296313,1,2,1
269.1158124820795,7,2,1
269.1167613789439,3,2,1
269.1175333200954,6,2,1
269.12072104914114,11,2,1
269.1214927500114,5,2,1
269.2158900629729,13,2,1
269.3129206500016,0,2,1
269.31370248203166,9,2,1
269.3267706860788,12,2,1
269.5243579780217,4,3,1
269.5258229880128,8,3,1
269.535776036093,1,3,1
269.61320239608176,6,3,1
269.61403715913184,7,3,1
269.6172796690371,11,3,1
269.61863456713036,5,3,1
269.7210188731551,13,3,1
269.81144761503674,9,3,1
269.8125061651226,0,3,1
269.82480736798607,12,3,1
269.9140394269489,2,3,1
269.9148052481469,10,3,1
270.1218805240933,6,12,2
270.1233156840317,3,12,2
270.12429396109655,5,12,2
270.12538864207454,7,12,2
270.12641107011586,11,12,2
270.1525234889705,6,10,2
270.1533174009528,3,10,2
270.1541140030604,11,10,2
270.1548621139955,7,10,2
270.15566649707034,5,10,2
270.21312676905654,13,12,2
270.23332215310074,13,10,2
270.25279930606484,13,11,2
270.26840556110255,13,5,1
270.3123111559544,9,12,2
270.31312820804305,0,12,2
270.3242758801207,12,10,2
270.33702382515185,0,10,2
270.33787686913274,9,10,2
270.3443280090578,12,11,2
270.3557201460935,9,11,2
270.36053831106983,0,11,2
270.36387241398916,12,5,1
270.37053504004143,9,5,1
270.377113873139,0,5,1
270.414247588953,10,12,2
270.41499671014026,2,12,2
270.437406625133,10,11,2
270.43823815812357,2,10,2
270.4590048179962,2,11,2
270.45976008917205,10,5,1
270.4749829331413,2,5,1
270.5258801530581,8,12,2
270.52845685509965,4,12,2
270.5332676989492,1,12,2
270.55058991210535,4,10,2
270.55137953395024,8,10,2
270.55444012000225,1,10,2
270.5735312621109,4,11,2
270.57430626405403,8,11,2
270.5750696850009,1,11,2
270.59366931417026,4,5,1
270.5947405239567,1,5,1
270.59577930299565,8,5,1
270.62165241409093,1,6,1
270.62298289197497,3,11,2
270.62413326394744,6,11,2
270.6254011490382,7,11,2
270.62656152108684,5,11,2
270.62761588115245,11,5,1
270.6309111730661,1,9,1
270.65238014096394,3,5,1
270.65347527200356,6,5,1
270.6544751401525,7,5,1
270.6554989281576,5,6,1
270.65667091100477,11,6,1
270.6961017011199,6,9,1
270.6969855451025,5,9,1
270.69777605705895,11,9,1
270.69851015810855,3,6,1
270.69923517806455,7,6,1
270.7139960899949,3,9,1
270.7183552221395,7,9,1
270.7198690541554,13,6,1
270.7364576770924,13,9,1
270.795459571993,13,7,1
270.80880135507323,9,6,1
270.8131235749461,0,6,1
270.8257920590695,12,6,1
270.83207823405974,9,7,1
270.833164564101,0,9,1
270.84513233811595,12,9,1
270.85265232715756,9,8,1
270.85370595706627,0,7,1
270.8673686280381,12,7,1
270.86975532514043,0,8,1
270.88326748111285,12,8,1
270.90465576807037,2,6,1
270.90801838203333,10,6,1
270.91443691099994,2,9,1
270.92439764901064,10,9,1
270.92578845797107,2,7,1
270.93890672409907,2,8,1
270.9418607261032,10,7,1
270.95749242207967,10,8,1
271.0252135810442,8,6,1
271.02597401198,4,6,1
271.0267125519458,1,7,1
271.03806074894965,1,8,1
271.0468628851231,4,9,1
271.04759350512177,8,9,1
271.0664140500594,8,7,1
271.0671386399772,4,7,1
271.0824887980707,4,8,1
271.1059137021657,6,7,1
271.1071774570737,3,7,1
271.10842991201207,7,8,1
271.10971053806134,11,7,1
271.1183649089653,5,7,1
271.1251726890914,3,8,1
271.12591535015963,6,8,1
271.1284447100479,11,8,1
271.1344942790456,5,8,1
271.2126653890591,13,8,1
271.30832477798685,0,13,2
271.3098032090347,9,13,2
271.32090825913474,12,13,2
271.41051715798676,10,13,2
271.4123861200642,2,13,2
271.523746997118,4,13,2
271.52500638202764,8,13,2
271.53006763313897,1,13,2
271.60125559801236,3,13,2
271.6022893569898,6,13,2
271.61236398806795,7,13,2
271.61494889995083,5,13,2
271.6161391939968,11,13,2
277.4116830630228,2,0,1
277.4125290559605,10,0,1
277.52190469694324,4,0,1
277.5227333600633,8,0,1
277.53275254997425,1,0,1
277.6114945560694,6,0,1
277.61226791795343,3,0,1
277.61303177895024,7,0,1
277.6159292701632,11,0,1
277.61677848408,5,0,1
277.71413141908124,13,0,1
277.80418840097263,9,0,1
277.8112206470687,0,1,1
277.8239600630477,12,0,1
277.8247315241024,9,1,1
277.84374182508327,12,1,1
277.9123098170385,2,1,1
277.9131024989765,10,1,1
278.02271178714,8,1,1
278.0234815781005,4,1,1
278.0318821419496,1,4,1
278.11410074611194,7,1,1
278.11508663301356,6,1,1
278.1158259040676,3,1,1
278.1175481020473,11,1,1
278.1184822281357,5,1,1
278.14313981612213,11,4,1
278.1438851871062,6,4,1
278.1446080170572,5,4,1
278.14536409801804,3,4,1
278.14610433904454,7,4,1
278.21285372111015,13,1,1
278.2332827099599,13,4,1
278.31455420702696,9,4,1
278.3151449940633,0,4,1
278.32513164309785,12,4,1
278.4123917960096,10,4,1
278.41317635797895,2,4,1
278.5213651561644,8,4,1
278.9040194300469,10,2,1
279.01851014397107,4,2,1
279.0195747441612,8,2,1
279.02526753302664,1,2,1
279.1032876991667,7,2,1
279.11198321101256,6,2,1
279.116128587164,5,2,1
279.11692430917174,11,2,1
279.117680669995,3,2,1
279.2135421540588,13,2,1
279.3115334981121,0,2,1
279.31233488,9,2,1
279.3259815410711,12,2,1
279.5246681130957,4,3,1
279.5260356310755,8,3,1
279.53606589115225,1,3,1
279.61368506611325,6,3,1
279.6144983791746,7,3,1
279.6178796631284,5,3,1
279.61865375516936,11,3,1
279.71446125698276,13,3,1
279.80988644901663,9,3,1
279.81503824307583,0,3,1
279.8270674380474,12,3,1
279.91378054698,10,3,1
279.9145490580704,2,3,1
280.12094764597714,3,12,2
280.12186084105633,7,12,2
280.1226330930367,11,12,2
280.1235665490385,6,12,2
280.12445220397785,5,12,2
280.1516886430327,7,10,2
280.15248537505977,11,10,2
280.15326391696,6,10,2
280.1539799971506,3,10,2
280.15469258697703,5,10,2
280.21277485694736,13,12,2
280.23291137907654,13,10,2
280.25196007010527,13,11,2
280.26751035405323,13,5,1
280.30883932695724,9,12,2
280.3129583520349,0,12,2
280.3264571991749,12,10,2
280.3307646289468,9,10,2
280.3344074799679,0,10,2
280.3472094570752,12,11,2
280.3509708021302,9,11,2
280.35357651510276,0,11,2
280.36971735511906,9,5,1
280.3710669230204,12,5,1
280.3733257660642,0,5,1
280.41299115214497,2,12,2
280.41427761805244,10,12,2
280.4355203011073,10,11,2
280.4362689021509,2,10,2
280.4571035830304,10,5,1
280.4578383229673,2,11,2
280.47567114117555,2,5,1
280.5257274969481,4,12,2
280.52651694905944,8,12,2
280.5285519461613,1,12,2
280.54802324902266,1,10,2
280.5494201281108,4,10,2
280.55017787916586,8,10,2
280.5668114731088,1,11,2
280.5698859989643,4,11,2
280.57064970000647,8,11,2
280.5855103749782,1,5,1
280.5868628520984,4,5,1
280.5876210441347,8,5,1
280.5973138641566,1,9,1
280.6213052731473,1,6,1
280.62210997613147,6,11,2
280.6229030280374,3,11,2
280.6236218181439,5,11,2
280.62435443815775,7,11,2
280.62511123903096,11,5,1
280.6491673600394,6,5,1
280.64996023196727,3,5,1
280.6507274240721,7,5,1
280.6514621539973,5,9,1
280.6521904650144,11,9,1
280.6903134980239,7,9,1
280.6981593570672,6,9,1
280.69904012116604,11,6,1
280.6998778551351,3,9,1
280.70067871711217,5,6,1
280.71529226517305,13,9,1
280.71621060115285,7,6,1
280.7183607609477,3,6,1
280.78885958716273,13,6,1
280.80649268906564,13,7,1
280.80728834099136,9,6,1
280.8106347040739,0,9,1
280.8286044751294,12,9,1
280.8322128960863,0,6,1
280.83361755497754,9,7,1
280.85375706711784,0,7,1
280.85454992903396,9,8,1
280.8552875199821,12,6,1
280.87243408802897,0,8,1
280.87323574116454,12,7,1
280.8883707730565,12,8,1
280.9107422269881,10,9,1
280.9114950981457,2,9,1
280.93342932011,2,6,1
280.93418503110297,10,6,1
280.9542926121503,10,7,1
280.9557176909875,2,7,1
280.97166260611266,2,8,1
280.9747104609851,10,8,1
281.02213238412514,8,9,1
281.0228836250026,4,9,1
281.0287052770145,1,7,1
281.0471632920671,1,8,1
281.0479670751374,4,6,1
281.048689735122,8,6,1
281.0664047689643,8,7,1
281.0677665770054,4,7,1
281.08610179810785,4,8,1
281.1050648880191,3,7,1
281.1060238140635,7,8,1
281.10785691509955,6,7,1
281.1174342930317,5,7,1
281.1181873441674,11,7,1
281.1220633611083,3,8,1
281.1243211950641,6,8,1
281.1362627779599,5,8,1
281.13707738998346,11,8,1
281.21516186813824,13,8,1
281.30876998999156,0,13,2
281.30963026406243,9,13,2
281.3203442529775,12,13,2
281.4107233041432,2,13,2
281.4122753669508,10,13,2
281.52322478196584,4,13,2
281.5239815930836,8,13,2
281.53460213914514,1,13,2
281.60444036801346,3,13,2
281.6078397920355,6,13,2
281.6086192440707,7,13,2
281.6130359470844,11,13,2
281.6145299091004,5,13,2
287.4114466961473,10,0,1
287.41224699816667,2,0,1
287.5220455310773,4,0,1
287.5234616601374,8,0,1
287.5312092360109,1,0,1
287.6125911769923,3,0,1
287.6134842920583,7,0,1
287.6142213421408,6,0,1
287.616909526987,5,0,1
287.61834681709297,11,0,1
287.71339475899003,13,0,1
287.8051149570383,9,0,1
287.81419292115606,0,1,1
287.82551675708964,9,1,1
287.8265683760401,12,0,1
287.847203272162,12,1,1
287.9135780329816,2,1,1
287.914621502161,10,1,1
288.02325017307885,8,1,1
288.024298732169,4,1,1
288.0321429709438,1,4,1
288.1137693570927,3,1,1
288.11460093106143,7,1,1
288.11533140111715,6,1,1
288.1197376139462,11,1,1
288.12226647511125,5,1,1
288.1385740300175,6,4,1
288.13932630000636,3,4,1
288.14203650597483,7,4,1
288.1451143119484,5,4,1
288.14584984304383,11,4,1
288.21257158298977,13,1,1
288.232608593069,13,4,1
288.30603199102916,9,4,1
288.3146259400528,0,4,1
288.3244063530583,12,4,1
288.41277571814135,2,4,1
288.41357170115225,10,4,1
288.52177983894944,8,4,1
288.91169791598804,10,2,1
289.02421939512715,8,2,1
289.0250000569504,4,2,1
289.0330410520546,1,2,1
289.115531723015,7,2,1
289.1163492850028,6,2,1
289.11712819710374,3,2,1
289.12166512408294,11,2,1
289.12320198700763,5,2,1
289.2138172739651,13,2,1
289.3082627390977,9,2,1
289.3122158991173,0,2,1
289.32429923606105,12,2,1
289.5246073540766,4,3,1
289.52660790015943,8,3,1
289.5348969211336,1,3,1
289.6143660179805,6,3,1
289.61512089916505,7,3,1
289.6182579770684,5,3,1
289.61898207711056,11,3,1
289.7140233980026,13,3,1
289.81066280417144,9,3,1
289.81219235714525,0,3,1
289.8240159971174,12,3,1
289.9143013949506,10,3,1
289.91505039599724,2,3,1
290.12144134403206,7,12,2
290.12261896696873,6,12,2
290.1233858380001,3,12,2
290.12410691799596,5,12,2
290.1265267350245,11,12,2
290.15014770417474,7,10,2
290.15087285498157,3,10,2
290.1515863740351,5,10,2
290.1522903840523,6,10,2
290.15304129500873,11,10,2
290.2129208550323,13,12,2
290.233322275104,13,10,2
290.2524672690779,13,5,1
290.2706323149614,13,11,2
290.307704559993,9,12,2
290.31118219695054,0,12,2
290.3290751159657,12,10,2
290.3304627749603,9,10,2
290.3318160721101,0,10,2
290.3539408389479,0,5,1
290.3547963129822,9,5,1
290.35558957606554,12,5,1
290.37471179896966,9,11,2
290.3754387991503,12,11,2
290.3761606090702,0,11,2
290.4141769600101,10,12,2
290.41543046501465,2,12,2
290.4345400580205,10,5,1
290.43529205909,2,10,2
290.4553872491233,10,11,2
290.45611228002235,2,5,1
290.47105620708317,2,11,2
290.52392701106146,8,12,2
290.5265577849932,4,12,2
290.53485930594616,1,12,2
290.5467489680741,4,10,2
290.5475154290907,8,10,2
290.55528362607583,1,10,2
290.56761984014884,8,5,1
290.56834014016204,4,5,1
290.5739067159593,1,5,1
290.58695916994475,4,11,2
290.5885885951575,8,11,2
290.58995180297643,1,11,2
290.60991591005586,1,6,1
290.6204259840306,7,5,1
290.6212495069485,6,5,1
290.62281265994534,3,5,1
290.62362737301737,11,5,1
290.6244223350659,5,11,2
290.6252480580006,1,9,1
290.64999967906624,5,6,1
290.65136341704056,11,6,1
290.6520866469946,3,11,2
290.6528502779547,7,11,2
290.65361370914616,6,11,2
290.6899272319861,7,6,1
290.69067655317485,11,9,1
290.69142486411147,5,9,1
290.6921837851405,3,6,1
290.693620365113,6,9,1
290.7000585051719,7,9,1
290.7076819180511,3,9,1
290.7144987580832,13,6,1
290.7326496040914,13,9,1
290.7520669060759,13,7,1
290.807452121051,9,6,1
290.8122233140748,0,6,1
290.8200804030057,12,6,1
290.8293812321499,9,7,1
290.8347033711616,0,9,1
290.8352728369646,12,9,1
290.8514136769809,9,8,1
290.8543524891138,12,7,1
290.85507660894655,0,7,1
290.87106392509304,12,8,1
290.87179073598236,0,8,1
290.9078038900625,2,6,1
290.9121365309693,10,6,1
290.921436880948,2,9,1
290.9304926029872,10,9,1
290.9365287520923,2,7,1
290.95398703799583,10,7,1
290.95472578913905,2,8,1
290.97013624897227,10,8,1
291.02579859201796,4,6,1
291.0265605831519,8,6,1
291.0292254469823,1,7,1
291.04831444006413,1,8,1
291.04907272104174,8,9,1
291.0497873809654,4,9,1
291.0665634390898,4,7,1
291.0671011940576,8,7,1
291.0795474911574,4,8,1
291.1057925231289,7,8,1
291.1076184241101,6,7,1
291.10823647212237,3,7,1
291.108672774164,11,7,1
291.12388254795223,5,7,1
291.1249363780953,6,8,1
291.1253625091631,3,8,1
291.12572945002466,11,8,1
291.14028040505946,5,8,1
291.20606697094627,13,8,1
291.2986781941727,9,13,2
291.3063356380444,0,13,2
291.3192385779694,12,13,2
291.4100720221177,2,13,2
291.4128429789562,10,13,2
291.51998211815953,4,13,2
291.5207574891392,8,13,2
291.5343469281215,1,13,2
291.60532682808116,3,13,2
291.608314611949,7,13,2
291.6091027541552,6,13,2
291.6115613330621,11,13,2
291.6140102611389,5,13,2
297.4114816719666,10,0,1
297.41241135797463,2,0,1
297.527772387024,8,0,1
297.5285476881545,4,0,1
297.5316414050758,1,0,1
297.6124373290222,6,0,1
297.61323844105937,3,0,1
297.61396752111614,7,0,1
297.61673647817224,11,0,1
297.618187159067,5,0,1
297.71444241399877,13,0,1
297.8054969550576,9,0,1
297.81471239216626,0,1,1
297.82345487503335,12,0,1
297.82659617299214,9,1,1
297.8435470261611,12,1,1
297.91267361398786,10,1,1
297.91345874615945,2,1,1
298.0290368599817,8,1,1
298.0298027920071,4,1,1
298.0325587389525,1,4,1
298.1120044849813,7,1,1
298.11463437904604,6,1,1
298.1156850780826,3,1,1
298.11813554610126,11,1,1
298.1208187411539,5,1,1
298.1430762519594,7,4,1
298.1440917800646,3,4,1
298.14510730910115,11,4,1
298.1461255471222,6,4,1
298.1474291831255,5,4,1
298.2131620370783,13,1,1
298.233187626116,13,4,1
298.31084568216465,9,4,1
298.31477610208094,0,4,1
298.3270418839529,12,4,1
298.41295087104663,2,4,1
298.4137867339887,10,4,1
298.5214699981734,8,4,1
298.9121453971602,10,2,1
299.0297469480429,8,2,1
299.0315790490713,4,2,1
299.0331478130538,1,2,1
299.1162971020676,7,2,1
299.1174230140168,3,2,1
299.11843081214465,6,2,1
299.11947372113355,11,2,1
299.12197898095474,5,2,1
299.21610952704214,13,2,1
299.3113519640174,9,2,1
299.31545663811266,0,2,1
299.3264667959884,12,2,1
299.5277314200066,8,3,1
299.52851108205505,4,3,1
299.5351872481406,1,3,1
299.6112245300319,6,3,1
299.6140907399822,7,3,1
299.61768863000907,11,3,1
299.61973763699643,5,3,1
299.71585805900395,13,3,1
299.8101545800455,9,3,1
299.8143121351022,0,3,1
299.82642369298264,12,3,1
299.91407482814975,10,3,1
299.9148489399813,2,3,1
300.12156795710325,7,12,2
