t_s,reporter,target,reason
12.607518675969914,13,1,1
12.614106738008559,7,1,1
12.621630076086149,13,4,1
12.628243810031563,4,1,1
12.676423165015876,7,4,1
12.677579327020794,13,8,1
12.681446233997121,0,1,1
12.695087302010506,13,8,1
12.698003803147003,0,4,1
12.709194042952731,13,5,1
12.774765149923041,13,5,1
12.788075549062341,7,8,1
12.79368769400753,8,1,1
12.802460238104686,6,1,1
12.80339547409676,4,8,1
12.80429067905061,7,8,1
12.809410250047222,8,4,1
12.821414203150198,4,8,1
12.821923277107999,6,4,1
12.876369836041704,7,5,1
12.889693164965138,7,5,1
12.893032317981124,4,5,1
12.901489601936191,2,1,1
12.904266719007865,7,13,2
12.906556863104925,4,5,1
12.920843268977478,7,13,2
12.974739412078634,2,4,1
12.975770561024547,4,13,2
12.985239453148097,4,13,2
12.987516805995256,7,12,2
13.00045049493201,7,12,2
13.003013546112925,4,12,2
13.012061447137967,12,1,1
13.01588046294637,4,12,2
13.017414085101336,7,11,2
13.075110064120963,7,11,2
13.076045430032536,12,4,1
13.077484280103818,4,11,2
13.090156991034746,4,11,2
13.094010488130152,8,5,1
13.09904258698225,0,8,1
13.106452423147857,8,5,1
13.110780162038282,5,1,1
13.11183401197195,0,8,1
13.115895414026454,9,1,1
13.119920616038144,8,13,2
13.175232079112902,5,4,1
13.176364009967074,8,13,2
13.17687374399975,0,5,1
13.177334137028083,9,4,1
13.179499047109857,13,12,2
13.192479657009244,0,5,1
13.192955950042233,3,1,1
13.193326010135934,8,12,2
13.207022950053215,13,12,2
13.274700585054234,8,12,2
13.275292492005974,0,13,2
13.276032411959022,3,4,1
13.287158780964091,8,11,2
13.290214395150542,11,1,1
13.291431249119341,0,13,2
13.29369493201375,13,11,2
13.294090762967244,9,8,1
13.311065033078194,8,11,2
13.31331338500604,9,8,1
13.313901192042977,2,8,1
13.314323683036491,13,11,2
13.31465426296927,11,4,1
13.31660669692792,0,12,2
13.323390475008637,5,8,1
13.376409983960912,6,8,1
13.379161900142208,10,1,1
13.394406022969633,2,8,1
13.395738060120493,5,8,1
13.396809509024024,0,12,2
13.398055324098095,6,8,1
13.3988672059495,9,5,1
13.399897505063564,10,4,1
13.415890017990023,9,5,1
13.417951494920999,2,5,1
13.418786647962406,5,13,2
13.419517318950966,6,5,1
13.420237889047712,0,11,2
13.477223188150674,1,4,1
13.48217349499464,9,13,2
13.486242068000138,2,5,1
13.487148572923616,5,13,2
13.487897963961586,0,11,2
13.488641784060746,6,5,1
13.506004945142195,9,13,2
13.508325450122356,5,12,2
13.509440961061046,2,13,2
13.510314614977688,6,13,2
13.511017485056072,12,8,1
13.57934559811838,2,13,2
13.580464139115065,5,12,2
13.58141874615103,9,12,2
13.582298580091447,6,13,2
13.583292427938432,12,8,1
13.785105521092191,9,12,2
13.803258494008332,2,12,2
13.816909542074427,5,11,2
13.82370651094243,6,12,2
13.824548593955114,12,5,1
13.824882722925395,6,12,2
13.825206722132862,2,12,2
13.825530600966886,11,8,1
13.825853360118344,12,5,1
13.874355053994805,5,11,2
13.874787735985592,9,11,2
13.875121905002743,3,8,1
13.875474685104564,11,8,1
13.875817385036498,9,11,2
13.876179184997454,3,8,1
13.8766558279749,6,11,2
13.877090600086376,12,13,2
13.877524852054194,2,11,2
13.877953263930976,11,5,1
13.878409845987335,12,13,2
13.878874119138345,6,11,2
13.879447505110875,2,11,2
13.879849585937336,3,5,1
13.880313938949257,10,8,1
13.880754550918937,11,5,1
13.881189664127305,3,5,1
13.88162974594161,12,11,2
13.882076498121023,10,8,1
13.882607833016664,10,5,1
13.883140328107402,11,13,2
13.883616290986538,12,11,2
13.884055443108082,3,13,2
13.89967696601525,11,13,2
13.900117937941104,3,13,2
13.900552360108122,10,5,1
13.902791362022981,1,8,1
13.920574885094538,1,8,1
13.921212773071602,3,12,2
13.921608234057203,11,12,2
13.92196158412844,10,13,2
13.94005199498497,3,12,2
13.940684122033417,10,13,2
13.941127425059676,11,12,2
13.974601191934198,1,5,1
13.981639007106423,3,11,2
13.987561821006238,1,5,1
13.988898908952251,10,12,2
13.993231889093295,3,11,2
14.001833477057517,10,12,2
14.003487762995064,1,13,2
14.01616664393805,1,13,2
14.01828498300165,10,11,2
14.030295016011223,10,11,2
14.031375525984913,1,12,2
14.042506314115599,1,12,2
14.055063291918486,1,11,2
14.066059187054634,1,11,2
16.095876761944965,8,1,1
16.103495814139023,0,1,1
16.123667523032054,11,1,1
16.12441161298193,3,1,1
16.145834506954998,13,1,1
16.22602140996605,9,1,1
16.249494859948754,7,1,1
16.250254101119936,9,4,1
16.269952977076173,7,4,1
16.307686903048307,4,1,1
16.308781503001228,2,1,1
16.309786000987515,10,1,1
16.33363639214076,2,4,1
16.334739662939683,10,4,1
16.335762981092557,5,1,1
16.33684942102991,6,1,1
16.356630799127743,6,4,1
16.357952635968104,5,4,1
16.404987019021064,1,4,1
16.5119762851391,12,1,1
16.53479345701635,12,4,1
16.59653189801611,8,4,1
16.60385447111912,0,4,1
16.62190438201651,11,4,1
16.62392905796878,3,4,1
16.642956655006856,13,4,1
17.227630438981578,9,0,1
17.248069965979084,7,0,1
17.309541089925915,10,0,1
17.310767194023356,4,0,1
17.311807373072952,2,0,1
17.332180737052113,6,0,1
17.33322133612819,5,0,1
17.40636340295896,1,0,1
17.515004683984444,12,0,1
17.597959663020447,8,0,1
17.609097121981904,0,2,1
17.627412379952148,8,2,1
17.62866254406981,11,0,1
17.629738654009998,3,0,1
17.650303923990577,13,0,1
17.653862703125924,11,2,1
17.654986693989486,3,2,1
17.675149122951552,13,2,1
17.730289061088115,9,2,1
17.75152407004498,7,2,1
17.808864929014817,4,2,1
17.810349019942805,10,2,1
17.833259345032275,5,2,1
17.83400205592625,6,2,1
17.908781087957323,1,2,1
18.015596468932927,12,2,1
18.3224905540701,6,3,1
18.33396027307026,5,3,1
18.409388073021546,1,3,1
18.5176832950674,12,3,1
18.54169692005962,12,7,1
18.601024654926732,8,3,1
18.610153917921707,0,3,1
18.63165280292742,11,3,1
18.63253832794726,3,7,1
18.633390791947022,8,7,1
18.6351145489607,0,7,1
18.64895714307204,13,3,1
18.680414384929463,0,6,1
18.68265339708887,3,6,1
18.683558651944622,8,6,1
18.684404965955764,11,7,1
18.697461446980014,13,7,1
18.70720287715085,11,6,1
18.717537254095078,13,6,1
18.732199769932777,9,3,1
18.75368172605522,9,7,1
18.77495780494064,7,3,1
18.797786297975108,9,6,1
18.798770115943626,7,6,1
18.815502799116075,4,3,1
18.816650680964813,2,3,1
18.81770758004859,10,3,1
18.839684959035367,4,7,1
18.841697545023635,6,7,1
18.84288277802989,5,7,1
18.877101836027578,4,6,1
18.877688162960112,2,7,1
18.87814941513352,10,7,1
18.89914608700201,4,5,1
18.90029616910033,2,6,1
18.9021723610349,6,5,1
18.90413321601227,10,6,1
18.90485062613152,5,6,1
18.910093151032925,1,7,1
18.913431792985648,2,5,1
18.925259941024706,1,6,1
18.97628119494766,10,5,1
18.98903405899182,1,5,1
19.0066347271204,1,9,1
19.00994377792813,12,6,1
19.018879336072132,1,10,2
19.025868670083582,12,5,1
19.041843383107334,12,9,1
19.059486811049283,12,10,2
19.09625740093179,8,5,1
19.10503258393146,0,5,1
19.117541561136022,8,9,1
19.12681512814015,11,5,1
19.127629820024595,3,5,1
19.13041125703603,0,9,1
19.14303194708191,8,10,2
19.154119075043127,13,5,1
19.155207274947315,0,10,2
19.156879971036687,3,9,1
19.157689243089408,11,9,1
19.194877583999187,3,10,2
19.195661545963958,13,9,1
19.199009749107063,11,10,2
19.217133711092174,13,10,2
19.23052197205834,9,5,1
19.23941238806583,7,5,1
19.251471352996305,7,9,1
19.27874721912667,9,10,2
19.28472030395642,7,10,2
19.303650489076972,10,9,1
19.30526429414749,4,9,1
19.30600842414424,2,9,1
19.315029075136408,10,8,1
19.332411465933546,2,10,2
19.333511667093262,4,10,2
19.33433675998822,6,9,1
19.335063320118934,5,9,1
19.356700598960742,4,8,1
19.374899144051597,2,8,1
19.375801609130576,5,10,2
19.38130619097501,6,10,2
19.40162172401324,5,8,1
19.405420480063185,6,8,1
19.408311610110104,1,8,1
19.516017175046727,12,8,1
19.538478057133034,12,13,2
19.59679754404351,8,13,2
19.60732227610424,0,8,1
19.620133691001683,8,12,2
19.626475017052144,11,8,1
19.628064131131396,3,8,1
19.632094032131135,0,13,2
19.64192452514544,13,8,1
19.652097356971353,0,12,2
19.652851338032633,11,13,2
19.653558206977323,3,13,2
19.675134144956246,13,12,2
19.680462952936068,3,12,2
19.68861781898886,13,11,2
19.689508034149185,11,12,2
19.717918401118368,9,8,1
19.729323046980426,9,13,2
19.746321429032832,9,12,2
19.747084449976683,7,8,1
19.764087131014094,9,11,2
19.765445579076186,7,13,2
19.789573326939717,7,12,2
19.809302143985406,7,11,2
19.811781703028828,10,13,2
19.812558914069086,4,13,2
19.81327622407116,2,13,2
19.837856475962326,5,13,2
19.838689978932962,4,12,2
19.839443050092086,6,13,2
19.840150779113173,10,12,2
19.840889370068908,2,12,2
19.874659445136786,2,11,2
19.875384215964004,4,11,2
19.87612715596333,10,11,2
19.87686470709741,5,12,2
19.87895828508772,6,12,2
19.893051816150546,5,11,2
19.905447758967057,6,11,2
19.90943721914664,1,13,2
19.932103488128632,1,12,2
19.954493368044496,1,11,2
20.01094606309198,12,11,2
20.098250502953306,8,11,2
20.10043366299942,0,11,2
20.11978949001059,3,11,2
26.095047657145187,8,1,1
26.104172150138766,0,1,1
26.12355028698221,11,1,1
26.12433878914453,3,1,1
26.145221577957273,13,1,1
26.226417917991057,9,1,1
26.24813911993988,9,4,1
26.248870339943096,7,1,1
26.268285629106686,7,4,1
26.30684513808228,4,1,1
26.307768633123487,10,1,1
26.308515653945506,2,1,1
26.33453560504131,10,4,1
26.33537907898426,6,1,1
26.336105859139934,5,1,1
26.336816448019817,2,4,1
26.357463681139052,6,4,1
26.35938804410398,5,4,1
26.40369879314676,1,4,1
26.510951685952023,12,1,1
26.531589758116752,12,4,1
26.596520088147372,8,4,1
26.606244937051088,0,4,1
26.623963718069717,3,4,1
26.625137181021273,11,4,1
26.64335579611361,13,4,1
27.224671801086515,9,0,1
27.245956280035898,7,0,1
27.305871121119708,10,0,1
27.306694514118135,2,0,1
27.307412273949012,4,0,1
27.32714979094453,6,0,1
27.32839209609665,5,0,1
27.40292247198522,1,0,1
27.508988632122055,12,0,1
27.593858524924144,8,0,1
27.606087303021923,0,2,1
27.619220118038356,8,2,1
27.623145316028967,11,0,1
27.624400370987132,3,0,1
27.647761618951336,3,2,1
27.648543399991468,11,2,1
27.64925346011296,13,0,1
27.670979442074895,13,2,1
27.726856671040878,9,2,1
27.74775012093596,7,2,1
27.80109488009475,4,2,1
27.80549201113172,10,2,1
27.829251740127802,6,2,1
27.82997578009963,5,2,1
27.904638150008395,1,2,1
28.01098654814996,12,2,1
28.40459935902618,1,3,1
28.51166067714803,12,3,1
28.534941452089697,12,7,1
28.596648952923715,8,3,1
28.606179228052497,0,3,1
28.62548132194206,11,3,1
28.626720677129924,8,7,1
28.627767666010186,3,7,1
28.629879554035142,0,7,1
28.652021988062188,8,6,1
28.65306413709186,11,7,1
28.653649473097175,0,6,1
28.654240670148283,3,6,1
28.654806645121425,13,3,1
28.672480035107583,11,6,1
28.674324396066368,13,7,1
28.693902879022062,13,6,1
28.726877503097057,9,3,1
28.750280512031168,9,7,1
28.751184527063742,7,3,1
28.773047792958096,9,6,1
28.774208665126935,7,6,1
28.81032462697476,4,3,1
28.81136828614399,2,3,1
28.812390244100243,10,3,1
28.835398501949385,5,3,1
28.83916853601113,10,7,1
28.840544583974406,4,7,1
28.841279585147277,6,3,1
28.842023805947974,2,7,1
28.865185427945107,10,6,1
28.865940128918737,4,6,1
28.874730051960796,2,6,1
28.875444022007287,5,7,1
28.876144201029092,6,7,1
28.888984457124025,2,5,1
28.889779559103772,10,5,1
28.890571461059153,4,5,1
28.891285330988467,6,5,1
28.891991841141135,5,6,1
28.905238908017054,1,7,1
28.925336375134066,1,6,1
28.945596347097307,1,5,1
28.960677484981716,1,9,1
28.976163554005325,1,10,2
29.011315398151055,12,6,1
29.031878697918728,12,5,1
29.049199739005417,12,9,1
29.065358957042918,12,10,2
29.096861260011792,8,5,1
29.106368182925507,0,5,1
29.120284849079326,8,9,1
29.12710392801091,11,5,1
29.127929080976173,3,5,1
29.128730863099918,0,9,1
29.14921504096128,8,10,2
29.15060250996612,13,5,1
29.15277992002666,0,10,2
29.153522701002657,11,9,1
29.154282902134582,3,9,1
29.17300172103569,3,10,2
29.176344692939892,11,10,2
29.17809672211297,13,9,1
29.19623003504239,13,10,2
29.226034180959687,9,5,1
29.248479173053056,7,5,1
29.24921495304443,9,10,2
29.266586794983596,7,9,1
29.28615448693745,7,10,2
29.300274238921702,4,9,1
29.303223771043122,2,9,1
29.303999172057956,10,9,1
29.323979506036267,4,10,2
29.32470395602286,2,10,2
29.326935718068853,10,8,1
29.32771026995033,6,9,1
29.328419739147648,5,9,1
29.346751807024702,2,8,1
29.347572549944744,5,10,2
29.34828578005545,4,8,1
29.348990458995104,6,10,2
29.366251297993585,5,8,1
29.366709880996495,6,8,1
29.3955942010507,1,8,1
29.517818940104917,12,8,1
29.5397530880291,12,13,2
29.59610501001589,8,13,2
29.606800585985184,0,8,1
29.62262305500917,8,12,2
29.623071327107027,3,8,1
29.626257665921003,11,8,1
29.628235660959035,0,13,2
29.64103189506568,3,13,2
29.641654653009027,13,8,1
29.64209716510959,0,12,2
29.654259871924296,11,13,2
29.655737603083253,3,12,2
29.656081282068044,13,12,2
29.669586597010493,13,11,2
29.67015486303717,3,11,2
29.678372269961983,11,12,2
29.717741582076997,9,8,1
29.72869225498289,9,13,2
29.74135516700335,9,12,2
29.74196778400801,7,8,1
29.75498813414015,7,13,2
29.755317362956703,9,11,2
29.766329599078745,7,12,2
29.77741175610572,7,11,2
29.794511900050566,4,13,2
29.80034047202207,2,13,2
29.80825342098251,4,12,2
29.809320371132344,10,13,2
29.813727142987773,2,12,2
29.827807652996853,4,11,2
29.828268605982885,5,13,2
29.8287074980326,6,13,2
29.829143109964207,10,12,2
29.829560891957954,2,11,2
29.845357310026884,5,12,2
29.846109321108088,10,11,2
29.846534461947158,6,12,2
29.85937543795444,6,11,2
29.85982128093019,5,11,2
29.90761827607639,1,13,2
29.928956967080012,1,12,2
29.945879315957427,1,11,2
30.01147608505562,12,11,2
30.09186053299345,8,11,2
30.09982712403871,0,11,2
36.096034571994096,8,1,1
36.10337149514817,0,1,1
36.122456004144624,11,1,1
36.12484206003137,3,1,1
36.143753454089165,13,1,1
36.225813779979944,9,1,1
36.252781867049634,9,4,1
36.2541751160752,7,1,1
36.2741286191158,7,4,1
36.30615681712516,2,1,1
36.30711256409995,4,1,1
36.30784336407669,10,1,1
36.32658280292526,2,4,1
36.33051848295145,10,4,1
36.331346586113796,5,1,1
36.33268811297603,6,1,1
36.35364796407521,5,4,1
36.35505069303326,6,4,1
36.40550255193375,1,4,1
36.50657809409313,12,1,1
36.52649752609432,12,4,1
36.587664942024276,8,4,1
36.596670132130384,0,4,1
36.61480039404705,3,4,1
36.6164003489539,11,4,1
36.64403213514015,13,4,1
37.22445162804797,9,0,1
37.245475030038506,7,0,1
37.30314336903393,4,0,1
37.30639373906888,2,0,1
37.307602933142334,10,0,1
37.327244027052075,6,0,1
37.32854919414967,5,0,1
37.40529217105359,1,0,1
37.51049473811872,12,0,1
37.59055732795969,8,0,1
37.60486043407582,8,2,1
37.60676001710817,0,2,1
37.624404245987535,11,0,1
37.62604652205482,3,0,1
37.64470317913219,13,0,1
37.647498436970636,11,2,1
37.64821889693849,3,2,1
37.6654441440478,13,2,1
37.726243250072,9,2,1
37.747854489134625,7,2,1
37.80403814697638,4,2,1
37.80597750097513,10,2,1
37.83034854615107,5,2,1
37.831904700025916,6,2,1
37.89864614000544,1,2,1
38.01210418599658,12,2,1
38.40485099493526,1,3,1
38.51593861496076,12,3,1
38.53869318612851,12,7,1
38.59063179604709,8,3,1
38.60587879898958,8,7,1
38.60669272206724,0,3,1
38.62760996213183,8,6,1
38.62893569795415,0,7,1
38.629644208122045,11,3,1
38.6303983789403,3,7,1
38.65004871413112,13,3,1
38.652729218127206,0,6,1
38.65352580999024,3,6,1
38.65434182295576,11,7,1
38.67202019295655,11,6,1
38.67284605605528,13,7,1
38.69194084499031,13,6,1
38.72699571703561,9,3,1
38.75016617914662,9,7,1
38.7509943919722,7,3,1
38.7717148270458,9,6,1
38.773183138109744,7,6,1
38.80524634709582,4,3,1
38.80962196807377,2,3,1
38.81036149896681,10,3,1
38.833522571017966,4,7,1
38.837872981093824,2,7,1
38.83860762207769,5,3,1
38.83930939109996,10,7,1
38.84000753099099,6,3,1
38.86019529006444,4,6,1
38.86273350100964,2,6,1
38.86401635594666,5,7,1
38.875148225110024,10,6,1
38.880186435068026,6,7,1
38.882118738023564,4,5,1
38.88284485810436,2,5,1
38.889745640102774,5,6,1
38.8910483061336,10,5,1
38.900384994922206,6,5,1
38.90486059896648,1,7,1
38.925265033962205,1,6,1
38.94439159496687,1,5,1
38.95866473112255,1,9,1
38.97126613999717,1,10,2
39.01105963299051,12,6,1
39.031399477040395,12,5,1
39.049333525123075,12,9,1
39.065321448026225,12,10,2
39.09017835697159,8,5,1
39.10528230597265,8,9,1
39.10602389695123,0,5,1
39.12858423194848,8,10,2
39.1299332100898,0,9,1
39.130695461062714,11,5,1
39.131405720021576,3,5,1
39.15311286202632,13,5,1
39.153912303969264,0,10,2
39.1547284971457,3,9,1
39.155511188087985,11,9,1
39.17648014007136,3,10,2
39.17731079296209,11,10,2
39.17815204593353,13,9,1
39.19409600808285,13,10,2
39.22768743010238,9,5,1
39.24974458105862,9,10,2
39.25061231502332,7,5,1
39.268774659140036,7,9,1
39.28921643598005,7,10,2
39.299565742956474,4,9,1
39.30293538607657,10,9,1
39.30369495693594,2,9,1
39.323246179148555,4,10,2
39.3257657289505,6,9,1
39.327137207146734,10,8,1
39.32830928009935,5,9,1
39.32905181008391,2,10,2
39.33909048791975,6,10,2
39.340383934089914,4,8,1
39.35020618699491,5,10,2
39.3509319270961,6,8,1
39.35163717600517,2,8,1
39.364592615980655,5,8,1
39.400606284150854,1,8,1
39.51768872095272,12,8,1
39.53930385992862,12,13,2
39.5967420830857,8,13,2
39.60580395394936,0,8,1
39.62051918194629,8,12,2
39.625153929926455,3,8,1
39.62784185493365,11,8,1
39.63018017006107,0,13,2
39.64403394400142,3,13,2
39.64872610406019,13,8,1
39.65229089302011,0,12,2
39.65371886198409,11,13,2
39.65773067297414,3,12,2
39.6765143040102,13,12,2
39.68474326306023,11,12,2
39.698743601096794,13,11,2
39.72713239793666,9,8,1
39.7502092779614,9,13,2
39.750946247950196,7,8,1
39.77249679598026,7,13,2
39.77383784297854,9,12,2
39.793773676035926,9,11,2
39.794555677101016,7,12,2
39.80947612109594,4,13,2
39.81112273596227,10,13,2
39.81249003414996,7,11,2
39.81321216397919,2,13,2
39.820874367142096,5,13,2
39.83429335895926,6,13,2
39.83662089309655,5,12,2
39.83797643100843,4,12,2
39.83875741297379,10,12,2
39.83946716203354,2,12,2
39.84729096898809,5,11,2
39.88199951197021,10,11,2
39.885808397084475,2,11,2
39.88655688799918,4,11,2
39.88787919492461,6,12,2
39.90075937192887,1,13,2
39.90785743901506,6,11,2
39.91703239292838,1,12,2
39.93312215898186,1,11,2
40.0105867870152,12,11,2
40.08823009999469,8,11,2
40.101175039075315,0,11,2
40.116308107972145,3,11,2
46.09593525598757,8,1,1
46.10419180500321,0,1,1
46.12231476698071,11,1,1
46.12422651005909,3,1,1
46.144372679060325,13,1,1
46.225942731136456,9,1,1
46.24808088503778,9,4,1
46.249142084037885,7,1,1
46.26823626412079,7,4,1
46.30526505992748,10,1,1
46.30719362408854,4,1,1
46.30826152302325,2,1,1
46.32483018306084,10,4,1
46.33124265098013,5,1,1
46.332277089124545,2,4,1
46.33330996800214,6,1,1
46.35344044608064,5,4,1
46.3553839600645,6,4,1
46.40652951807715,1,4,1
46.51196173205972,12,1,1
46.53216192196123,12,4,1
46.5961275161244,8,4,1
46.605853175977245,0,4,1
46.6224330549594,11,4,1
46.625181612093,3,4,1
46.64386947010644,13,4,1
47.22410882008262,9,0,1
47.245432522147894,7,0,1
47.30548452702351,10,0,1
47.30630413000472,2,0,1
47.30701301898807,4,0,1
47.328178426017985,6,0,1
47.32923790602945,5,0,1
47.40254207793623,1,0,1
47.515914692077786,12,0,1
47.59552887012251,8,0,1
47.60828172392212,0,2,1
47.62373502203263,8,2,1
47.62484782305546,11,0,1
47.62587177194655,3,0,1
47.648476768052205,11,2,1
47.64953939802945,3,2,1
47.650579397100955,13,0,1
47.67204438196495,13,2,1
47.72616551304236,9,2,1
47.74747289298102,7,2,1
47.80626087402925,10,2,1
47.807309753028676,4,2,1
47.8299729609862,6,2,1
47.831063580932096,5,2,1
47.90479244594462,1,2,1
48.01153315603733,12,2,1
48.405474880943075,1,3,1
48.51217789994553,12,3,1
48.537442580098286,12,7,1
48.598884464008734,8,3,1
48.609203279949725,0,3,1
48.62819052697159,11,3,1
48.62925856700167,3,7,1
48.6303070159629,8,7,1
48.632428754121065,0,7,1
48.6507752831094,13,3,1
48.65331227402203,8,6,1
48.654564378084615,0,6,1
48.65569367003627,3,6,1
48.656773400027305,11,7,1
48.67539619607851,11,6,1
48.68260285607539,13,7,1
48.699670939007774,13,6,1
48.72664287709631,9,3,1
48.74957199301571,9,7,1
48.750338163925335,7,3,1
48.77111346996389,9,6,1
48.77239424595609,7,6,1
48.812054546084255,4,3,1
48.8127929859329,2,3,1
48.813496546121314,10,3,1
48.83811376802623,4,7,1
48.838852368993685,6,3,1
48.839555548038334,5,3,1
48.840261198114604,2,7,1
48.84095979714766,10,7,1
48.863552883965895,4,6,1
48.86482917913236,2,6,1
48.86556438007392,5,7,1
48.866298370063305,10,6,1
48.86699879914522,6,7,1
48.8890595510602,4,5,1
48.88986110314727,6,5,1
48.89062728499994,2,5,1
48.89133383403532,5,6,1
48.892032334115356,10,5,1
48.90925882104784,1,7,1
48.93041357793845,1,6,1
48.948658843990415,1,5,1
48.963367242133245,1,9,1
48.97452097106725,1,10,2
49.006623642053455,12,6,1
49.02357152104378,12,5,1
49.03886354598217,12,9,1
49.05558860907331,12,10,2
49.09281047107652,8,5,1
49.10332841309719,0,5,1
49.10864874091931,8,9,1
49.1285368821118,8,10,2
49.130208868999034,11,5,1
49.13095656898804,0,9,1
49.13167086895555,3,5,1
49.15328085795045,0,10,2
49.154767350060865,11,9,1
49.15561855304986,3,9,1
49.156360924011096,13,5,1
49.178007854148746,11,10,2
49.178782436065376,3,10,2
49.17949889507145,13,9,1
49.19708817312494,13,10,2
49.226223130943254,9,5,1
49.24912899592891,9,10,2
49.249939888948575,7,5,1
49.26792258792557,7,9,1
49.28842270607129,7,10,2
49.302605640143156,10,9,1
49.30335576995276,2,9,1
49.3040599799715,4,9,1
49.32875629514456,10,8,1
49.32953541702591,4,10,2
49.33032187796198,6,9,1
49.33105397899635,2,10,2
49.33179356902838,5,9,1
49.35218057408929,6,10,2
49.35292669502087,2,8,1
49.35365712502971,4,8,1
49.35440241592005,5,10,2
49.37075445894152,6,8,1
49.37147380900569,5,8,1
49.40114106214605,1,8,1
49.51384433801286,12,8,1
49.53397315600887,12,13,2
49.59570204792544,8,13,2
49.60512164910324,0,8,1
49.619805335998535,8,12,2
49.62678285012953,3,8,1
49.627840479137376,0,13,2
49.62885980703868,11,8,1
49.651477554114535,0,12,2
49.65335859707557,13,8,1
49.654431376140565,11,13,2
49.6555956590455,3,13,2
49.67664774204604,13,12,2
49.67771244212054,3,12,2
49.67875935113989,11,12,2
49.69503441196866,13,11,2
49.72675516200252,9,8,1
49.74990579392761,9,13,2
49.75099145411514,7,8,1
49.77162811602466,9,12,2
49.77268237597309,7,13,2
49.78970175795257,9,11,2
49.79354890412651,7,12,2
49.804876008071005,4,13,2
49.810184475034475,7,11,2
49.81147857103497,2,13,2
49.81218765093945,10,13,2
49.83343611005694,4,12,2
49.83419237099588,6,13,2
49.834896471118554,5,13,2
49.83560103015043,2,12,2
49.83631086000241,10,12,2
49.87776274909265,4,11,2
49.878540211124346,6,12,2
49.87925965106115,2,11,2
49.87997188093141,10,11,2
49.880675059976056,5,12,2
49.90148684801534,6,11,2
49.90336554008536,5,11,2
49.905286472989246,1,13,2
49.9251381540671,1,12,2
49.94397753593512,1,11,2
50.01052332110703,12,11,2
50.09809614997357,8,11,2
50.09991294005886,0,11,2
50.11999761709012,3,11,2
56.09613355714828,8,1,1
56.10373626695946,0,1,1
56.12336284201592,3,1,1
56.12410569214262,11,1,1
56.143539130920544,13,1,1
56.225653019035235,9,1,1
56.24809190095402,9,4,1
56.24881948111579,7,1,1
56.268278821138665,7,4,1
56.30704645602964,2,1,1
56.30788269895129,4,1,1
56.30860701901838,10,1,1
56.33359190193005,2,4,1
56.3344028450083,10,4,1
56.335151916136965,5,1,1
56.335867926012725,6,1,1
56.35642693610862,6,4,1
56.35856149508618,5,4,1
56.404036985943094,1,4,1
56.503271118039265,12,1,1
56.515139407943934,12,4,1
56.596174935111776,8,4,1
56.60406800406054,0,4,1
56.62335545895621,3,4,1
56.62464809510857,11,4,1
56.64478846313432,13,4,1
57.219875033944845,9,0,1
57.24572739098221,7,0,1
57.304965544026345,4,0,1
57.30611495510675,10,0,1
57.30708384211175,2,0,1
57.328429805114865,5,0,1
57.32976648211479,6,0,1
57.40258607105352,1,0,1
57.50932403211482,12,0,1
57.59333224198781,8,0,1
57.604509422089905,0,2,1
57.61828908394091,8,2,1
57.62287839106284,3,0,1
57.62417122698389,11,0,1
57.64749238407239,3,2,1
57.648270345060155,11,2,1
57.648991105146706,13,0,1
57.67080805101432,13,2,1
57.72097822208889,9,2,1
57.74729324202053,7,2,1
57.80573863303289,10,2,1
57.80651725502685,4,2,1
57.82992207398638,5,2,1
57.830721016041934,6,2,1
57.90447158110328,1,2,1
58.01348794507794,12,2,1
58.40513886814006,1,3,1
58.51177390594967,12,3,1
58.53583764308132,12,7,1
58.596163826063275,8,3,1
58.60623817611486,0,3,1
58.61943890200928,8,7,1
58.625285004032776,3,7,1
58.62603026512079,11,3,1
58.629748896928504,0,7,1
58.64004740305245,8,6,1
58.65050027309917,13,3,1
58.651212943019345,3,6,1
58.65192053304054,11,7,1
58.65262387203984,0,6,1
58.66931590507738,11,6,1
58.6874368081335,13,7,1
58.70699328999035,13,6,1
58.72685110103339,9,3,1
58.74996521207504,9,7,1
58.750813065096736,7,3,1
58.7728019959759,7,6,1
58.773535165935755,9,6,1
58.81022421410307,4,3,1
58.81097049405798,2,3,1
58.81167996395379,10,3,1
58.84115020092577,10,7,1
58.84190175193362,2,7,1
58.84272326505743,5,3,1
58.84344140510075,4,7,1
58.84414474410005,6,3,1
58.868533150991425,4,6,1
58.86929249204695,2,6,1
58.870041141984984,10,6,1
58.87480175495148,6,7,1
58.875506044132635,5,7,1
58.88926519593224,4,5,1
58.89005981804803,2,5,1
58.89083919906989,10,5,1
58.891544389072806,6,5,1
58.892243698006496,5,6,1
58.90571786207147,1,7,1
58.925724087050185,1,6,1
58.9451859369874,1,5,1
58.95925485691987,1,9,1
58.972939897095785,1,10,2
59.0107412149664,12,6,1
59.03128503495827,12,5,1
59.04886263306253,12,9,1
59.0649410081096,12,10,2
59.09735761699267,8,5,1
59.106221923138946,0,5,1
59.11670507397503,11,5,1
59.11942314892076,3,5,1
59.12149656703696,8,9,1
59.126642340095714,0,9,1
59.129901190055534,11,9,1
59.13320607203059,3,9,1
59.14968949905597,11,10,2
59.150574854109436,8,10,2
59.151407876983285,0,10,2
59.152130217058584,3,10,2
59.15283475606702,13,5,1
59.16976915602572,13,9,1
59.188026992138475,13,10,2
59.226242972072214,9,5,1
59.23910186905414,9,10,2
59.24783767107874,7,5,1
59.26705691404641,7,9,1
59.2877418580465,7,10,2
59.299981707008556,10,9,1
59.30188053008169,4,9,1
59.304060091031715,2,9,1
59.31118990806863,10,8,1
59.323184591019526,4,10,2
59.32682170206681,5,9,1
59.3275381620042,6,9,1
59.3282468309626,2,10,2
59.34459878504276,4,8,1
59.34749819501303,6,10,2
59.3482725371141,5,10,2
59.34898628713563,2,8,1
59.36456226906739,6,8,1
59.36529008904472,5,8,1
59.40036834194325,1,8,1
59.51317007094622,12,8,1
59.533731531118974,12,13,2
59.59541498194449,8,13,2
59.60385397612117,0,8,1
59.62199159897864,3,8,1
59.62276701000519,8,12,2
59.624092696933076,11,8,1
59.62551731709391,0,13,2
59.63717680005357,3,13,2
59.648799892980605,0,12,2
59.64956145407632,13,8,1
59.6503363349475,11,13,2
59.65199938113801,3,12,2
59.6696792319417,11,12,2
59.67822777898982,13,12,2
59.70065107010305,13,11,2
59.720886192051694,9,8,1
59.73360088514164,9,13,2
59.74643580103293,9,12,2
59.749792714137584,7,8,1
59.756885109934956,9,11,2
59.772208345122635,7,13,2
59.79066695692018,7,12,2
59.80928947404027,7,11,2
59.81061344104819,10,13,2
59.81132004992105,4,13,2
59.812031970126554,2,13,2
59.82416643598117,5,13,2
59.832818147027865,6,13,2
59.83734234212898,10,12,2
59.838104943046346,4,12,2
59.83882751292549,2,12,2
59.83954852307215,5,12,2
59.860665729036555,2,11,2
59.86139796907082,10,11,2
59.87478573108092,4,11,2
59.8772835501004,5,11,2
59.877998888958246,6,12,2
59.9007553011179,6,11,2
59.90527333598584,1,13,2
59.92510056612082,1,12,2
59.9449276861269,1,11,2
60.01097452803515,12,11,2
60.09749578800984,8,11,2
60.09975674096495,0,11,2
60.11910035694018,3,11,2
66.09522367408499,8,1,1
66.10396050708368,0,1,1
66.12301293504424,11,1,1
66.12377899605781,3,1,1
66.14352783397771,13,1,1
66.22515487903729,9,1,1
66.24676136812195,9,4,1
66.24834543210454,7,1,1
66.26899538491853,7,4,1
66.30716707394458,4,1,1
66.30867570498958,10,1,1
66.30942382593639,2,1,1
66.33424704498611,10,4,1
66.33502406603657,6,1,1
66.33574384613894,2,4,1
66.33645030600019,5,1,1
66.35731671494432,6,4,1
66.35809737606905,5,4,1
66.40382382506505,1,4,1
66.51153846294619,12,1,1
66.5333223871421,12,4,1
66.59500112803653,8,4,1
66.6038023319561,0,4,1
66.6231848099269,11,4,1
66.62396610202268,3,4,1
66.64360660593957,13,4,1
67.2259054291062,9,0,1
67.24621321307495,7,0,1
67.30321584409103,4,0,1
67.3061629559379,10,0,1
67.3069407469593,2,0,1
67.32674949709326,5,0,1
67.32754765893333,6,0,1
67.39529097802006,1,0,1
67.51026194705628,12,0,1
67.5914686000906,8,0,1
67.60795047692955,0,2,1
67.61150729609653,8,2,1
67.61742683011107,11,0,1
67.62161336606368,3,0,1
67.632085256977,11,2,1
67.64421349298209,3,2,1
67.6451735701412,13,0,1
67.66683896095492,13,2,1
67.72588332905434,9,2,1
67.74826405011117,7,2,1
67.80517293792218,4,2,1
67.80740937008522,10,2,1
67.83035588706844,6,2,1
67.83108864701353,5,2,1
67.90524192410521,1,2,1
68.01190095301718,12,2,1
68.40132960607298,1,3,1
68.5115087130107,12,3,1
68.5277507440187,12,7,1
68.59262349293567,8,3,1
68.60502683813684,0,3,1
68.61014655907638,8,7,1
68.62645943206735,11,3,1
68.62686749408022,3,7,1
68.62904613395222,8,6,1
68.63053686497733,0,7,1
68.65164472092874,0,6,1
68.65255689597689,13,3,1
68.65302869910374,3,6,1
68.65348505205475,11,7,1
68.67277045710944,11,6,1
68.67745714704506,13,7,1
68.69503858499229,13,6,1
68.71778749511577,9,3,1
68.72867286694236,9,7,1
68.7407008910086,9,6,1
68.7482663509436,7,3,1
68.76871341792867,7,6,1
68.80626102001406,4,3,1
68.81217244407162,10,3,1
68.81301215710118,2,3,1
68.82059484813362,6,3,1
68.83667249395512,4,7,1
68.83973045810126,6,7,1
68.8410933460109,10,7,1
68.84252064605244,2,7,1
68.84323520609178,5,3,1
68.85276088002138,6,5,1
68.85648383293301,4,6,1
68.86006873310544,10,6,1
68.86598200700246,5,7,1
68.87827141699381,4,5,1
68.87900317693129,2,6,1
68.87974875792861,10,5,1
68.88941322593018,5,6,1
68.89507166296244,2,5,1
68.9051114320755,1,7,1
68.92584447702393,1,6,1
68.94461723812856,1,5,1
68.95911555993371,1,9,1
68.97109583206475,1,10,2
69.00788183300756,12,6,1
69.02412395295687,12,5,1
69.03834563796408,12,9,1
69.05387680814601,12,10,2
69.09570020902902,8,5,1
69.10586178093217,0,5,1
69.1166881211102,8,9,1
69.12199007812887,11,5,1
69.12618206394836,0,9,1
69.12691820506006,3,5,1
69.13548222207464,8,10,2
69.14875905099325,11,9,1
69.14958149404265,13,5,1
69.15039802598767,0,10,2
69.15111382608302,3,9,1
69.17536342912354,3,10,2
69.17748586810194,11,10,2
69.17910166201182,13,9,1
69.19696191814728,13,10,2
69.22743069310673,9,5,1
69.24968054099008,9,10,2
69.25047510303557,7,5,1
69.26852109306492,7,9,1
69.2882264489308,7,10,2
69.3044174790848,2,9,1
69.30517418007366,10,9,1
69.30589382001199,4,9,1
69.33066551713273,10,8,1
69.331480728928,2,10,2
69.3322147000581,5,9,1
69.33295534993522,4,10,2
69.33370985114016,6,9,1
69.35443047597073,5,10,2
69.35559840896167,4,8,1
69.35671463003382,2,8,1
69.35795690398663,6,10,2
69.37240942497738,5,8,1
69.37362429895438,6,8,1
69.40226166299544,1,8,1
69.5128913121298,12,8,1
69.52490808605216,12,13,2
69.59577909111977,8,13,2
69.60871430998668,0,8,1
69.62019261904061,8,12,2
69.62793225399218,11,8,1
69.62873438606039,3,8,1
69.63111583213322,0,13,2
69.64978456008248,13,8,1
69.65291224606335,0,12,2
69.65424663410522,11,13,2
69.65496477298439,3,13,2
69.6748635750264,11,12,2
69.68386395508423,3,12,2
69.68462031614035,13,12,2
69.7052164580673,13,11,2
69.72803321992978,9,8,1
69.75058497604914,9,13,2
69.75132076605223,7,8,1
69.7709028001409,7,13,2
69.7722980780527,9,12,2
69.78293154295534,7,12,2
69.7886723629199,9,11,2
69.7949657170102,7,11,2
69.80601733410731,4,13,2
69.8079518279992,10,13,2
69.81050055800006,2,13,2
69.8355559031479,10,12,2
69.83661644300446,4,12,2
69.83761228993535,6,13,2
69.83867162000388,2,12,2
69.83983936207369,5,13,2
69.87857152614743,4,11,2
69.87962803593837,6,12,2
69.88064248394221,10,11,2
69.88168914313428,5,12,2
69.88299575913697,2,11,2
69.90141097013839,6,11,2
69.90365029196255,5,11,2
69.90564805804752,1,13,2
69.92729627806693,1,12,2
69.94636531709693,1,11,2
70.01085169613361,12,11,2
70.09785267012194,8,11,2
70.1005455639679,0,11,2
70.1191042191349,3,11,2
76.09508764999919,8,1,1
76.1050055960659,0,1,1
76.1228750711307,11,1,1
76.1236855739262,3,1,1
76.14398032706231,13,1,1
76.22131596296094,9,1,1
76.23672380996868,9,4,1
76.24871880305,7,1,1
76.27112463396043,7,4,1
76.30568464309908,2,1,1
76.30650702607818,10,1,1
76.30723091610707,4,1,1
76.32744767703116,2,4,1
76.33167848410085,10,4,1
76.33242864510976,6,1,1
76.33321412699297,5,1,1
76.35335698607378,6,4,1
76.35527012892999,5,4,1
76.40361754992045,1,4,1
76.51120410510339,12,1,1
76.52996128494851,12,4,1
76.59465705999173,8,4,1
76.60359635902569,0,4,1
76.62344634905457,3,4,1
76.62486382899806,11,4,1
76.64275433495641,13,4,1
77.22432009107433,9,0,1
77.24596618092619,7,0,1
77.30296354205348,4,0,1
77.30606000800617,2,0,1
77.30723396106623,10,0,1
77.32693765708245,6,0,1
77.32754529407248,5,0,1
77.40280564199202,1,0,1
77.50918235396966,12,0,1
77.59562348201871,8,0,1
77.60553649696521,0,2,1
77.62351280613802,11,0,1
77.62411954300478,8,2,1
77.62516461196356,3,0,1
77.64822445204481,11,2,1
77.6488379589282,3,2,1
77.64942052494735,13,0,1
77.67169073293917,13,2,1
77.72619181498885,9,2,1
77.74804628104903,7,2,1
77.8060911220964,10,2,1
77.80673804902472,4,2,1
77.83012056793086,6,2,1
77.83074684604071,5,2,1
77.90508241811767,1,2,1
78.01134049613029,12,2,1
78.40740708494559,1,3,1
78.51166515797377,12,3,1
78.53265218995512,12,7,1
78.59795124200173,8,3,1
78.60447043296881,0,3,1
78.6265551650431,11,3,1
78.62797169503756,0,7,1
78.62877325713634,8,7,1
78.6295197380241,3,7,1
78.6505750019569,8,6,1
78.65135337412357,13,3,1
78.6543332459405,0,6,1
78.65510417707264,3,6,1
78.65583705808967,11,7,1
78.6838289250154,11,6,1
78.68635578406975,13,7,1
78.70659358613193,13,6,1
78.72807387192734,9,3,1
78.75071198004298,9,7,1
78.75146425096318,7,3,1
78.77197848004289,9,6,1
78.77333490806632,7,6,1
78.8053037750069,4,3,1
78.81005482701585,2,3,1
78.8129719379358,10,3,1
78.83897730894387,10,7,1
78.84032366704196,4,7,1
78.84144803811796,2,7,1
78.84263172093779,6,3,1
78.84411404212005,5,3,1
78.86563018895686,4,6,1
78.86670546908863,2,6,1
78.86780053912662,10,6,1
78.86882191710174,6,7,1
78.86999847996049,5,7,1
78.88896544603631,4,5,1
78.88979664910585,2,5,1
78.89057463104837,10,5,1
78.89129155105911,5,6,1
78.8919924099464,6,5,1
78.90757946297526,1,7,1
78.92915855091996,1,6,1
78.94689711299725,1,5,1
78.9608618109487,1,9,1
78.97213485394605,1,10,2
79.01105072302744,12,6,1
79.03149251104333,12,5,1
79.04879899113439,12,9,1
79.06430466100574,12,10,2
79.09605196211487,8,5,1
79.10546360304579,0,5,1
79.12100106407888,8,9,1
79.12475308799185,0,9,1
79.12583465804346,11,5,1
79.12685332610272,3,5,1
79.15076226997189,8,10,2
79.1518144691363,0,10,2
79.15283957798965,11,9,1
79.15384422498755,3,9,1
79.15504130907357,13,5,1
79.1740358560346,3,10,2
79.17508910503238,11,10,2
79.17609493294731,13,9,1
79.19681434798986,13,10,2
79.22237618709914,9,5,1
79.2410263440106,7,5,1
79.24167952314019,9,10,2
79.25096762995236,7,9,1
79.26147515210323,7,10,2
79.29955695802346,4,9,1
79.30212633009069,2,9,1
79.30286989011802,10,9,1
79.32263706903905,4,10,2
79.32573191495612,6,9,1
79.32656011800282,2,10,2
79.32728683808818,10,8,1
79.32799102691934,5,9,1
79.34313029702753,4,8,1
79.34586335299537,2,8,1
79.34665024513379,6,10,2
79.34798211208545,5,10,2
79.36293002706952,6,8,1
79.36542091611773,5,8,1
79.40194396907464,1,8,1
79.51330707897432,12,8,1
79.53395601199009,12,13,2
79.59687572810799,8,13,2
79.60443504713476,0,8,1
79.62214407813735,8,12,2
79.62815503613092,11,8,1
79.62889959593304,3,8,1
79.63041509804316,0,13,2
79.64972809399478,13,8,1
79.65315735898912,0,12,2
79.65387318911962,3,13,2
79.65461371908896,11,13,2
79.67383486311883,11,12,2
79.67458212398924,3,12,2
79.67847944214009,13,12,2
79.69616208202206,13,11,2
79.72609554301016,9,8,1
79.74887403496541,9,13,2
79.74967391695827,7,8,1
79.7713566890452,9,12,2
79.77225308399647,7,13,2
79.78800098109059,9,11,2
79.79030576511286,7,12,2
79.80689034401439,4,13,2
79.81030837004073,7,11,2
79.81166313705035,2,13,2
79.81244177906774,10,13,2
79.82078772992827,6,13,2
79.83367966813967,4,12,2
79.834466899978,5,13,2
79.83579355711117,6,12,2
79.8371461739298,2,12,2
79.83787437411956,10,12,2
79.8484609881416,6,11,2
79.87716723512858,4,11,2
79.8779633671511,10,11,2
79.87875787913799,2,11,2
79.88062298996374,5,12,2
79.89689576206729,5,11,2
79.90724944905378,1,13,2
79.9285803809762,1,12,2
79.94739968306385,1,11,2
80.01099534798414,12,11,2
80.09758230112493,8,11,2
80.09983296296559,0,11,2
80.11950275907293,3,11,2
86.09627680899575,8,1,1
86.10394457099028,0,1,1
86.12286487710662,11,1,1
86.12430568714626,3,1,1
86.1434640281368,13,1,1
86.22692842409015,9,1,1
86.24833669792861,9,4,1
86.24909742898308,7,1,1
86.26849043811671,7,4,1
86.30370446504094,4,1,1
86.31021247501485,2,1,1
86.31093436502852,10,1,1
86.33265569806099,6,1,1
86.33339896914549,5,1,1
86.33417756995186,10,4,1
86.33488932996988,2,4,1
86.35472853993997,5,4,1
86.35547563107684,6,4,1
86.40644321613945,1,4,1
86.51088019413874,12,1,1
86.5303396130912,12,4,1
86.59528563614003,8,4,1
86.60372702009045,0,4,1
86.62773708603345,11,4,1
86.62908211303875,3,4,1
86.64281954499893,13,4,1
87.22502015996724,9,0,1
87.24559754109941,7,0,1
87.30394062004052,4,0,1
87.30804884410463,10,0,1
87.30876602395438,2,0,1
87.32787247397937,5,0,1
87.3286744360812,6,0,1
87.40628330013715,1,0,1
87.50943019194528,12,0,1
87.59332623099908,8,0,1
87.59955010307021,0,2,1
87.61811610893346,8,2,1
87.6218477319926,3,0,1
87.62364969193004,11,0,1
87.63895370694809,3,2,1
87.64519569999538,13,0,1
87.6478949750308,11,2,1
87.66760445199907,13,2,1
87.7223004300613,9,2,1
87.74782225792296,7,2,1
87.80462224408984,10,2,1
87.80496791307814,4,2,1
87.82944702310488,5,2,1
87.83023708406836,6,2,1
87.90759825101122,1,2,1
88.0114201719407,12,2,1
88.4071158231236,1,3,1
88.50746780796908,12,3,1
88.52325801597908,12,7,1
88.59139180695638,8,3,1
88.60806720913388,8,7,1
88.60883345012553,0,3,1
88.62083290307783,3,7,1
88.62186102196574,11,3,1
88.62965089804493,8,6,1
88.63209967594594,0,7,1
88.64089606003836,11,7,1
88.64162798109464,3,6,1
88.64714310294949,13,3,1
88.64878207910806,0,6,1
88.65679772105068,11,6,1
88.6755532620009,13,7,1
88.69439528509974,13,6,1
88.72684137499891,9,3,1
88.74967999896035,9,7,1
88.75051713199355,7,3,1
88.770018073963,9,6,1
88.77133249002509,7,6,1
88.80062675313093,4,3,1
88.80396910593845,2,3,1
88.81773939798586,10,3,1
88.8210050179623,2,7,1
88.82196750491858,4,7,1
88.8307117279619,6,3,1
88.83126976294443,5,3,1
88.8448276289273,2,6,1
88.84545675711706,4,6,1
88.84993155114353,10,7,1
88.85385939013213,6,7,1
88.85517057706602,5,7,1
88.87442171107978,2,5,1
88.88133395207115,4,5,1
88.88346688193269,10,6,1
88.89257309399545,5,6,1
88.89385655010119,6,5,1
88.90627823513933,10,5,1
88.90755218011327,1,7,1
88.92640951299109,1,6,1
88.94493147707544,1,5,1
88.95868163905106,1,9,1
88.97091592801735,1,10,2
89.01133408001624,12,6,1
89.0316587339621,12,5,1
89.04893927299418,12,9,1
89.06460221810266,12,10,2
89.09716117195785,8,5,1
89.10393961006775,0,5,1
89.12178753502667,8,9,1
89.12564335204661,0,9,1
89.12637619208544,11,5,1
89.12709168205038,3,5,1
89.15000717807561,8,10,2
89.15134700504132,3,9,1
89.15206799493171,0,10,2
89.1527734650299,11,9,1
89.15348148392513,13,5,1
89.1746426220052,13,9,1
89.1773217159789,11,10,2
89.17803661595099,3,10,2
89.1934829549864,13,10,2
89.22866254113615,9,5,1
89.24116865801625,7,5,1
89.24925740202889,9,10,2
89.25907437503338,7,9,1
89.27910427004099,7,10,2
89.3008776451461,4,9,1
89.30347197712399,2,9,1
89.3055010130629,10,9,1
89.32501541497186,4,10,2
89.32575744506903,2,10,2
89.32928661303595,5,9,1
89.33004093402997,10,8,1
89.33082052599639,6,9,1
89.3433604540769,2,8,1
89.34408679394983,4,8,1
89.35080876993015,5,10,2
89.35674505494535,6,10,2
89.36962576303631,5,8,1
89.37566840997897,6,8,1
89.40027021314017,1,8,1
89.51893765595742,12,8,1
89.54027888807468,12,13,2
89.5957683280576,8,13,2
89.60815294203348,0,8,1
89.62119294400327,8,12,2
89.62693081307225,11,8,1
89.62767235399224,3,8,1
89.63127634394914,0,13,2
89.65133942011744,0,12,2
89.6526194261387,11,13,2
89.65332288504578,3,13,2
89.65402352507226,13,8,1
89.67448226199485,3,12,2
89.67587221111171,11,12,2
89.68632374098524,13,12,2
89.70310769695789,13,11,2
89.72665116004646,9,8,1
89.74909059307538,9,13,2
89.74983442295343,7,8,1
89.7710645829793,9,12,2
89.77236674912274,7,13,2
89.7902969759889,9,11,2
89.79104156699032,7,12,2
89.80739282094873,4,13,2
89.81038609403186,7,11,2
89.81243628100492,10,13,2
89.81314282002859,2,13,2
89.83349560503848,4,12,2
89.83424393599853,6,13,2
89.8349450151436,5,13,2
89.83863256801851,2,12,2
89.839376158081,10,12,2
89.85750203114003,4,11,2
89.8758083791472,10,11,2
89.87898659799248,5,12,2
89.87969247694127,6,12,2
89.88167341193184,2,11,2
89.89185742498375,6,11,2
89.90406224294566,5,11,2
89.9059362350963,1,13,2
89.92525553214364,1,12,2
89.94497084897012,1,11,2
90.0104930670932,12,11,2
90.09689028398134,8,11,2
90.09977400512435,0,11,2
90.12028795410879,3,11,2
96.09576672501862,8,1,1
96.10473823407665,0,1,1
96.1237379310187,11,1,1
96.12448008195497,3,1,1
96.14332173392177,13,1,1
96.22560854814947,9,1,1
96.24864489794709,7,1,1
96.24936948809773,9,4,1
96.27008635294624,7,4,1
96.30718310200609,10,1,1
96.3081247981172,2,1,1
96.30915335705504,4,1,1
96.3338893330656,2,4,1
96.33500717394054,10,4,1
96.33601911296137,5,1,1
96.33707596198656,6,1,1
96.35707976692356,5,4,1
96.35813794611022,6,4,1
96.40353240608238,1,4,1
96.51754223112948,12,1,1
96.53850592207164,12,4,1
96.59612041106448,8,4,1
96.60551800206304,0,4,1
96.62300950707868,11,4,1
96.62377872900106,3,4,1
96.64332756097429,13,4,1
97.22415376198478,9,0,1
97.24554257513955,7,0,1
97.30475618806668,4,0,1
97.30617293808609,10,0,1
97.30693402909674,2,0,1
97.32809528592043,6,0,1
97.32897451007739,5,0,1
97.40516964509152,1,0,1
97.51038423506543,12,0,1
97.59365880698897,8,0,1
97.60698030609637,0,2,1
97.61820799810812,8,2,1
97.62209327612072,11,0,1
97.62325542792678,3,0,1
97.6468743539881,11,2,1
97.64791650301777,3,2,1
97.64890817995183,13,0,1
97.67029556399211,13,2,1
97.72632235800847,9,2,1
97.7489498059731,7,2,1
97.8028860730119,4,2,1
97.80676559102722,10,2,1
97.8296745470725,6,2,1
97.83045203797519,5,2,1
97.9071328069549,1,2,1
98.01149127306417,12,2,1
98.40487248101272,1,3,1
98.51176767796278,12,3,1
98.53354759211652,12,7,1
98.59706525504589,8,3,1
98.60613160696812,0,3,1
98.62156470492482,8,7,1
98.62787145003676,3,7,1
98.62925211898983,11,3,1
98.63000397011638,0,7,1
98.64471433800645,8,6,1
98.6496176540386,13,3,1
98.65312180109322,0,6,1
98.65392239298671,3,6,1
98.65467743412592,11,7,1
98.680597624043,13,7,1
98.68135977513157,11,6,1
98.69771768897772,13,6,1
98.72678818600252,9,3,1
98.75000599003397,9,7,1
98.75074232998304,7,3,1
98.77141617401503,9,6,1
98.7727006599307,7,6,1
98.8103256339673,4,3,1
98.81108594499528,10,3,1
98.81180249503814,2,3,1
98.83959406707436,4,7,1
98.84035098808818,6,3,1
98.84105912712403,2,7,1
98.84176311711781,10,7,1
98.84250035695732,5,3,1
98.86506435298361,4,6,1
98.87448883499019,2,6,1
98.87522804597393,10,6,1
98.8759352050256,5,7,1
98.87947339308448,6,7,1
98.8817335460335,2,5,1
98.8824703861028,4,5,1
98.88645606697537,10,5,1
98.89355805399828,5,6,1
98.89617626694962,6,5,1
98.91179536096752,1,7,1
98.93577665602788,1,6,1
98.95532791898586,1,5,1
98.97034289501607,1,9,1
98.98224852606654,1,10,2
99.01107885595411,12,6,1
99.03145010094158,12,5,1
99.0487878320273,12,9,1
99.06451141904108,12,10,2
99.08698700298555,8,5,1
99.10038490407169,8,9,1
99.10170604102314,0,5,1
99.11395197105594,8,10,2
99.12071599904448,0,9,1
99.12511893105693,3,5,1
99.12641943711787,11,5,1
99.1367782750167,0,10,2
99.14740710007027,3,9,1
99.1483178450726,11,9,1
99.14912244700827,13,5,1
99.16697220294736,3,10,2
99.16913599311374,13,9,1
99.16998647595756,11,10,2
99.18717853398994,13,10,2
99.22833502595313,9,5,1
99.24930821801536,9,10,2
99.250177341979,7,5,1
99.26847629994154,7,9,1
99.28667725506239,7,10,2
99.30268745007925,4,9,1
99.30467102397233,2,9,1
99.30578007502481,10,9,1
99.33028620504774,2,10,2
99.33131164405495,5,9,1
99.33230804093182,4,10,2
99.33332914998755,6,9,1
99.33446876099333,10,8,1
99.35351943015121,4,8,1
99.35461768112145,5,10,2
99.35563471913338,6,10,2
99.35667556803674,2,8,1
99.37290515797213,6,8,1
99.37692373013124,5,8,1
99.40757040097378,1,8,1
99.51134451013058,12,8,1
99.52949622413144,12,13,2
99.59672232996672,8,13,2
99.60404987307265,0,8,1
99.62267368100584,8,12,2
99.62455338309519,3,8,1
99.62670858297497,0,13,2
99.62781036295928,11,8,1
99.6418911840301,3,13,2
99.64670673804358,0,12,2
99.64773912611417,13,8,1
99.64956796704791,11,13,2
99.65785928699188,3,12,2
99.68319592997432,11,12,2
99.68505257205106,13,12,2
99.70478904992342,13,11,2
99.72820806014352,9,8,1
99.74994314298965,7,8,1
99.75099549209699,9,13,2
99.77194210398011,9,12,2
99.77297069202177,7,13,2
99.79160343902186,9,11,2
99.79265271802433,7,12,2
99.80736871692352,4,13,2
99.80922309798189,7,11,2
99.81129939598031,10,13,2
99.81242078705691,2,13,2
99.83700714912266,10,12,2
99.83805170794949,4,12,2
99.8390817870386,2,12,2
99.84009418496862,6,13,2
99.84125640708953,5,13,2
99.86367923906073,4,11,2
99.86482476093806,10,11,2
99.8659279521089,6,12,2
99.87525901105255,5,12,2
99.87670659110881,2,11,2
99.89137765811756,6,11,2
99.89561423612759,5,11,2
99.90352894505486,1,13,2
99.92006972501986,1,12,2
99.93709582695737,1,11,2
100.01078454195522,12,11,2
100.09775712597184,8,11,2
100.09997113794088,0,11,2
100.11634622211568,3,11,2
106.09498090692796,8,1,1
106.10327229695395,0,1,1
106.12026690901257,3,1,1
106.122840621043,11,1,1
106.14421101403423,13,1,1
106.22149671893567,9,1,1
106.23680752399378,9,4,1
106.24818976013921,7,1,1
106.26875359099358,7,4,1
106.30862253694795,10,1,1
106.30936849792488,4,1,1
106.31104763504118,2,1,1
106.3294388949871,5,1,1
106.33345576701686,2,4,1
106.3342239880003,10,4,1
106.33503854996525,6,1,1
106.34917940292507,5,4,1
106.35803550900891,6,4,1
106.40482151694596,1,4,1
106.5109195029363,12,1,1
106.53064879006706,12,4,1
106.59551396104507,8,4,1
106.6058165570721,0,4,1
106.62048176396638,3,4,1
106.62125708605163,11,4,1
106.64334402792156,13,4,1
107.22476344695315,9,0,1
107.2456452769693,7,0,1
107.30547806806862,2,0,1
107.30631855106913,10,0,1
107.30706339213066,4,0,1
107.3295443460811,6,0,1
107.33038542908616,5,0,1
107.40282608009875,1,0,1
107.51018401002511,12,0,1
107.59314867295325,8,0,1
107.60531845106743,0,2,1
107.61725115193985,8,2,1
107.62211554707028,11,0,1
107.62288711895235,3,0,1
107.6468024731148,11,2,1
107.64761041500606,3,2,1
107.64833218511194,13,0,1
107.6702891450841,13,2,1
107.72626545792446,9,2,1
107.74792096903548,7,2,1
107.8050549349282,4,2,1
107.80693035712466,10,2,1
107.83026767498814,5,2,1
107.83104836707935,6,2,1
107.90452932706103,1,2,1
108.01138603314757,12,2,1
108.40534527809359,1,3,1
108.51262664608657,12,3,1
108.53742075501941,12,7,1
108.5974336899817,8,3,1
108.6054804539308,0,3,1
108.62489415309392,8,7,1
108.62748659495264,3,7,1
108.6282563561108,11,3,1
108.63027615193278,0,7,1
108.65185326104984,8,6,1
108.6533491620794,0,6,1
108.65413873409852,3,6,1
108.65489717503078,11,7,1
108.65562771609984,13,3,1
108.67482449905947,11,6,1
108.68807948706672,13,7,1
108.70632565300912,13,6,1
108.72932405211031,9,3,1
108.75042190705426,9,7,1
108.7511766680982,7,3,1
108.77160997502506,9,6,1
108.77268061507493,7,6,1
108.80927751096897,4,3,1
108.81001643207856,2,3,1
108.81147108203731,10,3,1
108.83952524093911,2,7,1
108.84029735205695,6,3,1
108.84100668202154,10,7,1
108.84171272092499,5,3,1
108.84246809198521,4,7,1
108.86598041513935,2,6,1
108.86681039794348,10,6,1
108.86759836995043,4,6,1
108.86838414194062,5,7,1
108.87485141097568,6,7,1
108.88503819401376,10,5,1
108.8889694029931,2,5,1
108.88976902514696,4,5,1
108.89061673893593,5,6,1
108.89212258113548,6,5,1
108.90446404297836,1,7,1
108.92455411097035,1,6,1
108.94461947795935,1,5,1
108.9588024620898,1,9,1
108.97255705296993,1,10,2
109.01150065497495,12,6,1
109.03222584002651,12,5,1
109.04961596312933,12,9,1
109.06527577713132,12,10,2
109.09509212500416,8,5,1
109.10411003511399,0,5,1
109.1153292870149,8,9,1
109.12223629909568,3,5,1
109.12402461795136,11,5,1
109.12563778297044,0,9,1
109.13681799313053,3,9,1
109.13759939512238,8,10,2
109.14972846210003,0,10,2
109.15061249607243,11,9,1
109.15199872502126,3,10,2
109.15271444502287,13,5,1
109.17562161013484,11,10,2
109.1852482270915,13,9,1
109.20354329491965,13,10,2
109.22829499305226,9,5,1
109.24524257308803,9,10,2
109.24642548593692,7,5,1
109.26413454697467,7,9,1
109.28184473910369,7,10,2
109.3005113271065,4,9,1
109.30307131796144,2,9,1
109.30393607192673,10,9,1
109.32595436414704,4,10,2
109.32677832595073,2,10,2
109.32751702703536,10,8,1
109.32826223806478,6,9,1
109.3290306890849,5,9,1
109.3488962999545,2,8,1
109.34979633498006,4,8,1
109.35064769908786,6,10,2
109.35145762213506,5,10,2
109.36851663514972,6,8,1
109.36925436509773,5,8,1
109.40055671404116,1,8,1
109.51563971908763,12,8,1
109.53624309110455,12,13,2
109.5958068841137,8,13,2
109.60355129907839,0,8,1
109.62204811302945,3,8,1
109.62279814411886,8,12,2
109.62538727605715,0,13,2
109.62614646693692,11,8,1
109.63663798803464,3,13,2
109.65080316108651,0,12,2
109.65154594206251,11,13,2
109.6522575810086,13,8,1
109.65298745199107,3,12,2
109.67460581101477,11,12,2
109.67917381809093,13,12,2
109.69667117414065,13,11,2
109.72598966793157,9,8,1
109.74858710495755,9,13,2
109.74932212592103,7,8,1
109.76971414196305,9,12,2
109.7710321280174,7,13,2
109.78722784807906,9,11,2
109.7902349610813,7,12,2
109.80948948604055,7,11,2
109.81152087193914,10,13,2
109.81224785302766,4,13,2
109.81295627192594,2,13,2
109.83669915096834,5,13,2
109.83743270207196,10,12,2
109.83828114508651,4,12,2
109.83900121506304,2,12,2
109.83971487497911,6,13,2
109.86346719413996,10,11,2
109.86424575606361,2,11,2
109.86496895598248,6,12,2
109.86567090498284,5,12,2
109.87502087512985,4,11,2
109.89176329993643,6,11,2
109.89303358504549,5,11,2
109.90499195712619,1,13,2
109.92485386808403,1,12,2
109.94459985708818,1,11,2
110.0111164629925,12,11,2
110.0914107519202,8,11,2
110.10118674300611,0,11,2
110.11830872902647,3,11,2
116.09510680800304,8,1,1
116.10343726910651,0,1,1
116.1201598730404,3,1,1
116.12167279492132,11,1,1
116.14337926800363,13,1,1
116.22579185594805,9,1,1
116.2477092940826,9,4,1
116.24877803400159,7,1,1
116.26791176502593,7,4,1
116.30466231610626,4,1,1
116.3083748689387,2,1,1
116.30959932296537,10,1,1
116.33489088504575,2,4,1
116.33594783395529,10,4,1
116.33696938212961,5,1,1
116.33804994192906,6,1,1
116.3582746940665,6,4,1
116.35933356313035,5,4,1
116.40630597714335,1,4,1
116.51120242895558,12,1,1
116.53194273496047,12,4,1
116.59472391800955,8,4,1
116.60390182305127,0,4,1
116.6209013951011,3,4,1
116.62344747595489,11,4,1
116.64254939602688,13,4,1
117.22413065214641,9,0,1
117.24524727812968,7,0,1
117.3062810820993,4,0,1
117.30708345514722,10,0,1
117.30780603503808,2,0,1
117.32749512209557,6,0,1
117.32826184295118,5,0,1
117.40314087201841,1,0,1
117.51543191913515,12,0,1
117.59431160893291,8,0,1
117.60438226908445,0,2,1
117.61980507709086,3,0,1
117.62081542494707,8,2,1
117.62319426098838,11,0,1
117.63457884709351,3,2,1
117.64386719511822,13,0,1
117.64459850499406,11,2,1
117.66452352912165,13,2,1
117.72635643510148,9,2,1
117.74801439605653,7,2,1
117.80500114895403,4,2,1
117.8063589159865,10,2,1
117.83029845100828,6,2,1
117.83104175096378,5,2,1
117.9063410020899,1,2,1
118.01082620304078,12,2,1
118.40693573001772,1,3,1
118.51819405914284,12,3,1
118.53975872695446,12,7,1
118.5958150040824,8,3,1
118.60435552103445,0,3,1
118.62113218614832,11,3,1
118.62212803401053,3,7,1
118.6230608499609,8,7,1
118.62530331197195,0,7,1
118.63420730899088,11,7,1
118.64415542595088,3,6,1
118.6463278059382,13,3,1
118.64729414298199,8,6,1
118.64781913696788,11,6,1
118.6483494520653,0,6,1
118.65712716593407,13,7,1
118.66808455996215,13,6,1
118.72407939494587,9,3,1
118.7507653250359,9,7,1
118.753159631975,7,3,1
118.76694392506033,9,6,1
118.77903972007334,7,6,1
118.80912084504962,4,3,1
118.81092002498917,2,3,1
118.81179840001278,10,3,1
118.83225116808899,6,3,1
118.83633579104207,5,3,1
118.8382760649547,10,7,1
118.83928952296264,4,7,1
118.84008223493584,2,7,1
118.85069888993166,5,7,1
118.85152553301305,6,7,1
118.86303323204629,10,6,1
118.86384215508588,4,6,1
118.874387037009,5,6,1
118.87518557999283,2,6,1
118.87737454008311,6,5,1
118.88727825600654,4,5,1
118.88964051101357,2,5,1
118.89051696495153,10,5,1
118.90594259300269,1,7,1
118.92740777996369,1,6,1
118.9446352981031,1,5,1
118.9588999140542,1,9,1
118.9728253299836,1,10,2
119.01108735310845,12,6,1
119.03123608208261,12,5,1
119.04881818103604,12,9,1
119.06432705093175,12,10,2
119.09546039602719,8,5,1
119.10562877799384,0,5,1
119.12172124395147,8,9,1
119.12313589407131,3,5,1
119.12455819314346,11,5,1
119.12533428496681,0,9,1
119.13873120700009,3,9,1
119.15065215714276,0,10,2
119.15143203898333,8,10,2
119.15214529912919,13,5,1
119.15284595801495,11,9,1
119.15422267699614,3,10,2
119.17578055500053,13,9,1
119.17744641192257,11,10,2
119.19566850806586,13,10,2
119.22852066997439,9,5,1
119.24772659293376,9,10,2
119.24968208698556,7,5,1
119.26748386095278,7,9,1
119.286055597011,7,10,2
119.30011871713214,4,9,1
119.30331645603292,2,9,1
119.30422418098897,10,9,1
119.32450535404496,2,10,2
119.3258935729973,4,10,2
119.32822521799244,10,8,1
119.32951752305962,6,9,1
119.33072567707859,5,9,1
119.34266921808012,4,8,1
119.343820160022,2,8,1
119.35164576792158,5,10,2
119.35280950996093,6,10,2
119.37275893404149,5,8,1
119.3738563740626,6,8,1
119.40240416699089,1,8,1
119.51320172310807,12,8,1
119.53422071714886,12,13,2
119.5956246019341,8,13,2
119.60401607397944,0,8,1
119.6208922630176,8,12,2
119.62784773600288,11,8,1
119.62861309712753,0,13,2
119.62998553505167,3,8,1
119.64369475608692,13,8,1
119.65354531002231,0,12,2
119.6543926729355,3,13,2
119.65511966310441,11,13,2
119.67629489093088,13,12,2
119.68288442399353,11,12,2
119.68628003797494,3,12,2
119.69569661002606,13,11,2
119.72617896599695,9,8,1
119.7527859651018,9,13,2
119.75355207594112,7,8,1
119.77450419799425,9,12,2
119.77587938611396,7,13,2
119.79256427893415,9,11,2
119.79514366108924,7,12,2
119.80468513607047,4,13,2
119.80936119495891,2,13,2
119.81136970105581,7,11,2
119.81223595514894,10,13,2
119.83228349196725,2,12,2
119.83308531413786,5,13,2
119.83386241598055,4,12,2
119.83467655908316,6,13,2
119.83669310505502,10,12,2
119.87778720492497,4,11,2
119.87862508906983,2,11,2
119.87937421910465,10,11,2
119.88015032093972,5,12,2
119.88089509191923,6,12,2
119.90034008212388,6,11,2
119.90110886306502,5,11,2
119.90185067406856,1,13,2
119.92186070908792,1,12,2
119.94058052892797,1,11,2
120.01104995491914,12,11,2
120.09791350713931,8,11,2
120.10065802303143,0,11,2
120.11917620711029,3,11,2
126.0959529010579,8,1,1
126.10365833505057,0,1,1
126.12357264803723,11,1,1
126.12437701993622,3,1,1
126.14532847213559,13,1,1
126.2258883989416,9,1,1
126.24788330006413,9,4,1
126.24865994113497,7,1,1
126.2681285419967,7,4,1
126.30781637411565,2,1,1
126.3088962440379,4,1,1
126.30990321096033,10,1,1
126.33440726203844,10,4,1
126.33544157096185,2,4,1
126.33643951895647,6,1,1
126.33743060613051,5,1,1
126.35790156503208,6,4,1
126.35898917494342,5,4,1
126.40441711596213,1,4,1
126.51095584407449,12,1,1
126.53206002013758,12,4,1
126.59488862496801,8,4,1
126.6057580569759,0,4,1
126.62368755415082,11,4,1
126.62566121900454,3,4,1
126.64312179409899,13,4,1
127.224770904053,9,0,1
127.24577817693353,7,0,1
127.30797472503036,2,0,1
127.30985512700863,4,0,1
127.31097209802829,10,0,1
127.32891089608893,5,0,1
127.32994811492972,6,0,1
127.40299585298635,1,0,1
127.50946015911177,12,0,1
127.59404252795503,8,0,1
127.60652263392694,0,2,1
127.61751743895002,8,2,1
127.62301561213098,11,0,1
127.6244786430616,3,0,1
127.64768962701783,11,2,1
127.64877193793654,3,2,1
127.64978925604373,13,0,1
127.67076826794073,13,2,1
127.72688488592394,9,2,1
127.74876721412875,7,2,1
127.80496017402038,4,2,1
127.80742146307603,10,2,1
127.83171574701555,6,2,1
127.83253776002675,5,2,1
127.90493854996748,1,2,1
128.0117639361415,12,2,1
128.40473718801513,1,3,1
128.5124280580785,12,3,1
128.5364874759689,12,7,1
128.5971723520197,8,3,1
128.60486584505998,0,3,1
128.6270465811249,0,7,1
128.62810428999364,11,3,1
128.62910835794173,8,7,1
128.63020061911084,3,7,1
128.652376745129,8,6,1
128.65345537406392,0,6,1
128.65450002299622,11,7,1
128.65555762313306,3,6,1
128.6567825069651,13,3,1
128.67292284499854,11,6,1
128.6746174520813,13,7,1
128.69206881592982,13,6,1
128.72617244394496,9,3,1
128.7493646070361,9,7,1
128.7501566989813,7,3,1
128.77067212900147,9,6,1
128.77156735397875,7,6,1
128.81067995005287,4,3,1
128.81201468710788,2,3,1
128.81318517006002,10,3,1
128.8360556650441,5,3,1
128.84008457604796,10,7,1
128.84097399096936,2,7,1
128.84173273202032,6,3,1
128.84249631292187,4,7,1
128.86497594811954,4,6,1
128.86547425203025,2,6,1
128.8659069039859,10,6,1
128.86637939698994,6,7,1
128.8668422899209,5,7,1
128.8884518300183,2,5,1
128.88895937404595,10,5,1
128.889401686145,4,5,1
128.88983698794618,6,5,1
128.8914406830445,5,6,1
128.9045767870266,1,7,1
128.9248214501422,1,6,1
128.94410899514332,1,5,1
128.9583882021252,1,9,1
128.970670951996,1,10,2
129.0125836059451,12,6,1
129.0335882101208,12,5,1
129.05082972813398,12,9,1
129.06649294309318,12,10,2
129.09602360310964,8,5,1
129.10394953307696,0,5,1
129.11684439098462,8,9,1
129.12505870009772,0,9,1
129.12584723206237,11,5,1
129.12660058191977,3,5,1
129.1386801379267,8,10,2
129.15123079600744,0,10,2
129.15261710505,11,9,1
129.15334307495505,3,9,1
129.15405079396442,13,5,1
129.17543708812445,13,9,1
129.17794413794763,11,10,2
129.17868914897554,3,10,2
129.19277423992753,13,10,2
129.22589579899795,9,5,1
129.24603131902404,7,5,1
129.24721194105223,9,10,2
129.26423845393583,7,9,1
129.28309095813893,7,10,2
129.30334002012387,10,9,1
129.30454741301946,4,9,1
129.30559722310863,2,9,1
129.32865903293714,10,8,1
129.32951401593164,4,10,2
129.33026395714842,6,9,1
129.3310126280412,2,10,2
129.33172416803427,5,9,1
129.35184612707235,6,10,2
129.35258010705002,2,8,1
129.35329082701355,4,8,1
129.35400081705302,5,10,2
129.3702579480596,5,8,1
129.37098528794013,6,8,1
129.4018290741369,1,8,1
129.51409409195185,12,8,1
129.5345422499813,12,13,2
129.59637791709974,8,13,2
129.60782174393535,0,8,1
129.62089697713964,8,12,2
129.6255789170973,0,13,2
129.6267473900225,3,8,1
129.62732662609778,11,8,1
129.6481981461402,0,12,2
129.64981158101,13,8,1
129.65044879796915,11,13,2
129.65102400397882,3,13,2
129.6758857141249,3,12,2
129.67914228513837,13,12,2
129.68102326709777,11,12,2
129.69647308601998,13,11,2
129.72576731001027,9,8,1
129.74745449097827,9,13,2
129.74803970800713,7,8,1
129.76902979100123,9,12,2
129.76961090695113,7,13,2
129.7868325051386,9,11,2
129.79008982609957,7,12,2
129.80741652706638,4,13,2
129.80952495499514,7,11,2
129.81164801400155,2,13,2
129.81268220301718,10,13,2
129.83563823997974,2,12,2
129.83622808707878,5,13,2
129.8368020830676,4,12,2
129.837374658091,6,13,2
129.83794016414322,10,12,2
129.86198827205226,2,11,2
129.8625727079343,4,11,2
129.87599704111926,6,12,2
129.8781548810657,10,11,2
129.87873167707585,5,12,2
129.89629652514122,5,11,2
129.89688285114244,6,11,2
129.9080235909205,1,13,2
129.9284313970711,1,12,2
129.94760562013835,1,11,2
130.011284688022,12,11,2
130.09757444402203,8,11,2
130.10036078095436,0,11,2
130.11903910012916,3,11,2
136.09532509511337,8,1,1
136.10422750213183,0,1,1
136.12294829194434,11,1,1
136.12354296911508,3,1,1
136.14313854300417,13,1,1
136.22590711107478,9,1,1
136.24786476092413,9,4,1
136.2484609670937,7,1,1
136.2677647829987,7,4,1
136.30655207997188,4,1,1
136.30715421703644,10,1,1
136.3083881919738,2,1,1
136.33263976499438,10,4,1
136.33324275212362,2,4,1
136.33383445814252,5,1,1
136.33442853507586,6,1,1
136.35564591409639,6,4,1
136.35624243109487,5,4,1
136.40471756714396,1,4,1
136.51054743607529,12,1,1
136.53024236299098,12,4,1
136.59147234307602,8,4,1
136.6050450000912,0,4,1
136.61875083111227,3,4,1
136.61934147705324,11,4,1
136.63978434493765,13,4,1
137.22428554692306,9,0,1
137.24562934902497,7,0,1
137.30529794609174,4,0,1
137.3059117430821,10,0,1
137.3069733530283,2,0,1
137.32709518214688,5,0,1
137.32768954802305,6,0,1
137.40378356096335,1,0,1
137.5093860840425,12,0,1
137.59460804099217,8,0,1
137.60639375797473,0,2,1
137.62197423097678,8,2,1
137.62257969705388,11,0,1
137.6231563531328,3,0,1
137.64753693109378,11,2,1
137.64814066700637,3,2,1
137.6487205629237,13,0,1
137.66867134696804,13,2,1
137.72631333814934,9,2,1
137.74852684512734,7,2,1
137.80600861110725,10,2,1
137.80665410892107,4,2,1
137.8288716559764,6,2,1
137.8294674931094,5,2,1
137.90449428604916,1,2,1
138.01219860697165,12,2,1
138.40520286210813,1,3,1
138.51158108608797,12,3,1
138.53392356610857,12,7,1
138.59563490003347,8,3,1
138.60644330014475,0,3,1
138.6198770441115,8,7,1
138.6248569721356,11,3,1
138.6281264219433,3,7,1
138.62872468912974,0,7,1
138.64448635699227,8,6,1
138.65090347500518,11,7,1
138.65148785104975,13,3,1
138.65207262709737,0,6,1
138.65267262398265,3,6,1
138.669645575108,11,6,1
138.68272379902191,13,7,1
138.7032674890943,13,6,1
138.7290191340726,9,3,1
138.74914127308875,7,3,1
138.75022518308833,9,7,1
138.7718356831465,9,6,1
138.77242297003977,7,6,1
138.81018667900935,10,3,1
138.81171012111008,4,3,1
138.81230533705093,2,3,1
138.83976400992833,6,3,1
138.84036688692868,5,3,1
138.84095152304508,4,7,1
138.84153542900458,10,7,1
138.842129976023,2,7,1
138.8622989859432,4,6,1
138.8678510200698,5,7,1
138.8689296799712,10,6,1
138.86952440696768,2,6,1
138.87012483295985,6,7,1
138.87358416896313,4,5,1
138.88989791204222,5,6,1
138.89053719001822,10,5,1
138.89112631604075,6,5,1
138.89323728508316,2,5,1
138.908787147142,1,7,1
138.93049757997505,1,6,1
138.94976480514742,1,5,1
138.96340720402077,1,9,1
138.97392024612054,1,10,2
139.00880571408197,12,6,1
139.02569153299555,12,5,1
139.04074458102696,12,9,1
139.05739456391893,12,10,2
139.09631739510223,8,5,1
139.1056272329297,0,5,1
139.1160062220879,8,9,1
139.126288497122,0,9,1
139.12688347301446,3,5,1
139.12794068292715,11,5,1
139.13716583908536,8,10,2
139.15259532793425,0,10,2
139.1531883541029,3,9,1
139.1545000509359,11,9,1
139.1550911969971,13,5,1
139.17844516597688,3,10,2
139.17903859214857,11,10,2
139.17962532793172,13,9,1
139.19627407100052,13,10,2
139.2271440080367,9,5,1
139.24971818504855,9,10,2
139.25033054198138,7,5,1
139.27069386700168,7,9,1
139.2907882449217,7,10,2
139.3017672500573,4,9,1
139.30226123402826,2,9,1
139.30273783695884,10,9,1
139.32713107508607,2,10,2
139.32761460798793,10,8,1
139.32804892002605,4,10,2
139.32854256406426,6,9,1
139.32901047705673,5,9,1
139.34948893613182,6,10,2
139.35061165713705,4,8,1
139.3514055290725,2,8,1
139.35224794200622,5,10,2
139.3616152619943,6,8,1
139.36943303002045,5,8,1
139.3981392669957,1,8,1
139.50618342706002,12,8,1
139.52059215703048,12,13,2
139.5890970500186,8,13,2
139.6078893719241,0,8,1
139.6108806550037,8,12,2
139.62563618505374,3,8,1
139.62644436699338,11,8,1
139.63125825114548,0,13,2
139.6518876941409,0,12,2
139.65266732499003,3,13,2
139.6533846349921,11,13,2
139.6541183560621,13,8,1
139.6727228621021,11,12,2
139.6735211040359,3,12,2
139.67716172593646,13,12,2
139.69226307515055,13,11,2
139.71735166199505,9,8,1
139.72947659809142,9,13,2
139.74358455999754,9,12,2
139.74516954412684,7,8,1
139.7555016509723,9,11,2
139.761736653978,7,13,2
139.7772760761436,7,12,2
139.79481408302672,7,11,2
139.80785926501267,2,13,2
139.8086242871359,4,13,2
139.80932915606536,10,13,2
139.8307180099655,4,12,2
139.8314677309245,6,13,2
139.8328301589936,10,12,2
139.8335510790348,2,12,2
139.83429855993018,5,13,2
139.85213849507272,6,12,2
139.85531032294966,2,11,2
139.85618459712714,10,11,2
139.85697754914872,4,11,2
139.85776134114712,5,12,2
139.87462178012356,6,11,2
139.89350009406917,5,11,2
139.90534444293007,1,13,2
139.92542137997225,1,12,2
139.94521380006336,1,11,2
140.01131792599335,12,11,2
140.09808579506353,8,11,2
140.10068883793429,0,11,2
140.11951268999837,3,11,2
146.09542839904316,8,1,1
146.10452725202776,0,1,1
146.12368738395162,11,1,1
146.12442520493641,3,1,1
146.1449087341316,13,1,1
146.2256504970137,9,1,1
146.2476555381436,9,4,1
146.2483865879476,7,1,1
146.26947351405397,7,4,1
146.30824970104732,2,1,1
146.30905452300794,4,1,1
146.30976490303874,10,1,1
146.33255945611745,6,1,1
146.33345393114723,10,4,1
146.33387463213876,2,4,1
146.33431504503824,5,1,1
146.34940756415017,5,4,1
146.35246934904717,6,4,1
146.4061150290072,1,4,1
146.50670059211552,12,1,1
146.52770108613186,12,4,1
146.5948467911221,8,4,1
146.60305948811583,0,4,1
146.62328621093184,3,4,1
146.62465066812,11,4,1
146.64445439795963,13,4,1
147.22456150106154,9,0,1
147.24560151505284,7,0,1
147.30640634405427,2,0,1
147.30728132813238,10,0,1
147.3079955279827,4,0,1
147.32697277492844,5,0,1
147.32905147294514,6,0,1
147.4048671380151,1,0,1
147.50913831498474,12,0,1
147.5943771819584,8,0,1
147.60403017001227,0,2,1
147.6226362970192,8,2,1
147.62341556907631,3,0,1
147.62414897908457,11,0,1
147.64403332094662,13,0,1
147.64665315393358,11,2,1
147.64737476408482,3,2,1
147.6644359480124,13,2,1
147.7264111789409,9,2,1
147.74808952095918,7,2,1
147.80626113712788,10,2,1
147.80700983805582,4,2,1
147.8301608110778,6,2,1
147.8309008809738,5,2,1
147.90514927404,1,2,1
148.01131322304718,12,2,1
148.40546322008595,1,3,1
148.51210601208732,12,3,1
148.53359633893706,12,7,1
148.5969813191332,8,3,1
148.60533863096498,0,3,1
148.62245391705073,8,7,1
148.62801051093265,11,3,1
148.6300498980563,3,7,1
148.63236124208197,0,7,1
148.64321274403483,8,6,1
148.6452345601283,13,3,1
148.65509572299197,0,6,1
148.65615605306812,3,6,1
148.65717396093532,11,7,1
148.66449998505414,13,7,1
148.67199088307098,11,6,1
148.69174666213803,13,6,1
148.72693935898133,9,3,1
148.7501471529249,9,7,1
148.75089094392024,7,3,1
148.7715380480513,9,6,1
148.77282768301666,7,6,1
148.8117494750768,2,3,1
148.81248278496787,4,3,1
148.8134077109862,10,3,1
148.8369642449543,5,3,1
148.83957642805763,6,3,1
148.84182895999402,2,7,1
148.84300284204073,10,7,1
148.843721822137,4,7,1
148.86588405794464,2,6,1
148.86662962893024,5,7,1
148.8673315080814,10,6,1
148.86803020793013,4,6,1
148.86872904701158,6,7,1
148.8892759680748,2,5,1
148.8901228220202,5,6,1
148.89096385496669,10,5,1
148.89184950012714,4,5,1
148.89257533010095,6,5,1
148.90445660008118,1,7,1
148.91551241697744,1,6,1
148.92621412407607,1,5,1
148.9359627950471,1,9,1
148.94657988008112,1,10,2
149.01154893403873,12,6,1
149.03225561906584,12,5,1
149.04941368591972,12,9,1
149.06537156901322,12,10,2
149.0952250380069,8,5,1
149.10495359892957,0,5,1
149.1159393740818,8,9,1
149.12904929812066,0,9,1
149.13001481513493,11,5,1
149.13079490605742,3,5,1
149.13758925511502,8,10,2
149.1513859280385,13,5,1
149.1527676070109,0,10,2
149.1535146171227,3,9,1
149.1542603180278,11,9,1
149.1734719821252,11,10,2
149.17430831491947,13,9,1
149.17725558695383,3,10,2
149.194030683022,13,10,2
149.22612271411344,9,5,1
149.24940690095536,9,10,2
149.25052984198555,7,5,1
149.26859743404202,7,9,1
149.2884794960264,7,10,2
149.3002038320992,4,9,1
149.30212690494955,10,9,1
149.30381150194444,2,9,1
149.32387340907007,4,10,2
149.32505585206673,10,8,1
149.32723319204524,2,10,2
149.32865892210975,5,9,1
149.32985280500725,6,9,1
149.34641874511726,4,8,1
149.34729629009962,5,10,2
149.3481739941053,2,8,1
149.34897293592803,6,10,2
149.366044329945,6,8,1
149.36688519408926,5,8,1
149.40173634211533,1,8,1
149.51368536101654,12,8,1
149.53578877495602,12,13,2
149.59638253808953,8,13,2
149.60372518212534,0,8,1
149.62363010505214,8,12,2
149.6261842760723,0,13,2
149.62696712696925,3,8,1
149.62767996708862,11,8,1
149.65120509103872,0,12,2
149.6520139731001,11,13,2
149.65276729408652,3,13,2
149.65347862406634,13,8,1
149.67214112193324,11,12,2
149.67292148410343,3,12,2
149.6748228671495,13,12,2
149.69193657208234,13,11,2
149.72631917707622,9,8,1
149.74879523110576,9,13,2
149.7495721729938,7,8,1
149.77012408408336,9,12,2
149.77088730502874,7,13,2
149.78765368112363,9,11,2
149.7903510860633,7,12,2
149.81059791799635,7,11,2
149.81170692900196,4,13,2
149.8127070069313,10,13,2
149.81378785707057,2,13,2
149.83357540611178,6,13,2
149.8348720720969,5,13,2
149.83752626599744,10,12,2
149.8386969489511,2,12,2
149.83973441808484,4,12,2
149.86184343206696,10,11,2
149.86279509798624,4,11,2
149.8635938600637,2,11,2
149.87491206405684,5,12,2
149.87758352910168,6,12,2
149.893547632033,5,11,2
149.8943680250086,6,11,2
149.90740046696737,1,13,2
149.92970335599966,1,12,2
149.95042855199426,1,11,2
150.01091500208713,12,11,2
150.09771022293717,8,11,2
150.09977194992825,0,11,2
150.11954621993937,3,11,2
156.0961825021077,8,1,1
156.10348356491886,0,1,1
156.12282067211345,11,1,1
156.12415415910073,3,1,1
156.14268451393582,13,1,1
156.2257006999571,9,1,1
156.24772853194736,9,4,1
156.24845177214593,7,1,1
156.26930735097267,7,4,1
156.30773584893905,4,1,1
156.30862823314965,2,1,1
156.30933907302096,10,1,1
156.3331252541393,6,1,1
156.33388618496247,2,4,1
156.3346490659751,5,1,1
156.3353523160331,10,4,1
156.35585337597877,5,4,1
156.3578056099359,6,4,1
156.40485315700062,1,4,1
156.51188135007396,12,1,1
156.5327007980086,12,4,1
156.5958526020404,8,4,1
156.603575946996,0,4,1
156.61722466605715,11,4,1
156.62583233509213,3,4,1
156.644535823958,13,4,1
157.22439452214167,9,0,1
157.24629753106274,7,0,1
157.30293094413355,4,0,1
157.3062333459966,2,0,1
157.30701631703414,10,0,1
157.32753987703472,6,0,1
157.3286518380046,5,0,1
157.40442326292396,1,0,1
157.51073309592903,12,0,1
157.59373586205766,8,0,1
157.6055856810417,0,2,1
157.61719545396045,8,2,1
157.62192689510994,11,0,1
157.62282889010385,3,0,1
157.646646321984,3,2,1
157.64736821199767,11,2,1
157.64807126112282,13,0,1
157.66786434105597,13,2,1
157.72603495698422,9,2,1
157.74898784514517,7,2,1
157.80667051696219,4,2,1
157.80743675795384,10,2,1
157.8301977799274,5,2,1
157.83097259211354,6,2,1
157.90654885210097,1,2,1
158.01159327896312,12,2,1
158.4068842700217,1,3,1
158.5123298401013,12,3,1
158.5361864620354,12,7,1
158.59565037395805,8,3,1
158.60671613109298,0,3,1
158.6216029850766,8,7,1
158.62707987707108,3,7,1
158.6278268881142,11,3,1
158.63031314709224,0,7,1
158.65167365013622,8,6,1
158.65296274609864,13,3,1
158.6536692660302,0,6,1
158.65439971606247,11,7,1
158.65511133614928,3,6,1
158.66620542411692,11,6,1
158.6738561161328,13,7,1
158.69060021196492,13,6,1
158.72693028114736,9,3,1
158.74976138514467,9,7,1
158.7505201359745,7,3,1
158.77146576810628,9,6,1
158.7727548140101,7,6,1
158.806012788089,4,3,1
158.81096305511892,10,3,1
158.81229596212506,2,3,1
158.83875260711648,4,7,1
158.83960917103104,6,3,1
158.84034758107737,2,7,1
158.8410851720255,10,7,1
158.84178352099843,5,3,1
158.86463415599428,4,6,1
158.8655007709749,2,6,1
158.87437096703798,5,7,1
158.87520290003158,10,6,1
158.87603058293462,6,7,1
158.87684413511306,4,5,1
158.88282874203287,2,5,1
158.88432671292685,6,5,1
158.89316804893315,10,5,1
158.89356634998694,5,6,1
158.90059113502502,1,7,1
158.91193587007,1,6,1
158.92258336604573,1,5,1
158.93258393392898,1,9,1
158.94298645295203,1,10,2
159.0121927750297,12,6,1
159.03426906908862,12,5,1
159.0524696840439,12,9,1
159.06924240011722,12,10,2
159.09520968212746,8,5,1
159.10494880191982,0,5,1
159.11401431402192,8,9,1
159.12603323813528,0,9,1
159.12680004909635,3,5,1
159.12750989897177,11,5,1
159.13695669104345,8,10,2
159.14989885105751,13,5,1
159.15077012497932,0,10,2
159.15149734495208,11,9,1
159.15223178593442,3,9,1
159.17277166596614,13,9,1
159.17524189502,11,10,2
159.17662260308862,3,10,2
159.1908871489577,13,10,2
159.2261154879816,9,5,1
159.2491536079906,9,10,2
159.24989035795443,7,5,1
159.26804060302675,7,9,1
159.28741254098713,7,10,2
159.30096396710724,4,9,1
159.3040090019349,10,9,1
159.30474165198393,2,9,1
159.32501818495803,4,10,2
159.32884220196865,5,9,1
159.330310203135,2,10,2
159.3312703690026,6,9,1
159.33208071207628,10,8,1
159.34653716301546,4,8,1
159.34997184900567,5,10,2
159.35079508111812,6,10,2
159.35156824300066,2,8,1
159.36783151398413,5,8,1
159.37586283800192,6,8,1
159.40045220102184,1,8,1
159.5184990100097,12,8,1
159.5398407629691,12,13,2
159.59496229398064,8,13,2
159.6076321459841,0,8,1
159.61971289198846,8,12,2
159.6242432880681,11,8,1
159.62735236412846,3,8,1
159.632590028923,0,13,2
159.6495872021187,11,13,2
159.65070154308341,3,13,2
159.65175840212032,13,8,1
159.65283028199337,0,12,2
159.68481705104932,13,12,2
159.68569752504118,3,12,2
159.68647335702553,11,12,2
159.69743361114524,13,11,2
159.72633022302762,9,8,1
159.74911002605222,9,13,2
159.74978196504526,7,8,1
159.76962504605763,9,12,2
159.77208265499212,7,13,2
159.78611534414813,9,11,2
159.79417832801118,7,12,2
159.80414532497525,2,13,2
159.80505904112943,10,13,2
159.80753125902265,4,13,2
159.8101643419359,7,11,2
159.82635082211345,2,12,2
159.827274938114,5,13,2
159.82809254107997,6,13,2
159.82887938199565,10,12,2
159.83039090409875,4,12,2
159.8479936630465,5,12,2
159.8487945550587,6,12,2
159.84955696715042,10,11,2
159.85033461800776,2,11,2
159.8519320129417,4,11,2
159.87634633108974,5,11,2
159.87699123914354,6,11,2
159.89557246514596,1,13,2
159.90720205800608,1,12,2
159.91837860899977,1,11,2
160.00311495293863,12,11,2
160.09802522906102,8,11,2
160.1010511929635,0,11,2
160.11952892597765,3,11,2
166.09570648008958,8,1,1
166.10518295294605,0,1,1
166.12374257901683,11,1,1
166.12450972013175,3,1,1
166.14584967307746,13,1,1
166.22628929791972,9,1,1
166.24855701602064,9,4,1
166.24932030797936,7,1,1
166.26866653515026,7,4,1
166.3074248819612,4,1,1
166.308292245958,10,1,1
166.30901423608884,2,1,1
166.33506045909598,5,1,1
166.3358256809879,10,4,1
166.33654848113656,2,4,1
166.33728969097137,6,1,1
166.3603390720673,6,4,1
166.36110270302743,5,4,1
166.39920997200534,1,4,1
166.5119745649863,12,1,1
166.53275761194527,12,4,1
166.59468410303816,8,4,1
166.60492505691946,0,4,1
166.62262592907064,11,4,1
166.62342276098207,3,4,1
166.64298594393767,13,4,1
167.22467206511647,9,0,1
167.2455431651324,7,0,1
167.30516343098134,4,0,1
167.30648395814933,2,0,1
167.3075055659283,10,0,1
167.32891375105828,6,0,1
167.32982073700987,5,0,1
167.4024184930604,1,0,1
167.51005698298104,12,0,1
167.59403003705665,8,0,1
167.60579594410956,0,2,1
167.6172108510509,8,2,1
167.62225470109843,11,0,1
167.6231700561475,3,0,1
167.64593063900247,11,2,1
167.64700839901343,3,2,1
167.64800814609043,13,0,1
167.66714620799758,13,2,1
167.72104682493955,9,2,1
167.74802016513422,7,2,1
167.80332408100367,4,2,1
167.80852008610964,10,2,1
167.82944098697044,5,2,1
167.83051361702383,6,2,1
167.90421399404295,1,2,1
168.01106486306526,12,2,1
168.4056029941421,1,3,1
168.50838854000904,12,3,1
168.52496486110613,12,7,1
168.59705317392945,8,3,1
168.60647532506846,0,3,1
168.62406750395894,11,3,1
168.62511579296552,3,7,1
168.6261779931374,8,7,1
168.62826733104885,0,7,1
168.64955569198355,11,7,1
168.65063967206515,3,6,1
168.65163436997682,0,6,1
168.65270066913217,8,6,1
168.65388550213538,13,3,1
168.66491675912403,11,6,1
168.67678620899096,13,7,1
168.69663068000227,13,6,1
168.72165442607366,9,3,1
168.73793283803388,9,7,1
168.74868276598863,7,3,1
168.75506699411198,9,6,1
168.76936679100618,7,6,1
168.80989335710183,4,3,1
168.81097709713504,2,3,1
168.81197144510224,10,3,1
168.83577560610138,5,3,1
168.8379465059843,6,3,1
168.83906252705492,2,7,1
168.8403042720165,10,7,1
168.84131586994044,4,7,1
168.8644663731102,2,6,1
168.8655958750751,10,6,1
168.86674511712044,4,6,1
168.86793975997716,5,7,1
168.86932497797534,6,7,1
168.88426325307228,2,5,1
168.8865698769223,10,5,1
168.88780292100273,4,5,1
168.88882813998498,6,5,1
168.88989375997335,5,6,1
168.90560386609286,1,7,1
168.9289755851496,1,6,1
168.9483019420877,1,5,1
168.96347072394565,1,9,1
168.976225258084,1,10,2
169.00801244098693,12,6,1
169.02460667211562,12,5,1
169.03899414208718,12,9,1
169.05505656800233,12,10,2
169.09207212598994,8,5,1
169.10458931396715,0,5,1
169.11155302799307,8,9,1
169.1283504939638,0,9,1
169.12919985805638,11,5,1
169.1299442090094,3,5,1
169.13284571911208,8,10,2
169.15218971692957,0,10,2
169.15295959892683,11,9,1
169.15378479100764,3,9,1
169.15455962298438,13,5,1
169.17428522114642,11,10,2
169.17503317212686,3,10,2
169.1767714500893,13,9,1
169.19547470007092,13,10,2
169.22660550498404,9,5,1
169.25049165799282,9,10,2
169.250846398063,7,5,1
169.27077804110013,7,9,1
169.2957914969884,4,9,1
169.2963469219394,7,10,2
169.29866720712744,10,9,1
169.3035771730356,2,9,1
169.3107004009653,10,8,1
169.31116761406884,4,10,2
169.32845355407335,4,8,1
169.32879288401455,2,10,2
169.32911908300593,5,9,1
169.32943952200003,6,9,1
169.3503869229462,6,10,2
169.3509826499503,2,8,1
169.35130234900862,5,10,2
169.36878018500283,6,8,1
169.36910871393047,5,8,1
169.4005786080379,1,8,1
169.51145026809536,12,8,1
169.53211588202976,12,13,2
169.5966472059954,8,13,2
169.6053586769849,0,8,1
169.62523630005307,8,12,2
169.62663928908296,11,8,1
169.6273985200096,0,13,2
169.62882997002453,3,8,1
169.648082904052,13,8,1
169.65103223593906,0,12,2
169.65180175798014,3,13,2
169.652565759141,11,13,2
169.66841644002125,13,12,2
169.6752967101056,11,12,2
169.67601597006433,3,12,2
169.6844628751278,13,11,2
169.7264045800548,9,8,1
169.74931847699918,9,13,2
169.7504092270974,7,8,1
169.7716488779988,9,12,2
169.77242537913844,7,13,2
169.79035379714333,9,11,2
169.79169648396783,7,12,2
169.80744741205126,4,13,2
169.81049597705714,7,11,2
169.81148253404535,2,13,2
169.8121042321436,10,13,2
169.83578890911303,10,12,2
169.83685451908968,6,13,2
169.83784872712567,2,12,2
169.83891494595446,5,13,2
169.84010594012216,4,12,2
169.8465698689688,10,11,2
169.86192576610483,4,11,2
169.8630565169733,2,11,2
169.86416119802743,5,12,2
169.87819343805313,6,12,2
169.8864979990758,5,11,2
169.90012000710703,6,11,2
169.90566608100198,1,13,2
169.9246897001285,1,12,2
169.9437431890983,1,11,2
170.01159847411327,12,11,2
170.09227623604238,8,11,2
170.1004314920865,0,11,2
170.1210004540626,3,11,2
176.09644745010883,8,1,1
176.1040929320734,0,1,1
176.1230787700042,11,1,1
176.12495239195414,3,1,1
176.14396059000865,13,1,1
176.22613399312831,9,1,1
176.249208844034,9,4,1
176.2499671149999,7,1,1
176.27123924694024,7,4,1
176.30628598993644,10,1,1
176.30881238006987,4,1,1
176.310604600003,2,1,1
176.33301183301955,10,4,1
176.33375977305695,6,1,1
176.3344991740305,2,4,1
176.33520873403177,5,1,1
176.35659898794256,5,4,1
176.35732087795623,6,4,1
176.4039086829871,1,4,1
176.51151656312868,12,1,1
176.53367539914325,12,4,1
176.59567392105237,8,4,1
176.6057031599339,0,4,1
176.62307964311913,11,4,1
176.62536850594915,3,4,1
176.64337927591987,13,4,1
177.22451166412793,9,0,1
177.24571357294917,7,0,1
177.30601522908546,10,0,1
177.30795125314035,4,0,1
177.31042000092566,2,0,1
177.32721860799938,6,0,1
177.3279586781282,5,0,1
177.40246546897106,1,0,1
177.50992395402864,12,0,1
177.59370815195143,8,0,1
177.60460979607888,0,2,1
177.615112737054,8,2,1
177.62162143806927,11,0,1
177.62410185695626,3,0,1
177.64561849506572,11,2,1
177.64638137607835,3,2,1
177.6470935761463,13,0,1
177.667333309073,13,2,1
177.7295050059911,9,2,1
177.74827783810906,7,2,1
177.80509163602255,4,2,1
177.8077472599689,10,2,1
177.82914290414192,6,2,1
177.82987383496948,5,2,1
177.9053020409774,1,2,1
178.01114045106806,12,2,1
178.40464436612092,1,3,1
178.51186067494564,12,3,1
178.53475904092193,12,7,1
178.59594128094614,8,3,1
178.60480851796456,0,3,1
178.6223818459548,8,7,1
178.62654564203694,0,7,1
178.6273082329426,11,3,1
178.62803036300465,3,7,1
178.65183410514146,8,6,1
178.65371937700547,3,6,1
178.65446424810216,0,6,1
178.65517829707824,11,7,1
178.65588223701343,13,3,1
178.67454613512382,11,6,1
178.68721478804946,13,7,1
178.70389779098332,13,6,1
178.7265454500448,9,3,1
178.7497223750688,9,7,1
178.75077765411697,7,3,1
178.7714048170019,9,6,1
178.77325280802324,7,6,1
178.81016036402434,4,3,1
178.81090461392887,10,3,1
178.81356432801113,2,3,1
178.83867842610925,2,7,1
178.83943924703635,5,3,1
178.8406311410945,4,7,1
178.84183391393162,6,3,1
178.84261665609665,10,7,1
178.86416729399934,2,6,1
178.86484224302694,4,6,1
178.8655520931352,10,6,1
178.87434402713552,6,7,1
178.87492487300187,5,7,1
178.89000247209333,2,5,1
178.89097392908297,5,6,1
178.89171501994133,4,5,1
178.89245657110587,10,5,1
178.89333959505893,6,5,1
178.8996740509756,1,7,1
178.9109126930125,1,6,1
178.92254053615034,1,5,1
178.9329739860259,1,9,1
178.94446883606724,1,10,2
179.0025884709321,12,6,1
179.01373334997334,12,5,1
179.02332494710572,12,9,1
179.03416174813174,12,10,2
179.09587983298115,8,5,1
179.10560487303883,0,5,1
179.11511820810847,8,9,1
179.12641207198612,11,5,1
179.1282509029843,0,9,1
179.12926711095497,3,5,1
179.1357954919804,8,10,2
179.1484869150445,13,5,1
179.15148844802752,0,10,2
179.15205786400475,11,9,1
179.1526124989614,3,9,1
179.17101419111714,3,10,2
179.17202023905702,13,9,1
179.17536880192347,11,10,2
179.18959664693102,13,10,2
179.22631231695414,9,5,1
179.2490812400356,9,10,2
179.2499296630267,7,5,1
179.26797111495398,7,9,1
179.28789815912023,7,10,2
179.30171448201872,2,9,1
179.3025437949691,4,9,1
179.30327284592204,10,9,1
179.3134733790066,2,10,2
179.32855269894935,2,8,1
179.32934719114564,10,8,1
179.3301486230921,6,9,1
179.33085899311118,4,10,2
179.3315580820199,5,9,1
179.35083260713145,6,10,2
179.35159613913856,5,10,2
179.35230060806498,4,8,1
179.36879774695262,6,8,1
179.37417377601378,5,8,1
179.4024658119306,1,8,1
179.51332926307805,12,8,1
179.53542247600853,12,13,2
179.59493713011034,8,13,2
179.607722686138,0,8,1
179.62059227307327,8,12,2
179.623452442931,11,8,1
179.62770567112602,3,8,1
179.6328865950927,0,13,2
179.64717276208103,11,13,2
179.64791099214926,13,8,1
179.6486236921046,3,13,2
179.65449658501893,0,12,2
179.67013097996823,11,12,2
179.67754249600694,3,12,2
179.678866262082,13,12,2
179.6987226740457,13,11,2
179.7264370440971,9,8,1
179.74880109610967,9,13,2
179.74952878593467,7,8,1
179.77001796592958,9,12,2
179.77132600196637,7,13,2
179.78761939401738,9,11,2
179.79126038611867,7,12,2
179.80942460009828,7,11,2
179.8113115329761,2,13,2
179.81202882295474,10,13,2
179.81273160199635,4,13,2
179.83635791903362,2,12,2
179.83710425905883,10,12,2
179.83782390900888,5,13,2
179.83855688013136,4,12,2
179.8392640890088,6,13,2
179.87494552112184,10,11,2
179.87769126705825,4,11,2
179.87842174712569,2,11,2
179.87913411692716,6,12,2
179.88072533113882,5,12,2
179.90032988600433,6,11,2
179.9057661879342,5,11,2
179.90785432606936,1,13,2
179.924034625059,1,12,2
179.94032505806535,1,11,2
180.0121362931095,12,11,2
180.09766372013837,8,11,2
180.10143186408095,0,11,2
180.11917134793475,3,11,2
186.09620841010474,8,1,1
186.10367612796836,0,1,1
186.12063870904967,3,1,1
186.12171252793632,11,1,1
186.14505987707525,13,1,1
186.22574109002016,9,1,1
186.24337580008432,7,1,1
186.2475234849844,9,4,1
186.25539987394586,7,4,1
186.30629267799668,10,1,1
186.3071022911463,4,1,1
186.3078439210076,2,1,1
186.33188801910728,10,4,1
186.33329683798365,2,4,1
186.33400702802464,6,1,1
186.33476184913889,5,1,1
186.35521509801038,6,4,1
186.35757441306487,5,4,1
186.40455758897588,1,4,1
186.51423134608194,12,1,1
186.53594074002467,12,4,1
186.59617769392207,8,4,1
186.60421734699048,0,4,1
186.6226659801323,11,4,1
186.62638974306174,3,4,1
186.64456608798355,13,4,1
187.22435543104075,9,0,1
187.24571326514706,7,0,1
187.30542883393355,4,0,1
187.3062278260477,10,0,1
187.30761939496733,2,0,1
187.32859454699792,5,0,1
187.32936081895605,6,0,1
187.40279110893607,1,0,1
187.50877400510944,12,0,1
187.59327721293084,8,0,1
187.6040982741397,0,2,1
187.61527035408653,8,2,1
187.62165529211052,11,0,1
187.62346683209762,3,0,1
187.64601603802294,11,2,1
187.64680704008788,3,2,1
187.64751789998263,13,0,1
187.66744034411386,13,2,1
187.7265055249445,9,2,1
187.7483599530533,7,2,1
187.80455422401428,4,2,1
187.8066505631432,10,2,1
187.83024987904355,5,2,1
187.83100986015052,6,2,1
187.90469552809373,1,2,1
188.01076626498252,12,2,1
188.40452062804252,1,3,1
188.510933885118,12,3,1
188.53249506396241,12,7,1
188.59599448903464,8,3,1
188.60676836804487,0,3,1
188.62012453004718,8,7,1
188.6256991850678,11,3,1
188.62650196696632,3,7,1
188.63138515292667,0,7,1
188.6402123880107,8,6,1
188.64974570204504,3,6,1
188.65048807300627,13,3,1
188.65120354294777,11,7,1
188.65248871897347,0,6,1
188.67452665092424,11,6,1
188.6816357090138,13,7,1
188.7017985889688,13,6,1
188.72677829302847,9,3,1
188.74984318413772,9,7,1
188.75061480607837,7,3,1
188.7703570651356,9,6,1
188.77393662394024,7,6,1
188.80520227295347,4,3,1
188.81001577712595,2,3,1
188.81080738897435,10,3,1
188.83435195311904,4,7,1
188.83788432111032,10,7,1
188.83872593496926,2,7,1
188.8394616949372,6,3,1
188.84018809511326,5,3,1
188.85433752904646,4,6,1
188.86064467392862,2,6,1
188.8619543700479,10,6,1
188.87482614791952,6,7,1
188.87970733293332,5,7,1
188.88359075109474,4,5,1
188.88586391392164,10,5,1
188.88823875109665,6,5,1
188.8889630709309,2,5,1
188.8994738131296,5,6,1
188.90916504198685,1,7,1
188.93118452397175,1,6,1
188.95099380402826,1,5,1
188.96657151705585,1,9,1
188.9798148360569,1,10,2
189.0108712981455,12,6,1
189.0331334869843,12,5,1
189.05139431497082,12,9,1
189.06832140497863,12,10,2
189.09642919595353,8,5,1
189.10541137610562,0,5,1
189.11704027908854,8,9,1
189.12531575909816,11,5,1
189.1261285620276,0,9,1
189.1268669019919,3,5,1
189.13656592206098,8,10,2
189.15051812911406,0,10,2
189.1518563660793,11,9,1
189.15256803599186,3,9,1
189.15327915595844,13,5,1
189.1736692530103,11,10,2
189.1775531610474,3,10,2
189.17993622692302,13,9,1
189.1974168231245,13,10,2
189.22637848812155,9,5,1
189.2495299410075,9,10,2
189.25029950309545,7,5,1
189.26845181710087,7,9,1
189.28846345306374,7,10,2
189.29982430906966,4,9,1
189.3026245071087,2,9,1
189.30339030805044,10,9,1
189.32591452402994,4,10,2
189.3267013861332,2,10,2
189.3274322859943,10,8,1
189.32815602608025,6,9,1
189.32888061599806,5,9,1
189.3495214600116,6,10,2
189.3502875911072,2,8,1
189.35101570095867,5,10,2
189.35173957096413,4,8,1
189.36805696506053,6,8,1
189.36881643603556,5,8,1
189.40112550393678,1,8,1
189.5129793919623,12,8,1
189.52531473501585,12,13,2
189.59516009595245,8,13,2
189.60735497507267,0,8,1
189.62190058012493,8,12,2
189.6256262329407,11,8,1
189.62927599414252,3,8,1
189.62999411392957,0,13,2
189.6517340580467,0,12,2
189.65303821512498,11,13,2
189.65438739210367,13,8,1
189.65510147204623,3,13,2
189.67972911708057,11,12,2
189.68319516303018,3,12,2
189.68691442604177,13,12,2
189.70275389705785,13,11,2
189.72637499310076,9,8,1
189.7493441409897,9,13,2
189.75008675199933,7,8,1
189.77219647704624,9,12,2
189.7735538140405,7,13,2
189.79211876005866,9,11,2
189.79288591095246,7,12,2
189.80573870800436,4,13,2
189.81188703910448,2,13,2
189.81265391106717,7,11,2
189.813410212053,10,13,2
189.83369703614153,4,12,2
189.8373324770946,5,13,2
189.8380954680033,10,12,2
189.83882880792953,2,12,2
189.8395787589252,6,13,2
189.8754723961465,4,11,2
189.87834675610065,2,11,2
189.87908399710432,10,11,2
189.88116154493764,6,12,2
189.88190194498748,5,12,2
189.90581085998565,5,11,2
189.90690024010837,6,11,2
189.90772454300895,1,13,2
189.92840451700613,1,12,2
189.94743334595114,1,11,2
190.01277038198896,12,11,2
190.0968394780066,8,11,2
190.10031049512327,0,11,2
190.11947645805776,3,11,2
196.09549174411222,8,1,1
196.10525051504374,0,1,1
196.12372368806973,11,1,1
196.12448616907932,3,1,1
196.14463494997472,13,1,1
196.22565224114805,9,1,1
196.2486647409387,9,4,1
196.24942764197476,7,1,1
196.26904730708338,7,4,1
196.3080776820425,4,1,1
196.30883911298588,10,1,1
196.30958950403146,2,1,1
196.3342603801284,10,4,1
196.3353170589544,2,4,1
196.33631933713332,6,1,1
196.33737455611117,5,1,1
196.3578511660453,6,4,1
196.35895004612394,5,4,1
196.40676897508092,1,4,1
196.5118098941166,12,1,1
196.53243825794198,12,4,1
196.59511872008443,8,4,1
196.60536704515107,0,4,1
196.62425202899612,3,4,1
196.62529935897328,11,4,1
196.6430135210976,13,4,1
197.224480452016,9,0,1
197.24605099204928,7,0,1
197.30651295208372,4,0,1
197.3075580811128,10,0,1
197.30856669903733,2,0,1
197.32393234595656,6,0,1
197.32973597804084,5,0,1
197.40506579098292,1,0,1
197.51207535504363,12,0,1
197.5936077409424,8,0,1
197.60599317611195,0,2,1
197.61817384394817,8,2,1
197.6189107450191,11,0,1
197.6221929860767,3,0,1
197.63674079999328,11,2,1
197.64496895903721,3,2,1
197.64600700791925,13,0,1
197.66637955396436,13,2,1
197.72638760204427,9,2,1
197.74771178513765,7,2,1
197.80679208692163,4,2,1
197.80782273598015,10,2,1
197.83084438508376,5,2,1
197.83188450406305,6,2,1
197.90664124209434,1,2,1
198.0110003030859,12,2,1
198.4094418459572,1,3,1
198.51222624303773,12,3,1
198.53512583998963,12,7,1
198.59590573911555,8,3,1
198.6069115649443,0,3,1
198.62065996811725,8,7,1
198.62600023602135,3,7,1
198.62881089397706,11,3,1
198.63128439313732,0,7,1
198.64005496609025,8,6,1
198.65080353501253,13,3,1
198.65165455895476,0,6,1
198.65243880008347,3,6,1
198.65315792011097,11,7,1
198.6842621951364,11,6,1
198.68509557796642,13,7,1
198.70255869394168,13,6,1
198.72691717091948,9,3,1
198.74920553993434,9,7,1
198.75154172512703,7,3,1
198.77091594296508,9,6,1
198.7723284631502,7,6,1
198.81029138807207,4,3,1
198.81105357897468,2,3,1
198.8117635489907,10,3,1
198.8391952109523,4,7,1
198.83998058293946,6,3,1
198.84068915294483,2,7,1
198.84138674195856,5,3,1
198.84215824399143,10,7,1
198.8651095519308,4,6,1
198.86619491199963,10,6,1
198.86722470098175,2,6,1
198.86825935915112,6,7,1
198.86948199314065,5,7,1
198.88595936098136,4,5,1
198.88686097599566,10,5,1
198.88765604794025,2,5,1
198.88838440808468,6,5,1
198.8890914679505,5,6,1
198.90731245395727,1,7,1
198.92953909211792,1,6,1
198.94737865799107,1,5,1
198.96164334495552,1,9,1
198.9722628099844,1,10,2
199.01183735998347,12,6,1
199.0334399701096,12,5,1
199.0525138899684,12,9,1
199.06954966392368,12,10,2
199.09730600495823,8,5,1
199.10815239697695,0,5,1
199.12012864998542,8,9,1
199.1208725310862,11,5,1
199.12575362599455,3,5,1
199.13024584110826,0,9,1
199.14172282000072,11,9,1
199.14686269196682,8,10,2
199.14791008201428,13,5,1
199.14891315903515,3,9,1
199.15002178004943,0,10,2
199.1574174161069,11,10,2
199.16433431813493,13,9,1
199.17442294908687,3,10,2
199.18401458510198,13,10,2
199.22602221299894,9,5,1
199.2484864280559,9,10,2
199.24882880714722,7,5,1
199.26781955407932,7,9,1
199.28722978406586,7,10,2
199.30108740902506,2,9,1
199.30271105398424,4,9,1
199.30328529002145,10,9,1
199.3120933449827,2,10,2
199.32637434196658,4,10,2
199.32888178201392,2,8,1
199.32990918005817,5,9,1
199.33048707596026,6,9,1
199.33105381205678,10,8,1
199.34622155409306,4,8,1
199.34919004607946,6,10,2
199.3497633021325,5,10,2
199.36660884111188,6,8,1
199.36718205711804,5,8,1
199.39676448795944,1,8,1
199.51486602099612,12,8,1
199.53672036807984,12,13,2
199.59716835897416,8,13,2
199.60549400001764,0,8,1
199.6267244401388,8,12,2
199.6283490259666,3,8,1
199.6290949760005,0,13,2
199.62981604598463,11,8,1
199.6490168289747,13,8,1
199.651508748997,0,12,2
199.65209752507508,11,13,2
199.6526717611123,3,13,2
199.67696851701476,11,12,2
199.6775469330605,3,12,2
199.67813375894912,13,12,2
199.6908292521257,13,11,2
199.72617422393523,9,8,1
199.74988747411408,9,13,2
199.7506620150525,7,8,1
199.77184233395383,9,12,2
199.77287292294204,7,13,2
199.79070675792173,9,11,2
199.79302693204954,7,12,2
199.8071031239815,4,13,2
199.80981857911684,10,13,2
199.81040200497955,7,11,2
199.8123896899633,2,13,2
199.83558868500404,6,13,2
199.83645559009165,5,13,2
199.83722305111587,10,12,2
199.83793497108854,4,12,2
199.83867523097433,2,12,2
199.8790513339918,6,12,2
199.87962758005597,10,11,2
199.88019704492763,4,11,2
199.88121693395078,5,12,2
199.8843847620301,2,11,2
199.9032522761263,5,11,2
199.9042806250509,6,11,2
199.90668031200767,1,13,2
199.92886269814335,1,12,2
199.94747017510235,1,11,2
200.01180669292808,12,11,2
200.09116626903415,8,11,2
200.10020114993677,0,11,2
200.1196083300747,3,11,2
206.09539515106007,8,1,1
206.1036393600516,0,1,1
206.12267677905038,11,1,1
206.12528034113348,3,1,1
206.14495881902985,13,1,1
206.2253988450393,9,1,1
206.2471830099821,9,4,1
206.24791097012348,7,1,1
206.267526675947,7,4,1
206.30681796814315,4,1,1
206.3075523180887,2,1,1
206.30825224798173,10,1,1
206.33363067312166,2,4,1
206.33474528393708,10,4,1
206.33574052201584,5,1,1
206.3367448200006,6,1,1
206.35683311801404,6,4,1
206.35784784611315,5,4,1
206.40631846291944,1,4,1
206.5113821940031,12,1,1
206.53199503710493,12,4,1
206.59554391400889,8,4,1
206.60330894007348,0,4,1
206.6223844999913,11,4,1
206.624227181077,3,4,1
206.64281940693036,13,4,1
207.22414808697067,9,0,1
207.24547101999633,7,0,1
207.3061035349965,4,0,1
207.3072703969665,2,0,1
207.3080573589541,10,0,1
207.32737126597203,6,0,1
207.3281332370825,5,0,1
207.40231132903136,1,0,1
207.50927656306885,12,0,1
207.59503128705546,8,0,1
207.60465135402046,0,2,1
207.62241953797638,8,2,1
207.62369894306175,11,0,1
207.62498379894532,3,0,1
207.6462337600533,13,0,1
207.6469762600027,11,2,1
207.6483098671306,3,2,1
207.66688589309342,13,2,1
207.726003077114,9,2,1
207.7481095411349,7,2,1
207.804856589064,4,2,1
207.80631396896206,10,2,1
207.82948729395866,5,2,1
207.8305826841388,6,2,1
207.90497553208843,1,2,1
208.0106646900531,12,2,1
208.40643262094818,1,3,1
208.5120596070774,12,3,1
208.53579127695411,12,7,1
208.5954716859851,8,3,1
208.60488259792328,0,3,1
208.61921991594136,8,7,1
208.62636233493686,11,3,1
208.62759827892296,0,7,1
208.62884283415042,3,7,1
208.63789679505862,8,6,1
208.65140293096192,0,6,1
208.65225218399428,3,6,1
208.652971443953,13,3,1
208.65366978407837,11,7,1
208.6749274050817,13,7,1
208.67842702195048,11,6,1
208.69319792301394,13,6,1
208.72774344310164,9,3,1
208.7485654221382,9,7,1
208.75018166704103,7,3,1
208.76769536407664,9,6,1
208.7727779550478,7,6,1
208.80049555492587,2,3,1
208.8056689889636,4,3,1
208.81175224808976,10,3,1
208.81325781997293,2,7,1
208.8372937280219,2,6,1
208.83871393813752,4,7,1
208.83949072891846,6,3,1
208.8402129590977,10,7,1
208.84091784898192,5,3,1
208.84811096894555,2,5,1
208.86222187103704,10,6,1
208.8753412561491,5,7,1
208.87668378301896,4,6,1
208.87812773301266,6,7,1
208.8859809921123,10,5,1
208.89630614896305,5,6,1
208.89762514503673,4,5,1
208.89848862914369,6,5,1
208.90795147209428,1,7,1
208.93010949809104,1,6,1
208.94905080506578,1,5,1
208.96325313998386,1,9,1
208.97536858706735,1,10,2
209.01073988014832,12,6,1
209.03193452814594,12,5,1
209.05058976705186,12,9,1
209.0673566230107,12,10,2
209.09502233192325,8,5,1
209.1037338541355,0,5,1
209.1136481401045,8,9,1
209.12547076912597,0,9,1
209.12623182008974,11,5,1
209.12694765999913,3,5,1
209.13376533892006,8,10,2
209.1514724320732,0,10,2
209.15278591797687,11,9,1
209.15348810795695,3,9,1
209.15423590806313,13,5,1
209.1750292261131,11,10,2
209.17632765206508,13,9,1
209.17759825801477,3,10,2
209.19444431597367,13,10,2
209.22623827005737,9,5,1
209.24905170407146,9,10,2
209.24978309404105,7,5,1
209.2678175859619,7,9,1
209.28704076004215,7,10,2
209.30038506095298,4,9,1
209.3028660400305,10,9,1
209.3035801500082,2,9,1
209.32595944195054,4,10,2
209.32674692408182,2,10,2
209.327456563944,10,8,1
209.3281597730238,5,9,1
209.3288629730232,6,9,1
209.34912125603296,2,8,1
209.34990294813178,4,8,1
209.3506564691197,5,10,2
209.35135951801203,6,10,2
209.36889981594868,5,8,1
209.36971643799916,6,8,1
209.40040300111286,1,8,1
209.51289730914868,12,8,1
209.53412685892545,12,13,2
209.59836260508746,8,13,2
209.59967872104608,0,8,1
209.62771672010422,11,8,1
209.62844871007837,3,8,1
209.62915321998298,8,12,2
209.62985405907966,0,13,2
209.65158226294443,0,12,2
209.65230386308394,3,13,2
209.65304733393714,13,8,1
209.653762093978,11,13,2
209.67465270496905,3,12,2
209.67537980503403,11,12,2
209.67609672504477,13,12,2
209.69377010595053,13,11,2
209.72739926096983,9,8,1
209.749575386988,9,13,2
209.75037677004002,7,8,1
209.77116919797845,9,12,2
209.77196034998633,7,13,2
209.7891115071252,9,11,2
209.7911657539662,7,12,2
209.80950291315094,4,13,2
209.81140830600634,7,11,2
209.8135424561333,10,13,2
209.8146810270846,2,13,2
209.83441826608032,5,13,2
209.83803805708885,2,12,2
209.8391368270386,10,12,2
209.8401316551026,4,12,2
209.8411713440437,6,13,2
209.86340193194337,5,12,2
209.86443243012764,2,11,2
209.8654352980666,10,11,2
209.8745303710457,4,11,2
209.87571680406108,6,12,2
209.88396632298827,5,11,2
209.88930092193186,6,11,2
209.9048091529403,1,13,2
209.92479193792678,1,12,2
209.9446574910544,1,11,2
210.0125808790326,12,11,2
210.0916001650039,8,11,2
210.09575015096925,0,11,2
210.11989235202782,3,11,2
216.09571750601754,8,1,1
216.10434922599234,0,1,1
216.12325833109207,11,1,1
216.12430013995618,3,1,1
216.1449670449365,13,1,1
216.22558044595644,9,1,1
216.2472323779948,9,4,1
216.24805027106777,7,1,1
216.26767782703973,7,4,1
216.3074887630064,2,1,1
216.30851101200096,10,1,1
216.3095213100314,4,1,1
216.33336702291854,2,4,1
216.33429115801118,10,4,1
216.33500351803377,5,1,1
216.33571387804113,6,1,1
216.35604905313812,5,4,1
216.35676448303275,6,4,1
216.40653695701621,1,4,1
216.51110934396274,12,1,1
216.53110035904683,12,4,1
216.59633610304445,8,4,1
216.59938603802584,0,4,1
216.62147416197695,11,4,1
216.62818890903145,3,4,1
216.6426067999564,13,4,1
217.22443685494363,9,0,1
217.2457683479879,7,0,1
217.30603423295543,10,0,1
217.30691832792945,4,0,1
217.30766470893286,2,0,1
217.32749498006888,6,0,1
217.32828201213852,5,0,1
217.40257346699946,1,0,1
217.50963738304563,12,0,1
217.59418813395314,8,0,1
217.6040244679898,0,2,1
217.6212735469453,11,0,1
217.62278405902907,8,2,1
217.62717889109626,3,0,1
217.64449086296372,11,2,1
217.64522084314376,13,0,1
217.64769216207787,3,2,1
217.66608044295572,13,2,1
217.726377828978,9,2,1
217.74833562900312,7,2,1
217.8042257130146,4,2,1
217.80605206405744,10,2,1
217.8293262310326,6,2,1
217.83009590301663,5,2,1
217.905065597035,1,2,1
218.0111554961186,12,2,1
218.4051837110892,1,3,1
218.51212071301416,12,3,1
218.535474142991,12,7,1
218.59612333914265,8,3,1
218.60610306612216,0,3,1
218.61901428597048,11,3,1
218.62231978704222,8,7,1
218.63202133704908,0,7,1
218.6327706980519,3,7,1
218.6376258030068,11,7,1
218.6414056981448,8,6,1
218.64551297202706,13,3,1
218.65638536401093,11,6,1
218.65709727397189,0,6,1
218.65842751110904,3,6,1
218.66601267200895,13,7,1
218.69468415901065,13,6,1
218.7265989361331,9,3,1
218.7494478309527,9,7,1
218.75020493310876,7,3,1
218.7710964230355,9,6,1
218.77239854913205,7,6,1
218.80997456400655,4,3,1
218.81073492509313,2,3,1
218.81148409610614,10,3,1
218.83590309508145,5,3,1
218.838429705007,6,3,1
218.83968016994186,10,7,1
218.8404765620362,2,7,1
218.84121481212787,4,7,1
218.8649876639247,4,6,1
218.8654490269255,10,6,1
218.86592317000031,2,6,1
218.86636645207182,6,7,1
218.86683184513822,5,7,1
218.8909232050646,4,5,1
218.89140689792112,2,5,1
218.89185379096307,5,6,1
218.89227280206978,6,5,1
218.89271266502328,10,5,1
218.90737748192623,1,7,1
218.92766403593123,1,6,1
218.94602565700188,1,5,1
218.96013100910932,1,9,1
218.9719899580814,1,10,2
219.01220283610746,12,6,1
219.03422453813255,12,5,1
219.0521595471073,12,9,1
219.06902366597205,12,10,2
219.09602773701772,8,5,1
219.10539412708022,0,5,1
219.11739669111557,11,5,1
219.11879848013632,8,9,1
219.12666704901494,0,9,1
219.12881081807427,3,5,1
219.13653943291865,11,9,1
219.1469192621298,8,10,2
219.15046557993628,0,10,2
219.15295437001623,3,9,1
219.15437640901655,13,5,1
219.156031064922,11,10,2
219.17602716106921,3,10,2
219.19168467610143,13,9,1
219.20402186899446,13,10,2
219.22587625705637,9,5,1
219.24475219100714,7,5,1
219.24648834997788,9,10,2
219.25946502992883,7,9,1
219.27866251394153,7,10,2
219.30009376001544,4,9,1
219.30269506201148,10,9,1
219.30343934311531,2,9,1
219.3256797119975,4,10,2
219.32645116304047,2,10,2
219.32716799294576,10,8,1
219.32786900294013,6,9,1
219.32856716192327,5,9,1
219.34919336508028,6,10,2
219.34992998605594,2,8,1
219.35066666593775,4,8,1
219.35136528592557,5,10,2
219.36787855508737,6,8,1
219.36859889514744,5,8,1
219.40082631097175,1,8,1
219.51312116207555,12,8,1
219.53364766296,12,13,2
219.59698598412797,8,13,2
219.6083923811093,0,8,1
219.62385404109955,8,12,2
219.62684224406257,3,8,1
219.6279948260635,11,8,1
219.6318922350183,0,13,2
219.65276294504292,0,12,2
219.6538134040311,11,13,2
219.6548590429593,3,13,2
219.65588225214742,13,8,1
219.67734645796008,3,12,2
219.6788540701382,11,12,2
219.69186396198347,13,12,2
219.709611765109,13,11,2
219.72564093093388,9,8,1
219.74840993410908,9,13,2
219.749435642967,7,8,1
219.76969057600945,9,12,2
219.77074886509217,7,13,2
219.78738216799684,9,11,2
219.79013918410055,7,12,2
219.80933522805572,4,13,2
219.81122526992112,7,11,2
219.81324536702596,10,13,2
219.8143941089511,2,13,2
219.83386699995026,5,13,2
219.83491482911631,6,13,2
219.83803836605512,10,12,2
219.83908554492518,2,12,2
219.84007756295614,4,12,2
219.862255488988,2,11,2
219.87528387107886,5,12,2
219.87870073597878,10,11,2
219.8797251249198,4,11,2
219.88072830298916,6,12,2
219.89265157398768,5,11,2
219.8986680910457,6,11,2
219.90929751703516,1,13,2
219.93119818600826,1,12,2
219.95129481493495,1,11,2
220.01096276403405,12,11,2
220.0952458269894,8,11,2
220.10044945101254,0,11,2
220.11452039214782,3,11,2
226.09524419298396,8,1,1
226.10509534692392,0,1,1
226.1226636550855,11,1,1
226.1236905939877,3,1,1
226.14480533101596,13,1,1
226.22649843199179,9,1,1
226.24920735298656,9,4,1
226.24979025009088,7,1,1
226.27126875706017,7,4,1
226.30443242914043,4,1,1
226.3082075039856,2,1,1
226.30902848695405,10,1,1
226.3347315620631,10,4,1
226.33552871411666,2,4,1
226.33624605392106,6,1,1
226.33698435407132,5,1,1
226.35854694410227,6,4,1
226.35930780507624,5,4,1
226.4036960490048,1,4,1
226.51131509104744,12,1,1
226.53133926796727,12,4,1
226.59608513792045,8,4,1
226.60394655703567,0,4,1
226.62229965697043,3,4,1
226.6228842730634,11,4,1
226.64254668005742,13,4,1
227.22413701098412,9,0,1
227.24550359509885,7,0,1
227.30583200207911,10,0,1
227.30688835214823,4,0,1
227.30745774693787,2,0,1
227.32783842412755,5,0,1
227.32841119007207,6,0,1
227.40331801213324,1,0,1
227.5103592579253,12,0,1
227.5939707730431,8,0,1
227.60568802896887,0,2,1
227.6194457320962,8,2,1
227.62334658997133,11,0,1
227.62456958414987,3,0,1
227.64594306913204,13,0,1
227.64714407199062,11,2,1
227.64771079807542,3,2,1
227.66675570700318,13,2,1
227.72673993511125,9,2,1
227.74850350013003,7,2,1
227.8050739930477,4,2,1
227.80705042812042,10,2,1
227.83028033399023,5,2,1
227.8308667500969,6,2,1
227.9041074460838,1,2,1
228.01153000304475,12,2,1
228.40495330211706,1,3,1
228.51301638712175,12,3,1
228.5383298001252,12,7,1
228.5966221911367,8,3,1
228.60672438214533,0,3,1
228.61656499607489,11,3,1
228.6246936819516,8,7,1
228.62583390413783,3,7,1
228.63031648797914,11,7,1
228.63107016892172,0,7,1
228.6486728489399,13,3,1
228.64942291006446,8,6,1
228.65107891592197,11,6,1
228.65242303302512,0,6,1
228.65317272394896,3,6,1
228.6660599920433,13,7,1
228.68964206799865,13,6,1
228.7226475251373,9,3,1
228.73996681696735,9,7,1
228.7498254410457,7,3,1
228.75637069297954,9,6,1
228.77237682812847,7,6,1
228.80426971497945,4,3,1
228.80502698593773,2,3,1
228.8099922540132,10,3,1
228.818520761095,2,7,1
228.8210291210562,4,7,1
228.836901193019,5,3,1
228.83977355295792,2,6,1
228.84115619095974,4,6,1
228.84193297312595,10,7,1
228.84272007411346,6,3,1
228.85602607415058,2,5,1
228.86044834693894,4,5,1
228.86179850506596,10,6,1
228.87900854297914,5,7,1
228.88292893208563,6,7,1
228.8913715670351,10,5,1
228.9021851469297,6,5,1
228.90304642100818,5,6,1
228.9067720749881,1,7,1
228.91562805091962,6,9,1
228.91823991411366,5,9,1
228.9271197610069,1,6,1
228.9462549830787,1,5,1
228.96029227296822,1,9,1
228.97359170299023,1,10,2
229.01213992503472,12,6,1
229.0325692531187,12,5,1
229.04982160311192,12,9,1
229.06575060612522,12,10,2
229.0955984350294,8,5,1
229.1055029509589,0,5,1
229.1152001800947,8,9,1
229.12575290398672,11,5,1
229.12653256603517,3,5,1
229.12728432705626,0,9,1
229.1350123421289,8,10,2
229.1495434450917,0,10,2
229.15037261904217,3,9,1
229.15110492892563,13,5,1
229.15181871899404,11,9,1
229.1727106689941,3,10,2
229.17350223101676,11,10,2
229.17426046309993,13,9,1
229.19118236307986,13,10,2
229.22632173006423,9,5,1
229.2500376100652,9,10,2
229.25085020205006,7,5,1
229.27078219596297,7,9,1
229.29439564305358,7,10,2
229.29985782504082,4,9,1
229.3026792530436,2,9,1
229.3034800349269,10,9,1
229.32377565000206,4,10,2
229.32453014096245,2,10,2
229.32676575309597,10,8,1
229.32818099297583,6,10,2
229.32890593307093,5,10,2
229.34663416608237,4,8,1
229.34742391714826,2,8,1
229.34814752801321,6,8,1
229.34889576793648,5,8,1
229.40019098413177,1,8,1
229.5183289500419,12,8,1
229.54025144898333,12,13,2
229.59660056512803,8,13,2
229.6035819700919,0,8,1
229.62641549506225,8,12,2
229.6272025371436,3,8,1
229.62795735802501,0,13,2
229.62867773813196,11,8,1
229.64880912704393,13,8,1
229.65248984005302,3,13,2
229.65322051011026,0,12,2
229.65397797105834,11,13,2
229.6733425189741,11,12,2
229.6741318111308,3,12,2
229.67485177097842,13,12,2
229.69135625008494,13,11,2
229.7260094541125,9,8,1
229.74876741692424,9,13,2
229.749519698089,7,8,1
229.76977353100665,9,12,2
229.77229062095284,7,13,2
229.786775422981,9,11,2
229.79202871001326,7,12,2
229.80896718101576,4,13,2
229.81061438610777,7,11,2
229.81196293397807,2,13,2
229.81329834111966,10,13,2
229.83642322407104,2,12,2
229.83726394711994,5,13,2
229.83798796706833,10,12,2
229.83874507807195,4,12,2
229.8394637880847,6,13,2
229.87901203799993,6,12,2
229.87979250005446,5,12,2
229.88054740102962,4,11,2
229.88126283092424,2,11,2
229.88264435902238,10,11,2
229.90346082812175,6,11,2
229.90484186611138,5,11,2
229.90601701894775,1,13,2
229.92560530407354,1,12,2
229.94530464103445,1,11,2
230.01063909800723,12,11,2
230.0913758429233,8,11,2
230.10114844492637,0,11,2
230.11907829297706,3,11,2
236.09556057606824,8,1,1
236.1052536650095,0,1,1
236.12341347010806,11,1,1
236.12480151909404,3,1,1
236.14542710292153,13,1,1
236.22590952110477,9,1,1
236.24747794005089,9,4,1
236.24824599106796,7,1,1
236.26926695602015,7,4,1
236.3060528789647,10,1,1
236.307425087085,4,1,1
236.30875508394092,2,1,1
236.33350942307152,10,4,1
236.3343173849862,2,4,1
236.33504645596258,6,1,1
236.33576518599875,5,1,1
236.35761725297198,6,4,1
236.35840107500553,5,4,1
236.40425393008627,1,4,1
236.51110983104445,12,1,1
236.53064201399684,12,4,1
236.59425717312843,8,4,1
236.6067682011053,0,4,1
236.62263271212578,11,4,1
236.6246626889333,3,4,1
236.6450583259575,13,4,1
237.22111244499683,9,0,1
237.2456224760972,7,0,1
237.304399990011,4,0,1
237.31088611111045,10,0,1
237.31169487303123,2,0,1
237.33258411404677,5,0,1
237.33335004514083,6,0,1
237.4048561740201,1,0,1
237.50927981804125,12,0,1
237.593890249962,8,0,1
237.60486387601122,0,2,1
237.61812718492,8,2,1
237.62297407910228,11,0,1
237.62348662409931,3,0,1
237.64648158312775,13,0,1
237.64764388510957,11,2,1
237.64821548108011,3,2,1
237.66788440803066,13,2,1
237.72669825307094,9,2,1
237.74776272894815,7,2,1
237.8064812819939,4,2,1
237.80752120097168,10,2,1
237.8304737790022,6,2,1
237.83104543504305,5,2,1
237.90476534492336,1,2,1
238.01081385393627,12,2,1
238.40699990093708,1,3,1
238.51466638501734,12,3,1
238.53813866805285,12,7,1
238.59558943496086,8,3,1
238.6061090179719,0,3,1
238.61602185294032,8,7,1
238.6271546741482,3,7,1
238.628737638006,11,3,1
238.63003291399218,0,7,1
238.63493420998566,8,6,1
238.64678268902935,13,3,1
238.652785415994,11,7,1
238.65349720604718,3,6,1
238.6542292260565,0,6,1
238.67210266296752,13,7,1
238.67488416004926,11,6,1
238.69044796400703,13,6,1
238.72675459296443,9,3,1
238.74960442911834,9,7,1
238.75036645005457,7,3,1
238.7718468271196,9,6,1
238.77314346306957,7,6,1
238.8118407491129,2,3,1
238.81259721005335,10,3,1
238.81331751006655,4,3,1
238.84080812497996,5,3,1
238.8415556650143,4,7,1
238.84232492698357,6,3,1
238.84304050705396,2,7,1
238.84375719702803,10,7,1
238.86725440993905,4,6,1
238.8679830399342,2,6,1
238.8687008100096,10,6,1
238.8694175700657,6,7,1
238.87822892493568,5,7,1
238.88330762693658,2,5,1
238.88679857412353,10,5,1
238.8875460640993,4,5,1
238.88947871793061,6,5,1
238.89800731511787,5,6,1
238.9057902120985,1,7,1
238.92556069092825,1,6,1
238.94461674103513,1,5,1
238.95891480892897,1,9,1
238.97113759908825,1,10,2
239.0106642281171,12,6,1
239.03139482391998,12,5,1
239.04884492908604,12,9,1
239.06441571307369,12,10,2
239.09514362714253,8,5,1
239.10384815908037,0,5,1
239.113420055015,8,9,1
239.1254733710084,0,9,1
239.1265922221355,11,5,1
239.12762211100198,3,5,1
239.1334073911421,8,10,2
239.151102473028,0,10,2
239.15249891206622,11,9,1
239.15323401312344,3,9,1
239.1540930760093,13,5,1
239.17799539095722,3,10,2
239.17858318705112,13,9,1
239.18042830913328,11,10,2
239.19915529014543,13,10,2
239.2266021729447,9,5,1
239.2494859690778,9,10,2
239.25029580201954,7,5,1
239.26856665010564,7,9,1
239.2876862611156,7,10,2
239.30126261897385,4,9,1
239.30245377193205,10,9,1
239.30530681204982,2,9,1
239.3272893030662,4,10,2
239.32845023507252,10,8,1
239.3295630060602,6,9,1
239.33078713994473,5,9,1
239.3322521711234,2,10,2
239.35045186709613,6,10,2
239.35159124806523,5,10,2
239.35268091899343,4,8,1
239.3538658521138,2,8,1
239.369156826986,6,8,1
239.37435784214176,5,8,1
239.4009196900297,1,8,1
239.5170555601362,12,8,1
239.53915524412878,12,13,2
239.5951848020777,8,13,2
239.6042689550668,0,8,1
239.61664061900228,8,12,2
239.6251747959759,11,8,1
239.62642618105747,3,8,1
239.62745270994492,0,13,2
239.65178967593238,11,13,2
239.65258108801208,0,12,2
239.65331134898588,3,13,2
239.6540576289408,13,8,1
239.67574167298153,11,12,2
239.6762977479957,3,12,2
239.68607323011383,13,12,2
239.70775984297507,13,11,2
239.72867928491905,9,8,1
239.74953713500872,7,8,1
239.7512595630251,9,13,2
239.77170209097676,9,12,2
239.77299582702108,7,13,2
239.79150135209784,9,11,2
239.79255984094925,7,12,2
239.80514119099826,4,13,2
239.80978037999012,7,11,2
239.81166936294176,2,13,2
239.81271995208226,10,13,2
239.8344684059266,4,12,2
239.83550382498652,10,12,2
239.83651756308973,2,12,2
239.8375069811009,6,13,2
239.83872053492814,5,13,2
239.880546258064,10,11,2
239.88175862212665,2,11,2
239.88291006395593,4,11,2
239.88531560008414,6,12,2
239.8865521249827,5,12,2
239.90894504799508,5,11,2
239.9097208690364,6,11,2
239.91052788193338,1,13,2
239.9324292410165,1,12,2
239.95170129602775,1,11,2
240.0105815140996,12,11,2
240.09513237513602,8,11,2
240.10052988491952,0,11,2
240.1201457111165,3,11,2
246.095093581127,8,1,1
246.10509766894393,0,1,1
246.1230982290581,11,1,1
246.12443445599638,3,1,1
246.14534865808673,13,1,1
246.22668567998335,9,1,1
246.2495658469852,9,4,1
246.25035685906187,7,1,1
246.27183360606432,7,4,1
246.3073359830305,4,1,1
246.30810218397528,2,1,1
246.3088230639696,10,1,1
246.33351135114208,5,1,1
246.3343422941398,10,4,1
246.33506244397722,2,4,1
246.33576801395975,6,1,1
246.35599813610315,6,4,1
246.35676544811577,5,4,1
246.4037846249994,1,4,1
246.51061882614158,12,1,1
246.5302921840921,12,4,1
246.59444197802804,8,4,1
246.6050402619876,0,4,1
246.62339041312225,3,4,1
246.62524790503085,11,4,1
246.64321448397823,13,4,1
247.22522152005695,9,0,1
247.24617019295692,7,0,1
247.3054452710785,2,0,1
247.30687214108184,10,0,1
247.30765761295334,4,0,1
247.32883147196844,5,0,1
247.3297280559782,6,0,1
247.40391519013792,1,0,1
247.50956852803938,12,0,1
247.58989431196824,8,0,1
247.6067224899307,8,2,1
247.60754045308568,0,2,1
247.62185614113696,11,0,1
247.62246549804695,3,0,1
247.64696725900285,3,2,1
247.64774137106724,11,2,1
247.64846633095294,13,0,1
247.66889858897775,13,2,1
247.7270752871409,9,2,1
247.74789090594277,7,2,1
247.80553250899538,4,2,1
247.80690686707385,10,2,1
247.83026387705468,5,2,1
247.8310607590247,6,2,1
247.9073277900461,1,2,1
248.01088989106938,12,2,1
248.4076096729841,1,3,1
248.51103137992322,12,3,1
248.53208079515025,12,7,1
248.59175723511726,8,3,1
248.60672513092868,0,3,1
248.60863527399488,8,7,1
248.62245734897442,11,3,1
248.62625647406094,8,6,1
248.62901999102905,3,7,1
248.63055759412237,0,7,1
248.63886605505832,11,7,1
248.65288838511333,0,6,1
248.65387072204612,3,6,1
248.65490670106374,13,3,1
248.65597744099796,11,6,1
248.67424319894053,13,7,1
248.69238017313182,13,6,1
248.7271299699787,9,3,1
248.74989783298224,9,7,1
248.7507221759297,7,3,1
248.7715562749654,9,6,1
248.77290922310203,7,6,1
248.80629393202253,4,3,1
248.8099343329668,2,3,1
248.81068198406138,10,3,1
248.83987959614024,5,3,1
248.8406753479503,10,7,1
248.84138271794654,2,7,1
248.84212909801863,4,7,1
248.84284680802375,6,3,1
248.86622314807028,5,7,1
248.86705749109387,2,6,1
248.86781788198277,4,6,1
248.86854310310446,10,6,1
248.86925555206835,6,7,1
248.89009956200607,2,5,1
248.89091802504845,5,6,1
248.89162307512015,4,5,1
248.89232387393713,10,5,1
248.89302051393315,6,5,1
248.89843496400863,1,7,1
248.9081885451451,1,6,1
248.91872154804878,1,5,1
248.92854003096,1,9,1
248.93943751510233,1,10,2
249.00702113402076,12,6,1
249.0221511151176,12,5,1
249.03816892998293,12,9,1
249.05326432012953,12,10,2
249.09627790609375,8,5,1
249.10353266797028,0,5,1
249.1211045871023,11,5,1
249.12144489609636,3,5,1
249.12236701208167,8,9,1
249.12384738307446,0,9,1
249.13747314200737,11,9,1
249.13801140710711,3,9,1
249.13848558999598,13,5,1
249.15209971903823,0,10,2
249.1526621740777,8,10,2
249.1545451870188,11,10,2
249.15507437102497,3,10,2
249.1555212039966,13,9,1
249.16666493401863,13,10,2
249.21835309197195,9,5,1
249.23019519099034,9,10,2
249.2390902179759,7,5,1
249.25004455307499,7,9,1
249.26156581309624,7,10,2
249.27282490604557,7,8,1
249.30038320296444,4,9,1
249.30248522106558,10,9,1
249.3039903929457,2,9,1
249.32488644402474,10,8,1
249.32542182900943,4,10,2
249.32735494314693,2,10,2
249.32831256906502,5,9,1
249.32940372009762,6,9,1
249.3470661509782,4,8,1
249.34778065094724,2,8,1
249.3510669330135,5,10,2
249.35178448213264,6,10,2
249.37190755200572,6,8,1
249.3726397419814,5,8,1
249.40128690912388,1,8,1
249.50507420510985,12,8,1
249.51848156796768,12,13,2
249.59607114596292,8,13,2
249.60778008191846,0,8,1
249.62544653308578,8,12,2
249.62628321698867,11,8,1
249.62703992798924,3,8,1
249.62959871906787,0,13,2
249.65249062608927,0,12,2
249.65327658713795,3,13,2
249.6540271679405,11,13,2
249.65479386993684,13,8,1
249.67621905496344,11,12,2
249.67695370595902,3,12,2
249.68939600209706,13,12,2
249.7088995440863,13,11,2
249.72630499792285,9,8,1
249.74900994007476,9,13,2
249.7497447601054,7,13,2
249.77037195395678,9,12,2
249.77167488005944,7,12,2
249.78797090309672,9,11,2
249.79155473294668,7,11,2
249.8093692790717,2,13,2
249.81013614009134,10,13,2
249.81085414998233,4,13,2
249.81864728592336,5,13,2
249.83632701798342,5,12,2
249.83786340104416,10,12,2
249.8386591230519,6,13,2
249.83936277311295,4,12,2
249.840065282071,2,12,2
249.84701594593935,5,11,2
249.86166639300063,4,11,2
249.87778726196848,2,11,2
249.87915122997947,6,12,2
249.87989948992617,10,11,2
249.903849076014,6,11,2
249.90849068504758,1,13,2
249.9305358689744,1,12,2
249.94850757811219,1,11,2
250.0063600470312,12,11,2
250.09071796294302,8,11,2
250.10067749000154,0,11,2
250.11963041708805,3,11,2
256.09559066500515,8,1,1
256.1044089200441,0,1,1
256.12349835108034,11,1,1
256.1245749311056,3,1,1
256.1445521770511,13,1,1
256.2263099809643,9,1,1
256.2450263919309,7,1,1
256.24611611198634,9,4,1
256.26501007704064,7,4,1
256.3057405499276,2,1,1
256.30666159512475,10,1,1
256.3074179170653,4,1,1
256.3272387380712,2,4,1
256.3313028709963,5,1,1
256.33242008206435,6,1,1
256.3334428910166,10,4,1
256.3530886969529,6,4,1
256.35382871795446,5,4,1
256.40601476910524,1,4,1
256.51707044802606,12,1,1
256.5380322509445,12,4,1
256.594906643033,8,4,1
256.6034565209411,0,4,1
256.62340840604156,3,4,1
256.6249237980228,11,4,1
256.64412084198557,13,4,1
257.2243315000087,9,0,1
257.2454635070171,7,0,1
257.3063308810815,4,0,1
257.3072096949909,2,0,1
257.30795261613093,10,0,1
257.3273260439746,6,0,1
257.3280900151003,5,0,1
257.40496820397675,1,0,1
257.5155906409491,12,0,1
257.59361131093465,8,0,1
257.6046947289724,0,2,1
257.61525737307966,8,2,1
257.6196366150398,11,0,1
257.62595213996246,3,0,1
257.6443846630864,11,2,1
257.6451520649716,13,0,1
257.6484702969901,3,2,1
257.66732103098184,13,2,1
257.72664275113493,9,2,1
257.74761122395284,7,2,1
257.8062027939595,4,2,1
257.8069668349344,10,2,1
257.82931258692406,6,2,1
257.83011211897247,5,2,1
257.90423855092376,1,2,1
258.0113604001235,12,2,1
258.405273656128,1,3,1
258.51197459409013,12,3,1
258.53540525608696,12,7,1
258.5963686821051,8,3,1
258.60755797312595,0,3,1
258.62087914394215,8,7,1
258.628632059088,11,3,1
258.63016674201936,3,7,1
258.6309007720556,0,7,1
258.6402623029426,8,6,1
258.6502392499242,13,3,1
258.6534550101496,0,6,1
258.6542954230681,3,6,1
258.6550245231483,11,7,1
258.6809288940858,11,6,1
258.6913111631293,13,7,1
258.709762836108,13,6,1
258.72156986407936,9,3,1
258.7383173000999,9,7,1
258.74133769399486,7,3,1
258.752249248093,9,6,1
258.76274995994754,7,6,1
258.81045298604295,4,3,1
258.81149514508434,2,3,1
258.81250773300417,10,3,1
258.8196136620827,5,3,1
258.84041483001783,5,7,1
258.84145712899044,10,7,1
258.84250326803885,4,7,1
258.8436029080767,2,7,1
258.84475802094676,6,3,1
258.85107689606957,5,6,1
258.8652338599786,4,6,1
258.8744422059972,2,6,1
258.8755427971482,10,6,1
258.8767901121173,6,7,1
258.87991887913086,4,5,1
258.8834051650483,10,5,1
258.8845045459457,2,5,1
258.8865204821341,6,5,1
258.9077270620037,1,7,1
258.9288976909593,1,6,1
258.94781634700485,1,5,1
258.96291111712344,1,9,1
258.9745386710856,1,10,2
259.0119814919308,12,6,1
259.0323044070974,12,5,1
259.04887810815126,12,9,1
259.0644101400394,12,10,2
259.0960199891124,8,5,1
259.1050157099962,0,5,1
259.1142591170501,8,9,1
259.1251555799972,11,5,1
259.1270577630494,0,9,1
259.1281093219295,3,5,1
259.13455443107523,8,10,2
259.15076051210053,0,10,2
259.15179446106777,3,9,1
259.15278416802175,13,5,1
259.1538075071294,11,9,1
259.17475005914457,13,9,1
259.17781670507975,3,10,2
259.1790296190884,11,10,2
259.19431959395297,13,10,2
259.2282292370219,9,5,1
259.2402841320727,7,5,1
259.24922696105205,9,10,2
259.25795190408826,7,9,1
259.27694212202914,7,10,2
259.30046378611587,4,9,1
259.30278210993856,2,9,1
259.30387425096706,10,9,1
259.3264401189517,4,10,2
259.3274553769734,2,10,2
259.3284657250624,10,8,1
259.3295003839303,5,9,1
259.3307401579805,6,9,1
259.34826163505204,4,8,1
259.3501669380348,2,8,1
259.35229667811655,5,10,2
259.35337472707033,6,10,2
259.3727783670183,5,8,1
259.3738383271266,6,8,1
259.4032358350232,1,8,1
259.51384173100814,12,8,1
259.53617699211463,12,13,2
259.5960501381196,8,13,2
259.6059902640991,0,8,1
259.6207380241249,8,12,2
259.62594241905026,3,8,1
259.6282385131344,11,8,1
259.63072368199937,0,13,2
259.6481112160254,13,8,1
259.65176216699183,11,13,2
259.6524864679668,3,13,2
259.65319758700207,0,12,2
259.6774826119654,11,12,2
259.6788622010499,3,12,2
259.6796545831021,13,12,2
259.69933991110884,13,11,2
259.7210533551406,9,8,1
259.7338107889518,9,13,2
259.7497045309283,7,8,1
259.7517196680419,9,12,2
259.77014659997076,9,11,2
259.7708785799332,7,13,2
259.79182944307104,7,12,2
259.80847293604165,4,13,2
259.8092181470711,2,13,2
259.8099322570488,10,13,2
259.81178782810457,7,11,2
259.8204340590164,5,13,2
259.8219625009224,4,12,2
259.8382732649334,5,12,2
259.8390787169337,4,11,2
259.8396663540043,6,13,2
259.84023071010597,2,12,2
259.8407990850974,10,12,2
259.84892195113935,5,11,2
259.87724010902457,6,12,2
259.8780256710015,2,11,2
259.8787762520369,10,11,2
259.8980790290516,6,11,2
259.909302421147,1,13,2
259.93213700596243,1,12,2
259.95312094897963,1,11,2
260.01250867103226,12,11,2
260.08832998992875,8,11,2
260.09727506898344,0,11,2
260.11544637498446,3,11,2
266.0963036669418,8,1,1
266.103887909092,0,1,1
266.12395159713924,11,1,1
266.125966652995,3,1,1
266.14503889298066,13,1,1
266.2263177540153,9,1,1
266.2481355010532,9,4,1
266.2492000211496,7,1,1
266.26849023695104,7,4,1
266.3061962160282,4,1,1
266.308198411949,10,1,1
266.30925507098436,2,1,1
266.33351051597856,2,4,1
266.3345784461126,5,1,1
266.3355732730124,10,4,1
266.3366524029989,6,1,1
266.3563419911079,6,4,1
266.35739421099424,5,4,1
266.4039079339709,1,4,1
266.51155569800176,12,1,1
266.53345249802805,12,4,1
266.5960236180108,8,4,1
266.60308510507457,0,4,1
266.62481560907327,3,4,1
266.6258589979261,11,4,1
266.6433083040174,13,4,1
267.2204455579631,9,0,1
267.2456256279256,7,0,1
267.3032142999582,4,0,1
267.3063580680173,10,0,1
267.30759654194117,2,0,1
267.32775322301313,6,0,1
267.32848897296935,5,0,1
267.4023327080067,1,0,1
267.51016649696976,12,0,1
267.59365614992566,8,0,1
267.6067038020119,0,2,1
267.6151433570776,8,2,1
267.62136931112036,11,0,1
267.62372901593335,3,0,1
267.64554603304714,11,2,1
267.64634284493513,3,2,1
267.6470553551335,13,0,1
267.66744118207134,13,2,1
267.72670341003686,9,2,1
267.7481197761372,7,2,1
267.8047724920325,4,2,1
267.80685226013884,10,2,1
267.83042066614144,5,2,1
267.8311901469715,6,2,1
267.903528328985,1,2,1
268.01087874593213,12,2,1
268.4039912209846,1,3,1
268.51136274798773,12,3,1
268.53373438003473,12,7,1
268.59664046997204,8,3,1
268.6061495251488,0,3,1
268.6250164399389,8,7,1
268.6264753700234,11,3,1
268.62827429012395,0,7,1
268.6289990299847,3,7,1
268.652207585983,8,6,1
268.65293634613045,0,6,1
268.65364624606445,11,7,1
268.65438177692704,3,6,1
268.6550848360639,13,3,1
268.6712494350504,11,6,1
268.67493271804415,13,7,1
268.69304356211796,13,6,1
268.7268185510766,9,3,1
268.7507711679209,9,7,1
268.7515196891036,7,3,1
268.7731627910398,9,6,1
268.77448926796205,7,6,1
268.8071255660616,4,3,1
268.81220264709555,10,3,1
268.81436832714826,2,3,1
268.8190125459805,5,3,1
268.8384034759365,2,7,1
268.83903230307624,5,7,1
268.8397734439932,10,7,1
268.84060045704246,6,3,1
268.8413839980494,4,7,1
268.8497518810909,5,6,1
268.8618979190942,10,6,1
268.862412374001,4,6,1
268.86274492298253,2,6,1
268.8802004980389,6,7,1
268.8856203490868,4,5,1
268.88822047109716,2,5,1
268.8888891900424,10,5,1
268.90256627998315,1,7,1
268.90316322701983,6,5,1
268.91156731103547,1,6,1
268.9229828380048,1,5,1
268.9337569780182,1,9,1
268.9449405791238,1,10,2
269.0038261071313,12,6,1
269.01615140005015,12,5,1
269.0268130269833,12,9,1
269.0381225210149,12,10,2
269.0887593999505,8,5,1
269.09894311311655,0,5,1
269.10071674198844,8,9,1
269.1198886760976,8,10,2
269.1207022680901,11,5,1
269.1211996821221,3,5,1
269.1225350389723,0,9,1
269.13364469911903,11,9,1
269.13569249608554,3,9,1
269.1495234700851,0,10,2
269.15003150398843,11,10,2
269.15054546808824,13,5,1
269.1522159751039,3,10,2
269.16490557813086,13,9,1
269.17538024904206,13,10,2
269.227222091984,9,5,1
269.2505984019954,9,10,2
269.2516623309348,7,5,1
269.2744518050458,7,9,1
269.2907293480821,7,10,2
269.3004747091327,4,9,1
269.3029362480156,2,9,1
269.30425725411624,10,9,1
269.32475515501574,10,8,1
269.325482795015,4,10,2
269.32602319004945,2,10,2
269.3289028101135,6,9,1
269.33021818706766,5,9,1
269.34506401000544,2,8,1
269.34561292501166,4,8,1
269.3500450779684,6,10,2
269.35449234209955,5,10,2
269.37073956406675,6,8,1
269.3721396829933,5,8,1
269.40042659896426,1,8,1
269.5160947870463,12,8,1
269.5387994791381,12,13,2
269.59508493496105,8,13,2
269.6087547449861,0,8,1
269.6156115659978,8,12,2
269.6262880130671,11,8,1
269.6271391159389,3,8,1
269.6305269510485,0,13,2
269.6465387560893,13,8,1
269.65175095107406,0,12,2
269.65258269407786,11,13,2
269.653339094948,3,13,2
269.6697429509368,13,12,2
269.67655896092765,3,12,2
269.67728210100904,11,12,2
269.69187203701586,13,11,2
269.72404106194153,9,8,1
269.74014326999895,9,13,2
269.74643302499317,7,8,1
269.7532342141494,9,12,2
269.7641428981442,9,11,2
269.7655326160602,7,13,2
269.7811535310466,7,12,2
269.8044790800195,7,11,2
269.8063945430331,4,13,2
269.80746677308343,10,13,2
269.8099655720871,2,13,2
269.8320175560657,10,12,2
269.8330790151376,4,12,2
269.83412077394314,5,13,2
269.8352019940503,2,12,2
269.8364477790892,6,13,2
269.8558616191149,4,11,2
269.8583110270556,10,11,2
269.85950994095765,2,11,2
269.8606501920149,6,12,2
269.86165350000374,5,12,2
269.8784432769753,5,11,2
269.88061497709714,6,11,2
269.90763553907163,1,13,2
269.92945400602184,1,12,2
269.9475315590389,1,11,2
270.01084267999977,12,11,2
270.0946705020033,8,11,2
270.10192613396794,0,11,2
270.1198725630529,3,11,2
276.0951931010932,8,1,1
276.10539412498474,0,1,1
276.1234448971227,11,1,1
276.124630169943,3,1,1
276.14343026303686,13,1,1
276.22568730195053,9,1,1
276.2477293040138,9,4,1
276.24879306415096,7,1,1
276.2681482229382,7,4,1
276.3074598561507,2,1,1
276.30848932499066,4,1,1
276.30949516315013,10,1,1
276.33367332606576,10,4,1
276.3347257450223,2,4,1
276.33571571297944,6,1,1
276.33673038100824,5,1,1
276.35664103413,6,4,1
276.35766260302626,5,4,1
276.40493065794,1,4,1
276.5118157709949,12,1,1
276.53177478699945,12,4,1
276.59544652793556,8,4,1
276.6056492619682,0,4,1
276.62460326892324,3,4,1
276.6264929319732,11,4,1
276.64478561095893,13,4,1
277.2243211939931,9,0,1
277.24577385094017,7,0,1
277.30567761696875,10,0,1
277.3067704970017,4,0,1
277.30778300599195,2,0,1
277.32894920394756,5,0,1
277.33000647393055,6,0,1
277.4024832099676,1,0,1
277.51035793102346,12,0,1
277.593891215045,8,0,1
277.60433048498817,0,2,1
277.62141072098166,8,2,1
277.622247813968,3,0,1
277.62297061411664,11,0,1
277.6474038839806,11,2,1
277.64848784403875,13,0,1
277.6495167030953,3,2,1
277.66828521504067,13,2,1
277.7273103769403,9,2,1
277.7478236879688,7,2,1
277.8051356021315,4,2,1
277.80706758610904,10,2,1
277.8304853970185,6,2,1
277.83154355711304,5,2,1
277.9062854561489,1,2,1
278.0112346559763,12,2,1
278.40600586892106,1,3,1
278.51206531911157,12,3,1
278.53495336603373,12,7,1
278.5960376560688,8,3,1
278.6074450330343,0,3,1
278.6175559540279,8,7,1
278.6237368360162,11,3,1
278.6267510501202,3,7,1
278.63211503904313,0,7,1
278.6448926650919,8,6,1
278.65093844314106,11,7,1
278.6517139740754,3,6,1
278.6524698550347,13,3,1
278.6531922761351,0,6,1
278.67234830907546,13,7,1
278.67622838611715,11,6,1
278.6904094410129,13,6,1
278.7270708109718,9,3,1
278.7504046401009,9,7,1
278.75113247008994,7,3,1
278.77175023406744,9,6,1
278.77309933211654,7,6,1
278.80577924102545,4,3,1
278.81025610514916,2,3,1
278.8110006060451,10,3,1
278.83854333194904,4,7,1
278.8393737350125,6,3,1
278.8401113359723,2,7,1
278.84082774608396,5,3,1
278.8415837769862,10,7,1
278.8655768940225,4,6,1
278.86656181211583,2,6,1
278.86728745209984,5,7,1
278.86799508100376,10,6,1
278.8686982609797,6,7,1
278.8882077441085,10,5,1
278.8893105541356,4,5,1
278.89038839400746,2,5,1
278.8914981849957,6,5,1
278.8927513901144,5,6,1
278.9079616139643,1,7,1
278.9305797230918,1,6,1
278.94822095311247,1,5,1
278.9622591040097,1,9,1
278.9745992170647,1,10,2
279.0111201631371,12,6,1
279.03148312005214,12,5,1
279.04898452712223,12,9,1
279.06476066610776,12,10,2
279.09491628501564,8,5,1
279.10562573210336,0,5,1
279.11357057397254,8,9,1
279.1255344559904,11,5,1
279.1266176661011,3,5,1
279.1276121539995,0,9,1
279.1355967570562,8,10,2
279.1503954580985,0,10,2
279.15142552694306,13,5,1
279.1524101039395,11,9,1
279.1534317720216,3,9,1
279.17300925706513,3,10,2
279.1740455860272,11,10,2
279.17784362193197,13,9,1
279.194978778949,13,10,2
279.22879155911505,9,5,1
279.24817371810786,7,5,1
279.25197406392545,9,10,2
279.2668954390101,7,9,1
279.285655020969,7,10,2
279.30273599596694,10,9,1
279.3035127881449,2,9,1
279.3042380081024,4,9,1
279.329556733137,4,10,2
279.33035922492854,2,10,2
279.33108026511036,10,8,1
279.3317957450636,6,9,1
279.33250515395775,5,9,1
279.3528293101117,4,8,1
279.35415918705985,6,10,2
279.3548751270864,2,8,1
279.35617092298344,5,10,2
279.3723088321276,6,8,1
279.37360562803224,5,8,1
279.4005627280567,1,8,1
279.51505627296865,12,8,1
279.53748884703964,12,13,2
279.58731397404335,8,13,2
279.6005213209428,8,12,2
279.6079929389525,0,8,1
279.6266996101476,11,8,1
279.6274592310656,3,8,1
279.63066902011633,0,13,2
279.6470545451157,13,8,1
279.65272134309635,3,13,2
279.65345043409616,0,12,2
279.6548044709489,11,13,2
279.675307932077,3,12,2
279.677552443929,13,12,2
279.68122444604523,11,12,2
279.69694185303524,13,11,2
279.7261955970898,9,8,1
279.7489578409586,9,13,2
279.7497049809899,7,8,1
279.7702078020666,9,12,2
279.77153254905716,7,13,2
279.7896101621445,9,11,2
279.79148999392055,7,12,2
279.80526576703414,4,13,2
279.8102059250232,2,13,2
279.8118902819697,10,13,2
279.8131757969968,7,11,2
279.83254762692377,2,12,2
279.83390440396033,4,12,2
279.8346588651184,6,13,2
279.8353607750032,5,13,2
279.83606210397556,10,12,2
279.8435776331462,2,11,2
279.877936769044,4,11,2
279.879258726025,6,12,2
279.87996530602686,5,12,2
279.8806681749411,10,11,2
279.8992540820036,5,11,2
279.90177725208923,6,11,2
279.90860939212143,1,13,2
279.9304762210231,1,12,2
279.94915279001,1,11,2
280.01111928513274,12,11,2
280.09767618309706,8,11,2
280.10019668308087,0,11,2
280.1209696009755,3,11,2
286.09619026398286,8,1,1
286.10516786412336,0,1,1
286.1229026170913,11,1,1
286.12537214602344,3,1,1
286.14462348097004,13,1,1
286.2259474040475,9,1,1
286.2479962881189,9,4,1
286.24874588893726,7,1,1
286.2681907999795,7,4,1
286.30649604508653,4,1,1
286.3114530330058,10,1,1
286.31280103093013,2,1,1
286.3295436159242,5,1,1
286.33132859598845,6,1,1
286.3397229500115,10,4,1
286.3404503101483,2,4,1
286.35202292213216,6,4,1
286.352741192095,5,4,1
286.40439245896414,1,4,1
286.5107645089738,12,1,1
286.53022404015064,12,4,1
286.5964697729796,8,4,1
286.6049429590348,0,4,1
286.6247782409191,3,4,1
286.6261814900208,11,4,1
286.64404034707695,13,4,1
287.22444188501686,9,0,1
287.2455425930675,7,0,1
287.2987712540198,4,0,1
287.3002262341324,10,0,1
287.3011395800859,2,0,1
287.32086865906604,6,0,1
287.3212121881079,5,0,1
287.39625859609805,1,0,1
287.5022317939438,12,0,1
287.5936185370665,8,0,1
287.60520147997886,0,2,1
287.614198890049,8,2,1
287.6260323789902,11,0,1
287.62749585998245,3,0,1
287.64167592395097,13,0,1
287.65565554308705,11,2,1
287.65638128411956,3,2,1
287.6626552680973,13,2,1
287.7263290199917,9,2,1
287.74822488892823,7,2,1
287.804175876081,4,2,1
287.80729112192057,10,2,1
287.83016707911156,6,2,1
287.8310112019535,5,2,1
287.9008531959262,1,2,1
288.01191599597223,12,2,1
288.4051135960035,1,3,1
288.51598709099926,12,3,1
288.5388588970527,12,7,1
288.59603918809444,8,3,1
288.606709274929,0,3,1
288.6215284280479,8,7,1
288.6257026339881,11,3,1
288.62879657000303,3,7,1
288.63102030102164,0,7,1
288.6504886429757,13,3,1
288.6512179239653,11,7,1
288.65196348400787,8,6,1
288.6534087739419,0,6,1
288.6590362410061,3,6,1
288.67514917906374,11,6,1
288.6802589709405,13,7,1
288.7002206069883,13,6,1
288.7273110409733,9,3,1
288.74954915908165,9,7,1
288.7503087001387,7,3,1
288.77109130914323,9,6,1
288.7723888650071,7,6,1
288.81104373093694,4,3,1
288.81408675503917,10,3,1
288.81600687792525,2,3,1
288.82826559012756,5,3,1
288.8329340899363,6,3,1
288.8389342359733,10,7,1
288.84063237393275,2,7,1
288.8420251419302,4,7,1
288.85879047913477,6,7,1
288.8595299399458,5,7,1
288.8618589739781,2,6,1
288.8626572370995,10,6,1
288.86337300692685,4,6,1
288.88277422613464,4,5,1
288.8845264450647,10,5,1
288.8881874070503,6,5,1
288.8889736989513,2,5,1
288.8922671910841,5,6,1
288.91204743110575,1,7,1
288.9335952610709,1,6,1
288.95053650205955,1,5,1
288.96409963909537,1,9,1
288.97477529593743,1,10,2
289.0108774709515,12,6,1
289.03419669996947,12,5,1
289.0504299909808,12,9,1
289.06613955809735,12,10,2
289.08639303199016,8,5,1
289.1005674160551,8,9,1
289.1064173190389,0,5,1
289.12667527305894,8,10,2
289.12828390696086,11,5,1
289.1290565091185,3,5,1
289.13206102210097,0,9,1
289.14674858096987,13,5,1
289.1521598920226,11,9,1
289.15356050105765,3,9,1
289.1543186821509,0,10,2
289.1687225329224,13,9,1
289.17414988414384,11,10,2
289.1843236971181,3,10,2
289.19346092105843,13,10,2
289.2261895011179,9,5,1
289.2494278680533,9,10,2
289.2502004390117,7,5,1
289.26962392008863,7,9,1
289.2889971891418,7,10,2
289.2999051529914,4,9,1
289.303063550964,2,9,1
289.30379063100554,10,9,1
289.31107082311064,4,10,2
289.3277585480828,2,10,2
289.3285856710281,10,8,1
289.3294085240923,6,9,1
289.3301865151152,4,8,1
289.33090958511457,5,9,1
289.3482684381306,6,10,2
289.34900819906034,2,8,1
289.3534736931324,5,10,2
289.3645413510967,6,8,1
289.37282631197013,5,8,1
289.40183482901193,1,8,1
289.5146252871491,12,8,1
289.53493146202527,12,13,2
289.5952191699762,8,13,2
289.6079076619353,0,8,1
289.6172523731366,8,12,2
289.6251708129421,11,8,1
289.6286546699703,3,8,1
289.63123221113347,0,13,2
289.64905951800756,13,8,1
289.6498339890968,11,13,2
289.65199424908496,0,12,2
289.6539845841471,3,13,2
289.67000369005837,11,12,2
289.678280740045,13,12,2
289.68801224208437,3,12,2
289.69623984000646,13,11,2
289.7273815169465,9,8,1
289.74930142611265,9,13,2
289.7503904970363,7,8,1
289.7710088409949,9,12,2
289.7724197600037,7,13,2
289.78868418210186,9,11,2
289.7915809331462,7,12,2
289.8093980990816,7,11,2
289.81078962702304,2,13,2
289.8115604589693,10,13,2
289.81229438912123,4,13,2
289.8358632849995,2,12,2
289.83667808794416,10,12,2
289.837435628986,4,12,2
289.8382339309901,6,13,2
289.83894756110385,5,13,2
289.87451008101925,4,11,2
289.8764324239455,2,11,2
289.8780917399563,10,11,2
289.87945598806255,5,12,2
289.88017510809004,6,12,2
289.8995816181414,6,11,2
289.9017928899266,5,11,2
289.9074133359827,1,13,2
289.92946833907627,1,12,2
289.9483563550748,1,11,2
290.01183193107136,12,11,2
290.0973000100348,8,11,2
290.099445868982,0,11,2
290.11996584013104,3,11,2
296.09649964794517,8,1,1
296.1059722120408,0,1,1
296.1225108921062,11,1,1
296.12382428813726,3,1,1
296.14322602795437,13,1,1
296.22245480306447,9,1,1
296.2412199450191,7,1,1
296.2427652981132,9,4,1
296.25227095209993,7,4,1
296.3077624270227,4,1,1
296.30849950714037,2,1,1
296.30926107801497,10,1,1
296.32876554108225,5,1,1
296.3301086490974,6,1,1
296.33195604011416,10,4,1
296.332709711045,2,4,1
296.3471184121445,6,4,1
296.34784049214795,5,4,1
296.4036713349633,1,4,1
296.5119375779759,12,1,1
296.5338970790617,12,4,1
296.5947462429758,8,4,1
296.6037595530506,0,4,1
296.6226247381419,11,4,1
296.62625761912204,3,4,1
296.643088568002,13,4,1
297.2231691190973,9,0,1
297.24567464506254,7,0,1
297.3061899091117,4,0,1
297.3070094420109,2,0,1
297.3077333320398,10,0,1
297.32772491895594,5,0,1
297.3303938631434,6,0,1
297.4047998529859,1,0,1
297.5106290180702,12,0,1
297.59454905311577,8,0,1
297.6037735501304,0,2,1
297.61846513906494,8,2,1
297.62097586900927,11,0,1
297.62297713407315,3,0,1
297.64525195397437,11,2,1
297.64613457908854,13,0,1
297.64688159897923,3,2,1
297.6673539590556,13,2,1
297.7264136529993,9,2,1
297.7478770199232,7,2,1
297.8047659629956,4,2,1
297.80696318414994,10,2,1
297.8297344879247,6,2,1
297.83066301303916,5,2,1
297.9046636831481,1,2,1
298.0116964611225,12,2,1
298.4045714531094,1,3,1
298.5126229301095,12,3,1
298.5362755281385,12,7,1
298.59595069894567,8,3,1
298.6066144159995,0,3,1
298.61817761696875,8,7,1
298.62700921297073,11,3,1
298.62908216100186,0,7,1
298.6302139919717,3,7,1
298.63712013396434,8,6,1
298.6494452180341,13,3,1
298.6521146821324,0,6,1
298.65333903604187,3,6,1
298.6545012879651,11,7,1
298.67098062695004,11,6,1
298.67858467809856,13,7,1
298.6993084149435,13,6,1
298.7272112821229,9,3,1
298.74971851799637,9,7,1
298.75080730812624,7,3,1
298.77123645693064,9,6,1
298.7722836260218,7,6,1
298.8101523600053,4,3,1
298.8112161590252,2,3,1
298.81222545704804,10,3,1
298.8400058900006,10,7,1
298.8410279280506,4,7,1
298.8420306961052,6,3,1
298.8430560550187,2,7,1
298.84383859694935,5,3,1
298.8662539811339,10,6,1
298.87442428804934,4,6,1
298.87490054103546,2,6,1
298.87533006304875,5,7,1
298.8757840860635,6,7,1
298.8957012100145,10,5,1
298.89619194413535,2,5,1
298.8971824410837,6,5,1
298.89999378914945,4,5,1
298.9003375589382,5,6,1
298.90509921195917,1,7,1
298.9258732199669,1,6,1
298.94520477810875,1,5,1
298.9595880880952,1,9,1
298.9757170570083,1,10,2
299.0114865619689,12,6,1
299.03242049505934,12,5,1
299.05095253000036,12,9,1
299.0678051591385,12,10,2
299.09622082998976,8,5,1
299.10588404908776,0,5,1
299.12314520892687,8,9,1
299.1269114241004,11,5,1
299.1281091871206,3,5,1
299.12937515298836,0,9,1
299.1536040371284,8,10,2
299.1543733179569,3,9,1
299.1550846779719,0,10,2
299.1558109179605,13,5,1
299.1565177880693,11,9,1
299.1775656139944,13,9,1
299.17831336404197,11,10,2
299.17902027396485,3,10,2
299.19448569393717,13,10,2
299.2261410150677,9,5,1
299.2462060130201,9,10,2
299.2479907430243,7,5,1
299.26552175101824,7,9,1
299.2836215249263,7,10,2
299.2996683011297,4,9,1
299.30310306698084,10,9,1
299.3038979191333,2,9,1
299.3216841840185,4,10,2
299.3275529469829,5,9,1
299.3283241279423,10,8,1
299.32913054106757,2,10,2
299.32988211209886,6,9,1
299.3376170571428,4,8,1
299.3474120099563,5,10,2
299.3504919949919,6,10,2
299.35102989012375,2,8,1
299.36500942893326,5,8,1
299.3679336910136,6,8,1
299.400621551089,1,8,1
299.5065662190318,12,8,1
299.52132217912003,12,13,2
299.5958850539755,8,13,2
299.6044807729777,0,8,1
299.62381784105673,8,12,2
299.62675975309685,11,8,1
299.6281581821386,0,13,2
299.6288823620416,3,8,1
299.64858625107445,13,8,1
299.6514230191242,0,12,2
299.6521744199563,3,13,2
299.6535076869186,11,13,2
299.6770914939698,11,12,2
299.6778775360435,3,12,2
299.67863242700696,13,12,2
299.6952254481148,13,11,2
299.722011114005,9,8,1
299.73811025195755,9,13,2
299.74738644994795,7,8,1
299.7529284940101,9,12,2
299.76593479607254,9,11,2
299.76840926497243,7,13,2
299.78500453708693,7,12,2
299.80814764113165,7,11,2
299.8095293689985,4,13,2
299.8102863400709,2,13,2
299.8109976099804,10,13,2
299.81876890710555,5,13,2
299.8379133089911,5,12,2
299.8387542129494,2,12,2
299.83953660400584,6,13,2
299.84026259509847,4,12,2
299.840980875073,10,12,2
299.8494791111443,5,11,2
299.86266991798766,4,11,2
299.8634289491456,2,11,2
299.8757281410508,10,11,2
299.8776289441157,6,12,2
299.8960251661483,6,11,2
299.9066474121064,1,13,2
299.9274298599921,1,12,2
299.9460289981216,1,11,2
300.01405576011166,12,11,2
