t_s,reporter,target,reason
9.499418231891468,4,0,1
10.000322647858411,4,0,1
10.019915594952181,4,8,1
10.036504577845335,4,2,1
10.07549977581948,4,1,1
10.095200884854421,4,5,1
10.109772571828216,4,3,1
10.122586590005085,4,6,1
10.180233377963305,4,7,1
10.192194791976362,4,8,1
10.203643671004102,4,7,1
10.214776231907308,4,3,1
10.225833819946274,4,6,1
11.450934653868899,2,0,1
11.53170053800568,2,1,1
11.556035526795313,2,5,1
11.577147065894678,2,4,1
11.595258080866188,2,3,1
11.61308817891404,2,6,1
11.625572097022086,2,7,1
11.638084965990856,2,8,1
11.64969798992388,2,7,1
11.669454491930082,2,3,1
11.67965602595359,2,6,1
12.827666258905083,3,0,1
12.854889879003167,3,2,1
13.001917210873216,4,12,2
13.018987317802384,4,12,2
13.031744953943416,2,12,2
13.056035190820694,2,12,2
13.223764311987907,3,1,1
13.271666887914762,3,5,1
13.297144748969004,3,4,1
13.317259589908645,3,6,1
13.38421673886478,3,7,1
13.40263895294629,3,8,1
13.418288388988003,3,7,1
13.476731729926541,3,6,1
13.499882195843384,3,12,2
13.569474047981203,3,12,2
13.574174648849294,4,11,2
13.580498145893216,11,0,1
13.59574120095931,2,11,2
13.617513437988237,2,11,2
13.712264221860096,1,0,1
13.721262122970074,3,11,2
13.76821123296395,1,2,1
13.776823893887922,10,0,1
13.78419154882431,3,11,2
13.785358181921765,1,6,1
13.977417290909216,12,0,1
13.980355232954025,10,2,1
13.981771152000874,1,7,1
13.982257595984265,12,2,1
13.9842547418084,1,8,1
13.984762285836041,1,7,1
13.985277209896594,7,0,1
13.98575590387918,1,3,1
13.986226766835898,10,6,1
13.98736039781943,0,2,1
13.992221313994378,7,2,1
13.995689890813082,10,7,1
14.068459960864857,10,8,1
14.069096978986636,0,6,1
14.069579522823915,4,11,2
14.070526168914512,11,6,1
14.083234913880005,0,7,1
14.084791766945273,10,7,1
14.089516928885132,11,7,1
14.099773014895618,0,8,1
14.100539445877075,10,3,1
14.103761525824666,8,0,1
14.168406709795818,11,8,1
14.179677603999153,10,6,1
14.18018108792603,0,7,1
14.180753953987733,11,7,1
14.182284656912088,8,2,1
14.193803508998826,13,0,1
14.195947917876765,9,0,1
14.209155876887962,10,12,2
14.269388787914068,0,3,1
14.270465207984671,11,3,1
14.271275829989463,12,6,1
14.272121083922684,9,2,1
14.272989407880232,13,2,1
14.274080388946459,6,0,1
14.282993197906762,3,10,2
14.289865299826488,10,12,2
14.291037512943149,0,6,1
14.292260856833309,11,6,1
14.293560682795942,12,7,1
14.294531719991937,6,2,1
14.296322769951075,13,3,1
14.297180083813146,1,6,1
14.374380708904937,12,8,1
14.375308234011754,13,6,1
14.376074525993317,10,11,2
14.376870427979156,11,12,2
14.377649870002642,3,13,2
14.378520493861288,7,6,1
14.402489183004946,11,12,2
14.403255673823878,10,11,2
14.404030345845968,12,7,1
14.40478796698153,9,3,1
14.405563798965886,13,12,2
14.406558805843815,1,12,2
14.407340067904443,7,8,1
14.408125259913504,8,7,1
14.468525145901367,9,6,1
14.48056153091602,13,12,2
14.48549973894842,1,12,2
14.487085483968258,9,12,2
14.488530903821811,8,3,1
14.490585630992427,12,3,1
14.49228534894064,7,3,1
14.496524736983702,13,11,2
14.571406365837902,5,0,1
14.576835547806695,9,12,2
14.57977780001238,12,6,1
14.58178120595403,4,10,2
14.582614798797294,0,12,2
14.584291246021166,7,6,1
14.58535308483988,13,11,2
14.58627195097506,1,11,2
14.587256968952715,8,6,1
14.588193994946778,11,10,2
14.590277612907812,5,2,1
14.591065974906087,2,10,2
14.606888236943632,9,11,2
14.669939385959879,8,12,2
14.671177209820598,13,10,2
14.6725618687924,1,11,2
14.673825003905222,12,11,2
14.67562386393547,11,13,2
14.677024172851816,7,12,2
14.678273847792298,0,12,2
14.679550533881411,2,13,2
14.680817548884079,4,13,2
14.768330781022087,8,12,2
14.769307558890432,12,11,2
14.770404578885064,13,10,2
14.771204981952906,7,12,2
14.771969042951241,2,10,2
14.772696572821587,11,10,2
14.773541366914287,9,11,2
14.77467978792265,4,10,2
14.775507241021842,0,11,2
14.77627818286419,1,10,2
14.788203965872526,5,3,1
14.868436483899131,3,10,2
14.870376048842445,4,13,2
14.87140866694972,8,11,2
14.872490298002958,12,10,2
14.873497206019238,2,13,2
14.874503753846511,11,13,2
14.875499021960422,0,11,2
14.876513979863375,13,9,1
14.877505557844415,5,6,1
14.878498604986817,7,11,2
14.879493193002418,9,10,2
14.880517010809854,1,13,2
14.881505658850074,6,3,1
14.976083077955991,8,11,2
14.977597560966387,13,9,1
14.978921368019655,7,11,2
14.979949285974726,3,13,2
14.981002074899152,1,10,2
14.98202704382129,9,13,2
14.983032371848822,12,13,2
14.984058990841731,5,12,2
14.98506458895281,6,12,2
14.986058515962213,0,10,2
14.987055103993043,10,13,2
15.072177349822596,1,13,2
15.073310980806127,6,12,2
15.074485753895715,9,10,2
15.075587964849547,5,12,2
15.07671891595237,8,10,2
15.07780529698357,0,13,2
15.078870525816455,7,10,2
15.079604586819187,11,9,1
15.080098820850253,10,13,2
15.080542052863166,4,9,1
15.080990195972845,3,9,1
15.081803017994389,2,9,1
15.105978392995894,0,10,2
15.169592327903956,10,9,1
15.171514761867002,9,13,2
15.172315213829279,4,9,1
15.173103955807164,2,9,1
15.173852887004614,11,9,1
15.174514845013618,6,11,2
15.175101632019505,8,13,2
15.17567163798958,5,11,2
15.17629980482161,7,13,2
15.17915440397337,0,13,2
15.180728637846187,10,9,1
15.194979885825887,6,11,2
15.195600162958726,8,10,2
15.196204229956493,7,10,2
15.196805626852438,5,11,2
15.271608183858916,8,13,2
15.272496438818052,7,13,2
15.27378011494875,6,10,2
15.276716716820374,12,10,2
15.277189859887585,5,10,2
15.278160616988316,3,9,1
15.285863421857357,1,9,1
15.293303960002959,12,13,2
15.29579948890023,5,13,2
15.298665358917788,6,13,2
15.302737653022632,1,9,1
15.3032054558862,7,9,1
15.306411055848002,12,9,1
15.312683579977602,6,10,2
15.313030099961907,5,10,2
15.370436131954193,12,9,1
15.37107026996091,7,9,1
15.379758121911436,5,13,2
15.38189569185488,6,13,2
15.394839282846078,5,9,1
15.395283294841647,6,9,1
15.400913011981174,8,9,1
15.406169538851827,6,9,1
15.411373283946887,8,9,1
15.500239543849602,0,9,1
15.511256510857493,0,9,1
15.692964971996844,5,9,1
17.027156810974702,2,0,1
17.200853526825085,5,0,1
17.208013906842098,12,0,1
17.218537461012602,3,0,1
17.22154190391302,5,2,1
17.22865724284202,12,2,1
17.239132054848596,3,2,1
17.286018152954057,1,0,1
17.29985454888083,6,0,1
17.30060126981698,13,0,1
17.308795148972422,1,2,1
17.31053689797409,7,0,1
17.323646563803777,6,2,1
17.32440965482965,13,2,1
17.33452237700112,7,2,1
17.392329799942672,9,0,1
17.411296508973464,8,0,1
17.414787416812032,9,2,1
17.41592633887194,10,0,1
17.437324035912752,10,2,1
17.43836471484974,8,2,1
17.50098798191175,4,0,1
17.510975610930473,0,2,1
17.51205393089913,11,0,1
17.521310248877853,4,2,1
17.53553827595897,11,2,1
18.204950824845582,5,1,1
18.212936357827857,12,1,1
18.21947237988934,3,1,1
18.304044900927693,13,1,1
18.305509350961074,6,1,1
18.31404268881306,7,1,1
18.33802815899253,7,5,1
18.39705713582225,9,1,1
18.411791866878048,8,1,1
18.42137018381618,9,5,1
18.4224282738287,10,1,1
18.437982328003272,8,5,1
18.446729661896825,10,5,1
18.50351787591353,4,1,1
18.511161210015416,0,1,1
18.51648296788335,11,1,1
18.52906848001294,4,5,1
18.531274940818548,2,1,1
18.53563937288709,0,5,1
18.544824538985267,11,5,1
18.553619094891474,2,5,1
18.558168971911073,0,4,1
18.572579353814945,11,4,1
18.580974167911336,2,4,1
18.706089828861877,5,4,1
18.713525116909295,12,5,1
18.7221293868497,3,5,1
18.736622290918604,12,4,1
18.7437943208497,3,4,1
18.792440908960998,1,5,1
18.804085563868284,6,5,1
18.80489736585878,13,5,1
18.815799570875242,7,4,1
18.816628133878112,1,4,1
18.829776440979913,13,4,1
18.83055110182613,6,4,1
18.898940949933603,9,4,1
18.91508545097895,8,4,1
18.91929310793057,10,4,1
19.70687073492445,5,8,1
19.710016052937135,12,8,1
19.719664291944355,3,8,1
19.78880344098434,1,8,1
19.811308248899877,7,8,1
19.813698895974085,13,8,1
19.816504943883047,6,8,1
19.900742535013705,9,8,1
19.908591463929042,8,3,1
19.916683099931106,10,8,1
19.927917073015124,9,3,1
19.929314891807735,8,7,1
19.938040364999324,10,3,1
19.952121338807046,9,7,1
19.95662570395507,10,7,1
20.005427695810795,4,8,1
20.008652275893837,0,8,1
20.0120755918324,11,8,1
20.031104541849345,4,3,1
20.031854662811384,2,8,1
20.034124586964026,11,3,1
20.03483976679854,0,3,1
20.054918996989727,2,3,1
20.055641726823524,4,7,1
20.0564170088619,11,7,1
20.05712552787736,0,7,1
20.076111507834867,4,6,1
20.076952921925113,2,7,1
20.07767697190866,0,6,1
20.078383432002738,11,6,1
20.088205575942993,2,6,1
20.203734118957072,5,3,1
20.210480957990512,12,3,1
20.223468479933217,3,7,1
20.23129261797294,12,7,1
20.232155101839453,5,7,1
20.244190237950534,3,6,1
20.252796778921038,12,6,1
20.25442585395649,5,6,1
20.28861309797503,1,3,1
20.294350457843393,13,3,1
20.301156067987904,6,3,1
20.31366755696945,1,7,1
20.314489729935303,7,3,1
20.319497369928285,13,7,1
20.328120630932972,6,7,1
20.334861387964338,1,6,1
20.33788903290406,7,6,1
20.340641369810328,13,6,1
20.393992017954588,9,6,1
20.408557384973392,8,6,1
20.416355992900208,10,6,1
20.71948079089634,3,13,2
20.79279003595002,1,13,2
20.805425338912755,6,13,2
20.80648498889059,13,12,2
20.811570161022246,7,13,2
20.81291415798478,1,12,2
20.825333824846894,6,12,2
20.831153316888958,7,12,2
20.893958569969982,9,13,2
20.907771254889667,8,13,2
20.91643789689988,10,13,2
20.91747631598264,9,12,2
20.927668169839308,8,12,2
20.9376526188571,10,12,2
21.0033573419787,4,13,2
21.008811224950477,0,13,2
21.014137792866677,11,13,2
21.03217422682792,4,12,2
21.03288692701608,2,13,2
21.034182462841272,0,12,2
21.035469298018143,11,12,2
21.05298115685582,2,12,2
21.2026733038947,5,13,2
21.21078721084632,12,13,2
21.219990476965904,3,12,2
21.22288821800612,5,12,2
21.701818731846288,5,10,2
21.70948937581852,12,10,2
21.721237323945388,3,10,2
21.726821759948507,5,11,2
21.729744121897966,12,11,2
21.74170759599656,3,11,2
21.792762209894136,1,10,2
21.801752900937572,6,10,2
21.802482401020825,13,10,2
21.81119315396063,7,10,2
21.81426836992614,1,11,2
21.82463147980161,13,11,2
21.82534910994582,6,11,2
21.831518351798877,7,11,2
21.89479015697725,9,10,2
21.908227392006665,8,10,2
21.917292264988646,10,11,2
21.918338403804228,9,11,2
21.928322202991694,8,11,2
22.003488059854135,4,10,2
22.010639989981428,0,10,2
22.013469498837367,11,10,2
22.028817276936024,4,11,2
22.030999328009784,2,10,2
22.032310684910044,0,11,2
22.05054012290202,2,11,2
22.203732597874478,5,9,1
22.208725346950814,12,9,1
22.21739039896056,3,9,1
22.28685723687522,1,9,1
22.299519500928,6,9,1
22.300341913942248,13,9,1
22.30715927388519,7,9,1
22.40636763186194,8,9,1
22.413052528863773,10,9,1
22.501208938891068,4,9,1
22.506620989879593,0,9,1
22.510103206848726,11,9,1
22.52663723891601,2,9,1
27.027055372018367,2,0,1
27.200147931929678,5,0,1
27.209091351833194,12,0,1
27.21758514898829,3,0,1
27.231593789998442,12,2,1
27.238071370869875,3,2,1
27.28835434280336,1,0,1
27.29361513000913,13,0,1
27.30035226792097,6,0,1
27.311504309996963,13,2,1
27.312255770899355,7,0,1
27.313556746812537,1,2,1
27.325141120003536,6,2,1
27.33303790097125,7,2,1
27.391855101799592,9,0,1
27.409054811811075,8,0,1
27.415382348001003,10,0,1
27.4161306489259,9,2,1
27.433305787853897,8,2,1
27.436486867023632,10,2,1
27.50692707300186,4,0,1
27.510330427903682,0,2,1
27.511059247888625,11,0,1
27.53164170286618,4,2,1
27.532399524003267,11,2,1
27.70142820989713,5,2,1
28.201942616840824,5,1,1
28.2094036960043,12,1,1
28.2202033768408,3,1,1
28.29960766294971,6,1,1
28.30050707794726,13,1,1
28.309308873023838,7,1,1
28.329508556984365,7,5,1
28.393830861896276,9,1,1
28.411552036879584,10,1,1
28.412315897876397,8,1,1
28.4150563639123,9,5,1
28.435054821893573,10,5,1
28.435803982894868,8,5,1
28.50090863998048,0,1,1
28.50333392783068,4,1,1
28.512184904888272,0,5,1
28.513498961925507,11,1,1
28.530530626885593,4,5,1
28.53125691693276,2,1,1
28.533567772014067,11,5,1
28.55286305001937,11,4,1
28.554170415969566,2,5,1
28.571941361995414,2,4,1
28.701161987846717,5,4,1
28.70914532081224,12,5,1
28.71923630288802,3,5,1
28.728693225886673,12,4,1
28.738936542999,3,4,1
28.788786803837866,1,5,1
28.802474475931376,6,5,1
28.803548395866528,13,5,1
28.807613488985226,7,4,1
28.80970708699897,1,4,1
28.825192498974502,13,4,1
28.82680988498032,6,4,1
28.895060358801857,9,4,1
28.904688957845792,8,4,1
28.91488607181236,10,4,1
29.006655322853476,0,4,1
29.70286963088438,5,8,1
29.70967482100241,12,8,1
29.71958872792311,3,8,1
29.789163869805634,1,8,1
29.803896700963378,13,8,1
29.809761153999716,6,8,1
29.812834749929607,7,8,1
29.886353781912476,9,8,1
29.901391370920464,9,7,1
29.90217502298765,8,7,1
29.90937749389559,10,8,1
29.915442363824695,9,3,1
29.91580150392838,8,3,1
29.92225857381709,10,7,1
29.93445361382328,10,3,1
29.997415420832112,4,8,1
29.99974587582983,0,8,1
30.014053724939004,4,7,1
30.014653901802376,0,7,1
30.01842055679299,11,8,1
30.020283858990297,2,8,1
30.03068337892182,4,3,1
30.031505852006376,0,3,1
30.032492929836735,2,7,1
30.04564563697204,11,7,1
30.047943481011316,0,6,1
30.048282969975844,4,6,1
30.04861087887548,2,3,1
30.06175303598866,2,6,1
30.06432238779962,11,3,1
30.081861706916243,11,6,1
30.204201651969925,5,7,1
30.210810935823247,12,7,1
30.221575415926054,3,7,1
30.225557236932218,5,3,1
30.231758430832997,12,3,1
30.244473984930664,3,6,1
30.24519132496789,5,6,1
30.25180521979928,12,6,1
30.28990142280236,1,7,1
30.29159849998541,13,7,1
30.299295134842396,6,7,1
30.307189884828404,13,3,1
30.313497590832412,1,3,1
30.314955221954733,7,3,1
30.321432202821597,13,6,1
30.323178141843528,6,3,1
30.33408879581839,1,6,1
30.337346566841006,7,6,1
30.394171932945028,9,6,1
30.40856668399647,8,6,1
30.414943262003362,10,6,1
30.719083199976012,3,13,2
30.789264497812837,1,13,2
30.800406408961862,6,13,2
30.801273102872074,13,12,2
30.8184569128789,1,12,2
30.819233065005392,7,13,2
30.821071145823225,6,12,2
30.83657743781805,7,12,2
30.894949096953496,9,13,2
30.91344158281572,8,13,2
30.917640179861337,10,13,2
30.91845153295435,9,12,2
30.935144648887217,8,12,2
30.938073590863496,10,12,2
31.005569893866777,4,13,2
31.008399243000895,0,13,2
31.012354152975604,11,13,2
31.03486280189827,11,12,2
31.035973972873762,0,12,2
31.03696757997386,4,12,2
31.038013909943402,2,13,2
31.056048452854156,2,12,2
31.202776966849342,5,13,2
31.209893975872546,12,13,2
31.220221034018323,3,12,2
31.223495304817334,5,12,2
31.70194759685546,5,10,2
31.709373974008486,12,10,2
31.721441020956263,3,10,2
31.722830949816853,5,11,2
31.729261589003727,12,11,2
31.741850789869204,3,11,2
31.789009535918012,1,10,2
31.80168907996267,13,10,2
31.803744627861306,6,10,2
31.815535506932065,1,11,2
31.81631133891642,7,10,2
31.82446783594787,6,11,2
31.827466629911214,13,11,2
31.83632934698835,7,11,2
31.897661408875138,9,10,2
31.91119680693373,8,10,2
31.917149561922997,10,11,2
31.91850239993073,9,11,2
31.93456370779313,8,11,2
32.0045033399947,4,10,2
32.01331306598149,0,10,2
32.01410790788941,11,10,2
32.02649773401208,4,11,2
32.03416929789819,2,10,2
32.035235087852925,0,11,2
32.05520443501882,2,11,2
32.20025756279938,5,9,1
32.20721771684475,12,9,1
32.21736184996553,3,9,1
32.29185463883914,1,9,1
32.29917718283832,13,9,1
32.30023794295266,6,9,1
32.30723365792073,7,9,1
32.40637653484009,8,9,1
32.41482812096365,10,9,1
32.50261814985424,4,9,1
32.50801602099091,0,9,1
32.509583794977516,11,9,1
32.52739684190601,2,9,1
37.02731997799128,2,0,1
37.203071421943605,5,0,1
37.20769890095107,12,0,1
37.218128671869636,3,0,1
37.22792190499604,12,2,1
37.238720496883616,3,2,1
37.2864312089514,1,0,1
37.29911026195623,6,0,1
37.30017507192679,13,0,1
37.310039166826755,7,0,1
37.31106721586548,1,2,1
37.32181065599434,6,2,1
37.32284020399675,13,2,1
37.330653491895646,7,2,1
37.393465644912794,9,0,1
37.408942027017474,8,0,1
37.41505361790769,9,2,1
37.41611669794656,10,0,1
37.43328147684224,8,2,1
37.43647127598524,10,2,1
37.49802307295613,4,0,1
37.50966567802243,0,2,1
37.513198046945035,11,0,1
37.51505324896425,4,2,1
37.53150099795312,11,2,1
37.702844658866525,5,2,1
38.20204602996819,5,1,1
38.20909201679751,12,1,1
38.22092052688822,3,1,1
38.29893630393781,6,1,1
38.30054861889221,13,1,1
38.30924236192368,7,1,1
38.39313536300324,9,1,1
38.40717861498706,8,1,1
38.41588276787661,10,1,1
38.41661728802137,9,5,1
38.427332466933876,8,5,1
38.43643139093183,10,5,1
38.50806155987084,0,1,1
38.50882913195528,4,1,1
38.51240760087967,11,1,1
38.53062198986299,0,5,1
38.534103996818885,4,5,1
38.53523864899762,11,5,1
38.53627368691377,2,1,1
38.554489865899086,11,4,1
38.55724344286136,2,5,1
38.57270291401073,2,4,1
38.70173939480446,5,4,1
38.70941311889328,12,5,1
38.721263779792935,3,5,1
38.72926395293325,12,4,1
38.74370497581549,3,4,1
38.78921403596178,1,5,1
38.80179961700924,6,5,1
38.8025843789801,13,5,1
38.81098201381974,1,4,1
38.811752405017614,7,5,1
38.82407296891324,13,4,1
38.8248197499197,6,4,1
38.83146947482601,7,4,1
38.89387120702304,9,4,1
38.910341505892575,8,4,1
38.91119336988777,10,4,1
39.002935719909146,0,4,1
39.70375966792926,5,8,1
39.70516950683668,12,8,1
39.721067070961,3,8,1
39.78885741299018,1,8,1
39.8072902970016,13,8,1
39.808879281859845,6,8,1
39.81039589387365,7,8,1
39.894987074891105,9,8,1
39.91137340199202,8,7,1
39.91807380900718,10,8,1
39.918821959989145,9,7,1
39.93233507685363,8,3,1
39.940209596883506,9,3,1
39.94127667695284,10,7,1
39.960477312793955,10,3,1
40.0043656968046,4,8,1
40.009415997890756,0,8,1
40.01328956591897,11,8,1
40.02780840196647,4,7,1
40.03266142681241,0,7,1
40.0335089599248,2,8,1
40.03486932790838,11,7,1
40.04695594590157,4,3,1
40.05697425501421,11,3,1
40.05780493887141,0,3,1
40.058541528880596,2,7,1
40.07474290090613,11,6,1
40.07780423690565,2,3,1
40.09257215890102,2,6,1
40.202254889998585,5,7,1
40.209976464975625,12,7,1
40.220389265799895,3,7,1
40.22338797990233,5,3,1
40.23142295400612,12,3,1
40.24254160397686,5,6,1
40.243275983957574,3,6,1
40.25181883294135,12,6,1
40.28972536092624,1,7,1
40.300413698889315,6,7,1
40.30148722883314,13,7,1
40.31213416601531,1,3,1
40.31302234088071,7,3,1
40.324268554802984,13,3,1
40.3250746068079,6,3,1
40.33381436089985,1,6,1
40.33461820380762,7,6,1
40.343061428982764,13,6,1
40.38959505781531,9,6,1
40.40363273001276,8,6,1
40.416256131837144,10,6,1
40.50354604795575,4,6,1
40.504634227836505,0,6,1
40.71083221281879,3,13,2
40.79661527695134,1,13,2
40.80025211791508,13,12,2
40.801416830858216,6,13,2
40.8100692818407,7,13,2
40.8172104510013,1,12,2
40.82710275682621,6,12,2
40.83084393199533,7,12,2
40.89447195781395,9,13,2
40.908071046927944,8,13,2
40.91715202992782,10,13,2
40.91796302283183,9,12,2
40.92847748682834,8,12,2
40.937853367999196,10,12,2
41.00369198480621,4,13,2
41.008478078991175,0,13,2
41.01242230902426,11,13,2
41.034037571866065,2,13,2
41.03509853198193,11,12,2
41.03614854090847,4,12,2
41.03721276088618,0,12,2
41.05465371790342,2,12,2
41.20244770194404,5,13,2
41.21139046200551,12,13,2
41.221506733912975,3,12,2
41.22256150399335,5,12,2
41.70242998492904,5,10,2
41.713843263918534,12,10,2
41.71966105583124,3,10,2
41.72296209889464,5,11,2
41.73840984981507,3,11,2
41.740335803013295,12,11,2
41.78171812789515,1,10,2
41.79553209291771,13,10,2
41.79770755395293,1,11,2
41.80142462789081,6,10,2
41.80341745400801,7,10,2
41.807018723804504,13,11,2
41.813740531913936,7,11,2
41.81979176099412,6,11,2
41.886600294848904,9,10,2
41.902064436813816,9,11,2
41.90249816887081,8,10,2
41.90774359484203,10,11,2
41.91424349602312,8,11,2
42.00690949195996,11,10,2
42.01007267087698,4,10,2
42.01120788184926,0,10,2
42.034641647012904,0,11,2
42.03567526489496,4,11,2
42.03671440389007,2,10,2
42.057900195010006,2,11,2
42.2002930988092,5,9,1
42.209136405959725,12,9,1
42.21879237587564,3,9,1
42.29376518796198,1,9,1
42.29767848690972,13,9,1
42.29904770501889,6,9,1
42.30742090893909,7,9,1
42.40561808901839,8,9,1
42.413226121803746,10,9,1
42.49922559200786,4,9,1
42.508313124999404,0,9,1
42.50988063891418,11,9,1
42.52792910300195,2,9,1
47.02809077198617,2,0,1
47.193109976826236,5,0,1
47.20325537980534,12,0,1
47.20721696084365,5,2,1
47.2176018608734,12,2,1
47.2198274419643,3,0,1
47.24044767790474,3,2,1
47.28664561687037,1,0,1
47.29880165681243,13,0,1
47.29988928698003,6,0,1
47.3090150419157,1,2,1
47.31004440994002,7,0,1
47.32188650080934,6,2,1
47.32297309092246,13,2,1
47.330949193798006,7,2,1
47.392679387005046,9,0,1
47.40619783382863,8,0,1
47.4150418008212,10,0,1
47.41639677900821,9,2,1
47.42709815688431,8,2,1
47.435580513905734,10,2,1
47.50148471281864,4,0,1
47.51041902182624,0,2,1
47.511141513008624,11,0,1
47.524992018938065,4,2,1
47.53151087090373,11,2,1
48.202326081926,5,1,1
48.211150898830965,12,1,1
48.2188083617948,3,1,1
48.29998551681638,13,1,1
48.3013128049206,6,1,1
48.308864725986496,7,1,1
48.38564673787914,9,1,1
48.39802440395579,9,5,1
48.411421068012714,8,1,1
48.416687154909596,10,1,1
48.4349324638024,8,5,1
48.43825382599607,10,5,1
48.50529407686554,4,1,1
48.50791083998047,0,1,1
48.51337270298973,11,1,1
48.531202950980514,4,5,1
48.53246567584574,0,5,1
48.53364724898711,2,1,1
48.53618079982698,11,5,1
48.55213606497273,2,5,1
48.56838765786961,2,4,1
48.70146398199722,5,4,1
48.71239990694448,12,5,1
48.719433593796566,3,5,1
48.7361310699489,12,4,1
48.73939039092511,3,4,1
48.78852502186783,1,5,1
48.796640207991004,13,5,1
48.81126923696138,6,5,1
48.81291424180381,7,5,1
48.81369166402146,1,4,1
48.814452044898644,13,4,1
48.83452365593985,7,4,1
48.83533464791253,6,4,1
48.89417163981125,9,4,1
48.91070895199664,8,4,1
48.91423830995336,10,4,1
49.007641376927495,0,4,1
49.011030982015654,11,4,1
49.70620280294679,12,8,1
49.70712103880942,5,8,1
49.719801301835105,3,8,1
49.789020113879815,1,8,1
49.80930033000186,6,8,1
49.810083721997216,13,8,1
49.813152277842164,7,8,1
49.8940026438795,9,8,1
49.91355638997629,8,7,1
49.91668812697753,9,7,1
49.91740842699073,10,8,1
49.938473424874246,9,3,1
49.93928605783731,8,3,1
49.94011019100435,10,7,1
49.95766553096473,10,3,1
50.00348287890665,4,8,1
50.00900407298468,0,8,1
50.01387737994082,11,8,1
50.025918824831024,4,7,1
50.03256000089459,0,7,1
50.035400569904596,2,8,1
50.03642376791686,11,7,1
50.045549942879006,4,3,1
50.051771726924926,0,3,1
50.05955917388201,11,3,1
50.06040764786303,2,7,1
50.07739304192364,11,6,1
50.07875255984254,2,3,1
50.09252090379596,2,6,1
50.206882575992495,12,7,1
50.20839680801146,5,7,1
50.2157294228673,3,7,1
50.22630708781071,12,3,1
50.230112643912435,5,3,1
50.23216866189614,3,6,1
50.24934823089279,12,6,1
50.25007627089508,5,6,1
50.288530074991286,1,7,1
50.303361678961664,13,7,1
50.30412801983766,6,7,1
50.307705549988896,7,3,1
50.31103275180794,1,3,1
50.331173684913665,7,6,1
50.331915504997596,1,6,1
50.332624085014686,13,3,1
50.33333106501959,6,3,1
50.3492337288335,13,6,1
50.3908001689706,9,6,1
50.408491112990305,8,6,1
50.41672765184194,10,6,1
50.50110980682075,4,6,1
50.50382358301431,0,6,1
50.71808531298302,3,13,2
50.78763018292375,1,13,2
50.80670007597655,13,12,2
50.80755577981472,6,13,2
50.81060623493977,1,12,2
50.811358446022496,7,13,2
50.828523895004764,6,12,2
50.83191155991517,7,12,2
50.89916314580478,9,13,2
50.91160211293027,8,13,2
50.916634924011305,10,13,2
50.91992405592464,9,12,2
50.93360753799789,8,12,2
50.93713416601531,10,12,2
51.00548263383098,4,13,2
51.00863074185327,0,13,2
51.01220279093832,11,13,2
51.03345098393038,0,12,2
51.03421667497605,4,12,2
51.03493167483248,11,12,2
51.035637044813484,2,13,2
51.05711118481122,2,12,2
51.20607195189223,5,13,2
51.209714432945475,12,13,2
51.219003152800724,3,12,2
51.22621345380321,5,12,2
51.70228543994017,5,10,2
51.70998256490566,12,10,2
51.7215616479516,3,10,2
51.722912855912,5,11,2
51.73084549698979,12,11,2
51.74209142080508,3,11,2
51.788345132023096,1,10,2
51.80555149191059,6,10,2
51.808409571880475,13,10,2
51.812231119023636,7,10,2
51.813328919932246,1,11,2
51.8296434849035,6,11,2
51.83041322580539,13,11,2
51.8332276949659,7,11,2
51.89459005696699,9,10,2
51.908016801811755,8,10,2
51.91730172093958,9,11,2
51.918073932873085,10,11,2
51.92844542185776,8,11,2
52.009374000830576,4,10,2
52.01454193494283,11,10,2
52.01538535882719,0,10,2
52.03458613390103,4,11,2
52.0353535360191,2,10,2
52.036142237950116,0,11,2
52.057732299901545,2,11,2
52.20423617889173,5,9,1
52.207969672977924,12,9,1
52.2179505918175,3,9,1
52.27967394492589,1,9,1
52.29315100098029,6,9,1
52.29370484594256,13,9,1
52.300499244825915,7,9,1
52.40743581997231,10,9,1
52.40900574391708,8,9,1
52.50048937695101,4,9,1
52.50603604200296,0,9,1
52.510310200974345,11,9,1
52.52383895893581,2,9,1
57.02759120380506,2,0,1
57.20416319184005,5,0,1
57.20832975883968,12,0,1
57.21754449582659,3,0,1
57.22884342097677,12,2,1
57.238018397009,3,2,1
57.286566451890394,1,0,1
57.29834307101555,6,0,1
57.29945881199092,13,0,1
57.30976790981367,7,0,1
57.31131647294387,1,2,1
57.320615011965856,6,2,1
57.3228484839201,13,2,1
57.33021584991366,7,2,1
57.39158454281278,9,0,1
57.40600579488091,8,0,1
57.41437708889134,9,2,1
57.41514180996455,10,0,1
57.426704593002796,8,2,1
57.43529295292683,10,2,1
57.508119844831526,4,0,1
57.51232996280305,11,0,1
57.513089234009385,0,2,1
57.532570607960224,4,2,1
57.53409203980118,11,2,1
57.702459268970415,5,2,1
58.20512612792663,5,1,1
58.20906985900365,12,1,1
58.22080587595701,3,1,1
58.30027523380704,13,1,1
58.30105822579935,6,1,1
58.3092337239068,7,1,1
58.39354304689914,9,1,1
58.40733112185262,8,1,1
58.415890510892496,9,5,1
58.41667483281344,10,1,1
58.42770990985446,8,5,1
58.43679304397665,10,5,1
58.50814404594712,4,1,1
58.5129131488502,0,1,1
58.51427594688721,11,1,1
58.52948358096182,2,1,1
58.53823528485373,11,5,1
58.53962992387824,4,5,1
58.54043483687565,0,5,1
58.55036350386217,2,5,1
58.56879421789199,2,4,1
58.693481027847156,5,4,1
58.709758871933445,12,5,1
58.720426040003076,3,5,1
58.729715348919854,12,4,1
58.74117256887257,3,4,1
58.789842187892646,1,5,1
58.80194621486589,6,5,1
58.803007274866104,13,5,1
58.8116190249566,7,5,1
58.813505527796224,1,4,1
58.825299586867914,6,4,1
58.827160108834505,13,4,1
58.835610914975405,7,4,1
58.89290108392015,9,4,1
58.9070294178091,8,4,1
58.914157756837085,10,4,1
59.00225113588385,0,4,1
59.01149449381046,11,4,1
59.70237930584699,5,8,1
59.70997371780686,12,8,1
59.72077398886904,3,8,1
59.80164254689589,1,8,1
59.8082482710015,6,8,1
59.80907740397379,13,8,1
59.813581930007786,7,8,1
59.89460107102059,9,8,1
59.91341220587492,8,3,1
59.917053557001054,9,3,1
59.9177872678265,10,8,1
59.93776313494891,8,7,1
59.93913020379841,9,7,1
59.939893004950136,10,3,1
59.95691240997985,10,7,1
60.00769781693816,4,8,1
60.008577461820096,11,8,1
60.009678152855486,0,8,1
60.03258913196623,11,3,1
60.03414140595123,2,8,1
60.034860965795815,0,3,1
60.03556967480108,4,3,1
60.05473585985601,11,7,1
60.0581715258304,0,7,1
60.0588862458244,2,3,1
60.05959595600143,4,7,1
60.06521151284687,11,6,1
60.07627934101038,2,7,1
60.090990491909906,2,6,1
60.20619286689907,5,3,1
60.21034177299589,12,3,1
60.21924379095435,3,7,1
60.22788532287814,5,7,1
60.23131749895401,12,7,1
60.23973397281952,3,6,1
60.24838619492948,5,6,1
60.251669575925916,12,6,1
60.2917501849588,1,3,1
60.301542398985475,13,3,1
60.30254341685213,6,3,1
60.310986891854554,7,3,1
60.31877028895542,1,7,1
60.32478564698249,13,7,1
60.32550586690195,6,7,1
60.33272470883094,7,6,1
60.34098057891242,1,6,1
60.34346530796029,13,6,1
60.3936251278501,9,6,1
60.407407033024356,8,6,1
60.41505362582393,10,6,1
60.49517263285816,4,6,1
60.49974316987209,0,6,1
60.788969941902906,1,13,2
60.80061560799368,13,12,2
60.80138414888643,6,13,2
60.81220371089876,7,13,2
60.81408418295905,1,12,2
60.8245533448644,6,12,2
60.83290576888248,7,12,2
60.89490334899165,9,13,2
60.9110242088791,8,13,2
60.91730345389806,10,13,2
60.918611550936475,9,12,2
60.93100419687107,8,12,2
60.937502707820386,10,12,2
61.003914180910215,4,13,2
61.00920451898128,0,13,2
61.01479279482737,11,13,2
61.03342403494753,0,12,2
61.034189976984635,4,12,2
61.03490502689965,2,13,2
61.037676414009184,11,12,2
61.05490271397866,2,12,2
61.20599012100138,5,13,2
61.210355932824314,12,13,2
61.21937831491232,3,13,2
61.226044340990484,5,12,2
61.23965325090103,3,12,2
61.7024603378959,5,10,2
61.709635397884995,12,10,2
61.71978374081664,3,10,2
61.72267390182242,5,11,2
61.730496970936656,12,11,2
61.739955173805356,3,11,2
61.789370003854856,1,10,2
61.80015273485333,6,10,2
61.800890024984255,13,10,2
61.81225759186782,7,10,2
61.81360647990368,1,11,2
61.82258081086911,6,11,2
61.82573221786879,13,11,2
61.83320661680773,7,11,2
61.894336642930284,9,10,2
61.90787384100258,8,10,2
61.91724091186188,10,11,2
61.91800369392149,9,11,2
61.92783626797609,8,11,2
62.00798089499585,4,10,2
62.00878632697277,0,10,2
62.01566086895764,11,10,2
62.033370923949406,0,11,2
62.03414083481766,4,11,2
62.034869625931606,2,10,2
62.05483177280985,2,11,2
62.20322240400128,5,9,1
62.20734333898872,12,9,1
62.217380109010264,3,9,1
62.28599655488506,1,9,1
62.2981108718086,13,9,1
62.29886083281599,6,9,1
62.307619297876954,7,9,1
62.40473030786961,8,9,1
62.412536745890975,10,9,1
62.49918615492061,4,9,1
62.50949104200117,0,9,1
62.51115321787074,11,9,1
62.52832020679489,2,9,1
67.02764024492353,2,0,1
67.20417543291114,5,0,1
67.20811400283128,12,0,1
67.21788303484209,3,0,1
67.22828993480653,12,2,1
67.23829850484617,3,2,1
67.28632204490714,1,0,1
67.29896984784864,13,0,1
67.2998289919924,6,0,1
67.30925852479413,1,2,1
67.31002849689685,7,0,1
67.32262450782582,6,2,1
67.32407341897488,13,2,1
67.3308704989031,7,2,1
67.39349417691119,9,0,1
67.40673584584147,8,0,1
67.415222362848,9,2,1
67.41598172392696,10,0,1
67.42699004197493,8,2,1
67.4388496519532,10,2,1
67.50406065187417,4,0,1
67.50880628498271,0,2,1
67.51439416082576,11,0,1
67.52960417489521,4,2,1
67.53810204286128,11,2,1
67.70252484199591,5,2,1
68.20508077787235,5,1,1
68.20883373287506,12,1,1
68.21850704285316,3,1,1
68.29826119891368,6,1,1
68.29963617795147,13,1,1
68.3091056519188,7,1,1
68.3302765628323,7,5,1
68.38800362381153,9,1,1
68.40545757091604,9,5,1
68.40602457686327,8,1,1
68.41692392085679,10,1,1
68.42374123097397,8,5,1
68.43907196982764,10,5,1
68.5035913598258,4,1,1
68.50769306486472,0,1,1
68.51199275488034,11,1,1
68.52675959700719,4,5,1
68.53244313597679,2,1,1
68.53317972598597,0,5,1
68.53392275702208,11,5,1
68.55385345290415,2,5,1
68.57301026792265,2,4,1
68.70196128683165,5,4,1
68.70952846785076,12,5,1
68.71907893382013,3,5,1
68.72924023796804,12,4,1
68.73862320999615,3,4,1
68.78929756395519,1,5,1
68.8027680509258,13,5,1
68.80701240897179,7,4,1
68.80782151198946,6,5,1
68.81034469185397,1,4,1
68.82676594983786,13,4,1
68.83119008387439,6,4,1
68.89856312400661,9,4,1
68.90748648298904,8,4,1
68.91425499180332,10,4,1
69.00763258896768,0,4,1
69.01110087498091,11,4,1
69.70265430700965,5,8,1
69.71006869385019,12,8,1
69.71953251794912,3,8,1
69.79615756683052,1,8,1
69.80399003601633,6,8,1
69.80477555794641,13,8,1
69.81309686996974,7,8,1
69.89525573281571,9,8,1
69.89995000394993,8,7,1
69.91624063882045,8,3,1
69.91833564685658,9,7,1
69.91963363392279,10,8,1
69.9383403249085,9,3,1
69.94280924997292,10,7,1
69.96118447300978,10,3,1
70.00581586896442,0,8,1
70.00709029380232,4,8,1
70.00891775498167,11,8,1
70.01684178598225,0,7,1
70.02886273199692,11,7,1
70.02995783183724,4,7,1
70.03270447882824,2,8,1
70.03500715293922,0,3,1
70.04776135995053,11,3,1
70.04834754602052,4,3,1
70.0550061808899,2,7,1
70.06411725585349,11,6,1
70.07462784880772,2,3,1
70.0910887888167,2,6,1
70.20585614186712,5,7,1
70.2111342488788,12,7,1
70.21983300196007,3,7,1
70.22734870179556,5,3,1
70.2370753728319,12,3,1
70.24048834783025,3,6,1
70.24722589692101,5,6,1
70.25835040700622,12,6,1
70.28820099984296,1,7,1
70.30048888293095,6,7,1
70.30125154484995,13,7,1
70.31309868488461,1,3,1
70.3141357540153,7,3,1
70.32422374584712,13,3,1
70.32715557795018,6,3,1
70.33640072587878,1,6,1
70.34145884681493,7,6,1
70.34345739288256,13,6,1
70.39419161900878,9,6,1
70.41101732780226,8,6,1
70.4119148729369,10,6,1
70.50333222490735,4,6,1
70.50414981786162,0,6,1
70.78906569001265,1,13,2
70.80233898991719,6,13,2
70.80349708301947,13,12,2
70.81140636396594,7,13,2
70.81335773784667,1,12,2
70.82828703499399,6,12,2
70.83169926982373,7,12,2
70.89514175080694,9,13,2
70.9137103788089,8,13,2
70.91740480181761,9,12,2
70.91835978883319,10,13,2
70.93803025782108,10,12,2
70.93883073981851,8,12,2
71.00357774691656,4,13,2
71.01013821992092,0,13,2
71.01617355900817,11,13,2
71.02554003987461,4,12,2
71.03128571086563,2,13,2
71.03447891981341,0,12,2
71.03939173696563,11,12,2
71.05168149992824,2,12,2
71.19992842781357,5,13,2
71.21345966495574,3,13,2
71.21404706197791,12,13,2
71.2158709729556,5,12,2
71.22587268194184,3,12,2
71.70191153883934,5,10,2
71.71043868595734,12,10,2
71.72277185088024,5,11,2
71.72356701293029,3,10,2
71.7340403648559,12,11,2
71.74605223094113,3,11,2
71.78875558194704,1,10,2
71.8016969638411,6,10,2
71.80247009498999,13,10,2
71.81121061882004,7,10,2
71.81311951298267,1,11,2
71.82433706591837,13,11,2
71.82803780888207,6,11,2
71.83160594897345,7,11,2
71.89458120591007,9,10,2
71.91308456286788,8,10,2
71.91674102493562,9,11,2
71.91747261490673,10,11,2
71.93398894602433,8,11,2
72.00322461896576,4,10,2
72.00681884889491,0,10,2
72.01855929684825,11,10,2
72.030395766953,0,11,2
72.03117151884362,4,11,2
72.03193086991087,2,10,2
72.05185568588786,2,11,2
72.20003023184836,5,9,1
72.20847591781057,12,9,1
72.2170240059495,3,9,1
72.28611971484497,1,9,1
72.29926769179292,6,9,1
72.30007440387271,13,9,1
72.31263724481687,7,9,1
72.40569702186622,8,9,1
72.41231694701128,10,9,1
72.50635581184179,4,9,1
72.50827790587209,0,9,1
72.51011395687237,11,9,1
72.52787157194689,2,9,1
77.02760998695157,2,0,1
77.20043306099251,5,0,1
77.2103540878743,12,0,1
77.2133732419461,3,0,1
77.22929479693994,3,2,1
77.23366397898644,12,2,1
77.28626214689575,1,0,1
77.29764271480963,13,0,1
77.2990018830169,6,0,1
77.30929315998219,7,0,1
77.31078051100485,1,2,1
77.31875254400074,13,2,1
77.32619993202388,6,2,1
77.33097919495776,7,2,1
77.39195191697218,9,0,1
77.41115783294663,8,0,1
77.41469021188095,9,2,1
77.41542030195706,10,0,1
77.43275529588573,8,2,1
77.43576552998275,10,2,1
77.50338760693558,4,0,1
77.50949107785709,0,2,1
77.5108006238006,11,0,1
77.52786438097246,4,2,1
77.53103163884953,11,2,1
77.70276878285222,5,2,1
78.20303061581217,5,1,1
78.20952192693949,12,1,1
78.21949668601155,3,1,1
78.29936997499317,6,1,1
78.30016657686792,13,1,1
78.30879004788585,7,1,1
78.39319761400111,9,1,1
78.41309370892122,8,1,1
78.4162966189906,9,5,1
78.41707111988217,10,1,1
78.43899362185039,8,5,1
78.4398047439754,10,5,1
78.50847234087996,0,1,1
78.50990566099063,4,1,1
78.51293857581913,11,1,1
78.53541426290758,11,5,1
78.5364793529734,0,5,1
78.53748375084251,4,5,1
78.53846282791346,2,1,1
78.55777644691989,2,5,1
78.57671514595859,2,4,1
78.70183077896945,5,4,1
78.70932538784109,12,5,1
78.71968071698211,3,5,1
78.72888545389287,12,4,1
78.73969792481512,3,4,1
78.7880480249878,1,5,1
78.79985785484314,13,5,1
78.80132726579905,6,5,1
78.81082802079618,7,5,1
78.81155213085003,1,4,1
78.82042206893675,13,4,1
78.82384759397246,6,4,1
78.83072862587869,7,4,1
78.89307839679532,9,4,1
78.90836763288826,8,4,1
78.91973604098894,10,4,1
79.00776406796649,0,4,1
79.01204487681389,11,4,1
79.70265449397266,5,8,1
79.70938629191369,12,8,1
79.72043440002017,3,8,1
79.78911773697473,1,8,1
79.80319270980544,13,8,1
79.80876502580941,6,8,1
79.81293054181151,7,8,1
79.8995868708007,9,8,1
79.91138621000573,8,7,1
79.9152680078987,10,8,1
79.92358683096245,9,7,1
79.93932314985432,10,7,1
79.94040103000589,8,3,1
79.94231016281992,9,3,1
79.95784084685147,10,3,1
80.0088875608053,0,8,1
80.00984131800942,4,8,1
80.01267285691574,11,8,1
80.03564352798276,11,7,1
80.03646452096291,2,8,1
80.03721581189893,0,7,1
80.03792469180189,4,7,1
80.0611587499734,11,3,1
80.06192819192074,0,3,1
80.06269653281197,4,3,1
80.06342667294666,2,7,1
80.0758798609022,11,6,1
80.08033952582628,2,3,1
80.09521527099423,2,6,1
80.20317124389112,5,7,1
80.2097407579422,12,7,1
80.21979348780587,3,7,1
80.22957233083434,5,3,1
80.23098623100668,12,3,1
80.24068578099832,3,6,1
80.25230492581613,5,6,1
80.25307880691253,12,6,1
80.29116147989407,1,7,1
80.30031596589833,13,7,1
80.30109740793705,6,7,1
80.31134679401293,7,3,1
80.31326586683281,1,3,1
80.32341130985878,13,3,1
80.32541319588199,6,3,1
80.33314938191324,1,6,1
80.33453565090895,7,6,1
80.34276893083006,13,6,1
80.38944428390823,9,6,1
80.40819165692665,8,6,1
80.41448074183427,10,6,1
80.4956412978936,4,6,1
80.50382515601814,0,6,1
80.79578951583244,1,13,2
80.79794465587474,13,12,2
80.79949939879589,6,13,2
80.81304045696743,7,13,2
80.81832587486133,1,12,2
80.8197099128738,6,12,2
80.83599235792644,7,12,2
80.8937670008745,9,13,2
80.91332082590088,8,13,2
80.91654988587834,9,12,2
80.91778026102111,10,13,2
80.93861377192661,10,12,2
80.93989385780878,8,12,2
81.0035478649661,4,13,2
81.00890800380148,0,13,2
81.01270372001454,11,13,2
81.02970827487297,4,12,2
81.03369017597288,0,12,2
81.03443494695239,11,12,2
81.03514764690772,2,13,2
81.05467704194598,2,12,2
81.20287374895997,5,13,2
81.20995646598749,12,13,2
81.22384473402053,5,12,2
81.22461815481074,3,13,2
81.24688399699517,3,12,2
81.70247674384154,5,10,2
81.70962269301526,12,10,2
81.72185552399606,3,10,2
81.72322193300352,5,11,2
81.73015458602458,12,11,2
81.74295406299643,3,11,2
81.78956407494843,1,10,2
81.8020988740027,6,10,2
81.80313532287255,13,10,2
81.81106486497447,1,11,2
81.813243445009,7,10,2
81.82575889490545,13,11,2
81.82647194480523,6,11,2
81.8372469348833,7,11,2
81.89428189699538,9,10,2
81.90802779095247,8,10,2
81.91674633393995,9,11,2
81.91822341596708,10,11,2
81.9284032699652,8,11,2
82.00393034797162,4,10,2
82.00861675781198,0,10,2
82.01472623902373,11,10,2
82.02631884301081,4,11,2
82.03259016782977,0,11,2
82.03445187001489,2,10,2
82.05567529192194,2,11,2
82.19996877992526,5,9,1
82.20764642395079,12,9,1
82.21812669700012,3,9,1
82.28648002399132,1,9,1
82.29885243996978,13,9,1
82.29960343101993,6,9,1
82.30997857102193,7,9,1
82.40584924584255,8,9,1
82.41365009383298,10,9,1
82.50769001897424,4,9,1
82.50896170479245,11,9,1
82.51000539399683,0,9,1
82.52073035296053,2,9,1
87.02766098501161,2,0,1
87.20098320301622,5,0,1
87.20703119179234,12,0,1
87.22145923483185,3,0,1
87.22335729794577,12,2,1
87.24374178680591,3,2,1
87.28663623379543,1,0,1
87.29785809689201,13,0,1
87.29858730686828,6,0,1
87.30865130783059,1,2,1
87.3094245698303,7,0,1
87.32096523186192,6,2,1
87.32168869185261,13,2,1
87.33072166400962,7,2,1
87.39189419196919,9,0,1
87.40621662186459,8,0,1
87.41539672785439,10,0,1
87.41616904898547,9,2,1
87.42709201388061,8,2,1
87.43872211896814,10,2,1
87.50375263392925,4,0,1
87.5092745278962,0,2,1
87.51320773782209,11,0,1
87.52456287480891,4,2,1
87.53489545290358,11,2,1
87.7028574720025,5,2,1
88.20274332491681,5,1,1
88.20935592986643,12,1,1
88.22113853879273,3,1,1
88.30057225585915,13,1,1
88.30166075681336,6,1,1
88.3100619208999,7,1,1
88.3935456709005,9,1,1
88.40879790694453,8,1,1
88.41809318587184,10,1,1
88.41918133688159,9,5,1
88.43194432300515,8,5,1
88.43969706981443,10,5,1
88.5087172659114,0,1,1
88.50979981594719,4,1,1
88.51259564398788,11,1,1
88.53524435590953,0,5,1
88.53630536585115,4,5,1
88.53731364384294,2,1,1
88.53832526295446,11,5,1
88.55670424597338,2,5,1
88.57489188294858,2,4,1
88.7017188728787,5,4,1
88.70917543186806,12,5,1
88.71906697796658,3,5,1
88.72885295096785,12,4,1
88.73856828198768,3,4,1
88.79130080388859,1,5,1
88.80149362888187,6,5,1
88.80336770089343,13,5,1
88.81197089096531,7,5,1
88.81846247194335,1,4,1
88.82255005580373,6,4,1
88.8288098408375,13,4,1
88.83238155092113,7,4,1
88.89329939079471,9,4,1
88.91021328279749,8,4,1
88.9147298890166,10,4,1
89.0085955800023,0,4,1
89.01206279592589,11,4,1
89.70308077498339,5,8,1
89.70971541991457,12,8,1
89.71944105182774,3,8,1
89.800935896812,1,8,1
89.80598787683994,7,8,1
89.80678350990638,13,8,1
89.80752214998938,6,8,1
89.89582654484548,9,8,1
89.91437032283284,8,7,1
89.9168660028372,10,8,1
89.9219743849244,9,7,1
89.94035105779767,10,7,1
89.94108257885091,8,3,1
89.94269705284387,9,3,1
89.95849431492388,10,3,1
90.00470033381134,4,8,1
90.01044106390327,0,8,1
90.01458832994103,11,8,1
90.02740594791248,4,7,1
90.03305563586764,0,7,1
90.0337889958173,2,8,1
90.03647640091367,11,7,1
90.04658349300735,4,3,1
90.05783057701774,0,3,1
90.05855747801252,11,3,1
90.0592813079711,2,7,1
90.07640635594726,11,6,1
90.07718503801152,2,3,1
90.09225740795955,2,6,1
90.205714214826,5,7,1
90.2093526669778,12,7,1
90.21923915296793,3,7,1
90.2288765318226,5,3,1
90.2304291848559,12,3,1
90.23983996780589,3,6,1
90.24983400688507,5,6,1
90.25055832695216,12,6,1
90.2888621459715,1,7,1
90.30026102485135,6,7,1
90.30100133479573,13,7,1
90.31200254196301,7,3,1
90.31771521200426,1,3,1
90.32367832795717,13,3,1
90.32443601894192,6,3,1
90.33534264401533,7,6,1
90.34074318502098,1,6,1
90.34267969895154,13,6,1
90.38961940887384,9,6,1
90.41135860490613,10,6,1
90.41257120901719,8,6,1
90.49836916383356,4,6,1
90.50433939089999,0,6,1
90.78334326902404,1,13,2
90.80036836396903,1,12,2
90.80142055382021,13,12,2
90.8050105839502,6,13,2
90.80967365391552,7,13,2
90.82623325590976,6,12,2
90.82970874290913,7,12,2
90.89479803992435,9,13,2
90.91137413284741,8,13,2
90.91695697885007,9,12,2
90.91774603095837,10,13,2
90.93119972595014,8,12,2
90.93782752100378,10,12,2
91.0053046348039,4,13,2
91.00849692383781,0,13,2
91.01469426695257,11,13,2
91.03029313194565,4,12,2
91.03319682390429,0,12,2
91.0344393379055,2,13,2
91.03644777392037,11,12,2
91.05369995580986,2,12,2
91.20601316681132,5,13,2
91.2100700607989,12,13,2
91.21950236381963,3,13,2
91.22640113602392,5,12,2
91.23964650579728,3,12,2
91.70207587396726,5,10,2
91.70993736386299,12,10,2
91.72149012587033,3,10,2
91.72289298591204,5,11,2
91.73048114683479,12,11,2
91.74178982293233,3,11,2
91.78291245084256,1,10,2
91.80499585694633,6,10,2
91.80576177896,1,11,2
91.80648960894905,13,10,2
91.80979920201935,7,10,2
91.83332856791094,13,11,2
91.83408200880513,7,11,2
91.83480400894769,6,11,2
91.89540960080922,9,10,2
91.91499221790582,8,10,2
91.91842237301171,9,11,2
91.91917788400315,10,11,2
91.9361838188488,8,11,2
92.00541950180195,4,10,2
92.00811863690615,0,10,2
92.01605335902423,11,10,2
92.03082635090686,0,11,2
92.03158670198172,4,11,2
92.03233854286373,2,10,2
92.05262931995094,2,11,2
92.20379267889075,5,9,1
92.20735813886859,12,9,1
92.21688094502315,3,9,1
92.28917973302305,1,9,1
92.29779197298922,13,9,1
92.29925603396259,6,9,1
92.31003930489533,7,9,1
92.40602125390433,8,9,1
92.41279634297825,10,9,1
92.50338456197642,0,9,1
92.50429562781937,4,9,1
92.51204602397047,11,9,1
92.52728848997504,2,9,1
97.02769305487163,2,0,1
97.20041620591655,5,0,1
97.2078844239004,12,0,1
97.21741869091056,3,0,1
97.22850521001965,12,2,1
97.2380287759006,3,2,1
97.28615986998193,1,0,1
97.2986269169487,13,0,1
97.29940596898086,6,0,1
97.3094380388502,1,2,1
97.31075291591696,7,0,1
97.32215216383338,6,2,1
97.3239927359391,13,2,1
97.33285194286145,7,2,1
97.39279518602416,9,0,1
97.41131337289698,8,0,1
97.41540425689891,10,0,1
97.41614989796653,9,2,1
97.43316341284662,8,2,1
97.43618974694982,10,2,1
97.50713354791515,4,0,1
97.50896302890033,0,2,1
97.51090509281494,11,0,1
97.53010198893026,4,2,1
97.53163485182449,11,2,1
97.70179644180462,5,2,1
98.20199441490695,5,1,1
98.2089035178069,12,1,1
98.21859655785374,3,1,1
98.30002159089781,13,1,1
98.30523671698757,6,1,1
98.30921060801484,7,1,1
98.3943010228686,9,1,1
98.40786702092737,8,1,1
98.41729673487134,10,1,1
98.41802401491441,9,5,1
98.42812161683105,8,5,1
98.44051237287931,10,5,1
98.50394706381485,4,1,1
98.50952968886122,0,1,1
98.5129847258795,11,1,1
98.5305730169639,4,5,1
98.53191769402474,2,1,1
98.53471337188967,11,5,1
98.53603296889924,0,5,1
98.55268069379963,2,5,1
98.57094135391526,2,4,1
98.70143546583131,5,4,1
98.70907665998675,12,5,1
98.72197702992707,3,5,1
98.72861692495644,12,4,1
98.74375994782895,3,4,1
98.78821296896785,1,5,1
98.7999282758683,6,5,1
98.80071618780494,13,5,1
98.81075768801384,1,4,1
98.81276158383116,7,5,1
98.82251504599117,6,4,1
98.82328401785344,13,4,1
98.83233079989441,7,4,1
98.89369517285377,9,4,1
98.90830413089134,8,4,1
98.9162469629664,10,4,1
99.00749262981117,0,4,1
99.0131783389952,11,4,1
99.7029175828211,5,8,1
99.71165753598325,12,8,1
99.72195640392601,3,8,1
99.79050888796337,1,8,1
99.8029494448565,13,8,1
99.80744912079535,6,8,1
99.81156666600145,7,8,1
99.89964042394422,9,8,1
99.90828336495906,8,7,1
99.91748304199427,10,8,1
99.92012882581912,9,7,1
99.92931440193206,8,3,1
99.93980452488177,9,3,1
99.94096789788455,10,7,1
99.96017251396552,10,3,1
100.00417605182156,4,8,1
100.00904412800446,0,8,1
100.01352579286322,11,8,1
100.0252846609801,4,7,1
100.03299875697121,2,8,1
100.03495755093172,0,7,1
100.03736857883632,11,7,1
100.04490994894877,4,3,1
100.05782304983586,2,7,1
100.05861798184924,11,3,1
100.0593402418308,0,3,1
100.07764732302167,11,6,1
100.07906559295952,2,3,1
100.09422684600577,2,6,1
100.2043973908294,5,7,1
100.2118275789544,12,7,1
100.2226817519404,3,7,1
100.22603435488418,5,3,1
100.233335908968,12,3,1
100.24938103696331,5,6,1
100.2507396650035,3,6,1
100.2522544870153,12,6,1
100.2903425199911,1,7,1
100.29262025398202,13,7,1
100.3033564737998,6,7,1
100.30548682296649,13,3,1
100.31234934483655,7,3,1
100.31498583802022,1,3,1
100.31717013893649,13,6,1
100.32441300083883,6,3,1
100.33512030984275,1,6,1
100.3362003909424,7,6,1
100.39549584593624,9,6,1
100.41119942395017,8,6,1
100.41228179400787,10,6,1
100.50079974485561,4,6,1
100.50317225186154,0,6,1
100.78952383482829,1,13,2
100.80023471382447,13,12,2
100.80126198288053,6,13,2
100.81155771994963,1,12,2
100.81261486001313,7,13,2
100.82165897195227,6,12,2
100.83263496891595,7,12,2
100.89485532580875,9,13,2
100.90841302392073,8,13,2
100.91713557695039,9,12,2
100.91816439596005,10,13,2
100.92832274991088,8,12,2
100.93838311987929,10,12,2
101.00652602198534,4,13,2
101.01003739098087,0,13,2
101.01437155180611,11,13,2
101.02986736386083,2,13,2
101.03210901701823,4,12,2
101.03323365794495,0,12,2
101.03621796192601,11,12,2
101.04600298497826,2,12,2
101.2022269058507,5,13,2
101.20968811400235,12,13,2
101.22384703881107,5,12,2
101.22464725095779,3,13,2
101.2461247309111,3,12,2
101.7019632558804,5,10,2
101.71109456080012,12,10,2
101.7212537638843,3,10,2
101.72263935301453,5,11,2
101.73454966489226,12,11,2
101.74177838698961,3,11,2
101.78957089199685,1,10,2
101.79980706679635,6,10,2
101.80041347397491,13,10,2
101.81124807684682,1,11,2
101.81189381494187,7,10,2
101.8226892859675,13,11,2
101.82325877179392,6,11,2
101.8328871508129,7,11,2
101.89628091990016,9,10,2
101.9087492278777,8,10,2
101.91335011692718,10,11,2
101.91670589102432,9,11,2
101.93186842394061,8,11,2
102.0033070279751,4,10,2
102.00875130994245,0,10,2
102.0137262288481,11,10,2
102.02865257486701,4,11,2
102.03259192500263,0,11,2
102.03416920895688,2,10,2
102.05555683583952,2,11,2
102.1999002858065,5,9,1
102.20729841198772,12,9,1
102.21811270387843,3,9,1
102.28656650497578,1,9,1
102.29788525099866,6,9,1
102.29890126991086,13,9,1
102.3070906479843,7,9,1
102.40568165993318,8,9,1
102.4133087429218,10,9,1
102.50274839997292,4,9,1
102.50837783701718,0,9,1
102.51021381793544,11,9,1
102.52864247281104,2,9,1
107.02720228186809,2,0,1
107.20074740587734,5,0,1
107.2104452769272,12,0,1
107.2176044669468,3,0,1
107.23509900597855,12,2,1
107.23825922398828,3,2,1
107.28673850698397,1,0,1
107.30004878900945,6,0,1
107.30109192780219,13,0,1
107.30967309698462,7,0,1
107.31161720096134,1,2,1
107.3230293598026,13,2,1
107.32683891686611,6,2,1
107.3312369689811,7,2,1
107.39288364979438,9,0,1
107.40613067988306,8,0,1
107.41595906484872,10,0,1
107.416989272926,9,2,1
107.42659190087579,8,2,1
107.43914760183543,10,2,1
107.50071558100171,4,0,1
107.51032689888962,0,2,1
107.51135918684304,11,0,1
107.52114275097847,4,2,1
107.53157129185274,11,2,1
107.7022794180084,5,2,1
108.2015292039141,5,1,1
108.20944333495572,12,1,1
108.2209178158082,3,1,1
108.30155422585085,6,1,1
108.3025934449397,13,1,1
108.3093941048719,7,1,1
108.39364475687034,9,1,1
108.40725319692865,8,1,1
108.41651489585638,9,5,1
108.41756133502349,10,1,1
108.4272753058467,8,5,1
108.43869613483548,10,5,1
108.5040321489796,4,1,1
108.50818168488331,0,1,1
108.51188762788661,11,1,1
108.53356372285634,4,5,1
108.53459834191017,11,5,1
108.53562041092664,2,1,1
108.53667948092334,0,5,1
108.55494399997406,2,5,1
108.5728843708057,2,4,1
108.70150634180754,5,4,1
108.71135886688717,12,5,1
108.72212980687618,3,5,1
108.73235472291708,12,4,1
108.74207025393844,3,4,1
108.78903707489371,1,5,1
108.80150639289059,6,5,1
108.80256806290708,13,5,1
108.81105181993917,1,4,1
108.81213168986142,7,5,1
108.82382996683009,13,4,1
108.82485834485851,6,4,1
108.83181855897419,7,4,1
108.89419782091863,9,4,1
108.90794629487209,8,4,1
108.91493621980771,10,4,1
109.00781289185397,0,4,1
109.01141578285024,11,4,1
109.70247643487528,5,8,1
109.70989368180744,12,8,1
109.71889771288261,3,8,1
109.78841969394125,1,8,1
109.80794826894999,6,8,1
109.80875386088155,13,8,1
109.81315260380507,7,8,1
109.89482775400393,9,8,1
109.91053184284829,8,7,1
109.9168565790169,10,8,1
109.91821054695174,9,7,1
109.93372403993271,8,3,1
109.93953034188598,9,3,1
109.94044574792497,10,7,1
109.95804142882116,10,3,1
110.00329453195445,4,8,1
110.00860485085286,0,8,1
110.0132697308436,11,8,1
110.0277937760111,4,7,1
110.03374302200973,0,7,1
110.03450093395077,2,8,1
110.0352458639536,11,7,1
110.04686136799864,4,3,1
110.05728433979675,0,3,1
110.05802950984798,11,3,1
110.05938709783368,2,7,1
110.07590728881769,11,6,1
110.0782913158182,2,3,1
110.0924810518045,2,6,1
110.20262971683405,5,7,1
110.20994282094762,12,7,1
110.21880071889609,3,7,1
110.22765217488632,5,3,1
110.23163927695714,12,3,1
110.23932821187191,3,6,1
110.24866897193715,5,6,1
110.25076289102435,12,6,1
110.28813294391148,1,7,1
110.30110266595148,13,7,1
110.30182585585862,6,7,1
110.31144941481762,7,3,1
110.31221455591731,1,3,1
110.32488782983273,13,3,1
110.32561085000634,6,3,1
110.33658878598362,1,6,1
110.33731483691372,7,6,1
110.34353015990928,13,6,1
110.3897553209681,9,6,1
110.40799178997986,8,6,1
110.41498104482889,10,6,1
110.50049541192129,4,6,1
110.50357404793613,0,6,1
110.79313951195218,1,13,2
110.80339036788791,6,13,2
110.80582379596308,13,12,2
110.81190951587632,7,13,2
110.81515289586969,1,12,2
110.82364322291687,6,12,2
110.83243768895045,7,12,2
110.89476843900047,9,13,2
110.90823689498939,8,13,2
110.91727786697447,10,13,2
110.91832938697189,9,12,2
110.92891765199602,8,12,2
110.93737873784266,10,12,2
111.00360129680485,4,13,2
111.00920795393176,0,13,2
111.01272840192541,11,13,2
111.02753186482005,4,12,2
111.03387027187273,11,12,2
111.03494833200239,2,13,2
111.03600254189223,0,12,2
111.05472988402471,2,12,2
111.2031514979899,5,13,2
111.21051815291867,12,13,2
111.22385099483654,3,13,2
111.22488105390221,5,12,2
111.24641410494223,3,12,2
111.70337019185536,5,10,2
111.7117426758632,12,10,2
111.72071014600806,3,10,2
111.7238595339004,5,11,2
111.73242739285342,12,11,2
111.74169760197401,3,11,2
111.7881630489137,1,10,2
111.80199180496857,13,10,2
111.80339242494665,6,10,2
111.81148386979476,7,10,2
111.81285217800178,1,11,2
111.82557467301376,13,11,2
111.82631657388993,6,11,2
111.83208258496597,7,11,2
111.89522731793113,9,10,2
111.90818893979304,8,10,2
111.9170661678072,9,11,2
111.91810753685422,10,11,2
111.92874237382784,8,11,2
112.00374408788048,4,10,2
112.00880374782719,0,10,2
112.01464551198296,11,10,2
112.03185383183882,0,11,2
112.03289739089087,4,11,2
112.0339116489049,2,10,2
112.05313754593953,2,11,2
112.19833372998983,5,9,1
112.20739300292917,12,9,1
112.2170555118937,3,9,1
112.2898408039473,1,9,1
112.29866386996582,13,9,1
112.29977060086094,6,9,1
112.30779313482344,7,9,1
112.40596773591824,8,9,1
112.41306070401333,10,9,1
112.49744694982655,4,9,1
112.5061538128648,0,9,1
112.51048899395391,11,9,1
112.52686263085343,2,9,1
117.02739405096509,2,0,1
117.20459451689385,5,0,1
117.20950959483162,12,0,1
117.2183871329762,3,0,1
117.231893369928,12,2,1
117.23924690485,3,2,1
117.2869424468372,1,0,1
117.2978485408239,13,0,1
117.29977958486415,6,0,1
117.31011475389823,7,0,1
117.31114245182835,1,2,1
117.32071498897858,6,2,1
117.32173071801662,13,2,1
117.33144468883984,7,2,1
117.39221389498562,9,0,1
117.41108788200654,8,0,1
117.41492241900414,10,0,1
117.4159970888868,9,2,1
117.43651417200454,10,2,1
117.43753912090324,8,2,1
117.50672977184877,4,0,1
117.50994129199535,0,2,1
117.51136184181087,11,0,1
117.5318909548223,11,2,1
117.53265284583904,4,2,1
117.70363751985133,5,2,1
118.20219509792514,5,1,1
118.20893725589849,12,1,1
118.22095537092537,3,1,1
118.29994125687517,13,1,1
118.3007406189572,6,1,1
118.30895025795326,7,1,1
118.39341205591336,9,1,1
118.41034236899577,8,1,1
118.41693861293606,10,1,1
118.41768325399607,9,5,1
118.43432026798837,8,5,1
118.4375859790016,10,5,1
118.50332862487994,4,1,1
118.50816361000761,0,1,1
118.51166015700437,11,1,1
118.52679492998868,4,5,1
118.53294831188396,11,5,1
118.53368205181323,2,1,1
118.53502322989516,0,5,1
118.55399292893708,2,5,1
118.57197745097801,2,4,1
118.7016021788586,5,4,1
118.70967608480714,12,5,1
118.72187012596987,3,5,1
118.73020472796634,12,4,1
118.74386361986399,3,4,1
118.78878092393279,1,5,1
118.80167348287068,13,5,1
118.80670247389935,6,5,1
118.81246079481207,1,4,1
118.81383708282374,7,5,1
118.8268930669874,13,4,1
118.82767262891866,6,4,1
118.83474178682081,7,4,1
118.89337108284235,9,4,1
118.90995120583102,8,4,1
118.91420467500575,10,4,1
119.00741276680492,0,4,1
119.01066119782627,11,4,1
119.70261374488473,5,8,1
119.70955463894643,12,8,1
119.72139133885503,3,8,1
119.79078492685221,1,8,1
119.8051755989436,6,8,1
119.80732208793052,13,8,1
119.81306008901447,7,8,1
119.89423363492824,9,8,1
119.9081935340073,8,7,1
119.91667954088189,9,7,1
119.9174647629261,10,8,1
119.92910336796194,8,3,1
119.93810696899891,9,3,1
119.93946106685326,10,7,1
119.95821282081306,10,3,1
120.00493729487062,0,8,1
120.00569989602081,4,8,1
120.01163514191285,11,8,1
120.03242105199024,0,7,1
120.0332832869608,4,7,1
120.0340216869954,2,8,1
120.03473969688639,11,7,1
120.05777126993053,4,3,1
120.05858658300713,0,3,1
120.059327873867,2,7,1
120.06010450492613,11,3,1
120.07735124696046,11,6,1
120.07896355190314,2,3,1
120.09392944001593,2,6,1
120.2022953548003,12,7,1
120.20474186283536,5,7,1
120.21681882999837,3,7,1
120.2274729879573,12,3,1
120.22988736489788,5,3,1
120.23914873390459,3,6,1
120.24794964981265,12,6,1
120.25128480279818,5,6,1
120.28971863584593,1,7,1
120.29806644888595,13,7,1
120.30330535490066,6,7,1
120.31472798390314,7,3,1
120.3178425009828,1,3,1
120.32475601392798,13,3,1
120.32753399084322,6,3,1
120.34180296980776,7,6,1
120.34254291979596,1,6,1
120.34447914501652,13,6,1
120.3940691689495,9,6,1
120.40721282595769,8,6,1
120.41473967581987,10,6,1
120.50116867898032,0,6,1
120.5034704930149,4,6,1
120.7974038689863,1,13,2
120.80041614291258,6,13,2
120.80119599495083,13,12,2
120.81635041791014,7,13,2
120.82016037381254,1,12,2
120.82089700479992,6,12,2
120.83429544884712,7,12,2
120.89762266702019,9,13,2
120.90814361092634,8,13,2
120.9168574938085,10,13,2
120.91829835390672,9,12,2
120.92820978094824,8,12,2
120.93687072186731,10,12,2
121.0034619809594,4,13,2
121.00835435790941,0,13,2
121.01226317696273,11,13,2
121.03393666190095,2,13,2
121.03467988292687,11,12,2
121.03541326289997,0,12,2
121.03618155489676,4,12,2
121.05449194600806,2,12,2
121.20241448585875,5,13,2
121.21080074994825,12,13,2
121.22374308086,5,12,2
121.22454900387675,3,13,2
121.24629032984376,3,12,2
121.70243662479334,5,10,2
121.70933820679784,12,10,2
121.72189516783692,3,10,2
121.72701400099322,5,11,2
121.72996768401936,12,11,2
121.74499965296127,3,11,2
121.7887315438129,1,10,2
121.80097706592642,13,10,2
121.80173027701676,6,10,2
121.81154779088683,1,11,2
121.81234715296887,7,10,2
121.82296549994498,6,11,2
121.8261546290014,13,11,2
121.83356652595103,7,11,2
121.89896492101252,9,10,2
121.90855209901929,8,10,2
121.91655336297117,10,11,2
121.91984938387759,9,11,2
121.9289765288122,8,11,2
122.0004698948469,4,10,2
122.00262857601047,0,10,2
122.01849601790309,0,11,2
122.02039559185505,4,11,2
122.02138691884466,11,10,2
122.03037175000645,2,10,2
122.05099090584554,2,11,2
122.20030026393943,5,9,1
122.20978163881227,12,9,1
122.21963740396313,3,9,1
122.2863949178718,1,9,1
122.29812592500821,13,9,1
122.29916714387946,6,9,1
122.30929293693043,7,9,1
122.40653505199589,8,9,1
122.41338883293793,10,9,1
122.49728382495232,4,9,1
122.50624724500813,0,9,1
122.50999004999176,11,9,1
122.52688028197736,2,9,1
127.02718641096726,2,0,1
127.2006314129103,5,0,1
127.20926451380365,12,0,1
127.21878897980787,3,0,1
127.23173816082999,12,2,1
127.240388372913,3,2,1
127.28870051098056,1,0,1
127.30032450589351,6,0,1
127.301068095956,13,0,1
127.30346440291032,7,0,1
127.31518037081696,1,2,1
127.31717365584336,7,2,1
127.32521826098673,13,2,1
127.32714960491285,6,2,1
127.39155855285935,9,0,1
127.40864173998125,8,0,1
127.41475808084942,9,2,1
127.41548991086893,10,0,1
127.43308281200007,8,2,1
127.43628497188911,10,2,1
127.50581928296015,4,0,1
127.51068537891842,11,0,1
127.51141366898082,0,2,1
127.52818823698908,4,2,1
127.53152572084218,11,2,1
127.70220751594752,5,2,1
128.19400763581507,5,1,1
128.20585112692788,12,1,1
128.2107491728384,3,1,1
128.29594148183241,6,1,1
128.2995173819363,13,1,1
128.3088446818292,7,1,1
128.39438354992308,9,1,1
128.4103314250242,8,1,1
128.41643171501346,9,5,1
128.41719036689028,10,1,1
128.43451272998936,8,5,1
128.43793091597036,10,5,1
128.5042758579366,4,1,1
128.51010748092085,0,1,1
128.51205925480463,11,1,1
128.5303068549838,4,5,1
128.5340707199648,0,5,1
128.5347948798444,11,5,1
128.5361438379623,2,1,1
128.55849539185874,2,5,1
128.57502629281953,2,4,1
128.70182662294246,5,4,1
128.7096429008525,12,5,1
128.7196938919369,3,5,1
128.72949383594096,12,4,1
128.74070330895483,3,4,1
128.79115624679253,1,5,1
128.80543646588922,6,5,1
128.8061700258404,13,5,1
128.81164612900466,7,5,1
128.8161740459036,1,4,1
128.82916928781196,6,4,1
128.82989936880767,13,4,1
128.83428509091027,7,4,1
128.89361679786816,9,4,1
128.90909506985918,8,4,1
128.9117699249182,10,4,1
129.0076253109146,0,4,1
129.0110959277954,11,4,1
129.70270811580122,5,8,1
129.7097194318194,12,8,1
129.7210592587944,3,8,1
129.7985547319986,1,8,1
129.80341945798136,6,8,1
129.80565981101245,13,8,1
129.81328535382636,7,8,1
129.89420846290886,9,8,1
129.90903969691135,8,7,1
129.9169063270092,9,7,1
129.91876790882088,10,8,1
129.9298144369386,8,3,1
129.9373129159212,9,3,1
129.94201687793247,10,7,1
129.96136054792441,10,3,1
130.00356090581045,4,8,1
130.0094981319271,0,8,1
130.0141336407978,11,8,1
130.02453699079342,4,7,1
130.03555129887536,0,7,1
130.03660450782627,2,8,1
130.0426285159774,11,7,1
130.04476422583684,4,3,1
130.05954851885326,0,3,1
130.06262252479792,2,7,1
130.06584369391203,11,3,1
130.08432668098249,11,6,1
130.08508666185662,2,3,1
130.09600409585983,2,6,1
130.2024279879406,5,7,1
130.20935410098173,12,7,1
130.22283317684196,3,7,1
130.22403472079895,5,3,1
130.23063969588839,12,3,1
130.24786375579424,5,6,1
130.24888473493047,3,6,1
130.2508330589626,12,6,1
130.29069413198158,1,7,1
130.30005753296427,13,7,1
130.30080611398444,6,7,1
130.31293828296475,1,3,1
130.31367779383436,7,3,1
130.32355030882172,6,3,1
130.32430355995893,13,3,1
130.33411472500302,1,6,1
130.33625411381945,7,6,1
130.34390498697758,13,6,1
130.39421719196253,9,6,1
130.40529163181782,8,6,1
130.41216097283177,10,6,1
130.50093225180171,4,6,1
130.50336637999862,0,6,1
130.7972223740071,1,13,2
130.79979671584442,6,13,2
130.80061027780175,13,12,2
130.816107760882,7,13,2
130.81992820790038,1,12,2
130.82065718783997,6,12,2
130.83884305600077,7,12,2
130.89486217987724,9,13,2
130.91357264202088,8,13,2
130.9174871710129,9,12,2
130.91878230683506,10,13,2
130.9337722659111,8,12,2
130.94155120290816,10,12,2
131.00370669784024,4,13,2
131.0085332528688,0,13,2
131.01299426797777,11,13,2
131.0329558949452,0,12,2
131.0336999159772,4,12,2
131.03498765197583,2,13,2
131.0365565449465,11,12,2
131.05600025784224,2,12,2
131.20254241884686,5,13,2
131.20950827398337,12,13,2
131.2240038588643,3,13,2
131.22585495980456,5,12,2
131.245915629901,3,12,2
131.7022610208951,5,10,2
131.70946045196615,12,10,2
131.7217331950087,3,10,2
131.7236175269354,5,11,2
131.7297845799476,12,11,2
131.742386380909,3,11,2
131.790616317885,1,10,2
131.801941704005,6,10,2
131.80298118293285,13,10,2
131.80954445595853,7,10,2
131.81546203093603,1,11,2
131.82598910480738,13,11,2
131.82701328396797,6,11,2
131.82997128693387,7,11,2
131.89472841401584,9,10,2
131.91407939395867,8,10,2
131.91750718001276,9,11,2
131.91864461195655,10,11,2
131.93474445096217,8,11,2
132.00794965587556,4,10,2
132.00897000380792,0,10,2
132.0120731398929,11,10,2
132.03354799980298,2,10,2
132.03456438798457,4,11,2
132.03555572591722,0,11,2
132.05393180879764,2,11,2
132.19853371591307,5,9,1
132.2036296389997,12,9,1
132.2177828939166,3,9,1
132.28796733287163,1,9,1
132.28964699991047,6,9,1
132.29946785396896,13,9,1
132.3010327978991,7,9,1
132.40849310788326,8,9,1
132.4128800998442,10,9,1
132.49694956792518,4,9,1
132.5068746348843,0,9,1
132.5111876449082,11,9,1
132.52798930485733,2,9,1
137.027280239854,2,0,1
137.2040758258663,5,0,1
137.20774432900362,12,0,1
137.21812711795792,3,0,1
137.22810154687613,12,2,1
137.23909391392954,3,2,1
137.28618262894452,1,0,1
137.29820523387752,6,0,1
137.2992356128525,13,0,1
137.30895511386916,1,2,1
137.31083643692546,7,0,1
137.32145968289115,13,2,1
137.32248519198038,6,2,1
137.33475789497606,7,2,1
137.39193889079615,9,0,1
137.41111903684214,8,0,1
137.4147064969875,9,2,1
137.41585524892434,10,0,1
137.43713448289782,10,2,1
137.4381553719286,8,2,1
137.50695231184363,4,0,1
137.50974900997244,0,2,1
137.5119098208379,11,0,1
137.52862317697145,4,2,1
137.53197776083834,11,2,1
137.7026124149561,5,2,1
138.20159925683402,5,1,1
138.20909860590473,12,1,1
138.21926227002405,3,1,1
138.30086289788596,6,1,1
138.30272324988618,13,1,1
138.30883926083334,7,1,1
138.3933031288907,9,1,1
138.41318140295334,8,1,1
138.4163497418631,9,5,1
138.417533634929,10,1,1
138.43838078691624,10,5,1
138.43940484593622,8,5,1
138.50280309584923,4,1,1
138.5089253168553,0,1,1
138.5141707828734,11,1,1
138.52710837381892,4,5,1
138.5314744359348,0,5,1
138.53254395583645,2,1,1
138.53438620781526,11,5,1
138.55290678492747,2,5,1
138.5709453979507,2,4,1
138.70193768595345,5,4,1
138.71008451282978,12,5,1
138.7198906368576,3,5,1
138.72978921281174,12,4,1
138.73953756596893,3,4,1
138.78837546892464,1,5,1
138.79913394898176,13,5,1
138.80659815785475,6,5,1
138.810531207826,1,4,1
138.81170193990692,7,5,1
138.8193484339863,13,4,1
138.82741844886914,6,4,1
138.83105779089965,7,4,1
138.89629496191628,9,4,1
138.9097742480226,8,4,1
138.9105433798395,10,4,1
139.00847548386082,0,4,1
139.01372419088148,11,4,1
139.7033795248717,5,8,1
139.70985023584217,12,8,1
139.72120185289532,3,8,1
139.78964350395836,1,8,1
139.8027277488727,13,8,1
139.8096132609062,6,8,1
139.81236362783238,7,8,1
139.89437822788022,9,8,1
139.9132319339551,8,7,1
139.9172962878365,9,7,1
139.91803108900785,10,8,1
139.9407094619237,9,3,1
139.94151115394197,8,3,1
139.94223529379815,10,7,1
139.96026080683805,10,3,1
140.00520915188827,4,8,1
140.0086846088525,0,8,1
140.01255615684204,11,8,1
140.0299286718946,4,7,1
140.03400954580866,0,7,1
140.03474339679815,11,7,1
140.03548994800076,2,8,1
140.04602995188907,4,3,1
140.05584249598905,0,3,1
140.05718946293928,11,3,1
140.06034159194678,2,7,1
140.074066944886,11,6,1
140.07962034991942,2,3,1
140.09371946379542,2,6,1
140.20247122994624,5,7,1
140.2100990829058,12,7,1
140.22273768601008,3,7,1
140.22837997297756,5,3,1
140.23158676200546,12,3,1
140.24834635085426,3,6,1
140.25115105882287,12,6,1
140.25194656080566,5,6,1
140.29141024290584,1,7,1
140.3050661238376,6,7,1
140.30585168581456,13,7,1
140.3104604948312,7,3,1
140.31604573084041,1,3,1
140.3325572318863,6,3,1
140.3333456539549,13,3,1
140.3340659539681,7,6,1
140.33591520483606,1,6,1
140.35222048079595,13,6,1
140.394017677987,9,6,1
140.41067196289077,8,6,1
140.41174720181152,10,6,1
140.50048031983897,4,6,1
140.50310131302103,0,6,1
140.78844889998436,1,13,2
140.79667895985767,13,12,2
140.8022533848416,6,13,2
140.81101179984398,7,13,2
140.81258234381676,1,12,2
140.82858325983398,6,12,2
140.83191689383239,7,12,2
140.89443728886545,9,13,2
140.9090409069322,8,13,2
140.91719454480335,9,12,2
140.91860726382583,10,13,2
140.93183471285738,8,12,2
140.9409849389922,10,12,2
141.00340119190514,4,13,2
141.0087910918519,0,13,2
141.01245232392102,11,13,2
141.02542534680106,4,12,2
141.03376453882083,11,12,2
141.03482338879257,0,12,2
141.03587252786383,2,13,2
141.05677844188176,2,12,2
141.20250630099326,5,13,2
141.20978730381466,12,13,2
141.2219888640102,3,13,2
141.22679848899134,5,12,2
141.24257196881808,3,12,2
141.70237454702146,5,10,2
141.70918968692422,12,10,2
141.72194596286863,3,10,2
141.72722229082137,5,11,2
141.729661218822,12,11,2
141.74487175280228,3,11,2
141.78932585380971,1,10,2
141.80017846799456,6,10,2
141.8009320788551,13,10,2
141.81214742083102,7,10,2
141.8135099587962,1,11,2
141.82304852595553,6,11,2
141.82381628686562,13,11,2
141.8332204199396,7,11,2
141.89418481197208,9,10,2
141.91303349798545,8,10,2
141.91704024001956,9,11,2
141.91840217798017,10,11,2
141.93564721988514,8,11,2
142.00397032685578,4,10,2
142.00871982984245,0,10,2
142.0141416208353,11,10,2
142.0330262989737,0,11,2
142.03396739484742,4,11,2
142.03468963480555,2,10,2
142.05382173880935,2,11,2
142.20373802492395,5,9,1
142.2071326188743,12,9,1
142.21816966799088,3,9,1
142.28541841497645,1,9,1
142.29784415196627,6,9,1
142.29889498185366,13,9,1
142.3075055819936,7,9,1
142.40837507788092,8,9,1
142.41366246598773,10,9,1
142.50079883891158,4,9,1
142.50350176380016,0,9,1
142.5113925440237,11,9,1
142.5268620660063,2,9,1
147.02721828687936,2,0,1
147.20030632987618,5,0,1
147.20761791383848,12,0,1
147.2197784029413,3,0,1
147.22831793199293,12,2,1
147.24212176701985,3,2,1
147.28597501199692,1,0,1
147.30061729089357,6,0,1
147.30285165295936,13,0,1
147.3088934419211,1,2,1
147.3096364629455,7,0,1
147.32346150791273,13,2,1
147.32423787983134,6,2,1
147.32972178282216,7,2,1
147.3935053339228,9,0,1
147.41060574096628,8,0,1
147.4166027389001,9,2,1
147.4174652430229,10,0,1
147.4368402438704,8,2,1
147.44073389284313,10,2,1
147.50424473593011,4,0,1
147.51094106282108,0,2,1
147.51265622093342,11,0,1
147.52519012079574,4,2,1
147.53532874397933,11,2,1
147.70271282689646,5,2,1
148.20594826783054,12,1,1
148.20721982279792,5,1,1
148.22087683482096,3,1,1
148.29850475187413,6,1,1
148.29988502082415,13,1,1
148.30932568386197,7,1,1
148.39390158490278,9,1,1
148.40759492781945,8,1,1
148.41625859984197,9,5,1
148.41730958898552,10,1,1
148.43128588888794,8,5,1
148.43719247495756,10,5,1
148.508575766813,4,1,1
148.5096814678982,0,1,1
148.51212908700109,11,1,1
148.53534743492492,11,5,1
148.5364364448469,2,1,1
148.53745420393534,0,5,1
148.53852839395404,4,5,1
148.55702682980336,2,5,1
148.5724294600077,2,4,1
148.7020735698752,5,4,1
148.70935946283862,12,5,1
148.7195430379361,3,5,1
148.72919447696768,12,4,1
148.73936440097168,3,4,1
148.79617319698445,1,5,1
148.79938331688754,6,5,1
148.79988457099535,13,5,1
148.8092950140126,7,5,1
148.81823504297063,1,4,1
148.8216415080242,6,4,1
148.82213445194066,13,4,1
148.82950830785558,7,4,1
148.89538716780953,9,4,1
148.90156935993582,8,4,1
148.90827252692543,10,4,1
149.00000941893086,0,4,1
149.0121010458097,11,4,1
149.7043810049072,5,8,1
149.71166928787716,12,8,1
149.71738027781248,3,8,1
149.7895757840015,1,8,1
149.79702332196757,6,8,1
149.80096560181119,13,8,1
149.8129163258709,7,8,1
149.89418331487104,9,8,1
149.9081960460171,8,7,1
149.91796947899275,9,7,1
149.91873258980922,10,8,1
149.92934557585977,8,3,1
149.9406429019291,9,3,1
149.94195068790577,10,7,1
149.96030993084423,10,3,1
150.00632415502332,4,8,1
150.00879321387038,11,8,1
150.00951511389576,0,8,1
150.03349613398314,11,7,1
150.03433247702196,4,7,1
150.03505759779364,0,7,1
150.03581067896448,2,8,1
150.05834554787725,11,3,1
150.05909191886894,0,3,1
150.05988391092978,4,3,1
150.06062772194855,2,7,1
150.07140002190135,11,6,1
150.07736700889654,2,3,1
150.0920963298995,2,6,1
150.20570798194967,5,7,1
150.20970572391525,12,7,1
150.22322040097788,3,7,1
150.22927700984292,5,3,1
150.2307196808979,12,3,1
150.24970726086758,5,6,1
150.25074196979403,12,6,1
150.25130889494903,3,6,1
150.28841138188727,1,7,1
150.29984743101522,6,7,1
150.30042433692142,13,7,1
150.31154160690494,1,3,1
150.312177994987,7,3,1
150.32363178487867,6,3,1
150.32422787183896,13,3,1
150.33322715293616,1,6,1
150.3343127130065,7,6,1
150.34317672089674,13,6,1
150.39078815001994,9,6,1
150.40323379798792,8,6,1
150.4154028869234,10,6,1
150.49543205183,4,6,1
150.5051471828483,0,6,1
150.78875496191904,1,13,2
150.79991293279454,13,12,2
150.8006718538236,6,13,2
150.81120605883189,1,12,2
150.8145282708574,7,13,2
150.81692096800543,6,12,2
150.83694886695594,7,12,2
150.89447224279866,9,13,2
150.9132554079406,8,13,2
150.91688325884752,9,12,2
150.91751759685576,10,13,2
150.93455174192786,8,12,2
150.93777791201137,10,12,2
151.00314690801315,4,13,2
151.00675322883762,0,13,2
151.01505743991584,11,13,2
151.02694540191442,4,12,2
151.02866658987477,0,12,2
151.0326136809308,2,13,2
151.03545273980126,11,12,2
151.05396393686533,2,12,2
151.20310093997978,5,13,2
151.20991694089025,12,13,2
151.22412687796168,5,12,2
151.22469858382829,3,13,2
151.24630767689086,3,12,2
151.69928501383401,5,10,2
151.70505347498693,12,10,2
151.71132059092633,5,11,2
151.72267405688763,12,11,2
151.72456563985907,3,10,2
151.74575280188583,3,11,2
151.78928749682382,1,10,2
151.80541464779526,6,10,2
151.80768529092893,13,10,2
151.81144917593338,1,11,2
151.81353729381226,7,10,2
151.8301416679751,13,11,2
151.83141171280295,6,11,2
151.83505654498003,7,11,2
151.89787046890706,9,10,2
151.90835575200617,8,10,2
151.9163062539883,10,11,2
151.91938130999915,9,11,2
151.9307967289351,8,11,2
152.0035185588058,4,10,2
152.008387245005,0,10,2
152.01554042496718,11,10,2
152.03177998797037,0,11,2
152.03256881982088,4,11,2
152.03329485980794,2,10,2
152.05304599180818,2,11,2
152.20071723498404,5,9,1
152.20698656979948,12,9,1
152.21759167592973,3,9,1
152.2863476758357,1,9,1
152.29751940793358,13,9,1
152.29827454895712,6,9,1
152.30709949485026,7,9,1
152.40557310497388,8,9,1
152.4139590789564,10,9,1
152.5010054889135,4,9,1
152.50620690500364,0,9,1
152.5101267839782,11,9,1
152.5266471549403,2,9,1
157.02706273295917,2,0,1
157.20321937091649,5,0,1
157.2076089438051,12,0,1
157.21880439599045,3,0,1
157.2398555339314,3,2,1
157.28779095294885,1,0,1
157.30561097990721,13,0,1
157.30667044990696,6,0,1
157.309592010919,1,2,1
157.31067485082895,7,0,1
157.3315104439389,13,2,1
157.33258685399778,7,2,1
157.3336011020001,6,2,1
157.3932529168669,9,0,1
157.4101134778466,8,0,1
157.4163422419224,10,0,1
157.41739492095076,9,2,1
157.43068681284785,8,2,1
157.43711192184128,10,2,1
157.50136143597774,4,0,1
157.51099029486068,11,0,1
157.51206764485687,0,2,1
157.52479341998696,4,2,1
157.53196501987986,11,2,1
157.70541294291615,5,2,1
157.7098517168779,12,2,1
158.20225947583094,5,1,1
158.2091139878612,12,1,1
158.21917082788423,3,1,1
158.30536066484638,6,1,1
158.3064272350166,13,1,1
158.30990331200883,7,1,1
158.39476170088165,9,1,1
158.4071179057937,8,1,1
158.416101626819,9,5,1
158.417138465913,10,1,1
158.42804742092267,8,5,1
158.43746259296313,10,5,1
158.50572377885692,4,1,1
158.51106482883915,0,1,1
158.51263709296472,11,1,1
158.53145135799423,4,5,1
158.5322404599283,2,1,1
158.53482363186777,11,5,1
158.53608668688685,0,5,1
158.55287038581446,2,5,1
158.5710479428526,2,4,1
158.70199186890386,5,4,1
158.70967067382298,12,5,1
158.71925345179625,3,5,1
158.72917946893722,12,4,1
158.739098705817,3,4,1
158.78862635791302,1,5,1
158.7986325279344,13,5,1
158.8020885149017,6,5,1
158.8102081308607,1,4,1
158.8128003529273,7,5,1
158.82179009495303,13,4,1
158.8228359138593,6,4,1
158.83544133487158,7,4,1
158.89875196292996,9,4,1
158.91073160781525,8,4,1
158.91535925702192,10,4,1
159.00745708798058,0,4,1
159.010689008981,11,4,1
159.70308011188172,5,8,1
159.71035081497394,12,8,1
159.7195721019525,3,8,1
159.78852296690457,1,8,1
159.80382461380213,13,8,1
159.8048930040095,6,8,1
159.81256351899356,7,8,1
159.8952645480167,9,8,1
159.91307806479745,8,7,1
159.91944956290536,10,8,1
159.92135341581888,9,7,1
159.9338785558939,8,3,1
159.94096628390253,9,3,1
159.94471675879322,10,7,1
159.96340006985702,10,3,1
160.0038792300038,4,8,1
160.0083477050066,0,8,1
160.01195513596758,11,8,1
160.02942205383442,4,7,1
160.03354980889708,11,7,1
160.0342957598623,0,7,1
160.03505023079924,2,8,1
160.05588726280257,11,3,1
160.05668551498093,0,3,1
160.0574096548371,4,3,1
160.05960727692582,2,7,1
160.06875060196035,11,6,1
160.08128759195097,2,3,1
160.09657373884693,2,6,1
160.2029880899936,5,7,1
160.2108252889011,12,7,1
160.22237635194324,3,7,1
160.22877252986655,5,3,1
160.23246232280508,12,3,1
160.2451495868154,3,6,1
160.24954346986488,5,6,1
160.2520386199467,12,6,1
160.28859491087496,1,7,1
160.30132681597024,13,7,1
160.30237783491611,6,7,1
160.3119693028275,1,3,1
160.3130340129137,7,3,1
160.3250449579209,6,3,1
160.32884383387864,13,3,1
160.333741200855,1,6,1
160.3347907899879,7,6,1
160.35167408082634,13,6,1
160.39157739584334,9,6,1
160.4049235889688,8,6,1
160.41174037894234,10,6,1
160.503368597012,4,6,1
160.5044561678078,0,6,1
160.78421181882732,1,13,2
160.80043362197466,1,12,2
160.80142956995405,13,12,2
160.80287062982097,7,13,2
160.80365555197932,6,13,2
160.81423663697205,7,12,2
160.82601652597077,6,12,2
160.8952233979944,9,13,2
160.9120852597989,10,13,2
160.91324674198404,8,13,2
160.91608501086012,9,12,2
160.92340565496124,10,12,2
160.93385729682632,8,12,2
161.00391905382276,0,13,2
161.00497375288978,11,13,2
161.00687414593995,4,13,2
161.01834048586898,11,12,2
161.01938411500305,0,12,2
161.02643904299475,4,12,2
161.03039071289822,2,13,2
161.0526501238346,2,12,2
161.2030816648621,5,13,2
161.21015995182097,12,13,2
161.22078608884476,3,13,2
161.22389800590463,5,12,2
161.24125919002108,3,12,2
161.7052998568397,5,10,2
161.7092808878515,12,10,2
161.72163554280996,3,10,2
161.7262064809911,5,11,2
161.72974842996337,12,11,2
161.74243510398082,3,11,2
161.788014406804,1,10,2
161.8016087259166,13,10,2
161.8035179299768,6,10,2
161.8126880559139,1,11,2
161.81344642699696,7,10,2
161.8256972588133,6,11,2
161.82742345682345,13,11,2
161.835559933912,7,11,2
161.89450846984982,9,10,2
161.9077639298048,8,10,2
161.91661447682418,9,11,2
161.9173669279553,10,11,2
161.92850356991403,8,11,2
162.00547420885414,4,10,2
162.00852415384725,0,10,2
162.01568553387187,11,10,2
162.03248254279606,4,11,2
162.03335994691588,2,10,2
162.03409894788638,0,11,2
162.05397839285433,2,11,2
162.19998955982737,5,9,1
162.2082902919501,12,9,1
162.21781121799722,3,9,1
162.2823598899413,1,9,1
162.30033370200545,6,9,1
162.3009138579946,13,9,1
162.3072009338066,7,9,1
162.40204854193144,8,9,1
162.4137257479597,10,9,1
162.5027610938996,4,9,1
162.50870908983052,0,9,1
162.51058443286456,11,9,1
162.52763468795456,2,9,1
167.0271310948301,2,0,1
167.2006280098576,5,0,1
167.20754613284953,12,0,1
167.21789612201974,3,0,1
167.22812272701412,12,2,1
167.2387328238692,3,2,1
167.28831801796332,1,0,1
167.29942709882744,13,0,1
167.3027001498267,6,0,1
167.30973245599307,7,0,1
167.3141569897998,1,2,1
167.32806813786738,13,2,1
167.32886119000614,6,2,1
167.3318917748984,7,2,1
167.3932188078761,9,0,1
167.40596314286813,8,0,1
167.41648638690822,10,0,1
167.41725369892083,9,2,1
167.42670107190497,8,2,1
167.44027212099172,10,2,1
167.50295066088438,4,0,1
167.5092930488754,0,2,1
167.51065300684422,11,0,1
167.5238441049587,4,2,1
167.5310557759367,11,2,1
167.70351051096804,5,2,1
168.20552741899155,5,1,1
168.20933750481345,12,1,1
168.2192493218463,3,1,1
168.30146396788768,6,1,1
168.3025049569551,13,1,1
168.30889808596112,7,1,1
168.3960649590008,9,1,1
168.41355683794245,8,1,1
168.41647519893013,10,1,1
168.42200264381245,9,5,1
168.43852100498043,8,5,1
168.43953343387693,10,5,1
168.50957271899097,4,1,1
168.51343835680746,0,1,1
168.51449860585853,11,1,1
168.53743805689737,0,5,1
168.5384497148916,4,5,1
168.53946498292498,2,1,1
168.54159098281525,11,5,1
168.56095801386982,2,5,1
168.57713875593618,2,4,1
168.70349651388824,5,4,1
168.70616392884403,12,5,1
168.71088091982529,3,5,1
168.72227714792825,3,4,1
168.72366030700505,12,4,1
168.79639232787304,1,5,1
168.7971454388462,6,5,1
168.7997672019992,13,5,1
168.813480154844,6,4,1
168.814277326921,7,5,1
168.81809151382186,1,4,1
168.82357303681783,13,4,1
168.83418605290353,7,4,1
168.89414992695674,9,4,1
168.90838383487426,8,4,1
168.91488173580728,10,4,1
169.00319356191903,0,4,1
169.0115556458477,11,4,1
169.70512716285884,5,8,1
169.70942588197067,12,8,1
169.7214425979182,3,8,1
169.7910856329836,1,8,1
169.79678140184842,6,8,1
169.8015627048444,13,8,1
169.81167616695166,7,8,1
169.89564667199738,9,8,1
169.90798969683237,8,7,1
169.91698834788986,9,7,1
169.9177840508055,10,8,1
169.92864519287832,8,3,1
169.93899103300646,9,3,1
169.9403665009886,10,7,1
169.95909108384512,10,3,1
170.00365550792776,4,8,1
170.00893541588448,0,8,1
170.01521465089172,11,8,1
170.0275767359417,4,7,1
170.0334631309379,0,7,1
170.03421870199963,2,8,1
170.03708975180052,11,7,1
170.0473347879015,4,3,1
170.05817666091025,0,3,1
170.05894801183604,11,3,1
170.05970574286766,2,7,1
170.07105619995855,11,6,1
170.07780720782466,2,3,1
170.09333069180138,2,6,1
170.2021335097961,5,7,1
170.20742017799057,12,7,1
170.22175405779853,3,7,1
170.2260102168657,5,3,1
170.23139508697204,12,3,1
170.24484525294974,3,6,1
170.24890204588883,5,6,1
170.25208824500442,12,6,1
170.28809709986672,1,7,1
170.29569836286828,6,7,1
170.3006191898603,13,7,1
170.31402501487173,6,3,1
170.3147598048672,1,3,1
170.31548123480752,7,3,1
170.3251827659551,13,3,1
170.33738457690924,7,6,1
170.33812675788067,1,6,1
170.34611100982875,13,6,1
170.3947002668865,9,6,1
170.40761152794585,8,6,1
170.41495521296747,10,6,1
170.50069146696478,4,6,1
170.5042768868152,0,6,1
170.7880780119449,1,13,2
170.80043803690933,6,13,2
170.80160112888552,13,12,2
170.81006441498175,1,12,2
170.81085898797028,7,13,2
170.8205414880067,6,12,2
170.8318476229906,7,12,2
170.8997497698292,9,13,2
170.91142461588606,8,13,2
170.9170096819289,10,13,2
170.92021712101996,9,12,2
170.9335716839414,8,12,2
170.93739416101016,10,12,2
171.00356602901593,4,13,2
171.00848182593472,0,13,2
171.01486525381915,11,13,2
171.02758849901147,4,12,2
171.0323408918921,2,13,2
171.03309636283666,0,12,2
171.03563333395869,11,12,2
171.053040899802,2,12,2
171.2061300149653,5,13,2
171.2104783358518,12,13,2
171.22124790679663,3,13,2
171.22872052481398,5,12,2
171.2425422219094,3,12,2
171.69656349881552,5,10,2
171.71277302200906,5,11,2
171.71468194480985,12,10,2
171.71548516699113,3,10,2
171.72673531179316,3,11,2
171.7352320489008,12,11,2
171.78114528092556,1,10,2
171.7953508978244,1,11,2
171.7958075609058,13,10,2
171.7962265620008,6,10,2
171.80204199487343,7,10,2
171.8127548538614,6,11,2
171.81309267296456,13,11,2
171.81449817190878,7,11,2
171.8965032219421,9,10,2
171.91001546895131,10,11,2
171.91278914688155,8,10,2
171.92174616688862,9,11,2
171.93556498293765,8,11,2
172.00815290980972,4,10,2
172.00949134700932,0,10,2
172.01589395594783,11,10,2
172.03378505585715,0,11,2
172.03455819701776,4,11,2
172.03527284692973,2,10,2
172.05700140399858,2,11,2
172.1997810609173,5,9,1
172.20970709784888,12,9,1
172.218289317796,3,9,1
172.28549213381484,1,9,1
172.29966685990803,13,9,1
172.30046775192022,6,9,1
172.30829027085565,7,9,1
172.40603880980052,8,9,1
172.4128908519633,10,9,1
172.50639122189023,4,9,1
172.50831841584295,0,9,1
172.5115093048662,11,9,1
172.52834293502383,2,9,1
177.0273889838718,2,0,1
177.2006025009323,5,0,1
177.20849207183346,12,0,1
177.21757931495085,3,0,1
177.2288160789758,12,2,1
177.238174529979,3,2,1
177.286916090874,1,0,1
177.29997435584664,13,0,1
177.3007244868204,6,0,1
177.3095648828894,7,0,1
177.3122990098782,1,2,1
177.32715795491822,6,2,1
177.3279191958718,13,2,1
177.33055770001374,7,2,1
177.39192815381102,9,0,1
177.40623343293555,8,0,1
177.4147775019519,9,2,1
177.41550839180127,10,0,1
177.42700307280757,8,2,1
177.43624826101586,10,2,1
177.50288963201456,4,0,1
177.5103623108007,0,2,1
177.51108922087587,11,0,1
177.52341353497468,4,2,1
177.53148531983607,11,2,1
177.70142328599468,5,2,1
178.20349648594856,5,1,1
178.20469316886738,12,1,1
178.21989633399062,3,1,1
178.2999664589297,6,1,1
178.30073010083288,13,1,1
178.3092889599502,7,1,1
178.3932197529357,9,1,1
178.40786813292652,8,1,1
178.4162518668454,9,5,1
178.4172938959673,10,1,1
178.4282590218354,8,5,1
178.43755948194303,10,5,1
178.50490353186615,4,1,1
178.50861406582408,0,1,1
178.51497168280184,11,1,1
178.52835886692628,4,5,1
178.5335005109664,0,5,1
178.5342714418657,2,1,1
178.53701315890066,11,5,1
178.55869320384227,2,5,1
178.57771930494346,2,4,1
178.70141325891018,5,4,1
178.7099500480108,12,5,1
178.72151632094756,3,5,1
178.73049925197847,12,4,1
178.74306348199025,3,4,1
178.78987202979624,1,5,1
178.80171330994926,6,5,1
178.8026420159731,13,5,1
178.8110406808555,1,4,1
178.81186059396714,7,5,1
178.8241394169163,13,4,1
178.82870587380603,6,4,1
178.83169336686842,7,4,1
178.8933896899689,9,4,1
178.9104520669207,8,4,1
178.91626789886504,10,4,1
179.00755469780415,0,4,1
179.01260221889243,11,4,1
179.70159947802313,5,8,1
179.70981684792787,12,8,1
179.71936786500737,3,8,1
179.7899875768926,1,8,1
179.80206533381715,6,8,1
179.80306828184985,13,8,1
179.81196452095173,7,8,1
179.89459169795737,9,8,1
179.9084708748851,8,7,1
179.91735816397704,10,8,1
179.91939762001857,9,7,1
179.9297480788082,8,3,1
179.9391918128822,10,7,1
179.9438525128644,9,3,1
179.9585594739765,10,3,1
180.00411622598767,4,8,1
180.00868536392227,0,8,1
180.0148597958032,11,8,1
180.03278786689043,0,7,1
180.0338553970214,4,7,1
180.03490942600183,2,8,1
180.0370125148911,11,7,1
180.0567577658221,4,3,1
180.0577515438199,11,3,1
180.05856229597703,0,3,1
180.05935051781125,2,7,1
180.07152910879813,11,6,1
180.0770700830035,2,3,1
180.09315377194434,2,6,1
180.20190818887204,5,7,1
180.21133510186337,12,7,1
180.2217382430099,3,7,1
180.22590664890595,5,3,1
180.2355442889966,12,3,1
180.24196605780162,3,6,1
180.24778114981018,5,6,1
180.25593570782803,12,6,1
180.2911788218189,1,7,1
180.2999568269588,13,7,1
180.3009985659737,6,7,1
180.31191569101065,7,3,1
180.31376012298279,1,3,1
180.32311872392893,6,3,1
180.32418327382766,13,3,1
180.33389461482875,1,6,1
180.3349236329086,7,6,1
180.3431209619157,13,6,1
180.39549046498723,9,6,1
180.41165474592708,8,6,1
180.41578014101833,10,6,1
180.50135459098965,4,6,1
180.50412926799618,0,6,1
180.78822628082708,1,13,2
180.80115961283445,6,13,2
180.80192687385716,13,12,2
180.8102693669498,1,12,2
180.81105482880957,7,13,2
180.82202817499638,6,12,2
180.83103807689622,7,12,2
180.89642977295443,9,13,2
180.9145008979831,8,13,2
180.9172577050049,10,13,2
180.9222453739494,9,12,2
180.9379836639855,8,12,2
180.9393360808026,10,12,2
181.0040330979973,4,13,2
181.00903594796546,0,13,2
181.01538168499246,11,13,2
181.03426240198314,0,12,2
181.03513594693504,4,12,2
181.03593350900337,2,13,2
181.03839378780685,11,12,2
181.05466536199674,2,12,2
181.20199284586124,5,13,2
181.21190018183552,12,13,2
181.21484242379665,3,13,2
181.2216966159176,5,12,2
181.22813907591626,3,12,2
181.70267855701968,5,10,2
181.70985665684566,12,10,2
181.72332286299206,5,11,2
181.7243989428971,3,10,2
181.73068486899137,12,11,2
181.7470281459391,3,11,2
181.78915151092224,1,10,2
181.80021871090867,6,10,2
181.80126438988373,13,10,2
181.81276502087712,7,10,2
181.81379940989427,1,11,2
181.82534392201342,6,11,2
181.82638707081787,13,11,2
181.82831026497297,7,11,2
181.89564234483987,9,10,2
181.91617863881402,8,10,2
181.91721963789314,10,11,2
181.9217405738309,9,11,2
181.9388159508817,8,11,2
182.00348955695517,4,10,2
182.0090383219067,0,10,2
182.01506195985712,11,10,2
182.02866373001598,4,11,2
182.03016805183142,0,11,2
182.03146018786356,2,10,2
182.04456811398268,2,11,2
182.1941453309264,5,9,1
182.2092475129757,12,9,1
182.2105548689142,3,9,1
182.28690709080547,1,9,1
182.2991879337933,13,9,1
182.29997687600553,6,9,1
182.30159699195065,7,9,1
182.40634874580428,8,9,1
182.4132930499036,10,9,1
182.50670304894447,4,9,1
182.50859616091475,0,9,1
182.51047202385962,11,9,1
182.52695400384255,2,9,1
187.02768192486838,2,0,1
187.1951820119284,5,0,1
187.2101904519368,12,0,1
187.2196201949846,3,0,1
187.2315085469745,12,2,1
187.24089413881302,3,2,1
187.28390433988534,1,0,1
187.3004595017992,1,2,1
187.30106777884066,13,0,1
187.30307354498655,6,0,1
187.3035134668462,7,0,1
187.314641288016,13,2,1
187.31710081687197,7,2,1
187.32450897386298,6,2,1
187.38586695701815,9,0,1
187.4015018439386,8,0,1
187.40269566699862,9,2,1
187.41399677284062,8,2,1
187.41580357286148,10,0,1
187.43591501493938,10,2,1
187.5003012828529,4,0,1
187.51441465690732,0,2,1
187.5173846699763,11,0,1
187.52112880488858,4,2,1
187.53717323183082,11,2,1
187.70277603692375,5,2,1
188.20529356901534,5,1,1
188.21042556292377,12,1,1
188.21889885980636,3,1,1
188.30032477388158,13,1,1
188.30107708484866,6,1,1
188.3128371029161,7,1,1
188.39370286092162,9,1,1
188.407276409911,8,1,1
188.41618353896774,9,5,1
188.41721736779436,10,1,1
188.42741485289298,8,5,1
188.4370082898531,10,5,1
188.50482564396225,4,1,1
188.51012051198632,0,1,1
188.51317104697227,11,1,1
188.53087621182203,4,5,1
188.53513373085298,0,5,1
188.53621923085302,11,5,1
188.5372091277968,2,1,1
188.55899863690138,2,5,1
188.57776201097295,2,4,1
188.7019702398684,5,4,1
188.7095718618948,12,5,1
188.7219131658785,3,5,1
188.7292025599163,12,4,1
188.74398819194175,3,4,1
188.78887898591347,1,5,1
188.80169916385785,6,5,1
188.80243775481358,13,5,1
188.81131103285588,1,4,1
188.81361697684042,7,5,1
188.8237788709812,13,4,1
188.82450821087696,6,4,1
188.83427029382437,7,4,1
188.89897883101366,9,4,1
188.91054103383794,8,4,1
188.9141986258328,10,4,1
189.007768149022,0,4,1
189.01195370592177,11,4,1
189.69848639681004,5,8,1
189.7094425628893,12,8,1
189.7213891868014,3,8,1
189.79075272381306,1,8,1
189.80278917984106,6,8,1
189.80355414096266,13,8,1
189.81325165182352,7,8,1
189.89877023990266,9,8,1
189.9110364629887,8,7,1
189.91645279387012,10,8,1
189.91959008201957,9,7,1
189.9354349737987,8,3,1
189.9384184270166,9,3,1
189.93926551099867,10,7,1
189.95821512001567,10,3,1
190.00420866394415,4,8,1
190.0093968489673,0,8,1
190.0124285039492,11,8,1
190.02503719599918,4,7,1
190.03133021201938,2,8,1
190.03395546483807,11,7,1
190.03534367401153,0,7,1
190.04430524399504,4,3,1
190.05538646387868,0,3,1
190.0562753379345,11,3,1
190.05707996082492,2,7,1
190.07618738384917,11,6,1
190.07722708280198,2,3,1
190.09048926387914,2,6,1
190.2063191179186,5,7,1
190.2098996678833,12,7,1
190.2263726477977,3,7,1
190.23021489591338,5,3,1
190.23093374585733,12,3,1
190.25319668697193,12,6,1
190.25393658783287,5,6,1
190.25468561891466,3,6,1
190.28820709488355,1,7,1
190.301878297003,6,7,1
190.30267987889238,13,7,1
190.311557746958,1,3,1
190.31232992885634,7,3,1
190.32530243089423,13,3,1
190.3260417918209,6,3,1
190.33329594391398,1,6,1
190.3340645758435,7,6,1
190.34360646200366,13,6,1
190.39405695092864,9,6,1
190.4081567339599,8,6,1
190.41508656786755,10,6,1
190.5029903529212,4,6,1
190.50440032198094,0,6,1
190.78786342800595,1,12,2
190.7998841139488,6,12,2
190.8009736139793,13,12,2
190.81093889288604,7,12,2
190.8120119429659,1,13,2
190.8218792078551,6,13,2
190.83117449679412,7,13,2
190.89341015485115,9,12,2
190.91311422595754,8,12,2
190.91608618898317,9,13,2
190.9168343199417,10,12,2
190.93805133202113,8,13,2
190.9387810418848,10,13,2
191.00543346395716,4,12,2
191.00865851389244,0,12,2
191.012109039817,11,12,2
191.0354038910009,0,13,2
191.03649516100995,4,13,2
191.03752239979804,11,13,2
191.03854547790252,2,12,2
191.0576931729447,2,13,2
191.2062307309825,5,12,2
191.21053511090577,12,13,2
191.223286727909,3,12,2
191.22703512199223,5,13,2
191.24540901486762,3,13,2
191.70507166092284,5,10,2
191.70939742191695,12,10,2
191.72234620386735,3,10,2
191.72665542387404,5,11,2
191.7298565628007,12,11,2
191.7453932268545,3,11,2
191.7892706419807,1,10,2
191.79877977794968,13,10,2
191.80418381886557,6,10,2
191.81233824696392,1,11,2
191.81316268979572,7,10,2
191.81901827291586,13,11,2
191.83037522993982,6,11,2
191.83382123685442,7,11,2
191.89861778588966,9,10,2
191.91166444099508,8,10,2
191.91654716688208,10,11,2
191.91965271299705,9,11,2
191.93446331680752,8,11,2
192.0055041508749,4,10,2
192.00871136086062,0,10,2
192.01327928784303,11,10,2
192.03313964279369,0,11,2
192.03420205181465,4,11,2
192.0352135009598,2,10,2
192.0546873449348,2,11,2
192.2001593769528,5,9,1
192.20705368882045,12,9,1
192.21905945497565,3,9,1
192.2861434579827,1,9,1
192.29780993401073,13,9,1
192.2994410688989,6,9,1
192.30642725387588,7,9,1
192.40541431796737,8,9,1
192.4125221169088,10,9,1
192.49916971684434,4,9,1
192.50618398282677,0,9,1
192.50998373888433,11,9,1
192.52760130097158,2,9,1
197.02769328886643,2,0,1
197.2007641820237,5,0,1
197.20900783198886,12,0,1
197.21774200489745,3,0,1
197.22946233302355,12,2,1
197.238396293018,3,2,1
197.2878197019454,1,0,1
197.29945860779844,6,0,1
197.30056305788457,13,0,1
197.3087653478142,7,0,1
197.3126826370135,1,2,1
197.32616099296138,6,2,1
197.32721540285274,13,2,1
197.32965029100887,7,2,1
197.39291284792125,9,0,1
197.40622005891055,8,0,1
197.4153114729561,10,0,1
197.41662932001054,9,2,1
197.4267583328765,8,2,1
197.43590618786402,10,2,1
197.5014759087935,4,0,1
197.51054206187837,0,2,1
197.51237311284058,11,0,1
197.52519510197453,4,2,1
197.53488399181515,11,2,1
197.70289281383157,5,2,1
198.19513629982248,5,1,1
198.20155496988446,12,1,1
198.2112045388203,3,1,1
198.29226805293,13,1,1
198.29310020594858,6,1,1
198.3022716420237,7,1,1
198.31424675695598,7,5,1
198.3925463128835,9,1,1
198.40795107302256,8,1,1
198.41671335790306,9,5,1
198.41743686795235,10,1,1
198.42793600191362,8,5,1
198.4399650269188,10,5,1
198.5050543649122,4,1,1
198.5080191679299,0,1,1
198.51167632988654,11,1,1
198.53441623481922,11,5,1
198.53522010799497,0,5,1
198.53600593982264,4,5,1
198.53672330989502,2,1,1
198.55576976086013,2,5,1
198.57174071785994,2,4,1
198.70207526697777,5,4,1
198.70923802698962,12,5,1
198.72305336291902,3,5,1
198.72914972295985,12,4,1
198.7451301489491,3,4,1
198.78876607795246,1,5,1
198.8001583358273,13,5,1
198.8014870628249,6,5,1
198.8104027819354,1,4,1
198.81112204189412,7,4,1
198.8248864170164,6,4,1
198.82561773690395,13,4,1
198.89430403499864,9,4,1
198.90991187095642,8,4,1
198.91414343891665,10,4,1
199.0075249269139,0,4,1
199.01152076781727,11,4,1
199.7028031628579,5,8,1
199.70986903086305,12,8,1
199.7200487148948,3,8,1
199.78974713082425,1,8,1
199.80303809279576,13,8,1
199.80573911801912,6,8,1
199.8122050978709,7,8,1
199.88845375785604,9,8,1
199.91126067494042,8,7,1
199.91205744701438,9,7,1
199.91623280290514,10,8,1
199.93489618483,8,3,1
199.9356448459439,9,3,1
199.9392099250108,10,7,1
199.9594103989657,10,3,1
200.00570570188574,4,8,1
200.00861580390483,0,8,1
200.01290619396605,11,8,1
200.03108238079585,4,7,1
200.03396991081536,0,7,1
200.0349204579834,2,8,1
200.03566046897322,11,7,1
200.0544145028107,4,3,1
200.0574963989202,11,3,1
200.0582832309883,0,3,1
200.0590502920095,2,7,1
200.07429356779903,11,6,1
200.07574320794083,2,3,1
200.0919620608911,2,6,1
200.19668950582854,5,7,1
200.20945022185333,12,7,1
200.22010224987753,5,3,1
200.2216458430048,3,7,1
200.23026557383128,12,3,1
200.24223369802348,5,6,1
200.246772833867,3,6,1
200.2492687238846,12,6,1
200.28889359091409,1,7,1
200.3000024210196,6,7,1
200.3008084630128,13,7,1
200.31163466582075,1,3,1
200.31242180801928,7,3,1
200.32418105588295,13,3,1
200.32554898387752,6,3,1
200.33336913282983,1,6,1
200.3347281308379,7,6,1
200.34038474899717,13,6,1
200.38974825688638,9,6,1
200.41039809398353,8,6,1
200.41126031801105,10,6,1
200.50135542382486,4,6,1
200.50409275991842,0,6,1
200.78897381597199,1,13,2
200.80221124598756,6,13,2
200.80299020698294,13,12,2
200.81116678589024,1,12,2
200.8119677978102,7,13,2
200.82239044900052,6,12,2
200.83239752799273,7,12,2
200.8958760718815,9,13,2
200.90979383001104,8,13,2
200.91802384983748,9,12,2
200.91880000196397,10,13,2
200.9354990478605,8,12,2
200.93928668298759,10,12,2
201.00578487082385,4,13,2
201.00901285093278,0,13,2
201.01596290501766,11,13,2
201.03125541191548,4,12,2
201.03206219500862,0,12,2
201.03361884783953,2,13,2
201.0394187499769,11,12,2
201.056021443801,2,12,2
201.20605264301412,5,13,2
201.20990657084621,12,13,2
201.2190916580148,3,13,2
201.22638459084556,5,12,2
201.23915507784113,3,12,2
201.7027845948469,5,10,2
201.7090399598237,12,10,2
201.71991562400945,3,10,2
201.7232407669071,5,11,2
201.72948240092956,12,11,2
201.74006498698145,3,11,2
201.7885765908286,1,10,2
201.80096715688705,13,10,2
201.8017172878608,6,10,2
201.81107677984983,1,11,2
201.8124507078901,7,10,2
201.82444422296248,6,11,2
201.82517537288368,13,11,2
201.83366592996754,7,11,2
201.89423518185504,9,10,2
201.9138042279519,8,10,2
201.91680033202283,9,11,2
201.91756241279654,10,11,2
201.93386068800464,8,11,2
202.003825702006,4,10,2
202.00839777989313,0,10,2
202.01346351089887,11,10,2
202.02842418896034,4,11,2
202.03145034401678,0,11,2
202.03222573595122,2,10,2
202.05271574785002,2,11,2
202.20014248485677,5,9,1
202.20829491200857,12,9,1
202.21727988286875,3,9,1
202.2859472008422,1,9,1
202.299542570021,6,9,1
202.30041001481004,13,9,1
202.30768890795298,7,9,1
202.40573909599334,8,9,1
202.41322457487695,10,9,1
202.50679063796997,4,9,1
202.50905770179816,0,9,1
202.51069889799692,11,9,1
202.52889082487673,2,9,1
207.02723491890356,2,0,1
207.2009953618981,5,0,1
207.20842344895937,12,0,1
207.21736620902084,3,0,1
207.2290047740098,12,2,1
207.23775823786855,3,2,1
207.28648928902112,1,0,1
207.29780355491675,13,0,1
207.2993580789771,6,0,1
207.31073867692612,7,0,1
207.31150231789798,1,2,1
207.3202363208402,13,2,1
207.32381225097924,6,2,1
207.33488695090637,7,2,1
207.39187142183073,9,0,1
207.40617262083106,8,0,1
207.41426827781834,9,2,1
207.41566555690952,10,0,1
207.4265570808202,8,2,1
207.4395176828839,10,2,1
207.50696131587029,4,0,1
207.51097946800292,11,0,1
207.51174192898907,0,2,1
207.52853459888138,4,2,1
207.53159906389192,11,2,1
207.70254960795864,5,2,1
208.20200999686494,5,1,1
208.21065751789138,12,1,1
208.2208942938596,3,1,1
208.29967376380228,6,1,1
208.3012538079638,13,1,1
208.30903469584882,7,1,1
208.39305285201408,9,1,1
208.4119413199369,8,1,1
208.41570176486857,9,5,1
208.4170632828027,10,1,1
208.43214164301753,8,5,1
208.43999595288187,10,5,1
208.50833113095723,0,1,1
208.50944890198298,4,1,1
208.5130549930036,11,1,1
208.53654446895234,11,5,1
208.53761545894668,0,5,1
208.53859919682145,4,5,1
208.5396355749108,2,1,1
208.56053110887296,2,5,1
208.57727157697082,2,4,1
208.70153945684433,5,4,1
208.7093906959053,12,5,1
208.72138717095368,3,5,1
208.72906773583964,12,4,1
208.74123385502025,3,4,1
208.78888193587773,1,5,1
208.80031473585404,13,5,1
208.80105073587038,6,5,1
208.81114759785123,7,5,1
208.8119418998249,1,4,1
208.8222797489725,13,4,1
208.82763652899303,6,4,1
208.83123050886206,7,4,1
208.8949657389894,9,4,1
208.90717618982308,8,4,1
208.91574891889468,10,4,1
209.00230115582235,0,4,1
209.01244154991582,11,4,1
209.69493740983307,5,8,1
209.70180519088171,12,8,1
209.71141157997772,3,8,1
209.78118362789974,1,8,1
209.79384222184308,13,8,1
209.80459453188814,7,8,1
209.80704036098905,6,8,1
209.89969181781635,9,8,1
209.90826828684658,8,7,1
209.91698641097173,10,8,1
209.92014031880535,9,7,1
209.92878277087584,8,3,1
209.9382221638225,9,3,1
209.93901055585593,10,7,1
209.95739225880243,10,3,1
210.00328042102046,4,8,1
210.00868174084462,0,8,1
210.01249250792898,11,8,1
210.02913102298044,4,7,1
210.0330138609279,0,7,1
210.0337333108764,11,7,1
210.03444053092971,2,8,1
210.05399293685332,4,3,1
210.0571963058319,11,3,1
210.05791999702342,0,3,1
210.05862462590449,2,7,1
210.07553013879806,11,6,1
210.07809087983333,2,3,1
210.09300877689384,2,6,1
210.20565243181773,5,7,1
210.20937365596183,12,7,1
210.21995064197108,3,7,1
210.2284696798306,5,3,1
210.22993323090486,12,3,1
210.24045556387864,3,6,1
210.24980972590856,12,6,1
210.25053812586702,5,6,1
210.29169770493172,1,7,1
210.30102665582672,13,7,1
210.30206469492987,6,7,1
210.31351048499346,1,3,1
210.3145420739893,7,3,1
210.32464662590064,13,3,1
210.32567611383274,6,3,1
210.33403227780946,1,6,1
210.3375291659031,7,6,1
210.34486277983524,13,6,1
210.3948329759296,9,6,1
210.4076308128424,8,6,1
210.4141962470021,10,6,1
210.5010628029704,4,6,1
210.5038383998908,0,6,1
210.79660360584967,1,13,2
210.79993121884763,13,12,2
210.80112342187203,6,13,2
210.80925180879422,7,13,2
210.81718954094686,1,12,2
210.82067164801992,6,12,2
210.82923603686504,7,12,2
210.899609452812,9,13,2
210.91105192201212,8,13,2
210.9169682979118,10,13,2
210.92013099580072,9,12,2
210.93574474193156,8,12,2
210.93785179080442,10,12,2
211.00439086882398,0,13,2
211.00550302979536,4,13,2
211.01263659982942,11,13,2
211.0299995939713,0,12,2
211.03106973390095,4,12,2
211.0321123029571,2,13,2
211.0342358117923,11,12,2
211.05316476081498,2,12,2
211.20357136195526,5,13,2
211.21030590985902,12,13,2
211.22417378681712,5,12,2
211.2252169258427,3,13,2
211.24658523290418,3,12,2
211.70255042682402,5,10,2
211.71056458097883,12,10,2
211.72186236595735,3,10,2
211.72294992697425,5,11,2
211.73131370986812,12,11,2
211.74249155190773,3,11,2
211.79506460088305,1,10,2
211.7994020418264,13,10,2
211.80305357300676,6,10,2
211.81305418279953,7,10,2
211.81989355385303,1,11,2
211.82389039499685,6,11,2
211.82501247688197,13,11,2
211.83493266394362,7,11,2
211.8956186589785,9,10,2
211.9081954099238,8,10,2
211.91753717092797,9,11,2
211.91856608982198,10,11,2
211.92838661395945,8,11,2
212.00391932297498,4,10,2
212.00891611282714,0,10,2
212.01625518780202,11,10,2
212.02975405496545,4,11,2
212.03159992583096,0,11,2
212.03266257583164,2,10,2
212.05166188580915,2,11,2
212.19854241795838,5,9,1
212.2042015758343,12,9,1
212.21889982698485,3,9,1
212.2852064690087,1,9,1
212.30014562583528,6,9,1
212.3008900769055,13,9,1
212.30719819292426,7,9,1
212.40620669792406,8,9,1
212.41317407297902,10,9,1
212.50154151092283,4,9,1
212.50652240985073,0,9,1
212.51268220087513,11,9,1
212.52699916088022,2,9,1
217.02710683899932,2,0,1
217.20070082694292,5,0,1
217.2082408068236,12,0,1
217.2175874079112,3,0,1
217.2377875028178,3,2,1
217.2866097658407,1,0,1
217.2991648069583,13,0,1
217.30000245990232,6,0,1
217.30916504585184,7,0,1
217.31101068784483,1,2,1
217.3221104477998,13,2,1
217.3234404248651,6,2,1
217.32953988481313,7,2,1
217.39190071681514,9,0,1
217.40581883583218,8,0,1
217.4147095629014,9,2,1
217.41544393380173,10,0,1
217.42636920884252,8,2,1
217.4357027998194,10,2,1
217.50648820679635,4,0,1
217.51008444698527,0,2,1
217.51084894896485,11,0,1
217.52798965689726,4,2,1
217.53141856286675,11,2,1
217.70232802582905,5,2,1
217.71000365982763,12,2,1
218.20155948889442,5,1,1
218.20889098290354,12,1,1
218.21833318681456,3,1,1
218.29930393886752,13,1,1
218.30010409094393,6,1,1
218.30931530799717,7,1,1
218.39478455483913,9,1,1
218.4069137237966,8,1,1
218.41622237395495,9,5,1
218.4170172258746,10,1,1
218.4270795469638,8,5,1
218.43743441579863,10,5,1
218.50299968686886,4,1,1
218.50797554594465,0,1,1
218.5144362768624,11,1,1
218.52668364881538,4,5,1
218.53034419100732,2,1,1
218.53111792192794,0,5,1
218.5382833930198,11,5,1
218.55013802391477,2,5,1
218.5683754228521,2,4,1
218.7019958149176,5,4,1
218.70947079383768,12,5,1
218.71933560888283,3,5,1
218.72904706001282,12,4,1
218.73881276301108,3,4,1
218.79622987681068,1,5,1
218.80017553688958,13,5,1
218.80090256687254,6,5,1
218.80950855696574,7,5,1
218.82559200702235,6,4,1
218.82632353692316,1,4,1
218.82702795695513,13,4,1
218.82944500399753,7,4,1
218.89825410582125,9,4,1
218.90677522402257,8,4,1
218.91452400991693,10,4,1
219.00767993181944,0,4,1
219.01238110288978,11,4,1
219.6965599108953,5,8,1
219.7023018519394,12,8,1
219.71118940995075,3,8,1
219.78040140285157,1,8,1
219.7960904208012,6,8,1
219.80449920496903,13,8,1
219.80565882800147,7,8,1
219.8852437499445,9,8,1
219.8965491359122,9,7,1
219.91144617297687,9,3,1
219.9136368839536,8,7,1
219.91592167783529,10,8,1
219.93580382294022,8,3,1
219.93710057879798,10,7,1
219.95577078987844,10,3,1
220.00379713182338,4,8,1
220.01095191086642,0,8,1
220.01252354495227,11,8,1
220.0281292910222,4,7,1
220.0348869599402,11,7,1
220.03560011996888,0,7,1
220.03633311996236,2,8,1
220.04630634887144,4,3,1
220.05741877900437,11,3,1
220.0581475989893,0,3,1
220.06252980185673,2,7,1
220.0731665189378,11,6,1
220.08397706085816,2,3,1
220.09983782400377,2,6,1
220.20508563285694,5,7,1
220.20933606196195,12,7,1
220.21929618995637,3,7,1
220.23170743696392,12,3,1
220.2324634178076,5,3,1
220.2395348949358,3,6,1
220.25330548989587,12,6,1
220.25410979194567,5,6,1
220.28915554098785,1,7,1
220.29962310288101,13,7,1
220.3004211660009,6,7,1
220.31207431084476,1,3,1
220.3128090419341,7,3,1
220.32301002694294,6,3,1
220.32377139781602,13,3,1
220.33341062697582,1,6,1
220.33470807387494,7,6,1
220.34263821481727,13,6,1
220.394733479945,9,6,1
220.4112569708377,8,6,1
220.41471550799906,10,6,1
220.5030662450008,4,6,1
220.50443530385382,0,6,1
220.78846205584705,1,13,2
220.8076246008277,6,13,2
220.8084330528509,13,12,2
220.81143663683906,1,12,2
220.8122418699786,7,13,2
220.82887963484973,6,12,2
220.83212825586088,7,12,2
220.89790610200725,9,13,2
220.91694499389268,8,13,2
220.918430065969,10,13,2
220.91924438881688,9,12,2
220.9407638888806,10,12,2
220.94157859194092,8,12,2
221.00355294300243,4,13,2
221.00868289591745,0,13,2
221.012737368932,11,13,2
221.0294805970043,4,12,2
221.03341805702075,0,12,2
221.03414268698543,11,12,2
221.03485777694732,2,13,2
221.05419699684717,2,12,2
221.20140751893632,12,13,2
221.2031306969002,5,13,2
221.22188000986353,3,13,2
221.22312171501108,5,12,2
221.2445400529541,3,12,2
221.70276336092502,5,10,2
221.70926107186824,12,10,2
221.72012933599763,3,10,2
221.72304288693704,5,11,2
221.72938131401315,12,11,2
221.74034649995156,3,11,2
221.78934525884688,1,10,2
221.7998307920061,6,10,2
221.800584792858,13,10,2
221.81115523795597,7,10,2
221.81437301798724,1,11,2
221.8229534968268,13,11,2
221.82409080886282,6,11,2
221.83195368899032,7,11,2
221.8997592718806,9,10,2
221.90821209782735,8,10,2
221.91726422100328,10,11,2
221.92016733298078,9,11,2
221.9285994679667,8,11,2
222.0055793179199,4,10,2
222.00831498391926,0,10,2
222.0133553049527,11,10,2
222.03236836590804,4,11,2
222.0334250149317,0,11,2
222.03443544381298,2,10,2
222.0562264919281,2,11,2
222.2002311439719,5,9,1
222.20758253894746,12,9,1
222.21716612693854,3,9,1
222.2855333259795,1,9,1
222.29818504001014,6,9,1
222.29924585996196,13,9,1
222.30733231501654,7,9,1
222.40560397994705,8,9,1
222.41261641588062,10,9,1
222.49803254101425,4,9,1
222.5089077348821,0,9,1
222.5108814400155,11,9,1
222.5274676028639,2,9,1
227.02710205200128,2,0,1
227.20400105183944,5,0,1
227.20805528596975,12,0,1
227.21809353586286,3,0,1
227.22793942084536,12,2,1
227.2388332649134,3,2,1
227.28665910102427,1,0,1
227.29824880487286,13,0,1
227.29929203400388,6,0,1
227.31049823598005,7,0,1
227.31256877398118,1,2,1
227.3213829509914,6,2,1
227.32214226201177,13,2,1
227.3319343549665,7,2,1
227.39230773202144,9,0,1
227.40880830190144,8,0,1
227.4153271438554,10,0,1
227.4161354668904,9,2,1
227.4295004599262,8,2,1
227.43592666997574,10,2,1
227.50286432891153,4,0,1
227.5089533389546,0,2,1
227.51090409397148,11,0,1
227.52456795587204,4,2,1
227.5307925089728,11,2,1
227.7031392129138,5,2,1
228.20503748999909,5,1,1
228.205760469893,12,1,1
228.22137671685778,3,1,1
228.2954212038312,6,1,1
228.29717896296643,13,1,1
228.30906705581583,7,1,1
228.39415049180388,9,1,1
228.4074199628085,8,1,1
228.4159290799871,9,5,1
228.41670670197345,10,1,1
228.42801140691154,8,5,1
228.4366292678751,10,5,1
228.50800415081903,0,1,1
228.50876409281045,4,1,1
228.51192724099383,11,1,1
228.53544329782017,2,1,1
228.53622186998837,11,5,1
228.53694147989154,0,5,1
228.53764901985414,4,5,1
228.5566702808719,2,5,1
228.57404330582358,2,4,1
228.70175508293323,5,4,1
228.70989499986172,12,5,1
228.71925503085367,3,5,1
228.7293686538469,12,4,1
228.73897936288267,3,4,1
228.78928711800836,1,5,1
228.800463499967,13,5,1
228.80132345389575,6,5,1
228.8112188198138,1,4,1
228.81199065083638,7,5,1
228.82321940502152,13,4,1
228.82400298700668,6,4,1
228.83198474999517,7,4,1
228.89219302195124,9,4,1
228.91077772085555,8,4,1
228.9142559878528,10,4,1
229.0085453710053,0,4,1
229.00929227191955,11,4,1
229.70301128691062,5,8,1
229.7126073448453,12,8,1
229.72116640396416,3,8,1
229.7945078718476,1,8,1
229.79731055092998,6,8,1
229.7983928108588,13,8,1
229.81321418494917,7,8,1
229.89967591990717,9,8,1
229.90806963387877,8,7,1
229.91933464887552,10,8,1
229.92071709688753,9,7,1
229.9288236538414,8,3,1
229.9437069988344,10,7,1
229.9444623310119,9,3,1
229.96091143996455,10,3,1
230.0055002849549,4,8,1
230.0090340138413,0,8,1
230.0128045589663,11,8,1
230.03250577882864,4,7,1
230.0340221018996,11,7,1
230.03474504197948,0,7,1
230.0354531519115,2,8,1
230.0574375858996,4,3,1
230.05827653896995,0,3,1
230.05914528295398,11,3,1
230.06022369279526,2,7,1
230.07633121288382,11,6,1
230.0785423947964,2,3,1
230.09349429281428,2,6,1
230.20549857080914,5,7,1
230.2094412909355,12,7,1
230.2192593549844,3,7,1
230.2278278749436,5,3,1
230.23229750990868,12,3,1
230.2398179289885,3,6,1
230.24654546682723,5,6,1
230.2534952207934,12,6,1
230.29340653587133,1,7,1
230.2948770970106,6,7,1
230.29563989886083,13,7,1
230.30295176291838,7,3,1
230.31020850595087,13,3,1
230.3125807319302,6,3,1
230.31692498293705,7,6,1
230.32026773691177,1,3,1
230.32132732588798,13,6,1
230.3373225228861,1,6,1
230.39445491787046,9,6,1
230.40841870894656,10,6,1
230.41007110499777,8,6,1
230.50239534280263,4,6,1
230.5038040028885,0,6,1
230.78921046294272,1,13,2
230.797518895939,13,12,2
230.798356478801,6,13,2
230.806244578911,7,13,2
230.81155536789447,1,12,2
230.81422112183645,6,12,2
230.82267687795684,7,12,2
230.8951040308457,9,13,2
230.90804453287274,8,13,2
230.91687844879925,9,12,2
230.91759564890526,10,13,2
230.9286263368558,8,12,2
230.93765442981385,10,12,2
231.0038279069122,4,13,2
231.0087837758474,0,13,2
231.01240259688348,11,13,2
231.02937630098313,4,12,2
231.033303410979,0,12,2
231.03405869193375,11,12,2
231.03478202200495,2,13,2
231.05387124489062,2,12,2
231.2059380118735,5,13,2
231.21092945197597,12,13,2
231.22324893600307,3,13,2
231.22627620981075,5,12,2
231.2450224738568,3,12,2
231.70302466582507,5,10,2
231.71017956594005,12,10,2
231.72365421196446,5,11,2
231.72440790291876,3,10,2
231.7309922669083,12,11,2
231.74665076402016,3,11,2
231.79019883996807,1,10,2
231.80219130497426,13,10,2
231.80293240584433,6,10,2
231.81281006196514,1,11,2
231.81352818198502,7,10,2
231.82503974298015,6,11,2
231.82576465397142,13,11,2
231.8348453468643,7,11,2
231.8946252670139,9,10,2
231.91340421093628,8,10,2
231.91705367295071,9,11,2
231.91780206398107,10,11,2
231.93397325580008,8,11,2
232.00398737099022,4,10,2
232.00876036495902,0,10,2
232.01458313688636,11,10,2
232.0272900618147,4,11,2
232.03070252784528,0,11,2
232.03142578783445,2,10,2
232.0511081069708,2,11,2
232.19591809180565,5,9,1
232.20480653992854,12,9,1
232.21916476101615,3,9,1
232.28637523786165,1,9,1
232.300185093889,6,9,1
232.30125018395483,13,9,1
232.3106639268808,7,9,1
232.4063039480243,8,9,1
232.41332445386797,10,9,1
232.50226441794075,4,9,1
232.50666963099502,0,9,1
232.51062339101918,11,9,1
232.52649678499438,2,9,1
237.02716734586284,2,0,1
237.20048475684598,5,0,1
237.2097965569701,12,0,1
237.2175465337932,3,0,1
237.23455811897293,12,2,1
237.23805545596406,3,2,1
237.28973214980215,1,0,1
237.29842264181934,6,0,1
237.29948858194984,13,0,1
237.30874702101573,7,0,1
237.3120252029039,1,2,1
237.32159059983678,13,2,1
237.3226490789093,6,2,1
237.329185240902,7,2,1
237.39187525282614,9,0,1
237.40631544589996,8,0,1
237.41484618396498,9,2,1
237.4156751879491,10,0,1
237.4272329399828,8,2,1
237.43862222786993,10,2,1
237.50113669387065,4,0,1
237.51039459300227,0,2,1
237.51239982899278,11,0,1
237.52180225099437,4,2,1
237.53645745082758,11,2,1
237.70291088987142,5,2,1
238.20502480398864,5,1,1
238.21150559489615,12,1,1
238.21908701700158,3,1,1
238.30043231789023,13,1,1
238.30125234089792,6,1,1
238.30911427084357,7,1,1
238.39449083502404,9,1,1
238.40778255695477,8,1,1
238.41635454585776,9,5,1
238.41709203692153,10,1,1
238.42860315786675,8,5,1
238.4372889609076,10,5,1
238.5055090058595,4,1,1
238.51035542180762,0,1,1
238.51224834495224,11,1,1
238.53129971586168,4,5,1
238.5320549979806,2,1,1
238.53455354692414,11,5,1
238.53527530794963,0,5,1
238.55256668082438,2,5,1
238.57093834294938,2,4,1
238.7016448539216,5,4,1
238.70982623286545,12,5,1
238.7191085619852,3,5,1
238.72925755498,12,4,1
238.7387514009606,3,4,1
238.79075092286803,1,5,1
238.7999626409728,6,5,1
238.80070364079438,13,5,1
238.81071095983498,1,4,1
238.81145267095417,7,5,1
238.8222820740193,6,4,1
238.8230062138755,13,4,1
238.83113281079568,7,4,1
238.89362857700326,9,4,1
238.90749954385683,8,4,1
238.91477376688272,10,4,1
239.0076744419057,0,4,1
239.012809274951,11,4,1
239.70243562594987,5,8,1
239.70962638687342,12,8,1
239.7211703788489,3,8,1
239.78862387384288,1,8,1
239.80530611984432,6,8,1
239.808664833894,13,8,1
239.81221803301014,7,8,1
239.8944075878244,9,8,1
239.90816768282093,8,7,1
239.91641806298867,9,7,1
239.91777700092643,10,8,1
239.9292700018268,8,3,1
239.93686173390597,9,3,1
239.94140737084672,10,7,1
239.96087118401192,10,3,1
240.00597438402474,4,8,1
240.00792473787442,0,8,1
240.01525989291258,11,8,1
240.03388729388826,0,7,1
240.03463515499607,4,7,1
240.03539695590734,2,8,1
240.03773335088044,11,7,1
240.0609112479724,11,3,1
240.0617257708218,4,3,1
240.06245389091782,0,3,1
240.0631699608639,2,7,1
240.07356833200902,11,6,1
240.08066976000555,2,3,1
240.09518736600876,2,6,1
240.20516612683423,5,7,1
240.20947120781057,12,7,1
240.2200727239251,3,7,1
240.22738593793474,5,3,1
240.23072545183823,12,3,1
240.2402283968404,3,6,1
240.2477514669299,5,6,1
240.24975803284906,12,6,1
240.29119949089363,1,7,1
240.30324102682061,6,7,1
240.30430140602402,13,7,1
240.307006662013,7,3,1
240.3142235937994,1,3,1
240.33029582281597,7,6,1
240.3312235288322,13,3,1
240.3321469638031,6,3,1
240.33417352079414,1,6,1
240.34763124585152,13,6,1
240.39398074080236,9,6,1
240.40930192894302,8,6,1
240.41158393281512,10,6,1
240.49511919589713,4,6,1
240.5011081728153,0,6,1
240.79008062393405,1,13,2
240.8005972779356,6,13,2
240.80204582796432,13,12,2
240.81242746883072,1,12,2
240.8132497619372,7,13,2
240.82087008398958,6,12,2
240.83560718595982,7,12,2
240.8944747899659,9,13,2
240.90833470690995,8,13,2
240.9167363718152,9,12,2
240.91750109288841,10,13,2
240.92880369885825,8,12,2
240.93740778882056,10,12,2
241.0034728939645,4,13,2
241.00867539993487,0,13,2
241.0124098439701,11,13,2
241.02953278180212,4,12,2
241.0336653869599,11,12,2
241.0344252488576,0,12,2
241.03520320984535,2,13,2
241.05693135783076,2,12,2
241.2021650238894,5,13,2
241.21021756902337,12,13,2
241.22137946099974,3,13,2
241.2252271079924,5,12,2
241.24317893898115,3,12,2
241.70217707986012,5,10,2
241.7098399628885,12,10,2
241.72668337379582,5,11,2
241.7274265938904,3,10,2
241.73036631685682,12,11,2
241.75013328902423,3,11,2
241.79653737484477,1,10,2
241.8010618709959,13,10,2
241.8018108420074,6,10,2
241.80996245983988,7,10,2
241.82076068082824,1,11,2
241.82421772787347,13,11,2
241.82496654894203,6,11,2
241.83065065788105,7,11,2
241.89460541401058,9,10,2
241.90830037579872,8,10,2
241.91690694680437,9,11,2
241.91767726792023,10,11,2
241.9289045718033,8,11,2
242.00687922001816,4,10,2
242.01050847093575,11,10,2
242.01231491100043,0,10,2
242.02800787985325,2,10,2
242.03053659992293,4,11,2
242.03685129689984,0,11,2
242.0405200489331,2,11,2
242.20022126985714,5,9,1
242.20794041501358,12,9,1
242.21832575486042,3,9,1
242.28587604197673,1,9,1
242.2997997708153,6,9,1
242.30058086290956,13,9,1
242.30724077881314,7,9,1
242.40616397187114,8,9,1
242.41270921495743,10,9,1
242.5061848249752,0,9,1
242.50696714688092,4,9,1
242.50978843588382,11,9,1
242.52617532387376,2,9,1
247.0272762218956,2,0,1
247.20324229681864,5,0,1
247.20777278300375,12,0,1
247.21911813993938,3,0,1
247.22841703984886,12,2,1
247.23938164580613,3,2,1
247.28623871481977,1,0,1
247.30041057080962,6,0,1
247.30146890995093,13,0,1
247.31137748691253,1,2,1
247.31246226700023,7,0,1
247.32623729179613,6,2,1
247.32817215588875,13,2,1
247.33639050484635,7,2,1
247.39197438792326,9,0,1
247.40661483700387,8,0,1
247.41493615997024,9,2,1
247.41600611899048,10,0,1
247.42767323483713,8,2,1
247.4362429738976,10,2,1
247.50391822494566,4,0,1
247.51079535693862,0,2,1
247.51187366689555,11,0,1
247.5256838828791,4,2,1
247.53187639592215,11,2,1
247.70309469802305,5,2,1
248.19626686279662,5,1,1
248.20921728387475,12,1,1
248.21866461797617,3,1,1
248.30040465085767,6,1,1
248.30114487186074,13,1,1
248.31124686379917,7,1,1
248.39327677502297,9,1,1
248.40778823080473,8,1,1
248.41568657080643,9,5,1
248.4176405959297,10,1,1
248.42856549099088,8,5,1
248.43966611102223,10,5,1
248.50809697201476,4,1,1
248.51017791079357,0,1,1
248.5119164288044,11,1,1
248.53563783084974,0,5,1
248.5364252529107,4,5,1
248.53714486397803,11,5,1
248.53785978397354,2,1,1
248.55916763888672,2,5,1
248.5747837049421,2,4,1
248.70108225289732,5,4,1
248.71139712096192,12,5,1
248.71903908392414,3,5,1
248.73499123891816,12,4,1
248.7385426289402,3,4,1
248.78822231595404,1,5,1
248.8061080458574,6,5,1
248.80689432797953,13,5,1
248.8101814398542,1,4,1
248.8117714538239,7,5,1
248.83025091979653,13,4,1
248.8324068498332,6,4,1
248.83466156292707,7,4,1
248.89311529579572,9,4,1
248.91108592785895,8,4,1
248.91598287480883,10,4,1
249.00273744785227,0,4,1
249.0109460169915,11,4,1
249.7029874168802,5,8,1
249.70981108699925,12,8,1
249.71937789395452,3,8,1
249.78885519481264,1,8,1
249.80128635186702,6,8,1
249.80227034981363,13,8,1
249.81161487079225,7,8,1
249.89456235687248,9,8,1
249.91328698094003,8,7,1
249.91693518287502,9,7,1
249.91805616393685,10,8,1
249.93832266982645,8,3,1
249.93939010892063,9,3,1
249.94044100889005,10,7,1
249.95859884587117,10,3,1
250.00799199589528,0,8,1
250.0087820678018,4,8,1
250.01696980698034,11,8,1
250.03240435686894,4,7,1
250.03316603880376,2,8,1
250.0361186407972,0,7,1
250.0407965919003,11,7,1
250.04588395380415,4,3,1
250.0546574688051,2,7,1
250.05954534583725,0,3,1
250.06138080684468,11,3,1
250.07521909382194,11,6,1
250.0760211260058,2,3,1
250.0909189018421,2,6,1
250.2025620599743,5,7,1
250.21077253995463,12,7,1
250.22468723799102,3,7,1
250.23145287693478,5,3,1
250.23224397888407,12,3,1
250.25202686199918,3,6,1
250.2539867858868,12,6,1
250.2547523479443,5,6,1
250.2898042469751,1,7,1
250.30197688681073,13,7,1
250.3028545808047,6,7,1
250.3121805419214,1,3,1
250.312930932967,7,3,1
250.325551105896,6,3,1
250.32629111595452,13,3,1
250.33402654179372,1,6,1
250.33537038997747,7,6,1
250.34447338385507,13,6,1
250.394065388944,9,6,1
250.4076513578184,8,6,1
250.41461014281958,10,6,1
250.50028503593057,4,6,1
250.50349321495742,0,6,1
250.79466289794073,1,13,2
250.79907275084406,13,12,2
250.80255138897337,6,13,2
250.8119542908389,7,13,2
250.8153603367973,1,12,2
250.82234869082458,6,12,2
250.8323948418256,7,12,2
250.89407270494848,9,13,2
250.91323624993674,8,13,2
250.91633531684056,9,12,2
250.91768070380203,10,13,2
250.9331016750075,8,12,2
250.9406503958162,10,12,2
251.00750048295595,4,13,2
251.00833628582768,0,13,2
251.01702928892337,11,13,2
251.03299267496914,0,12,2
251.03378275688738,2,13,2
251.0345664988272,4,12,2
251.04231886495836,11,12,2
251.0540026118979,2,12,2
251.20294689200819,5,13,2
251.20957435690798,12,13,2
251.22704017488286,3,13,2
251.22900215000845,5,12,2
251.24839075095952,3,12,2
251.7052770028822,5,10,2
251.7168038249947,12,10,2
251.72178006288595,3,10,2
251.7312749188859,5,11,2
251.74329771497287,12,11,2
251.7440741059836,3,11,2
251.78814913681708,1,10,2
251.80026917601936,6,10,2
251.80106256785803,13,10,2
251.81070552696474,1,11,2
251.81147154886276,7,10,2
251.82303411187604,6,11,2
251.82495029480197,13,11,2
251.83235098188743,7,11,2
251.89414005796425,9,10,2
251.9136895639822,8,10,2
251.91698914580047,9,11,2
251.91834834381007,10,11,2
251.93747549783438,8,11,2
252.00538100488484,4,10,2
252.0087617188692,0,10,2
252.01362578500994,11,10,2
252.03059778898023,4,11,2
252.03202234883793,2,10,2
252.0327895008959,0,11,2
252.05163236684166,2,11,2
252.2041074349545,5,9,1
252.20781661896035,12,9,1
252.21674829884432,3,9,1
252.28520165081136,1,9,1
252.298047429882,13,9,1
252.29957201192155,6,9,1
252.31047301599756,7,9,1
252.40515542100184,8,9,1
252.4129807499703,10,9,1
252.50297311297618,4,9,1
252.50602504890412,0,9,1
252.50950576597825,11,9,1
252.5272332308814,2,9,1
257.02748137898743,2,0,1
257.2007336979732,5,0,1
257.2089174669236,12,0,1
257.2174523049034,3,0,1
257.2293989788741,12,2,1
257.237911676988,3,2,1
257.28603625088,1,0,1
257.2987796268426,13,0,1
257.29952192795463,6,0,1
257.309118286008,1,2,1
257.30991375795566,7,0,1
257.321948813973,6,2,1
257.322685895022,13,2,1
257.33046954195015,7,2,1
257.39260147791356,9,0,1
257.40552977798507,8,0,1
257.41489706002176,9,2,1
257.4156299708411,10,0,1
257.4259792699013,8,2,1
257.43838105583563,10,2,1
257.5005534228403,4,0,1
257.5108707807958,0,2,1
257.51160769094713,11,0,1
257.52559095202014,4,2,1
257.5319435899146,11,2,1
257.70225382689387,5,2,1
258.2015229319222,5,1,1
258.20915998495184,12,1,1
258.21845091483556,3,1,1
258.2996108420193,6,1,1
258.3004008838907,13,1,1
258.308714565821,7,1,1
258.39382777386345,9,1,1
258.4070608429611,8,1,1
258.4169527988415,9,5,1
258.4189946060069,10,1,1
258.42760800686665,8,5,1
258.44142000284046,10,5,1
258.50340463384055,4,1,1
258.5106235158164,0,1,1
258.51206381595694,11,1,1
258.52501788781956,4,5,1
258.53323998698033,2,1,1
258.53459418495186,11,5,1
258.53594483295456,0,5,1
258.55424283398315,2,5,1
258.57248564390466,2,4,1
258.70111307594925,5,4,1
258.70872750901617,12,5,1
258.7188511718996,3,5,1
258.7283909788821,12,4,1
258.73842787882313,3,4,1
258.7894870948512,1,5,1
258.8007103188429,6,5,1
258.80145517899655,13,5,1
258.8128726677969,7,5,1
258.8136063879356,1,4,1
258.8228722868953,6,4,1
258.82543046888895,13,4,1
258.8365379788447,7,4,1
258.89960083086044,9,4,1
258.9076544959098,8,4,1
258.9152392980177,10,4,1
259.00764773902483,0,4,1
259.0114133239258,11,4,1
259.70211856695823,5,8,1
259.7093361879233,12,8,1
259.71948184096254,3,8,1
259.7898499870207,1,8,1
259.8027262368705,6,8,1
259.80347938789055,13,8,1
259.81339197489433,7,8,1
259.89986058999784,9,8,1
259.9082298928406,8,7,1
259.91683229384944,10,8,1
259.92035574186593,9,7,1
259.9292879218701,8,3,1
259.9386928649619,9,3,1
259.9397884248756,10,7,1
259.95883203693666,10,3,1
260.0035655058455,4,8,1
260.00868917885236,0,8,1
260.01242115395144,11,8,1
260.03407225897536,11,7,1
260.03512501786463,0,7,1
260.03615739685483,4,7,1
260.0372278969735,2,8,1
260.0605998588726,4,3,1
260.0616419578437,11,3,1
260.0626502558589,2,7,1
260.0636908158194,0,3,1
260.0796672019642,11,6,1
260.0811179028824,2,3,1
260.0950495719444,2,6,1
260.2017909528222,5,7,1
260.20947745791636,12,7,1
260.219909488922,3,7,1
260.22283730097115,5,3,1
260.2305675270036,12,3,1
260.242489549797,3,6,1
260.2432228899561,5,6,1
260.24981081392616,12,6,1
260.2893850298133,1,7,1
260.2994984218385,13,7,1
260.30119584989734,6,7,1
260.31140741496347,1,3,1
260.31220421683975,7,3,1
260.3228912758641,6,3,1
260.3236341068987,13,3,1
260.33154814783484,1,6,1
260.33744585188106,7,6,1
260.3422220759094,13,6,1
260.3902430869639,9,6,1
260.4085803190246,8,6,1
260.4112119330093,10,6,1
260.4940659569111,4,6,1
260.50334639591165,0,6,1
260.7893567348365,1,13,2
260.79871546686627,13,12,2
260.80266475700773,6,13,2
260.81302889599465,1,12,2
260.81375198601745,7,13,2
260.8226591849234,6,12,2
260.83626172482036,7,12,2
260.89950054185465,9,13,2
260.9079841088969,8,13,2
260.9166765518021,10,13,2
260.91957909287885,9,12,2
260.92809688998386,8,12,2
260.93650768487714,10,12,2
261.0032895510085,4,13,2
261.0084914758336,0,13,2
261.01482728286646,11,13,2
261.0272197588347,4,12,2
261.0327667838428,0,12,2
261.0334794439841,2,13,2
261.0363029029686,11,12,2
261.0560359240044,2,12,2
261.20243710279465,5,13,2
261.21109596500173,12,13,2
261.22167158988304,3,13,2
261.2229554958176,5,12,2
261.24214455182664,3,12,2
261.70301660499536,5,10,2
261.71127050579526,12,10,2
261.72042016196065,3,10,2
261.72359870001674,5,11,2
261.7346862498671,12,11,2
261.74065460590646,3,11,2
261.79099890287034,1,10,2
261.80056151980534,6,10,2
261.80146493483335,13,10,2
261.8105108179152,1,11,2
261.81192761682905,7,10,2
261.82275395980105,6,11,2
261.82435419480316,13,11,2
261.83225875580683,7,11,2
261.90031741699204,9,10,2
261.90820994693786,8,10,2
261.9199646648485,10,11,2
261.9212830818724,9,11,2
261.9288683140185,8,11,2
262.0059927678667,4,10,2
262.00874836486764,0,10,2
262.01328989188187,11,10,2
262.03092106385157,0,11,2
262.031682564877,4,11,2
262.0330703139771,2,10,2
262.0547860809602,2,11,2
262.19996246602386,5,9,1
262.209286615951,12,9,1
262.2183422287926,3,9,1
262.2916023558937,1,9,1
262.29790209187195,13,9,1
262.29925856995396,6,9,1
262.307516700821,7,9,1
262.4056416908279,8,9,1
262.4125941249076,10,9,1
262.49685643892735,4,9,1
262.50569088594057,0,9,1
262.51050359988585,11,9,1
262.52725693793036,2,9,1
267.02739983797073,2,0,1
267.20362117001787,5,0,1
267.20906082191505,12,0,1
267.2183252410032,3,0,1
267.23142375587486,12,2,1
267.2388679338619,3,2,1
267.28619021596387,1,0,1
267.29467869293876,6,0,1
267.2977363879327,13,0,1
267.3108528449666,6,2,1
267.3116255570203,1,2,1
267.31458639889024,7,0,1
267.3185055288486,13,2,1
267.3367075868882,7,2,1
267.3920947238803,9,0,1
267.4058699789457,8,0,1
267.4150047439616,9,2,1
267.41585315787233,10,0,1
267.4264745048713,8,2,1
267.4387073959224,10,2,1
267.49683652981184,4,0,1
267.5101476018317,0,2,1
267.51226770086214,4,2,1
267.5136956209317,11,0,1
267.5342426048592,11,2,1
267.7030306099914,5,2,1
268.20467563183047,5,1,1
268.21046660398133,12,1,1
268.2194108229596,3,1,1
268.2993918969296,13,1,1
268.3008001470007,6,1,1
268.31062898086384,7,1,1
268.3929628308397,9,1,1
268.4072515699081,8,1,1
268.4155171108432,9,5,1
268.41691127000377,10,1,1
268.4275250269566,8,5,1
268.4391011400148,10,5,1
268.5074868199881,4,1,1
268.5083188340068,0,1,1
268.51191958389245,11,1,1
268.5352459948044,11,5,1
268.53607480879873,0,5,1
268.5368046788499,4,5,1
268.5375223488081,2,1,1
268.5568491190206,2,5,1
268.5740551499184,2,4,1
268.7015407308936,5,4,1
268.7110634359997,12,5,1
268.71942483983,3,5,1
268.73260921798646,12,4,1
268.73893319489434,3,4,1
268.7882485818118,1,5,1
268.80141246994026,13,5,1
268.8033007630147,6,5,1
268.81209955899976,7,5,1
268.8131376679521,1,4,1
268.82394225988537,6,4,1
268.8249755189754,13,4,1
268.83265918283723,7,4,1
268.89354801387526,9,4,1
268.9106679519173,8,4,1
268.91437195497565,10,4,1
269.00770669290796,0,4,1
269.01167742395774,11,4,1
269.7016871878877,5,8,1
269.71101881796494,12,8,1
269.7192319268361,3,8,1
269.7901262578089,1,8,1
269.794931411976,6,8,1
269.80125661892816,13,8,1
269.8128900639713,7,8,1
269.89411897282116,9,8,1
269.9126497299876,8,7,1
269.91663674102165,9,7,1
269.91780228400603,10,8,1
269.93844697088934,9,3,1
269.9393373359926,8,3,1
269.94017308880575,10,7,1
269.9611182839144,10,3,1
270.0052535168361,4,8,1
270.0086034508422,0,8,1
270.01232959493063,11,8,1
270.0331777469255,4,7,1
270.0342224459164,11,7,1
270.03520946297795,0,7,1
270.0363288449589,2,8,1
270.05877832183614,11,3,1
270.0598319408018,0,3,1
270.06082685897127,4,3,1
270.06189459888265,2,7,1
270.07669429294765,0,6,1
270.0777400219813,11,6,1
270.0787788708694,2,3,1
270.0932152438909,2,6,1
270.20231960201636,5,7,1
270.20936629897915,12,7,1
270.2217723848298,3,7,1
270.22752879583277,5,3,1
270.23054000991397,12,3,1
270.2425851258449,3,6,1
270.2515077958815,12,6,1
270.25229220697656,5,6,1
270.29016178497113,1,7,1
270.29976616287604,13,7,1
270.3007562409621,6,7,1
270.3142356579192,1,3,1
270.31712972885,7,3,1
270.3234950657934,6,3,1
270.32433884986676,13,3,1
270.3358991728164,1,6,1
270.3375522790011,7,6,1
270.34383386396803,13,6,1
270.39378997986205,9,6,1
270.40946082700975,8,6,1
270.412649235921,10,6,1
270.49570679687895,4,6,1
270.7889453568496,1,13,2
270.7995404128451,13,12,2
270.80493507394567,6,13,2
270.8109313719906,1,12,2
270.81166850193404,7,13,2
270.8254050759133,6,12,2
270.8317022419069,7,12,2
270.8949202077929,9,13,2
270.91102044680156,8,13,2
270.91688139084727,9,12,2
270.9189769499935,10,13,2
270.93150854995474,8,12,2
270.9405997239519,10,12,2
271.00598561996594,4,13,2
271.0092191209551,0,13,2
271.0132820238359,11,13,2
271.03518840600736,2,13,2
271.03623114479706,11,12,2
271.03724893392064,0,12,2
271.038263911847,4,12,2
271.0555330638308,2,12,2
271.20289553981274,5,13,2
271.21150443097576,12,13,2
271.2272883618716,3,13,2
271.22914519393817,5,12,2
271.24896037695,3,12,2
271.7022715290077,5,10,2
271.7112421100028,12,10,2
271.7233553689439,5,11,2
271.7241592609789,3,10,2
271.7351237467956,12,11,2
271.7468708748929,3,11,2
271.7888990889769,1,10,2
271.80219441093504,13,10,2
271.80505206086673,6,10,2
271.8118514898233,7,10,2
271.8125857608393,1,11,2
271.8293238778133,6,11,2
271.8300496789161,13,11,2
271.83268249197863,7,11,2
271.8942377618514,9,10,2
271.91279712994583,8,10,2
271.91665489785373,9,11,2
271.9173850379884,10,11,2
271.93361105094664,8,11,2
272.0056833438575,4,10,2
272.0084193609655,0,10,2
272.01498535391875,11,10,2
272.0329216858372,4,11,2
272.03365731588565,0,11,2
272.0343820559792,2,10,2
272.0541040569078,2,11,2
272.2002326888032,5,9,1
272.20844100788236,12,9,1
272.21700277691707,3,9,1
272.2861569488887,1,9,1
272.2982414169237,13,9,1
272.2996185948141,6,9,1
272.3074494039174,7,9,1
272.4061028989963,8,9,1
272.41267413296737,10,9,1
272.49708410096355,4,9,1
272.5076061049476,0,9,1
272.51234524697065,11,9,1
272.52819330990314,2,9,1
277.0278997910209,2,0,1
277.2036793809384,5,0,1
277.2088811357971,12,0,1
277.21711519593373,3,0,1
277.2294453708455,12,2,1
277.237744102953,3,2,1
277.29220439400524,1,0,1
277.2939260418061,6,0,1
277.2964043410029,13,0,1
277.3094599659089,6,2,1
277.310230987845,7,0,1
277.3146720819641,1,2,1
277.318369894987,13,2,1
277.33137941895984,7,2,1
277.3916525018867,9,0,1
277.4109845319763,8,0,1
277.4145877419505,9,2,1
277.4153615338728,10,0,1
277.436357680941,10,2,1
277.43711327179335,8,2,1
277.50388575694524,4,0,1
277.5095040439628,0,2,1
277.51084710191935,11,0,1
277.5298962939996,4,2,1
277.531298792921,11,2,1
277.70259428792633,5,2,1
278.2019707169384,5,1,1
278.20908709592186,12,1,1
278.22092848690227,3,1,1
278.30068073398434,6,1,1
278.301775354892,13,1,1
278.3091323298868,7,1,1
278.39290413982235,9,1,1
278.4117433268111,8,1,1
278.41552955284715,10,1,1
278.4162795639131,9,5,1
278.4343196270056,8,5,1
278.43583651888184,10,5,1
278.5082855129149,4,1,1
278.5102166568395,0,1,1
278.5120608690195,11,1,1
278.5347518129274,0,5,1
278.53547683288343,4,5,1
278.5362252239138,2,1,1
278.53692846396007,11,5,1
278.55597259593196,2,5,1
278.5731783658266,2,4,1
278.70217020995915,5,4,1
278.71170052490197,12,5,1
278.7189695078414,3,5,1
278.73260899982415,12,4,1
278.7388407138642,3,4,1
278.7845258198213,1,5,1
278.80524771893397,1,4,1
278.80630795797333,6,5,1
278.80732566700317,13,5,1
278.8084386878181,7,5,1
278.83029020787217,7,4,1
278.83133170800284,6,4,1
278.8324050579686,13,4,1
278.89397181686945,9,4,1
278.9079497579951,8,4,1
278.91643837396987,10,4,1
279.0077641559765,0,4,1
279.0117614069022,11,4,1
279.70255670393817,5,8,1
279.7104272940196,12,8,1
279.71943781501614,3,8,1
279.7887952728197,1,8,1
279.80305422097445,13,8,1
279.80487158196047,6,8,1
279.81297618779354,7,8,1
279.89428091887385,9,8,1
279.90842980495654,8,7,1
279.91667417483404,9,7,1
279.917456446914,10,8,1
279.92945088190027,8,3,1
279.9382839789614,9,3,1
279.9396740279626,10,7,1
279.9575568269938,10,3,1
280.0032782040071,4,8,1
280.0083631759044,0,8,1
280.0150090418756,11,8,1
280.0329181018751,0,7,1
280.03395831095986,2,8,1
280.03495697886683,4,7,1
280.0369283838663,11,7,1
280.05901975091547,0,3,1
280.06024465500377,4,3,1
280.0612544938922,11,3,1
280.06226727180183,2,7,1
280.07601111591794,11,6,1
280.07887534587644,2,3,1
280.0944106488023,2,6,1
280.2056862479076,5,7,1
280.2105506840162,12,7,1
280.2198351128027,3,7,1
280.22848119493574,5,3,1
280.2319508208893,12,3,1
280.24377318192273,3,6,1
280.2482765580062,5,6,1
280.25105416495353,12,6,1
280.28797995694913,1,7,1
280.3011754248291,13,7,1
280.301953246817,6,7,1
280.31188477389514,1,3,1
280.3126301849261,7,3,1
280.3246810918208,6,3,1
280.3254140818026,13,3,1
280.3334266960155,1,6,1
280.33476802380756,7,6,1
280.3442121578846,13,6,1
280.39398078783415,9,6,1
280.410738425795,8,6,1
280.415063456865,10,6,1
280.494146555895,4,6,1
280.50282685784623,0,6,1
280.78863355191424,1,13,2
280.80099119688384,6,13,2
280.8017698689364,13,12,2
280.810878372984,1,12,2
280.8116423948668,7,13,2
280.821681804955,6,12,2
280.83219510898925,7,12,2
280.8948263078928,9,13,2
280.9037333568558,8,13,2
280.9111056427937,10,13,2
280.91783445095643,9,12,2
280.9198184169363,8,12,2
280.927048078971,10,12,2
281.0034850127995,4,13,2
281.007105643861,0,13,2
281.01469684694894,11,13,2
281.0326160269324,0,12,2
281.0340590579435,2,13,2
281.03478333796374,4,12,2
281.03720665490255,11,12,2
281.0535768228583,2,12,2
281.20621975697577,5,13,2
281.20999080198817,12,13,2
281.220348080853,3,13,2
281.22629949683324,5,12,2
281.24332910287194,3,12,2
281.7020427668467,5,10,2
281.70931751979515,12,10,2
281.7210627379827,3,10,2
281.7224355658982,5,11,2
281.73005981883034,12,11,2
281.74137354595587,3,11,2
281.79687703587115,1,10,2
281.8003126818221,6,10,2
281.8010765130166,13,10,2
281.8100559639279,7,10,2
281.82729244581424,6,11,2
281.82808546791784,13,11,2
281.82881021802314,1,11,2
281.83139199996367,7,11,2
281.894237925997,9,10,2
281.9081676348578,8,10,2
281.9167650749441,9,11,2
281.91780460393056,10,11,2
281.92845820100047,8,11,2
282.00519954483025,4,10,2
282.0083808437921,0,10,2
282.01281514787115,11,10,2
282.0299290160183,4,11,2
282.03140430687927,0,11,2
282.03221880993806,2,10,2
282.0513030628208,2,11,2
282.2037418719847,5,9,1
282.20731233083643,12,9,1
282.2169300687965,3,9,1
282.28639478981495,1,9,1
282.2979747329373,6,9,1
282.2987386249006,13,9,1
282.30973352189176,7,9,1
282.4058283059858,8,9,1
282.41431701392867,10,9,1
282.5019550009165,4,9,1
282.50847490294836,0,9,1
282.51000754581764,11,9,1
282.52839703997597,2,9,1
287.02721504098736,2,0,1
287.20384757383727,5,0,1
287.2078678170219,12,0,1
287.2135646159295,3,0,1
287.22984440089203,3,2,1
287.2330312198028,12,2,1
287.2866197268013,1,0,1
287.2990264929831,6,0,1
287.2998821269721,13,0,1
287.3097528528888,7,0,1
287.311297475826,1,2,1
287.3230893758591,13,2,1
287.3244045819156,6,2,1
287.3384700450115,7,2,1
287.39183801598847,9,0,1
287.4060145218391,8,0,1
287.41473344597034,9,2,1
287.4154651858844,10,0,1
287.42965708184056,8,2,1
287.43861219193786,10,2,1
287.50086454092525,4,0,1
287.5104512888938,0,2,1
287.51228381996043,11,0,1
287.52514296979643,4,2,1
287.5346722458489,11,2,1
287.7027964128647,5,2,1
288.204692482017,5,1,1
288.2090093130246,12,1,1
288.21889191889204,3,1,1
288.2995294518769,6,1,1
288.3003513449803,13,1,1
288.31140234391205,7,1,1
288.3935028568376,9,1,1
288.40741529595107,8,1,1
288.41602910589427,9,5,1
288.416827787878,10,1,1
288.42958765500225,8,5,1
288.43940673884936,10,5,1
288.50491317897104,4,1,1
288.51398644200526,11,1,1
288.515082082944,0,1,1
288.5342107869219,4,5,1
288.5349521578755,2,1,1
288.5392293378245,0,5,1
288.5400283599738,11,5,1
288.55495414696634,2,5,1
288.572399033932,2,4,1
288.70112446998246,5,4,1
288.7096611089073,12,5,1
288.7193393588532,3,5,1
288.72936788899824,12,4,1
288.7387179599609,3,4,1
288.79529273998924,1,5,1
288.8016035167966,6,5,1
288.80457604001276,13,5,1
288.8089507019613,7,5,1
288.81587493489496,1,4,1
288.8253703508526,6,4,1
288.82609519083053,13,4,1
288.82870909385383,7,4,1
288.89427077490836,9,4,1
288.91079289698973,8,4,1
288.914328455925,10,4,1
289.0024895989336,0,4,1
289.0121047568973,11,4,1
289.7064220230095,5,8,1
289.7097832269501,12,8,1
289.7226287648082,3,8,1
289.78787844791077,1,8,1
289.8040484888479,13,8,1
289.8061954388395,6,8,1
289.8123802819755,7,8,1
289.9004066209309,9,8,1
289.9078573489096,8,7,1
289.9171623690054,10,8,1
289.9209801959805,9,7,1
289.92871135193855,8,3,1
289.9394645928405,10,7,1
289.9402181338519,9,3,1
289.95888791489415,10,3,1
290.00545027595945,4,8,1
290.00867514591664,0,8,1
290.014622061979,11,8,1
290.0298694479279,4,7,1
290.0329476338811,2,8,1
290.03368431399576,0,7,1
290.0380808569025,11,7,1
290.04988632700406,4,3,1
290.05678622983396,2,7,1
290.05812882701866,0,3,1
290.05942714284174,11,3,1
290.07743635680526,11,6,1
290.0788385157939,2,3,1
290.09401200991124,2,6,1
290.20241717784666,5,7,1
290.21075065084733,12,7,1
290.2206231758464,3,7,1
290.2238360259216,5,3,1
290.23392587783746,12,3,1
290.24351627589203,3,6,1
290.244282878004,5,6,1
290.2532484079711,12,6,1
290.28861508588307,1,7,1
290.30168547085486,6,7,1
290.3083172359038,13,7,1
290.31201222888194,1,3,1
290.3133921979461,7,3,1
290.3295133479405,6,3,1
290.3327543188352,1,6,1
290.33349859993905,13,3,1
290.3381662899628,7,6,1
290.34962518000975,13,6,1
290.38924232684076,9,6,1
290.40806491300464,8,6,1
290.41594096296467,10,6,1
290.5004504439421,4,6,1
290.5030384049751,0,6,1
290.78873300598934,1,13,2
290.7996185407974,13,12,2
290.80794774298556,6,13,2
290.81116698286496,1,12,2
290.8125121409539,7,13,2
290.8342054558452,7,12,2
290.8349389368668,6,12,2
290.8936690178234,9,13,2
290.91200092993677,8,13,2
290.91611223481596,10,13,2
290.91684715496376,9,12,2
290.933126039803,8,12,2
290.93662768788636,10,12,2
291.00332498084754,4,13,2
291.00819190684706,0,13,2
291.0116322429385,11,13,2
291.03113685781136,4,12,2
291.0339071548078,0,12,2
291.0352101319004,2,13,2
291.03595172287896,11,12,2
291.0561999080237,2,12,2
291.20614164695144,5,13,2
291.21091354987584,12,13,2
291.219424366951,3,13,2
291.22615963593125,5,12,2
291.24113862379454,3,12,2
291.7022331848275,5,10,2
291.7111239428632,12,10,2
291.72152062295936,3,10,2
291.72287157084793,5,11,2
291.7326773949899,12,11,2
291.7423461349681,3,11,2
291.78893683687784,1,10,2
291.80359209585004,6,10,2
291.8078676259611,13,10,2
291.8118599168956,1,11,2
291.81267017987557,7,10,2
291.8270074198954,6,11,2
291.8299035509117,13,11,2
291.83340997900814,7,11,2
291.89422980789095,9,10,2
291.9081073158886,8,10,2
291.91689457092434,9,11,2
291.9182529589161,10,11,2
291.9287617118098,8,11,2
291.9968026438728,4,10,2
292.00917965895496,0,10,2
292.01847149897367,11,10,2
292.01964321080595,4,11,2
292.02619007392786,2,10,2
292.0298060148489,0,11,2
292.04081762279384,2,11,2
292.20351423788816,5,9,1
292.2079030498862,12,9,1
292.215409129858,3,9,1
292.28272787085734,1,9,1
292.2929647869896,6,9,1
292.2948601299431,13,9,1
292.30981473694555,7,9,1
292.4063138028141,8,9,1
292.41610446595587,10,9,1
292.4968622918241,4,9,1
292.5068186898716,0,9,1
292.5107316398062,11,9,1
292.52395729883574,2,9,1
297.02710863389075,2,0,1
297.20066776289605,5,0,1
297.2079685169738,12,0,1
297.2195311298128,3,0,1
297.22911144793034,12,2,1
297.2420203979127,3,2,1
297.28818851779215,1,0,1
297.29919011495076,13,0,1
297.3000030477997,6,0,1
297.31160970195197,7,0,1
297.3124208848458,1,2,1
297.3222638799343,6,2,1
297.32299051992595,13,2,1
297.33382981293835,7,2,1
297.39224274479784,9,0,1
297.40665077697486,8,0,1
297.41465404094197,9,2,1
297.4153842309024,10,0,1
297.42752779088914,8,2,1
297.43648241087794,10,2,1
297.5068555069156,4,0,1
297.51104911393486,0,2,1
297.5118082650006,11,0,1
297.5292698920239,4,2,1
297.53282917197794,11,2,1
297.7021554419771,5,2,1
298.20181396999396,5,1,1
298.2092182969209,12,1,1
298.2187635928858,3,1,1
298.3009630800225,13,1,1
298.30198702798225,6,1,1
298.3089550428558,7,1,1
298.3935569759924,9,1,1
298.41010949900374,8,1,1
298.4160927259363,9,5,1
298.4168215659447,10,1,1
298.4303712248802,8,5,1
298.4368576759007,10,5,1
298.50860590999946,0,1,1
298.50939275184646,4,1,1
298.51229950389825,11,1,1
298.53624046291225,11,5,1
298.53697371296585,0,5,1
298.53769756294787,4,5,1
298.5384096428752,2,1,1
298.5603874269873,2,5,1
298.5772092270199,2,4,1
298.7013919658493,5,4,1
298.71070320601575,12,5,1
298.722225877922,3,5,1
298.73294621682726,12,4,1
298.7447039359249,3,4,1
298.7899472999852,1,5,1
298.80507223284803,13,5,1
298.80740486783907,6,5,1
298.81153407297097,7,5,1
298.8136275319848,1,4,1
298.83290181984194,6,4,1
298.83362864982337,7,4,1
298.83435382996686,13,4,1
298.89421043288894,9,4,1
298.9109220688697,8,4,1
298.9146674638614,10,4,1
299.0078493868932,0,4,1
299.0130339919124,11,4,1
299.70287214196287,5,8,1
299.71117521380074,12,8,1
299.72057903697714,3,8,1
299.7889910179656,1,8,1
299.8074268528726,13,8,1
299.8082573870197,6,8,1
299.8109025999438,7,8,1
299.88986471598037,9,8,1
299.9010061779991,8,7,1
299.90649996092543,9,7,1
299.91496533784084,8,3,1
299.9172265108209,10,8,1
299.9226637328975,9,3,1
299.9370210438501,10,7,1
299.9566704919562,10,3,1
300.0077666398138,4,8,1
