t_s,reporter,target,reason
10.49704479216598,1,2,1
10.686941917985678,1,2,1
10.700070145074278,1,0,1
10.713497390039265,1,3,1
10.726563164032996,1,5,1
10.741404069121927,1,10,2
10.754055391997099,1,11,2
10.764979198109359,1,5,1
10.775535503169522,1,10,2
10.78657852113247,1,11,2
10.788693760056049,10,2,1
11.092927400022745,10,2,1
11.119395670015365,10,0,1
11.183155281003565,10,3,1
11.196750220144168,10,1,1
11.222249872982502,10,5,1
11.235186513978988,10,11,2
11.246369756991044,10,5,1
11.257290782174096,10,11,2
12.315117706079036,9,2,1
12.798106909962371,9,2,1
12.82354558003135,9,0,1
12.846842851024121,9,3,1
12.864537914982066,9,1,1
12.883594738086686,9,5,1
12.896760256029665,9,10,2
12.91042645694688,9,11,2
12.92286649509333,9,5,1
12.933690287172794,9,10,2
12.945025393972173,9,11,2
13.288679055171087,8,2,1
13.369375790003687,7,2,1
13.49582867207937,11,2,1
13.574571623001248,0,2,1
13.594722626032308,7,2,1
13.612254026113078,7,0,1
13.675497211981565,7,3,1
13.681712205987424,8,2,1
13.698743442073464,7,1,1
13.702285631094128,8,0,1
13.770834645954892,7,5,1
13.776173084974289,8,3,1
13.797351747052744,7,10,2
13.803455877117813,8,1,1
13.803993202047423,11,2,1
13.80799841415137,9,4,1
13.812026386149228,7,11,2
13.876190099166706,9,4,1
13.877987689105794,7,5,1
13.879182543139905,11,0,1
13.88053495110944,8,5,1
13.898530984064564,6,2,1
13.899977594148368,3,2,1
13.903183524031192,7,10,2
13.906686531146988,8,10,2
13.907285107998177,0,2,1
13.908681917004287,9,12,2
13.909217352047563,11,3,1
13.916246419074014,7,11,2
13.973050635075197,13,2,1
13.984869545092806,9,12,2
13.988348143175244,8,11,2
13.989214956993237,11,1,1
13.989780753152445,0,3,1
13.990724659059197,4,2,1
14.005481400992721,8,5,1
14.007955860113725,11,5,1
14.010374787962064,0,1,1
14.024089121026918,8,10,2
14.026622692123055,0,5,1
14.027688542148098,11,10,2
14.082902875030413,5,2,1
14.083946084138006,8,11,2
14.086224727099761,11,5,1
14.092599566094577,0,10,2
14.101446822984144,11,10,2
14.102710328064859,10,4,1
14.104079155949876,5,0,1
14.11010491498746,7,4,1
14.110633959062397,0,11,2
14.175149012124166,0,5,1
14.175978905055672,10,4,1
14.178028861992061,11,4,1
14.179652746999636,7,4,1
14.18367268005386,8,4,1
14.184138713171706,6,11,2
14.202381212962791,0,10,2
14.207526376005262,11,4,1
14.20860949717462,8,4,1
14.209820250049233,1,4,1
14.210824077948928,10,9,1
14.211601760005578,7,9,1
14.212339970981702,13,11,2
14.269576100166887,6,5,1
14.2706972011365,12,2,1
14.271667288150638,0,11,2
14.272421090165153,11,9,1
14.287434458034113,2,0,1
14.300369119970128,7,12,2
14.30312874703668,1,4,1
14.370507190003991,12,0,1
14.371128257131204,13,5,1
14.37168378313072,11,12,2
14.372149306116626,10,12,2
14.372605978045613,8,9,1
14.373081492027268,0,4,1
14.373538024025038,6,10,2
14.373989057028666,2,3,1
14.37444533011876,9,7,1
14.377072653034702,4,11,2
14.399944172007963,7,12,2
14.4058730781544,11,12,2
14.407247746130452,0,4,1
14.47140711802058,10,12,2
14.472707204986364,8,12,2
14.47340908413753,2,1,1
14.47405901295133,13,10,2
14.47462533810176,3,11,2
14.478950808988884,4,5,1
14.479324150132015,6,11,2
14.485364738153294,1,9,1
14.492970241000876,9,7,1
14.49341045296751,7,9,1
14.493914487073198,11,9,1
14.494438442168757,10,9,1
14.502901938045397,13,11,2
14.503634439082816,0,9,1
14.503990798955783,8,12,2
14.569051987025887,4,10,2
14.571832375135273,6,4,1
14.572363469051197,1,12,2
14.572821922134608,2,9,1
14.574965832056478,3,5,1
14.57578151510097,12,11,2
14.599849086953327,8,9,1
14.602320756064728,4,11,2
14.60367092397064,5,10,2
14.604229968972504,6,4,1
14.604691082146019,1,12,2
14.606451940955594,0,12,2
14.607073679100722,10,7,1
14.607672285055742,7,6,1
14.608464668039232,13,4,1
14.609961029142141,3,10,2
14.610584706999362,12,4,1
14.67192991101183,8,7,1
14.68520874204114,1,9,1
14.685719756176695,7,6,1
14.686140238074586,6,9,1
14.686557710170746,4,9,1
14.686982981162146,10,7,1
14.687402433017269,0,12,2
14.687998309964314,12,4,1
14.6886150771752,13,4,1
14.689165682066232,3,11,2
14.689591764006764,5,11,2
14.772494819946587,10,6,1
14.773049416020513,4,12,2
14.773483998142183,12,9,1
14.77390271006152,0,9,1
14.774314511101693,5,4,1
14.7749170481693,7,8,1
14.775739541044459,3,4,1
14.777920402120799,6,12,2
14.778347044019029,1,7,1
14.778762534959242,13,9,1
14.805498901987448,10,6,1
14.806906792102382,12,9,1
14.807322113076225,7,8,1
14.80794543097727,6,12,2
14.808539617108181,4,12,2
14.80933519010432,3,4,1
14.810155953047797,5,4,1
14.811141000129282,1,7,1
14.811773928115144,13,12,2
14.812299362150952,11,7,1
14.869012117153034,9,6,1
14.882883475162089,6,9,1
14.884460099041462,10,8,1
14.88650335604325,11,7,1
14.887376180151477,12,7,1
14.88842023909092,13,12,2
14.889004515949637,4,9,1
14.88949301908724,5,9,1
14.890093536116183,9,6,1
14.89249645313248,3,9,1
14.97059256513603,12,7,1
14.972015655133873,11,6,1
14.972478308016434,5,12,2
14.972926770104095,3,12,2
14.97338210302405,10,8,1
14.974279988091439,13,9,1
14.974743361119181,6,7,1
14.976913872174919,9,8,1
14.97734891413711,0,7,1
14.977771446108818,4,7,1
15.00120712001808,11,6,1
15.002503477036953,12,6,1
15.003258268116042,3,12,2
15.004007439129055,5,12,2
15.00468140700832,0,7,1
15.005283774109557,9,8,1
15.005846139974892,4,7,1
15.006404216168448,2,12,2
15.006994242081419,13,7,1
15.073284834157676,3,9,1
15.07373842713423,5,9,1
15.07415593904443,12,6,1
15.074568459996954,2,12,2
15.075132676167414,13,7,1
15.07633062894456,11,8,1
15.077069180086255,9,13,2
15.077845921972767,0,6,1
15.104534517042339,10,13,2
15.105138494167477,2,9,1
15.1059008250013,9,13,2
15.106573504162952,0,6,1
15.107104719150811,11,8,1
15.107792268041521,3,7,1
15.108523918082938,7,13,2
15.109111125115305,5,7,1
15.171973031014204,12,8,1
15.179570083972067,10,13,2
15.19912414997816,11,13,2
15.199996083974838,8,7,1
15.200683573959395,6,7,1
15.201163426972926,3,7,1
15.20171555201523,5,7,1
15.202182955108583,7,13,2
15.202621038071811,0,8,1
15.203577944077551,2,7,1
15.20513055799529,12,8,1
15.20571120409295,13,6,1
15.275731790112332,3,6,1
15.276207162998617,6,8,1
15.276628914987668,11,13,2
15.288095704978332,0,8,1
15.292883679037914,5,6,1
15.293334222165868,8,6,1
15.293789074057713,1,6,1
15.294206696096808,2,7,1
15.294787892140448,13,6,1
15.305678527103737,6,8,1
15.306110498961061,3,6,1
15.309710659086704,8,6,1
15.310357957147062,5,6,1
15.370332033140585,1,6,1
15.371078184107319,0,13,2
15.371566438116133,4,6,1
15.371989679988474,2,6,1
15.372414281126112,13,8,1
15.395230408990756,2,6,1
15.39606693200767,0,13,2
15.396958677098155,13,8,1
15.397351708030328,4,6,1
15.397696958156303,8,13,2
15.398048168048263,5,8,1
15.398381157079712,3,8,1
15.398736977018416,6,13,2
15.39906433597207,1,8,1
15.420950587140396,1,8,1
15.421297037042677,8,13,2
15.421624246053398,6,13,2
15.422235693084076,5,8,1
15.42349291802384,2,8,1
15.424071404151618,4,8,1
15.480656974948943,2,8,1
15.481522080022842,4,8,1
15.48303357209079,1,13,2
15.499736448051408,1,13,2
15.501606901176274,2,13,2
15.502277398947626,4,13,2
15.503366939956322,12,13,2
15.519457570044324,2,13,2
15.520036376081407,4,13,2
15.520642803050578,12,13,2
15.521819696063176,5,13,2
15.5335736440029,5,13,2
15.888700396055356,3,8,1
15.901432291138917,3,13,2
15.912720777094364,3,13,2
17.119021349120885,6,2,1
17.139196552103385,8,2,1
17.1873571081087,1,2,1
17.196213296148926,13,2,1
17.29528945311904,9,2,1
17.296669732080773,11,2,1
17.297611338086426,4,2,1
17.392310274066404,3,2,1
17.39984003501013,0,2,1
17.49871170707047,12,2,1
17.51438224501908,5,2,1
17.524869777960703,5,0,1
17.593367832014337,10,2,1
17.60327415796928,7,2,1
17.611243311082944,10,0,1
17.622225067112595,7,0,1
17.628671737154946,6,0,1
17.6330647401046,8,0,1
17.64583921711892,8,3,1
17.651843375060707,6,3,1
17.68886906001717,1,0,1
17.699327862123027,13,0,1
17.713876888155937,1,3,1
17.714224247960374,13,3,1
17.79315301310271,9,0,1
17.79564545210451,11,0,1
17.79903835710138,4,0,1
17.81178606301546,9,3,1
17.81213621306233,11,3,1
17.814620913006365,4,3,1
17.82845415896736,9,1,1
17.828944823006168,11,1,1
17.830336031969637,4,1,1
17.89028254710138,3,0,1
17.90717607899569,3,1,1
17.909897895064205,0,3,1
17.931766976136714,0,1,1
17.98433709400706,2,0,1
17.99944936716929,12,0,1
17.99988156906329,2,3,1
18.016222045058385,2,1,1
18.01927541103214,5,3,1
18.019700831966475,12,3,1
18.031962824985385,5,1,1
18.040517993969843,12,1,1
18.08377431309782,10,3,1
18.091709814034402,7,3,1
18.097488646162674,10,1,1
18.103737821104005,7,1,1
18.120303882984444,6,1,1
18.13178702397272,8,1,1
18.202638463117182,13,1,1
19.898183555109426,3,5,1
19.900086608016863,0,5,1
19.992635573958978,2,5,1
20.01187921105884,12,5,1
20.08987582102418,10,5,1
20.10291557502933,7,5,1
20.129150588065386,6,5,1
20.141543174162507,8,5,1
20.20017904206179,1,5,1
20.204832572024316,13,5,1
20.299541868967935,9,5,1
20.305094012990594,11,5,1
20.306648577097803,4,5,1
20.319846915081143,9,10,2
20.330045950133353,11,10,2
20.330778151052073,4,10,2
20.39592282101512,3,10,2
20.409770207945257,0,10,2
20.502846288029104,2,10,2
20.51485970406793,12,10,2
20.526377346133813,5,10,2
20.53049311111681,2,11,2
20.537738213082775,12,11,2
20.546487387968227,5,11,2
20.589666123967618,10,11,2
20.598545752000064,7,10,2
20.619780936045572,7,11,2
20.628394956002012,6,10,2
20.641057339962572,8,10,2
20.648526209173724,6,11,2
20.661660335958004,8,11,2
20.68751516798511,1,10,2
20.697922128019854,13,10,2
20.69959664507769,1,11,2
20.71114284801297,13,11,2
20.79025090811774,9,11,2
20.795598978176713,4,11,2
20.88874306017533,3,11,2
20.898981196107343,0,11,2
21.014019590104,5,4,1
21.08153728605248,10,4,1
21.090527937049046,7,4,1
21.12749452004209,6,4,1
21.140426902100444,8,4,1
21.14803021401167,6,7,1
21.160119771957397,8,7,1
21.168048972962424,6,12,2
21.17533107707277,8,12,2
21.194884543074295,1,4,1
21.204388129059225,13,4,1
21.216111306101084,1,7,1
21.225118338130414,13,7,1
21.235095537034795,1,12,2
21.243991705123335,13,12,2
21.301849922165275,9,4,1
21.303940179990605,4,7,1
21.305065961088985,11,4,1
21.329048342071474,11,7,1
21.33010418107733,4,12,2
21.33111923909746,9,7,1
21.35253963805735,9,12,2
21.353744741994888,11,12,2
21.354876343160868,4,13,2
21.368818103102967,9,13,2
21.369979245122522,11,13,2
21.39742813212797,3,4,1
21.405858448008075,0,4,1
21.42001228313893,3,7,1
21.427237555151805,0,7,1
21.44121886510402,3,12,2
21.448315743124112,0,12,2
21.458854967961088,3,13,2
21.46508494205773,0,13,2
21.471398547990248,3,9,1
21.477683214005083,0,9,1
21.502532938029617,2,4,1
21.50702971406281,12,4,1
21.526804827153683,2,7,1
21.527840936090797,5,7,1
21.528901775134727,12,7,1
21.546715582953766,2,12,2
21.54905891814269,12,13,2
21.550244041951373,5,12,2
21.565138197969645,2,13,2
21.56930002407171,5,13,2
21.570492037106305,12,9,1
21.57467811414972,2,9,1
21.58137180097401,5,9,1
21.592025119112805,10,7,1
21.594427936011925,5,6,1
21.59840308711864,7,12,2
21.612064889166504,10,12,2
21.61973670311272,7,13,2
21.622764728032053,6,13,2
21.631236403947696,10,13,2
21.64346105605364,7,9,1
21.64448714395985,6,9,1
21.645522393053398,8,13,2
21.646586453076452,10,9,1
21.660449780058116,10,6,1
21.669548065168783,7,6,1
21.676525139948353,8,9,1
21.70117777795531,8,6,1
21.702004531165585,1,13,2
21.70276818308048,13,9,1
21.72315660212189,13,6,1
21.7237225479912,1,9,1
21.742213065037504,1,6,1
21.80002278997563,11,9,1
21.801289865979925,9,6,1
21.80238572601229,4,9,1
21.816117010079324,11,6,1
21.82492026500404,4,6,1
21.892245647031814,3,6,1
21.898067658999935,0,6,1
21.984443743014708,2,6,1
21.997183819068596,12,6,1
22.017959779128432,5,8,1
22.087099001044407,10,8,1
22.103487939108163,7,8,1
22.127974443137646,6,8,1
22.199520461959764,1,8,1
22.20413032011129,13,8,1
22.299524556146935,9,8,1
22.303110206034034,11,8,1
22.304225106956437,4,8,1
22.396285668946803,3,8,1
22.403138119960204,0,8,1
22.48951602401212,2,8,1
22.503942537121475,12,8,1
27.129491650965065,6,2,1
27.143887363141403,8,2,1
27.19567488017492,1,2,1
27.205908325966448,13,2,1
27.299978434108198,9,2,1
27.304374346975237,11,2,1
27.30554595007561,4,2,1
27.396323416149244,3,2,1
27.40735446405597,0,2,1
27.508191121043637,12,2,1
27.52262627496384,5,2,1
27.540802913019434,5,0,1
27.581810569157824,10,2,1
27.596603862009943,10,0,1
27.59707604511641,7,2,1
27.611865058075637,7,0,1
27.619467810960487,6,0,1
27.634314886061475,6,3,1
27.635041896020994,8,0,1
27.645978851011023,8,3,1
27.689068085048348,1,0,1
27.69594457698986,13,0,1
27.704188597155735,1,3,1
27.71137372800149,13,3,1
27.792643229011446,9,0,1
27.795869799098,11,0,1
27.796481266152114,4,0,1
27.80954015115276,9,3,1
27.811384193133563,4,3,1
27.811941287945956,11,3,1
27.825241829967126,9,1,1
27.82569398311898,11,1,1
27.826136015122756,4,1,1
27.88716625003144,3,0,1
27.898538697045296,3,1,1
27.908208758104593,0,3,1
27.92888693511486,0,1,1
27.991825014119968,2,0,1
28.00418462906964,12,0,1
28.013459658017382,2,3,1
28.02190772513859,5,3,1
28.02635314897634,12,3,1
28.0341587071307,2,1,1
28.034586678957567,5,1,1
28.04618790303357,12,1,1
28.096233021002263,10,3,1
28.1002433730755,7,3,1
28.121375913033262,6,1,1
28.122647339012474,10,1,1
28.123437040951103,7,1,1
28.133440310135484,8,1,1
28.20517441513948,13,1,1
29.89728313195519,3,5,1
29.906991453142837,0,5,1
29.99343930813484,2,5,1
30.006276177009568,12,5,1
30.096110507147387,10,5,1
30.0996043139603,7,5,1
30.127976326970384,6,5,1
30.141688419971615,8,5,1
30.201109951129183,1,5,1
30.205582636175677,13,5,1
30.3011852260679,9,5,1
30.302896534092724,11,5,1
30.303658145014197,4,5,1
30.326234926003963,11,10,2
30.326982537051663,4,10,2
30.327696147141978,9,10,2
30.396244422066957,3,10,2
30.406106328126043,0,10,2
30.49807971715927,2,10,2
30.506653817137703,12,10,2
30.52380878594704,2,11,2
30.525253527099267,5,10,2
30.528091815998778,12,11,2
30.5455740140751,5,11,2
30.59039447712712,10,11,2
30.598492073128,7,10,2
30.618869092082605,7,11,2
30.62854960304685,6,10,2
30.641142125008628,8,10,2
30.65106460195966,6,11,2
30.661633717129007,8,11,2
30.69665122614242,1,10,2
30.706891992129385,13,10,2
30.717562400037423,1,11,2
30.72845095396042,13,11,2
30.798387547954917,9,11,2
30.80282345204614,4,11,2
30.895985955139622,3,11,2
30.9054734101519,0,11,2
31.021883842069656,5,4,1
31.09540505707264,10,4,1
31.098591085989028,7,4,1
31.126583838136867,6,4,1
31.141890845960006,6,7,1
31.143808259163052,8,4,1
31.15390320098959,6,12,2
31.163667683955282,8,7,1
31.179506607120857,8,12,2
31.191503202077,1,4,1
31.20549108297564,1,7,1
31.208114456152543,13,4,1
31.217662643175572,1,12,2
31.23162220302038,13,7,1
31.249822641024366,13,12,2
31.289247242035344,9,4,1
31.301498145097867,4,7,1
31.303013787139207,9,7,1
31.306324730161577,11,4,1
31.316652168054134,9,12,2
31.31712346104905,4,12,2
31.33266815613024,4,13,2
31.333137918962166,9,13,2
31.33468289207667,11,7,1
31.352795287966728,11,12,2
31.37013062206097,11,13,2
31.387801005970687,3,4,1
31.40079660899937,0,4,1
31.40125800203532,3,7,1
31.41579971811734,0,7,1
31.416251861024648,3,12,2
31.429517491953447,0,12,2
31.429968724027276,3,13,2
31.442966907983646,3,9,1
31.443609985988587,0,13,2
31.453720858087763,0,9,1
31.496454562060535,2,4,1
31.50668529700488,12,4,1
31.520925014978275,2,7,1
31.522154750069603,12,7,1
31.522948211990297,5,7,1
31.53874032315798,12,13,2
31.539098193170503,5,12,2
31.542357294121757,2,12,2
31.552668801974505,5,13,2
31.553011941956356,12,9,1
31.558356940979138,2,13,2
31.562291691079736,5,9,1
31.574269196018577,5,6,1
31.574692097958177,2,9,1
31.583139724098146,10,7,1
31.591233410174027,7,12,2
31.596657281043008,10,12,2
31.604351536137983,7,13,2
31.609526731073856,10,13,2
31.619437637971714,7,9,1
31.62129660998471,10,9,1
31.621902347076684,6,13,2
31.638661485165358,6,9,1
31.639019285095856,10,6,1
31.639640402048826,7,6,1
31.642717367969453,8,13,2
31.66114161303267,8,9,1
31.680920916143805,8,6,1
31.68816168815829,1,13,2
31.697402066085488,13,9,1
31.699577937135473,1,9,1
31.710581205086783,13,6,1
31.712812517071143,1,6,1
31.794117578072473,9,6,1
31.796300819143653,11,9,1
31.79735195916146,4,9,1
31.811592447105795,11,6,1
31.81263551604934,4,6,1
31.888572026975453,3,6,1
31.898239188129082,0,6,1
31.991028090007603,2,6,1
31.997851251158863,12,6,1
32.014782272977754,5,8,1
32.0851980810985,10,8,1
32.091481077019125,7,8,1
32.11909013800323,6,8,1
32.19702983601019,13,8,1
32.19900821102783,1,8,1
32.28872691700235,9,8,1
32.302236784948036,11,8,1
32.30298294615932,4,8,1
32.38829486002214,3,8,1
32.39723124913871,0,8,1
32.48543853405863,2,8,1
32.49873224506155,12,8,1
37.131158135132864,6,2,1
37.141811812995,8,2,1
37.19638104713522,1,2,1
37.20567667717114,13,2,1
37.302748539019376,9,2,1
37.30375658697449,4,2,1
37.30422441009432,11,2,1
37.39606459601782,3,2,1
37.407019172096625,0,2,1
37.50631487602368,12,2,1
37.52288612909615,5,2,1
37.54128759400919,5,0,1
37.59089667000808,10,2,1
37.60179877397604,7,2,1
37.611958728171885,10,0,1
37.62239401997067,7,0,1
37.62644652300514,6,0,1
37.64127321704291,8,0,1
37.647117421031,6,3,1
37.662434549070895,8,3,1
37.69822003901936,1,0,1
37.70435128011741,13,0,1
37.71961778611876,1,3,1
37.72806018195115,13,3,1
37.799805575981736,9,0,1
37.80155213503167,4,0,1
37.80205136910081,11,0,1
37.827140799956396,11,3,1
37.82776540797204,4,3,1
37.82822772115469,9,3,1
37.849510214990005,4,1,1
37.85010916204192,9,1,1
37.850588564993814,11,1,1
37.88598153414205,3,0,1
37.89720236812718,3,1,1
37.90614765812643,0,3,1
37.926230979152024,0,1,1
37.98282873001881,2,0,1
37.99737767712213,12,0,1
37.997723437147215,2,3,1
38.0137892360799,12,3,1
38.014129335060716,2,1,1
38.014714521123096,5,3,1
38.027528409147635,5,1,1
38.027857369044796,12,1,1
38.08320539514534,10,3,1
38.09191117808223,7,3,1
38.096387282945216,10,1,1
38.10454644099809,7,1,1
38.12369696609676,6,1,1
38.141485512955114,8,1,1
38.203612429089844,13,1,1
39.89686039905064,3,5,1
39.907397783128545,0,5,1
39.98437625402585,2,5,1
40.0066857971251,12,5,1
40.09455605316907,10,5,1
40.10511501808651,7,5,1
40.12788358400576,6,5,1
40.14249825198203,8,5,1
40.20218936004676,1,5,1
40.20617332099937,13,5,1
40.3014586630743,9,5,1
40.30311338999309,4,5,1
40.30388301098719,11,5,1
40.32780971005559,4,10,2
40.328574921004474,9,10,2
40.329341762000695,11,10,2
40.395493891090155,3,10,2
40.409118711948395,0,10,2
40.493197601055726,2,10,2
40.506117042154074,12,10,2
40.5150099999737,2,11,2
40.5238350671716,5,10,2
40.52743410714902,12,11,2
40.54483949416317,5,11,2
40.59032974415459,10,11,2
40.599404958076775,7,10,2
40.62049034703523,7,11,2
40.62899568513967,6,10,2
40.6423242171295,8,10,2
40.65146865299903,6,11,2
40.66458934894763,8,11,2
40.7031241459772,1,10,2
40.7044570131693,13,10,2
40.72731782216579,13,11,2
40.72805645316839,1,11,2
40.799203590955585,9,11,2
40.80461289198138,4,11,2
40.89866385003552,3,11,2
40.90746894595213,0,11,2
41.02206964697689,5,4,1
41.09784350497648,10,4,1
41.099172892048955,7,4,1
41.13064015097916,6,4,1
41.13229900714941,8,4,1
41.143228112952784,8,7,1
41.15326910302974,6,7,1
41.15426090103574,8,12,2
41.1905442350544,1,4,1
41.20538770011626,1,7,1
41.20836421311833,13,4,1
41.21724636107683,1,12,2
41.23238594410941,13,7,1
41.25503524695523,13,12,2
41.30319947213866,9,4,1
41.30397599400021,11,4,1
41.30551463714801,4,7,1
41.32825990207493,4,12,2
41.329007972963154,9,7,1
41.32972064311616,11,7,1
41.35005327104591,9,12,2
41.35175019898452,4,13,2
41.35246454901062,11,12,2
41.363714123144746,9,13,2
41.37056481395848,11,13,2
41.39521262305789,3,4,1
41.40634115412831,0,4,1
41.41575745702721,3,7,1
41.427933766972274,0,7,1
41.43516893009655,3,12,2
41.44922455213964,0,12,2
41.45114157604985,3,13,2
41.4655790689867,3,9,1
41.4668772961013,0,13,2
41.47792081395164,0,9,1
41.49045987497084,2,4,1
41.50864395312965,2,7,1
41.51026588794775,12,4,1
41.522536791162565,5,7,1
41.53158535412513,2,12,2
41.534001011168584,12,7,1
41.54278963711113,5,12,2
41.55068783694878,2,13,2
41.57058549299836,2,9,1
41.57174884597771,12,13,2
41.57375020207837,5,13,2
41.587906167143956,10,7,1
41.58999323612079,5,9,1
41.590792298084125,12,9,1
41.60443171905354,10,12,2
41.605257011950016,5,6,1
41.607569037005305,7,12,2
41.62097166106105,10,13,2
41.628959523979574,7,13,2
41.63033577310853,6,12,2
41.63758061500266,10,9,1
41.642230245051906,8,13,2
41.65154570597224,7,9,1
41.66912373714149,6,13,2
41.669897268060595,10,6,1
41.6845675681252,6,9,1
41.685420162044466,7,6,1
41.68631395697594,8,9,1
41.693727154051885,1,13,2
41.70168970595114,13,9,1
41.71150001999922,1,9,1
41.71256055007689,8,6,1
41.72200443409383,13,6,1
41.72965350700542,1,6,1
41.79747121199034,9,6,1
41.80233414797112,4,9,1
41.80343362898566,11,9,1
41.82658762601204,11,6,1
41.82764315512031,4,6,1
41.89143336797133,3,6,1
41.90252967807464,0,6,1
41.98435776401311,2,6,1
41.999318132176995,12,6,1
42.0136743739713,5,8,1
42.08919744309969,10,8,1
42.09493878413923,7,8,1
42.12766064796597,6,8,1
42.19169478700496,1,8,1
42.19791531097144,13,8,1
42.2979852471035,9,8,1
42.304839249001816,11,8,1
42.30720254499465,4,8,1
42.390875353012234,3,8,1
42.40712080709636,0,8,1
42.48916076798923,2,8,1
42.503887080121785,12,8,1
47.13233670196496,6,2,1
47.14159617014229,8,2,1
47.19574619317427,1,2,1
47.206280637998134,13,2,1
47.30025942414068,9,2,1
47.30414029210806,4,2,1
47.30469351797365,11,2,1
47.39465621113777,3,2,1
47.405838824110106,0,2,1
47.50763024808839,12,2,1
47.52544990601018,5,2,1
47.545229849172756,5,0,1
47.5900717319455,10,2,1
47.600868293084204,7,2,1
47.6082009379752,10,0,1
47.62016001204029,7,0,1
47.62935564899817,6,0,1
47.639448950998485,8,0,1
47.65384964295663,6,3,1
47.660703144967556,8,3,1
47.69472298515029,1,0,1
47.70406852615997,13,0,1
47.7178180210758,1,3,1
47.724562449147925,13,3,1
47.79772632312961,9,0,1
47.80125516210683,11,0,1
47.80231778207235,4,0,1
47.825762417167425,9,3,1
47.8267848349642,11,3,1
47.82777866302058,4,3,1
47.84921978204511,4,1,1
47.8502532010898,9,1,1
47.851249078987166,11,1,1
47.89464029110968,3,0,1
47.90874487510882,0,3,1
47.914624540135264,3,1,1
47.93183099105954,0,1,1
47.99114619800821,2,0,1
48.005298423115164,12,0,1
48.01244359300472,2,3,1
48.025190849089995,5,3,1
48.02954477095045,12,3,1
48.03229499794543,2,1,1
48.04733301815577,5,1,1
48.05210612108931,12,1,1
48.093018183950335,10,3,1
48.09984112507664,7,3,1
48.1165641520638,10,1,1
48.12017775303684,7,1,1
48.12757353996858,6,1,1
48.14266705210321,8,1,1
48.203455180162564,13,1,1
49.89859409397468,3,5,1
49.90561215998605,0,5,1
49.99287309800275,2,5,1
50.007242009975016,12,5,1
50.09187787398696,10,5,1
50.09921622904949,7,5,1
50.12740624696016,6,5,1
50.14269381412305,8,5,1
50.195860259002075,1,5,1
50.20657656900585,13,5,1
50.30057512503117,9,5,1
50.30421746708453,11,5,1
50.304983519017696,4,5,1
50.3286008881405,4,10,2
50.32939021103084,9,10,2
50.33011536113918,11,10,2
50.397165023954585,3,10,2
50.40799673716538,0,10,2
50.495180882979184,2,10,2
50.50712222699076,12,10,2
50.51506305905059,2,11,2
50.523048761999235,5,10,2
50.53113677795045,12,11,2
50.54388176416978,5,11,2
50.59218237316236,10,11,2
50.59905554517172,7,10,2
50.61982090608217,7,11,2
50.62796246306971,6,10,2
50.64117599208839,8,10,2
50.648139897035435,6,11,2
50.66158227296546,8,11,2
50.69943031994626,1,10,2
50.70361637696624,13,10,2
50.7207466349937,1,11,2
50.724078838014975,13,11,2
50.79874694510363,9,11,2
50.802842288976535,4,11,2
50.89707595203072,3,11,2
50.905767805175856,0,11,2
51.022276170086116,5,4,1
51.09442498604767,10,4,1
51.09938210505061,7,4,1
51.126619106158614,6,4,1
51.14092770614661,8,4,1
51.146953284041956,6,7,1
51.161709937034175,8,7,1
51.18263208097778,8,12,2
51.1975516481325,1,4,1
51.2063593941275,13,4,1
51.21904694917612,1,7,1
51.23063563206233,13,7,1
51.238575974013656,1,12,2
51.250543889123946,13,12,2
51.301188664045185,9,4,1
51.305393441114575,4,7,1
51.30651289294474,11,4,1
51.32912936503999,9,7,1
51.33016263297759,4,12,2
51.33116191113368,11,7,1
51.352704423014075,4,13,2
51.35375973302871,11,12,2
51.354758291039616,9,12,2
51.37062208401039,9,13,2
51.37167048314586,11,13,2
51.39565905416384,3,4,1
51.40543318702839,0,4,1
51.41658035805449,3,7,1
51.4259263491258,0,7,1
51.43565826094709,3,12,2
51.44482852704823,0,12,2
51.45137874013744,3,13,2
51.462838530074805,0,13,2
51.46531827910803,3,9,1
51.47432228107937,0,9,1
51.49328599101864,2,4,1
51.50744620617479,12,4,1
51.51485635410063,2,7,1
51.52329325908795,5,7,1
51.533859794959426,12,7,1
51.53546112915501,2,12,2
51.54875064105727,5,12,2
51.55326351709664,2,13,2
51.5551370291505,12,13,2
51.57837606803514,2,9,1
51.57977202697657,5,13,2
51.580498727969825,12,9,1
51.59014107706025,10,7,1
51.598643225152045,5,9,1
51.60000140313059,7,12,2
51.6136189030949,10,12,2
51.61714278208092,5,6,1
51.62082880502567,7,13,2
51.63214526115917,6,12,2
51.63792480202392,10,13,2
51.640432322165,7,9,1
51.64216937101446,8,13,2
51.66912301396951,7,6,1
51.67176459799521,10,9,1
51.67354499804787,8,9,1
51.67430863901973,6,13,2
51.68400561995804,10,6,1
51.69738013413735,6,9,1
51.69813491497189,8,6,1
51.70015902095474,1,13,2
51.70505452807993,13,9,1
51.71763099916279,1,9,1
51.7274465940427,13,6,1
51.73834141809493,1,6,1
51.79123999597505,9,6,1
51.799135527107865,11,9,1
51.801185994176194,4,9,1
51.81741598807275,11,6,1
51.8210543890018,4,6,1
51.89353214413859,3,6,1
51.90163074107841,0,6,1
51.98397069098428,2,6,1
51.99861229094677,12,6,1
52.013625770108774,5,8,1
52.081551257986575,10,8,1
52.09073293511756,7,8,1
52.129528009099886,6,8,1
52.19746446702629,1,8,1
52.205634985119104,13,8,1
52.28897783299908,9,8,1
52.302075718995184,11,8,1
52.30367238400504,4,8,1
52.391655622050166,3,8,1
52.406766284955665,0,8,1
52.49058173713274,2,8,1
52.49801770411432,12,8,1
57.12824536906555,6,2,1
57.14168804511428,8,2,1
57.19673904310912,1,2,1
57.20638961298391,13,2,1
57.302805247018114,9,2,1
57.30366890109144,11,2,1
57.30439714109525,4,2,1
57.39668020000681,3,2,1
57.40756191406399,0,2,1
57.50878707203083,12,2,1
57.521813206141815,5,2,1
57.5331316429656,5,0,1
57.5898343170993,10,2,1
57.60492892912589,7,2,1
57.61088376515545,10,0,1
57.62214336008765,7,0,1
57.62404724303633,6,0,1
57.633483747020364,8,0,1
57.63979392312467,6,3,1
57.6485516380053,8,3,1
57.694678405998275,1,0,1
57.69595793215558,13,0,1
57.710242801113054,13,3,1
57.711814805166796,1,3,1
57.800949305994436,9,0,1
57.801752008032054,11,0,1
57.80258229211904,4,0,1
57.825142512097955,11,3,1
57.82679747813381,9,3,1
57.828888967167586,4,3,1
57.845682186074555,9,1,1
57.84642053605057,11,1,1
57.84899049811065,4,1,1
57.891164797125384,3,0,1
57.90538747399114,0,3,1
57.90840683807619,3,1,1
57.92126027797349,0,1,1
57.990416010143235,2,0,1
58.00414372398518,12,0,1
58.010947574162856,2,3,1
58.02755228802562,12,3,1
58.02833698014729,5,3,1
58.030367705971,2,1,1
58.04954264103435,12,1,1
58.0509075501468,5,1,1
58.096717610023916,10,3,1
58.10056426702067,7,3,1
58.12397870095447,10,1,1
58.12473493302241,7,1,1
58.12968231108971,6,1,1
58.140535104088485,8,1,1
58.203236046014354,13,1,1
59.896330394083634,3,5,1
59.90708694513887,0,5,1
59.992839011130854,2,5,1
60.0063905690331,12,5,1
60.09095603204332,10,5,1
60.09936679713428,7,5,1
60.127943656174466,6,5,1
60.14149473514408,8,5,1
60.202047367114574,1,5,1
60.20668944600038,13,5,1
60.300243200035766,9,5,1
60.304131569107994,4,5,1
60.30492059094831,11,5,1
60.327628755010664,4,10,2
60.32837803615257,9,10,2
60.32913677813485,11,10,2
60.39550794195384,3,10,2
60.407980191055685,0,10,2
60.48977275611833,2,10,2
60.51212223106995,12,10,2
60.513088398147374,2,11,2
60.52314843912609,5,10,2
60.53050976409577,12,11,2
60.54301715409383,5,11,2
60.59110789815895,10,11,2
60.599516432965174,7,10,2
60.62101270304993,7,11,2
60.63107622414827,6,10,2
60.63296788698062,8,10,2
60.64411042910069,8,11,2
60.6545382400509,6,11,2
60.68672703905031,1,10,2
60.69733229605481,13,10,2
60.69911607610993,1,11,2
60.70826839096844,13,11,2
60.796677662059665,4,11,2
60.79897044599056,9,11,2
60.89925440796651,3,11,2
60.90651721111499,0,11,2
61.09088836214505,10,4,1
61.09929284709506,7,4,1
61.130069197155535,6,4,1
61.13799014897086,8,4,1
61.15450685005635,6,7,1
61.15527634206228,8,7,1
61.171914116013795,8,12,2
61.199200249044225,1,4,1
61.204279290977865,13,4,1
61.22479893406853,13,7,1
61.22585602407344,1,7,1
61.24508607108146,13,12,2
61.24625433399342,1,12,2
61.30176789499819,9,4,1
61.30624956008978,4,7,1
61.30743388296105,11,4,1
61.3261585959699,9,7,1
61.329489608993754,11,7,1
61.330793316010386,4,12,2
61.34686667495407,9,12,2
61.34908998711035,4,13,2
61.35034915199503,11,12,2
61.364235340151936,11,13,2
61.36543647409417,9,13,2
61.39632067712955,3,4,1
61.404715270968154,0,4,1
61.41684365016408,3,7,1
61.42720856005326,0,7,1
61.435886271996424,3,12,2
61.446733185090125,0,12,2
61.451647222973406,3,13,2
61.46561359311454,3,9,1
61.46693972009234,0,13,2
61.47748571494594,0,9,1
61.49259483697824,2,4,1
61.51044275611639,12,4,1
61.51331000612117,2,7,1
61.52239765995182,5,4,1
61.534299412043765,2,12,2
61.53561069909483,12,7,1
61.54410770605318,5,7,1
61.5520282080397,2,13,2
61.56949786609039,12,13,2
61.5715742839966,5,12,2
61.587938191136345,12,9,1
61.588668890995905,2,9,1
61.59087386308238,5,13,2
61.59217054909095,10,7,1
61.60179250803776,5,9,1
61.60391701711342,7,12,2
61.61182831809856,10,12,2
61.62418497400358,7,13,2
61.62965800706297,6,12,2
61.630949893034995,10,13,2
61.643380670109764,7,9,1
61.644104530103505,8,13,2
61.66971343616024,10,9,1
61.6747146260459,6,13,2
61.67803563806228,7,6,1
61.68352627195418,8,9,1
61.685628191102296,10,6,1
61.70094414916821,6,9,1
61.702182453125715,1,13,2
61.70427551213652,8,6,1
61.70655936514959,13,9,1
61.72052622609772,1,9,1
61.72777260816656,13,6,1
61.7398698059842,1,6,1
61.79581391904503,11,9,1
61.79708267515525,4,9,1
61.79816387500614,9,6,1
61.8101305491291,4,6,1
61.810566682135686,11,6,1
61.89077130309306,3,6,1
61.90113932196982,0,6,1
61.98398209712468,2,6,1
61.9974343131762,12,6,1
62.018119821092114,5,6,1
62.03416481916793,5,8,1
62.088979561114684,10,8,1
62.09518439415842,7,8,1
62.12883507506922,6,8,1
62.196680390043184,1,8,1
62.20428837300278,13,8,1
62.30138109601103,9,8,1
62.3029481000267,11,8,1
62.303678231080994,4,8,1
62.39685157407075,3,8,1
62.40684632305056,0,8,1
62.490406268043444,2,8,1
62.50437530805357,12,8,1
67.12927843700163,6,2,1
67.14203487406485,8,2,1
67.18994634295814,1,2,1
67.2015897280071,13,2,1
67.29988409508951,9,2,1
67.3037167720031,11,2,1
67.30464150710031,4,2,1
67.39686315413564,3,2,1
67.4023352470249,0,2,1
67.50685352808796,12,2,1
67.52241170196794,5,2,1
67.54069760302082,5,0,1
67.59006136306562,10,2,1
67.60268830507994,7,2,1
67.60949512617663,10,0,1
67.62551469309255,7,0,1
67.62740421597846,6,0,1
67.64014690299518,8,0,1
67.65024678502232,6,3,1
67.66299041104503,8,3,1
67.69473010813817,1,0,1
67.70295796799473,13,0,1
67.71607519406825,1,3,1
67.72410278907046,13,3,1
67.78953427704982,9,0,1
67.79673066805117,11,0,1
67.80114362109452,4,0,1
67.81237980513833,9,3,1
67.81425921805203,11,3,1
67.82283764705062,4,3,1
67.83148768916726,11,1,1
67.83338105212897,9,1,1
67.84163894294761,4,1,1
67.89775369106792,0,3,1
67.89911240898073,3,0,1
67.90810587001033,0,1,1
67.9186497151386,3,1,1
67.98693514312617,2,0,1
68.0057725389488,2,3,1
68.00742699508555,12,0,1
68.02772674197331,2,1,1
68.02853248501197,12,3,1
68.02931693708524,5,3,1
68.05021813116036,12,1,1
68.05099678295664,5,1,1
68.09046434494667,10,3,1
68.1012601070106,7,3,1
68.11039683199488,10,1,1
68.12517518503591,7,1,1
68.1281113170553,6,1,1
68.1425197001081,8,1,1
68.20348789310083,13,1,1
69.89691445208155,3,5,1
69.90515306196176,0,5,1
69.99296746496111,2,5,1
70.00571351195686,12,5,1
70.09454617416486,10,5,1
70.10008497908711,7,5,1
70.12790678697638,6,5,1
70.14181860513054,8,5,1
70.19684858317487,1,5,1
70.20641986001283,13,5,1
70.30036909505725,9,5,1
70.30434062611312,11,5,1
70.30575926601887,4,5,1
70.32363893603906,9,10,2
70.32703626109287,11,10,2
70.32890863297507,4,10,2
70.395537734963,3,10,2
70.4114336790517,0,10,2
70.49366417597048,2,10,2
70.50690264604054,12,10,2
70.5149230400566,2,11,2
70.52252441295423,5,10,2
70.53129234816879,12,11,2
70.54280605004169,5,11,2
70.58991586603224,10,11,2
70.600665085949,7,10,2
70.62373658106662,7,11,2
70.6278825670015,6,10,2
70.64112618705258,8,10,2
70.64795459806919,6,11,2
70.66358471405692,8,11,2
70.69633633014746,1,10,2
70.70492886006832,13,10,2
70.71871472499333,1,11,2
70.72750203008763,13,11,2
70.7890551800374,9,11,2
70.80285554612055,4,11,2
70.89649784215726,3,11,2
70.90540184103884,0,11,2
71.09484628494829,10,4,1
71.09950703498907,7,4,1
71.12716286815703,6,4,1
71.14066778612323,8,4,1
71.14700742298737,6,7,1
71.16092225117609,8,7,1
71.18427417404018,8,12,2
71.19968735496514,1,4,1
71.20403969613835,13,4,1
71.22505556303076,1,7,1
71.22580192401074,13,7,1
71.24670026800595,1,12,2
71.24747365014628,13,12,2
71.30085158115253,9,4,1
71.30428950698115,11,4,1
71.30677832709625,4,7,1
71.31725151999854,9,7,1
71.32700671209022,11,7,1
71.33342581195757,9,12,2
71.33415612205863,4,12,2
71.35066265310161,9,13,2
71.35142326401547,11,12,2
71.35392703395337,4,13,2
71.36708300211467,11,13,2
71.39590215706266,3,4,1
71.40524421795271,0,4,1
71.41697580600157,3,7,1
71.42602900904603,0,7,1
71.43634767713957,3,12,2
71.44521950511262,0,12,2
71.4521840501111,3,13,2
71.46343383402564,0,13,2
71.46484919404611,3,9,1
71.47449534316547,0,9,1
71.49491985398345,2,4,1
71.5059175209608,12,4,1
71.51915728114545,2,7,1
71.5261000751052,5,4,1
71.526888017077,12,7,1
71.53953576111235,2,12,2
71.54988512001,12,13,2
71.55125167802908,5,7,1
71.55664103897288,2,13,2
71.56974570499733,12,9,1
71.57118947501294,5,12,2
71.57194047607481,2,9,1
71.58085683500394,10,7,1
71.58796203415841,5,13,2
71.59396236110479,10,12,2
71.59866225300357,5,9,1
71.60097591695376,7,12,2
71.61403390206397,10,13,2
71.62092044507153,7,13,2
71.62923487694934,10,9,1
71.63067473703995,6,12,2
71.64248590706848,7,9,1
71.64327129907906,8,13,2
71.6440405510366,10,6,1
71.65098022506572,6,13,2
71.65954892407171,7,6,1
71.67386344401166,8,9,1
71.67919303313829,6,9,1
71.69810761115514,8,6,1
71.69888149295002,1,13,2
71.70206003217027,13,9,1
71.72111645410769,1,9,1
71.72249753307551,13,6,1
71.74017855711281,1,6,1
71.79868815210648,11,9,1
71.79944514296949,9,6,1
71.80132479616441,4,9,1
71.8170207941439,11,6,1
71.82486215303652,4,6,1
71.89131065015681,3,6,1
71.90192610700615,0,6,1
71.98379027517512,2,6,1
72.00105941714719,12,6,1
72.01444283104502,5,6,1
72.02568842517212,5,8,1
72.08700067806058,10,8,1
72.09473260398954,7,8,1
72.12725302297622,6,8,1
72.1948520320002,1,8,1
72.20471874810755,13,8,1
72.2998174149543,9,8,1
72.30458220816217,11,8,1
72.3057029589545,4,8,1
72.39561175205745,3,8,1
72.4059253600426,0,8,1
72.48841638513841,2,8,1
72.50029123714194,12,8,1
77.12844997108914,6,2,1
77.14150651614182,8,2,1
77.19996006903239,1,2,1
77.20444907411002,13,2,1
77.30353445303626,9,2,1
77.30431594513357,4,2,1
77.30507689598016,11,2,1
77.39649089006707,3,2,1
77.40579056995921,0,2,1
77.50620535598136,12,2,1
77.52261754497886,5,2,1
77.54111305112019,5,0,1
77.58934544911608,10,2,1
77.60142839699984,7,2,1
77.60859335795976,10,0,1
77.6205687019974,7,0,1
77.62763919006102,6,0,1
77.63889188412577,8,0,1
77.65160417906009,6,3,1
77.65954484115355,8,3,1
77.69814553996548,1,0,1
77.70185877406038,13,0,1
77.721268766094,1,3,1
77.72276477795094,13,3,1
77.80006053694524,4,0,1
77.80122610996477,11,0,1
77.80226731905714,9,0,1
77.81707705301233,4,3,1
77.82511494797654,9,3,1
77.82591278012842,11,3,1
77.83307638997212,4,1,1
77.84394980408251,9,1,1
77.84673028206453,11,1,1
77.8944679950364,3,0,1
77.90613349108025,0,3,1
77.91579088103026,3,1,1
77.92578134010546,0,1,1
77.99065162311308,2,0,1
78.0031358320266,12,0,1
78.01152393617667,2,3,1
78.02445172704756,12,3,1
78.0252046380192,5,3,1
78.0307531231083,2,1,1
78.04534244094975,12,1,1
78.0466867191717,5,1,1
78.0897816431243,10,3,1
78.10023377509788,7,3,1
78.10925607709214,10,1,1
78.12051128200255,7,1,1
78.12747321696952,6,1,1
78.14113452797756,8,1,1
78.2031529310625,13,1,1
79.89684077794664,3,5,1
79.90735328104347,0,5,1
79.9929888441693,2,5,1
80.00590558513068,12,5,1
80.09029611409642,10,5,1
80.1000037251506,7,5,1
80.12811673106626,6,5,1
80.14129738905467,8,5,1
80.20219012000598,1,5,1
80.20628044498153,13,5,1
80.2997982581146,9,5,1
80.30379748903215,11,5,1
80.30458193109371,4,5,1
80.32350159995258,9,10,2
80.32671039015986,11,10,2
80.32816469995305,4,10,2
80.39576270896941,3,10,2
80.40918266400695,0,10,2
80.49283361202106,2,10,2
80.5054653249681,12,10,2
80.51406662515365,2,11,2
80.52620583516546,12,11,2
80.52753339195624,5,10,2
80.54906170303002,5,11,2
80.58622735203244,10,11,2
80.60049373004586,7,10,2
80.62221553712152,6,10,2
80.62419557315297,7,11,2
80.63625544006936,6,11,2
80.63734277011827,8,10,2
80.64916608994827,8,11,2
80.68813075916842,1,10,2
80.70242196810432,1,11,2
80.70767673500814,13,10,2
80.729273959063,13,11,2
80.7892890360672,9,11,2
80.79614469711669,4,11,2
80.89996791817248,3,11,2
80.90072425897233,0,11,2
81.09193203295581,10,4,1
81.10109696909785,7,4,1
81.12792863813229,6,4,1
81.14233810105361,8,4,1
81.14845221210271,6,7,1
81.17593082995154,8,7,1
81.19687669514678,1,4,1
81.20282143098302,8,12,2
81.20622510602698,13,4,1
81.21729154512286,1,7,1
81.22914270614274,13,7,1
81.2354243521113,1,12,2
81.24714956013486,13,12,2
81.3001631910447,9,4,1
81.3048878130503,11,4,1
81.30564623395912,4,7,1
81.32405238808133,9,7,1
81.3274776940234,11,7,1
81.32934956601821,4,12,2
81.34498550300486,9,12,2
81.34725837712176,11,12,2
81.34873496904038,4,13,2
81.36236743000336,9,13,2
81.36309441016056,11,13,2
81.39542853296734,3,4,1
81.4052488480229,0,4,1
81.41609719116241,3,7,1
81.42564865807071,0,7,1
81.43570453906432,3,12,2
81.44555220403709,0,12,2
81.4515210010577,3,13,2
81.46439691004343,0,13,2
81.46487623406574,3,9,1
81.4764395870734,0,9,1
81.4871162250638,2,4,1
81.502414643066,12,4,1
81.50350595312193,2,7,1
81.51848836196586,12,7,1
81.51952172117308,2,12,2
81.52254805504344,5,4,1
81.53204752109013,2,13,2
81.53312871116214,12,13,2
81.54632037994452,12,9,1
81.54734955797903,2,9,1
81.54769014799967,5,7,1
81.57691061403602,5,12,2
81.59115770203061,10,7,1
81.59484042506665,5,13,2
81.59892380912788,7,12,2
81.6091805160977,5,9,1
81.61184592009522,10,12,2
81.62067374703474,5,6,1
81.62386786611751,7,13,2
81.62862596916966,6,12,2
81.63193956203759,10,13,2
81.63395456806757,8,13,2
81.64226333005354,7,9,1
81.64863683795556,8,9,1
81.64970623794943,10,9,1
81.65163151198067,6,13,2
81.67026937310584,7,6,1
81.67230957001448,8,6,1
81.67351424414665,10,6,1
81.68021160108037,6,9,1
81.69552524900064,1,13,2
81.70595323015004,13,9,1
81.71378378896043,1,9,1
81.72808833909221,13,6,1
81.73396571306512,1,6,1
81.79883332597092,9,6,1
81.79987587500364,11,9,1
81.80181079916656,4,9,1
81.81685365899466,11,6,1
81.82570140715688,4,6,1
81.89195936801843,3,6,1
81.90085219615139,0,6,1
81.98458085604943,2,6,1
81.99952313303947,12,6,1
82.01409652107395,5,8,1
82.08517450699583,10,8,1
82.09664399712346,7,8,1
82.12787301000208,6,8,1
82.18658949108794,1,8,1
82.20397755713202,13,8,1
82.30322792008519,9,8,1
82.30437098210678,11,8,1
82.30548949306831,4,8,1
82.39671573205851,3,8,1
82.4064536341466,0,8,1
82.49024369614199,2,8,1
82.50232843309641,12,8,1
87.1286426789593,6,2,1
87.14193791011348,8,2,1
87.19531628210098,1,2,1
87.20407460606657,13,2,1
87.3024237351492,9,2,1
87.30319549702108,11,2,1
87.30806584306993,4,2,1
87.39571506204084,3,2,1
87.40645593195222,0,2,1
87.50632516201586,12,2,1
87.5225146850571,5,2,1
87.54084208700806,5,0,1
87.58616584399715,10,2,1
87.59870182396844,10,0,1
87.60285130003467,7,2,1
87.62568443804048,7,0,1
87.62664840510115,6,0,1
87.63889561709948,8,0,1
87.64789471914992,6,3,1
87.65984658314846,8,3,1
87.69529803306796,1,0,1
87.70244414312765,13,0,1
87.71980503806844,1,3,1
87.72336995811202,13,3,1
87.80101298703812,11,0,1
87.80210859817453,9,0,1
87.80312887602486,4,0,1
87.82439861097373,11,3,1
87.82862895913422,9,3,1
87.82980419206433,4,3,1
87.8445021819789,11,1,1
87.84955499414355,9,1,1
87.85144447605126,4,1,1
87.89500035415404,3,0,1
87.90676130307838,0,3,1
87.91516085714102,3,1,1
87.92692894604988,0,1,1
87.9908233510796,2,0,1
88.00334227108397,12,0,1
88.01198533317074,2,3,1
88.02459022495896,5,3,1
88.02536278613843,12,3,1
88.03141351602972,2,1,1
88.04574632598087,12,1,1
88.04712526500225,5,1,1
88.09404630609788,10,3,1
88.10502712195739,7,3,1
88.12039153208025,10,1,1
88.1290022621397,6,1,1
88.12978924415074,7,1,1
88.1425929821562,8,1,1
88.2030308409594,13,1,1
89.89592180703767,3,5,1
89.9071198401507,0,5,1
89.99273375212215,2,5,1
90.0057522461284,12,5,1
90.09063681797124,10,5,1
90.10488384612836,7,5,1
90.12838249304332,6,5,1
90.14230480208062,8,5,1
90.19547230703756,1,5,1
90.2061893469654,13,5,1
90.29943711217493,9,5,1
90.30366774112917,11,5,1
90.30439554108307,4,5,1
90.327269959962,11,10,2
90.32801005104557,4,10,2
90.32872212096117,9,10,2
90.39612755505368,3,10,2
90.4091442481149,0,10,2
90.49290551897138,2,10,2
90.50706724496558,12,10,2
90.5145916051697,2,11,2
90.52643430605531,5,10,2
90.53106438508257,12,11,2
90.54870216804557,5,11,2
90.58924864116125,10,11,2
90.59795962413773,7,10,2
90.6183890751563,7,11,2
90.62879412597977,6,10,2
90.64110579015687,8,10,2
90.65148093015887,6,11,2
90.66226764209569,8,11,2
90.69492780417204,1,10,2
90.70656218915246,13,10,2
90.716891027987,1,11,2
90.72720797616057,13,11,2
90.79543262301013,9,11,2
90.8015460530296,4,11,2
90.89633483206853,3,11,2
90.90718033513986,0,11,2
91.09553606901318,10,4,1
91.0991538099479,7,4,1
91.12829081411473,6,4,1
91.14174196007662,8,4,1
91.15264964406379,6,7,1
91.16250474005938,8,7,1
91.18082859204151,8,12,2
91.19958701706491,1,4,1
91.20325660915114,13,4,1
91.2242577560246,13,7,1
91.22504101810046,1,7,1
91.24507475807332,13,12,2
91.24580460810103,1,12,2
91.30107244197279,9,4,1
91.30493034003302,11,4,1
91.30568309105001,4,7,1
91.32431269204244,9,7,1
91.32809663703665,4,12,2
91.3288473279681,11,7,1
91.34574771113694,9,12,2
91.34832635312341,4,13,2
91.34906583302654,11,12,2
91.36328515107743,9,13,2
91.364008651115,11,13,2
91.39539442816749,3,4,1
91.40517426095903,0,4,1
91.41708932397887,3,7,1
91.42629125108942,0,7,1
91.43610261497088,3,12,2
91.4462284881156,0,12,2
91.45173106202856,3,13,2
91.46447417815216,3,9,1
91.46521622897126,0,13,2
91.47967629297636,0,9,1
91.49307722807862,2,4,1
91.50741762807593,12,4,1
91.51405308395624,2,7,1
91.52526590717025,5,4,1
91.52911786502227,12,7,1
91.53728952305391,2,12,2
91.54754135012627,5,7,1
91.54990270617418,12,13,2
91.55630061402917,2,13,2
91.5696567480918,12,9,1
91.57688344013877,2,9,1
91.57763439998962,5,12,2
91.59133074316196,10,7,1
91.59482372109778,5,13,2
91.59934887709096,7,12,2
91.60485019115731,5,9,1
91.6114433449693,10,12,2
91.61715547507629,5,6,1
91.6208137171343,7,13,2
91.62899171607569,6,12,2
91.63143072417006,10,13,2
91.64303207816556,7,9,1
91.64375680801459,8,13,2
91.66961597115733,6,13,2
91.67033857107162,10,9,1
91.67535120109096,7,6,1
91.68998226011172,10,6,1
91.69079902302474,6,9,1
91.69155577407219,8,9,1
91.70187124214135,1,13,2
91.70339801511727,13,9,1
91.71014453307725,8,6,1
91.72238758509047,1,9,1
91.72375707305036,13,6,1
91.74042723909952,1,6,1
91.7965691590216,9,6,1
91.79813642194495,11,9,1
91.80065374309197,4,9,1
91.81398584507406,11,6,1
91.82167992996983,4,6,1
91.88723199209198,3,6,1
91.90310154506005,0,6,1
91.98657560814172,2,6,1
91.99970455397852,12,6,1
92.01378923817538,5,8,1
92.08525092503987,10,8,1
92.0951935229823,7,8,1
92.12774082296528,6,8,1
92.20002575195394,1,8,1
92.20400538411923,13,8,1
92.30042219813913,9,8,1
92.30289105698466,11,8,1
92.30410288111307,4,8,1
92.39605003013276,3,8,1
92.40623549511656,0,8,1
92.48883785307407,2,8,1
92.50142827513628,12,8,1
97.1282432070002,6,2,1
97.14164898195304,8,2,1
97.19586010696366,1,2,1
97.20566451107152,13,2,1
97.30022114305757,9,2,1
97.304429610027,11,2,1
97.30605573602952,4,2,1
97.39812953909859,3,2,1
97.39977146498859,0,2,1
97.50680917594582,12,2,1
97.5221624551341,5,2,1
97.5403842041269,5,0,1
97.59002650110051,10,2,1
97.59953645709902,7,2,1
97.60915970616043,10,0,1
97.61865623202175,7,0,1
97.62558487500064,6,0,1
97.63912672409788,8,0,1
97.64626869303174,6,3,1
97.65988776413724,8,3,1
97.69471003697254,1,0,1
97.7032759161666,13,0,1
97.71553118899465,1,3,1
97.72625139798038,13,3,1
97.79950745496899,9,0,1
97.8012634140905,11,0,1
97.80202378495596,4,0,1
97.82642355700955,9,3,1
97.82717551803216,11,3,1
97.82789208809845,4,3,1
97.84978166013025,4,1,1
97.85052655101754,9,1,1
97.85124299116433,11,1,1
97.89414380001836,3,0,1
97.90579369501211,0,3,1
97.91587794711813,3,1,1
97.92570327199064,0,1,1
97.99085295200348,2,0,1
98.00421161507256,12,0,1
98.01187184895389,2,3,1
98.02863025804982,12,3,1
98.02969591715373,5,3,1
98.03162499098107,2,1,1
98.04957144311629,12,1,1
98.05197396012954,5,1,1
98.08631194010377,10,3,1
98.10085930698551,7,3,1
98.10224733501673,10,1,1
98.1121537219733,7,1,1
98.12767484597862,6,1,1
98.14111617114395,8,1,1
98.20364931900986,13,1,1
99.89645839296281,3,5,1
99.90572546212934,0,5,1
99.9929694600869,2,5,1
100.00569401611574,12,5,1
100.09074467304163,10,5,1
100.09896070207469,7,5,1
100.12860152102076,6,5,1
100.14222481101751,8,5,1
100.19512919895351,1,5,1
100.20637510414235,13,5,1
100.30026313709095,9,5,1
100.30436835205182,4,5,1
100.30521326512098,11,5,1
100.3238601970952,9,10,2
100.32602619798854,4,10,2
100.32650354108773,11,10,2
100.39675658405758,3,10,2
100.40116780716926,0,10,2
100.49448932497762,2,10,2
100.4995723371394,12,10,2
100.51633368502371,12,11,2
100.51714548794553,5,10,2
100.51893443800509,2,11,2
100.52844446408562,5,11,2
100.5904822780285,10,11,2
100.59883908112533,7,10,2
100.61959160096012,7,11,2
100.627574514132,6,10,2
100.64436299307272,8,10,2
100.64772669714876,6,11,2
100.66484943614341,8,11,2
100.70020779315382,1,10,2
100.70540084899403,13,10,2
100.72049107006751,1,11,2
100.72861712705344,13,11,2
100.79830269515514,9,11,2
100.80268409708515,4,11,2
100.8983255601488,3,11,2
100.90728926006705,0,11,2
101.09099848405458,10,4,1
101.09940078901127,7,4,1
101.12737206998281,6,4,1
101.14160424796864,8,4,1
101.14962115208618,6,7,1
101.16213545203209,8,7,1
101.18070305115543,8,12,2
101.19975278316997,1,4,1
101.20558851608075,13,4,1
101.22462224797346,1,7,1
101.22943796310574,13,7,1
101.24144383799285,1,12,2
101.25124400202185,13,12,2
101.30105088395067,9,4,1
101.30551691912115,11,4,1
101.30628985003568,4,7,1
101.32672357116826,9,7,1
101.3307530740276,4,12,2
101.33148169401102,11,7,1
101.34430040209554,9,12,2
101.35234429710545,4,13,2
101.35311093903147,11,12,2
101.35945759597234,9,13,2
101.36847323807888,11,13,2
101.39534964901395,3,4,1
101.40674712811597,0,4,1
101.41610104916617,3,7,1
101.4293304590974,0,7,1
101.43642496713437,3,12,2
101.45006561814807,0,12,2
101.45472452812828,3,13,2
101.47004849696532,0,13,2
101.47080555814318,3,9,1
101.481502647046,0,9,1
101.49239883106202,2,4,1
101.50054760905914,12,4,1
101.51478949701414,12,7,1
101.51831404515542,2,7,1
101.52192832599394,5,4,1
101.5257552030962,12,13,2
101.53924878011458,12,9,1
101.54143140115775,2,12,2
101.54386647907086,5,7,1
101.57708032708615,2,13,2
101.57899501104839,5,12,2
101.59083911194466,10,7,1
101.59721324010752,2,9,1
101.6000373091083,5,13,2
101.60342461406253,7,12,2
101.61175376712345,5,9,1
101.61387848597951,10,12,2
101.62721898895688,5,6,1
101.63102761516348,7,13,2
101.63221549801528,6,12,2
101.63337953109294,10,13,2
101.64143898617476,8,13,2
101.66925873304717,7,9,1
101.67002072511241,10,9,1
101.67157424800098,8,9,1
101.67323512514122,6,13,2
101.68288544402458,10,6,1
101.6842281720601,7,6,1
101.69582430599257,6,9,1
101.6965734071564,8,6,1
101.70002118311822,1,13,2
101.70156668615527,13,9,1
101.71997530106455,1,9,1
101.7241604370065,13,6,1
101.73944701510482,1,6,1
101.79668764397502,9,6,1
101.79747615614906,11,9,1
101.80062425415963,4,9,1
101.81828358815983,11,6,1
101.82188512897119,4,6,1
101.89373633614741,3,6,1
101.90344594814815,0,6,1
101.98645251709968,2,6,1
101.99953366303816,12,6,1
102.01367544801906,5,8,1
102.08619396504946,10,8,1
102.0954446431715,7,8,1
102.12283039814793,6,8,1
102.20059521100484,13,8,1
102.20201888098381,1,8,1
102.29770328500308,9,8,1
102.30352509813383,11,8,1
102.30535623896867,4,8,1
102.39635872212239,3,8,1
102.40612367517315,0,8,1
102.48887452716008,2,8,1
102.50614820001647,12,8,1
107.12850190000609,6,2,1
107.141604477074,8,2,1
107.19981658412144,1,2,1
107.2056828381028,13,2,1
107.30119572603144,9,2,1
107.3031637610402,11,2,1
107.30579067510553,4,2,1
107.39577824017033,3,2,1
107.40653351997025,0,2,1
107.50886694015935,12,2,1
107.52255136310123,5,2,1
107.54121000412852,5,0,1
107.58967270795256,10,2,1
107.6049394251313,7,2,1
107.60807567206211,10,0,1
107.62727530905977,7,0,1
107.62803148012608,6,0,1
107.63883763202466,8,0,1
107.64844706002623,6,3,1
107.65950378915295,8,3,1
107.69477928499691,1,0,1
107.70349505916238,13,0,1
107.71557301701978,1,3,1
107.72706872806884,13,3,1
107.79962416505441,9,0,1
107.8010700950399,11,0,1
107.80180090595968,4,0,1
107.82564012217335,11,3,1
107.82641315413639,9,3,1
107.8271323540248,4,3,1
107.84834103612229,11,1,1
107.84919268009253,4,1,1
107.84997960203327,9,1,1
107.89651895314455,3,0,1
107.90731326513924,0,3,1
107.91642692894675,3,1,1
107.92861282010563,0,1,1
107.99121066904627,2,0,1
108.00336922914721,12,0,1
108.01216015405953,2,3,1
108.02472192514688,12,3,1
108.0255089669954,5,3,1
108.03394745313562,2,1,1
108.04563275002874,12,1,1
108.04691689508036,5,1,1
108.09428837010637,10,3,1
108.10499659902416,7,3,1
108.1199508169666,10,1,1
108.13000883813947,7,1,1
108.13137341616675,6,1,1
108.14040099806152,8,1,1
108.20318314200267,13,1,1
109.89630405697972,3,5,1
109.90697877504863,0,5,1
109.985856579151,2,5,1
110.0046658150386,12,5,1
110.09439611295238,10,5,1
110.10013037314638,7,5,1
110.1195369551424,6,5,1
110.13315342599526,8,5,1
110.1879084459506,1,5,1
110.19955666107126,13,5,1
110.29756861017086,11,5,1
110.30005847010761,9,5,1
110.30447501316667,4,5,1
110.3214453579858,9,10,2
110.32246314594522,11,10,2
110.32468748814426,4,10,2
110.39597812108696,3,10,2
110.40891998214647,0,10,2
110.48607249814086,2,10,2
110.4990257001482,2,11,2
110.50842460314743,12,10,2
110.52270589210093,5,10,2
110.52960925502703,12,11,2
110.54318530415185,5,11,2
110.59044068516232,10,11,2
110.59881236916408,7,10,2
110.61934571317397,7,11,2
110.62889717915095,6,10,2
110.64105170895346,8,10,2
110.64995780796744,6,11,2
110.66105839796364,8,11,2
110.69564690510742,1,10,2
110.70415580202825,13,10,2
110.716012384044,1,11,2
110.7251222380437,13,11,2
110.79812411917374,9,11,2
110.80277690896764,4,11,2
110.89600049308501,3,11,2
110.9062372399494,0,11,2
111.09141692495905,10,4,1
111.10368455806747,7,4,1
111.12758309510536,6,4,1
111.1401816769503,8,4,1
111.14801612612791,6,7,1
111.17253314098343,8,7,1
111.19669127603993,8,12,2
111.19885278702714,1,4,1
111.20290796016343,13,4,1
111.22011464112438,1,7,1
111.22346418397501,13,7,1
111.24169281404465,1,12,2
111.2431084329728,13,12,2
111.30153086595237,9,4,1
111.30682599404827,11,4,1
111.30757438507862,4,7,1
111.32193915708922,9,7,1
111.33149966411293,11,7,1
111.33252768195234,4,12,2
111.34071974107064,9,12,2
111.35075110197067,11,12,2
111.35368738416582,4,13,2
111.35626906598918,9,13,2
111.36594384605996,11,13,2
111.39473012113012,3,4,1
111.40618619113229,0,4,1
111.41553792194463,3,7,1
111.43172838515602,0,7,1
111.43502803705633,3,12,2
111.45252165617421,3,13,2
111.4533003680408,0,12,2
111.46424724394456,3,9,1
111.46948236995377,0,13,2
111.48012114712037,0,9,1
111.49395763408393,2,4,1
111.50731881707907,12,4,1
111.52048915508203,2,7,1
111.52482721605338,5,4,1
111.52787070116028,12,7,1
111.54502376099117,2,12,2
111.54806168517098,12,13,2
111.54984860494733,5,7,1
111.56330704106949,2,13,2
111.56435739109293,12,9,1
111.56946465396322,5,12,2
111.57467434904538,2,9,1
111.58763869199902,5,13,2
111.59037019801326,10,7,1
111.59896635799669,5,9,1
111.60147563903593,7,12,2
111.61022279295139,5,6,1
111.6121037460398,10,12,2
111.62316398508847,7,13,2
111.6294590299949,6,12,2
111.631097586127,10,13,2
111.64344967110083,7,9,1
111.64734307001345,10,9,1
111.64811569196172,8,13,2
111.65096160117537,6,13,2
111.66035721404478,10,6,1
111.6719748780597,7,6,1
111.68144757300615,6,9,1
111.68221566500142,8,9,1
111.69020727812313,1,13,2
111.69430596195161,13,9,1
111.70141622098163,8,6,1
111.70444819610566,1,9,1
111.708753925981,13,6,1
111.71808275696822,1,6,1
111.79370667994954,9,6,1
111.79717752709985,11,9,1
111.80107604595833,4,9,1
111.81389812496491,11,6,1
111.82171832304448,4,6,1
111.8920362079516,3,6,1
111.90231118514203,0,6,1
111.98595339315943,2,6,1
111.99958519404754,12,6,1
112.01817714306526,5,8,1
112.08587469509803,10,8,1
112.0954201919958,7,8,1
112.12800268200226,6,8,1
112.19519690005109,1,8,1
112.2040462770965,13,8,1
112.29977035312913,9,8,1
112.30327567015775,4,8,1
112.30407259310596,11,8,1
112.39567901217379,3,8,1
112.40620746696368,0,8,1
112.48852081713267,2,8,1
112.50293813995086,12,8,1
117.131433845032,6,2,1
117.13422053307295,8,2,1
117.19554096716456,1,2,1
117.20400004298426,13,2,1
117.30307232216,9,2,1
117.30426127510145,11,2,1
117.30534228496253,4,2,1
117.39712650096044,3,2,1
117.4072830141522,0,2,1
117.50651911715977,12,2,1
117.5226762490347,5,2,1
117.54091433808208,5,0,1
117.58972086315043,10,2,1
117.60051497397944,7,2,1
117.60905799316242,10,0,1
117.61928788898513,7,0,1
117.62640095711686,6,0,1
117.63886958616786,8,0,1
117.64711243612692,6,3,1
117.6597702500876,8,3,1
117.69492888194509,1,0,1
117.70277185202576,13,0,1
117.71591529902071,1,3,1
117.72381007997319,13,3,1
117.80007779109292,9,0,1
117.80217243917286,4,0,1
117.80326271010563,11,0,1
117.8279991010204,11,3,1
117.8290599710308,4,3,1
117.8300755689852,9,3,1
117.85093128215522,9,1,1
117.8516996440012,11,1,1
117.85243395413272,4,1,1
117.8963088199962,3,0,1
117.90905046602711,0,3,1
117.91853412101045,3,1,1
117.93190367496572,0,1,1
117.99083321215585,2,0,1
118.00376933300868,12,0,1
118.0115398010239,2,3,1
118.02799326996319,12,3,1
118.02873385115527,5,3,1
118.03082865010947,2,1,1
118.04892585496418,12,1,1
118.05135449301451,5,1,1
118.09169020014815,10,3,1
118.10087748710066,7,3,1
118.11181034217589,10,1,1
118.12339698616415,7,1,1
118.1283439740073,6,1,1
118.14226389303803,8,1,1
118.20278381509706,13,1,1
119.89691033796407,3,5,1
119.90579457697459,0,5,1
119.99257653206587,2,5,1
120.00585949304514,12,5,1
120.09481949894689,10,5,1
120.09969053603709,7,5,1
120.12820162205026,6,5,1
120.14154176507145,8,5,1
120.19559344509616,1,5,1
120.20660971314646,13,5,1
120.30042538512498,9,5,1
120.3038238901645,4,5,1
120.30465990304947,11,5,1
120.32368299504742,9,10,2
120.3269815070089,11,10,2
120.32797514507547,4,10,2
120.396544191055,3,10,2
120.4073419929482,0,10,2
120.49316868116148,2,10,2
120.50821226206608,12,10,2
120.51426178100519,2,11,2
120.52354659000412,5,10,2
120.53221089299768,12,11,2
120.5440384130925,5,11,2
120.59010554011911,10,11,2
120.5981795261614,7,10,2
120.61849227407947,7,11,2
120.63056483096443,6,10,2
120.64205748215318,8,10,2
120.6530540890526,6,11,2
120.66278217104264,8,11,2
120.69583517499268,1,10,2
120.70427104108967,13,10,2
120.71827301196754,1,11,2
120.72507014195435,13,11,2
120.79846152313985,9,11,2
120.80211252509616,4,11,2
120.89672109903768,3,11,2
120.90665491600521,0,11,2
121.09350641816854,10,4,1
121.0981610880699,7,4,1
121.12735430407338,6,4,1
121.14083534106612,8,4,1
121.14743569516577,6,7,1
121.16132428403944,8,7,1
121.17980477004312,8,12,2
121.19777143211104,1,4,1
121.20462881401181,13,4,1
121.22217994416133,1,7,1
121.22560641006567,13,7,1
121.24499886203557,13,12,2
121.24576590303332,1,12,2
121.28840581513941,9,4,1
121.30591402412392,9,7,1
121.30806613410823,4,7,1
121.30931315897033,11,4,1
121.31719573913142,9,12,2
121.33066349616274,9,13,2
121.33276771497913,4,12,2
121.33395884814672,11,7,1
121.35047222906724,4,13,2
121.3538132130634,11,12,2
121.37134908302687,11,13,2
121.39519761898555,3,4,1
121.40144862397574,0,4,1
121.41989772999659,3,7,1
121.42100356100127,0,7,1
121.4418251819443,3,12,2
121.44288681214675,0,12,2
121.45957157807425,3,13,2
121.46062553813681,0,13,2
121.47286098008044,3,9,1
121.47387289814651,0,9,1
121.49443807313219,2,4,1
121.50702392403036,12,4,1
121.514097772073,2,7,1
121.52669166401029,5,4,1
121.53004109696485,12,7,1
121.53369515901431,2,12,2
121.55239138216712,2,13,2
121.5534695731476,12,13,2
121.55450615216978,5,7,1
121.56949601997621,12,9,1
121.57055492000654,2,9,1
121.57160958903842,5,12,2
121.58818454295397,5,13,2
121.59079297515564,10,7,1
121.59857045300305,5,9,1
121.6011736150831,7,12,2
121.61026359908283,10,12,2
121.62111988314427,7,13,2
121.6299461890012,6,12,2
121.63101625908166,10,13,2
121.64282375900075,7,9,1
121.64387144916691,8,13,2
121.64692624402232,10,9,1
121.65044484217651,6,13,2
121.66016978397965,10,6,1
121.66941921203397,7,6,1
121.67795494105667,8,9,1
121.68093281495385,6,9,1
121.70049449102953,8,6,1
121.70169457513839,1,13,2
121.70288214809261,13,9,1
121.72418513312005,13,6,1
121.72538331709802,1,9,1
121.74351750314236,1,6,1
121.7993918149732,9,6,1
121.801579706138,4,9,1
121.8027211681474,11,9,1
121.82358998106793,11,6,1
121.8246575910598,4,6,1
121.89183109812438,3,6,1
121.90261158905923,0,6,1
121.98667279910296,2,6,1
121.99942204495892,12,6,1
122.01367441308685,5,6,1
122.02463283902034,5,8,1
122.08556617214344,10,8,1
122.09973545814864,7,8,1
122.12796403700486,6,8,1
122.19565048906952,1,8,1
122.20378256612457,13,8,1
122.30199689115398,9,8,1
122.30384793202393,11,8,1
122.30497095407918,4,8,1
122.39724811306223,3,8,1
122.40776392701082,0,8,1
122.48865083698183,2,8,1
122.50385724217631,12,8,1
127.12911378894933,6,2,1
127.14301093807444,8,2,1
127.19554941612296,1,2,1
127.20432553207502,13,2,1
127.30040246713907,9,2,1
127.30385502311401,11,2,1
127.30520711117424,4,2,1
127.39630335615948,3,2,1
127.40581472194754,0,2,1
127.50828402605839,12,2,1
127.5234081579838,5,2,1
127.54186834394932,5,0,1
127.58955257711932,10,2,1
127.60016937414184,7,2,1
127.60165035515092,10,0,1
127.61223142105155,7,0,1
127.6195088441018,6,0,1
127.6348412730731,6,3,1
127.6352870950941,8,0,1
127.64714455604553,8,3,1
127.69735777005553,1,0,1
127.69851223216392,13,0,1
127.71251141303219,13,3,1
127.71287617413327,1,3,1
127.79338469309732,9,0,1
127.79552719299681,4,0,1
127.79605738795362,11,0,1
127.8109776249621,11,3,1
127.81145950802602,4,3,1
127.81292853900231,9,3,1
127.82669890508987,4,1,1
127.8279175690841,11,1,1
127.82958885515109,9,1,1
127.89619215601124,3,0,1
127.90977026615292,0,3,1
127.91930542211048,3,1,1
127.93009140412323,0,1,1
127.99141685804352,2,0,1
128.006265233038,12,0,1
128.0124556061346,2,3,1
128.02336864103563,5,3,1
128.03231998113915,2,1,1
128.03312410297804,12,3,1
128.0437181990128,5,1,1
128.05229665897787,12,1,1
128.08619105699472,10,3,1
128.1030175969936,10,1,1
128.10445425705984,7,3,1
128.12630582717247,7,1,1
128.12804747605696,6,1,1
128.14225441310555,8,1,1
128.20374920102768,13,1,1
129.89648788794875,3,5,1
129.90574831608683,0,5,1
129.9893672929611,2,5,1
130.00739297713153,12,5,1
130.0897111571394,10,5,1
130.0991526611615,7,5,1
130.1288657821715,6,5,1
130.1428974440787,8,5,1
130.1947571230121,1,5,1
130.20730604417622,13,5,1
130.30064729205333,9,5,1
130.30430696508847,4,5,1
130.30547053716145,11,5,1
130.32801065710373,4,10,2
130.32910567708313,9,10,2
130.33012987603433,11,10,2
130.39680461003445,3,10,2
130.40907095209695,0,10,2
130.49289594497532,2,10,2
130.50982490810566,12,10,2
130.5127640501596,2,11,2
130.52291344408877,5,10,2
130.53305590711534,12,11,2
130.5439344709739,5,11,2
130.58936996106058,10,11,2
130.5985607879702,7,10,2
130.6195276340004,7,11,2
130.62821858702227,6,10,2
130.64310952299275,8,10,2
130.64882514299825,6,11,2
130.66597446217202,8,11,2
130.69500084314495,1,10,2
130.7040892271325,13,10,2
130.7153418310918,1,11,2
130.7244387359824,13,11,2
130.79866977012716,9,11,2
130.80268055200577,4,11,2
130.8986140631605,3,11,2
130.90780665003695,0,11,2
131.09588052611798,10,4,1
131.09854804095812,7,4,1
131.1277957779821,6,4,1
131.1439758699853,8,4,1
131.14738136599772,6,7,1
131.16438876115717,8,7,1
131.1845692950301,8,12,2
131.199062500149,1,4,1
131.20368911908008,13,4,1
131.22109924512915,1,7,1
131.22445792914368,13,7,1
131.24063488096,1,12,2
131.2429256751202,13,12,2
131.30481556500308,9,4,1
131.30596032715403,4,7,1
131.3069601750467,11,4,1
131.3309043541085,9,7,1
131.3319289230276,11,7,1
131.332968122093,4,12,2
131.35307918395847,4,13,2
131.3541185229551,9,12,2
131.35513015114702,11,12,2
131.37005234812386,11,13,2
131.3710859171115,9,13,2
131.3956040830817,3,4,1
131.40573629597202,0,4,1
131.4165098471567,3,7,1
131.42683337512426,0,7,1
131.43609319394454,3,12,2
131.4455595081672,0,12,2
131.4521031610202,3,13,2
131.46325231296942,0,13,2
131.4643077221699,3,9,1
131.47483267611824,0,9,1
131.49209456914105,2,4,1
131.50619647302665,12,4,1
131.5125225901138,2,7,1
131.5237588940654,5,4,1
131.52880481514148,12,7,1
131.53172491700388,2,12,2
131.54659089213237,5,7,1
131.54946609213948,2,13,2
131.55066221603192,12,13,2
131.56967854709364,12,9,1
131.57157929008827,2,9,1
131.57368295895867,5,12,2
131.5910925050266,5,13,2
131.59447037009522,10,7,1
131.59993722313084,7,12,2
131.60465337405913,5,9,1
131.6205624290742,10,12,2
131.62393958400935,7,13,2
131.62791653512977,6,12,2
131.64511297503486,10,13,2
131.64584243600257,7,9,1
131.64655999606475,8,13,2
131.64869881607592,6,13,2
131.65650162403472,10,9,1
131.6693124519661,7,6,1
131.6734800580889,10,6,1
131.6746886819601,6,9,1
131.67701273714192,8,9,1
131.6982873911038,1,13,2
131.6991442751605,8,6,1
131.7023477051407,13,9,1
131.71879939408973,1,9,1
131.7225207281299,13,6,1
131.7379105980508,1,6,1
131.7932875859551,9,6,1
131.7962779700756,11,9,1
131.8000437449664,4,9,1
131.8114035630133,11,6,1
131.82012293604203,4,6,1
131.891888972139,3,6,1
131.90115479100496,0,6,1
131.98398838494904,2,6,1
131.9993226339575,12,6,1
132.01381460903212,5,6,1
132.02475722506642,5,8,1
132.08500222908333,10,8,1
132.0950875300914,7,8,1
132.12745632510632,6,8,1
132.1965724171605,1,8,1
132.20454183896072,13,8,1
132.3003748881165,9,8,1
132.3035775369499,4,8,1
132.3043011771515,11,8,1
132.3966755589936,3,8,1
132.40550556615926,0,8,1
132.4893429391086,2,8,1
132.5033605811186,12,8,1
137.12944403407164,6,2,1
137.14147656108253,8,2,1
137.1973298310768,1,2,1
137.20426835515536,13,2,1
137.30328903207555,11,2,1
137.30407177400775,4,2,1
137.3048336659558,9,2,1
137.3964371860493,3,2,1
137.40550695895217,0,2,1
137.50847300700843,12,2,1
137.5223875460215,5,2,1
137.5409710551612,5,0,1
137.59253006614745,10,2,1
137.60444046906196,7,2,1
137.61453145113774,10,0,1
137.62595144007355,7,0,1
137.6276315371506,6,0,1
137.6392120900564,8,0,1
137.6501902670134,6,3,1
137.6600914641749,8,3,1
137.69495845912024,1,0,1
137.70166319608688,13,0,1
137.71635082596913,1,3,1
137.72239275509492,13,3,1
137.80071631399915,9,0,1
137.80151787702926,11,0,1
137.8022355369758,4,0,1
137.82674983213656,4,3,1
137.8275010229554,9,3,1
137.82821940304711,11,3,1
137.84954992914572,9,1,1
137.8502799491398,11,1,1
137.8510091600474,4,1,1
137.89259843202308,3,0,1
137.90893539809622,0,3,1
137.91227383213118,3,1,1
137.9292908080388,0,1,1
137.99159411806613,2,0,1
138.00521382899024,12,0,1
138.0136322141625,2,3,1
138.02461873111315,5,3,1
138.03056570794433,12,3,1
138.03316717105918,2,1,1
138.048350765137,5,1,1
138.0515176730696,12,1,1
138.09248856804334,10,3,1
138.10358841810375,7,3,1
138.11686865915544,10,1,1
138.1286459080875,7,1,1
138.13103301497176,6,1,1
138.1426880110521,8,1,1
138.20435440400615,13,1,1
139.89636753103696,3,5,1
139.90597325912677,0,5,1
139.9932919300627,2,5,1
140.0075541981496,12,5,1
140.09097553999163,10,5,1
140.10559170809574,7,5,1
140.12993355910294,6,5,1
140.14215779001825,8,5,1
140.1958287700545,1,5,1
140.20600896514952,13,5,1
140.30203986912966,9,5,1
140.3038044781424,4,5,1
140.30456505902112,11,5,1
140.32747691916302,4,10,2
140.32822895003483,9,10,2
140.32901440211572,11,10,2
140.39630441297777,3,10,2
140.40810544299893,0,10,2
140.49323340202682,2,10,2
140.5100994531531,12,10,2
140.513741414994,2,11,2
140.52687027212232,5,10,2
140.53070267895237,12,11,2
140.54903719108552,5,11,2
140.58959240512922,10,11,2
140.6000888380222,7,10,2
140.62410806003027,7,11,2
140.62868259707466,6,10,2
140.6423126279842,8,10,2
140.6518833860755,6,11,2
140.66340758814476,8,11,2
140.69498975016177,1,10,2
140.70452954713255,13,10,2
140.71521390601993,1,11,2
140.72551962407306,13,11,2
140.79895165609196,9,11,2
140.80265695904382,4,11,2
140.89835007395595,3,11,2
140.90540493116714,0,11,2
141.09191834297962,10,4,1
141.09963787905872,7,4,1
141.1270040939562,6,4,1
141.14065240509808,8,4,1
141.14952868316323,6,7,1
141.161851007957,8,7,1
141.18114354717545,8,12,2
141.1964343241416,1,4,1
141.20306864008307,13,4,1
141.21766893798485,1,7,1
141.22393586300313,13,7,1
141.2361361440271,1,12,2
141.24331682408229,13,12,2
141.30481738294475,9,4,1
141.3055650740862,11,4,1
141.30632914509624,4,7,1
141.3308657410089,11,7,1
141.33194573107176,4,12,2
141.33299929113127,9,7,1
141.3522922100965,11,12,2
141.35338523006067,4,13,2
141.35439415904693,9,12,2
141.37073955498636,11,13,2
141.37153217708692,9,13,2
141.39419305115007,3,4,1
141.40480575803667,0,4,1
141.415437245043,3,7,1
141.4252812000923,0,7,1
141.43407247494906,3,12,2
141.44420873909257,0,12,2
141.45049804402515,3,13,2
141.46202727709897,3,9,1
141.46308534615673,0,13,2
141.4740397920832,0,9,1
141.49251604895107,2,4,1
141.50816381606273,12,4,1
141.50971969007514,2,7,1
141.51423234608956,5,4,1
141.52079377905466,2,12,2
141.5272528999485,5,7,1
141.5292640561238,12,7,1
141.53803462116048,2,13,2
141.53877236205153,5,12,2
141.551712583052,5,13,2
141.5525724370964,2,9,1
141.5694781600032,12,13,2
141.5702052800916,5,9,1
141.5797398360446,12,9,1
141.58116955612786,5,6,1
141.58963174303062,10,7,1
141.59846391016617,7,12,2
141.60957879107445,10,12,2
141.62022717809305,7,13,2
141.62942207511514,10,13,2
141.6314912531525,6,12,2
141.63837918499485,7,9,1
141.64627530612051,10,9,1
141.6487134641502,8,13,2
141.656358378008,7,6,1
141.6747186810244,6,13,2
141.67757268017158,10,6,1
141.67936619115062,8,9,1
141.69368727109395,6,9,1
141.70192161109298,8,6,1
141.70281613594852,1,13,2
141.70363034913316,13,9,1
141.72333993995562,1,9,1
141.72439143899828,13,6,1
141.74043692811392,1,6,1
141.8010383110959,11,9,1
141.80183657305315,9,6,1
141.8025794441346,4,9,1
141.82171024917625,11,6,1
141.8230610571336,4,6,1
141.89188553998247,3,6,1
141.90114307915792,0,6,1
141.98390549211763,2,6,1
141.99983779713511,12,6,1
142.01336201513186,5,8,1
142.09133861400187,10,8,1
142.09397084801458,7,8,1
142.1274100621231,6,8,1
142.19241285906173,1,8,1
142.20378761715256,13,8,1
142.2998315410223,9,8,1
142.30438907817006,4,8,1
142.3051748201251,11,8,1
142.39578089304268,3,8,1
142.40706114796922,0,8,1
142.49333597905934,2,8,1
142.5018982780166,12,8,1
147.12905278499238,6,2,1
147.1431549191475,8,2,1
147.19600424612872,1,2,1
147.20648069912568,13,2,1
147.3006033389829,9,2,1
147.30426559201442,4,2,1
147.30506274406798,11,2,1
147.39649071916938,3,2,1
147.4063262741547,0,2,1
147.50347073795274,12,2,1
147.51793441316113,5,2,1
147.53257004194893,5,0,1
147.5895841049496,10,2,1
147.60148223815486,7,2,1
147.60937374900095,10,0,1
147.62137510394678,7,0,1
147.62511550914496,6,0,1
147.639433569042,8,0,1
147.64459817297757,6,3,1
147.66213132301345,8,3,1
147.6872858160641,1,0,1
147.70032121008262,1,3,1
147.7018144421745,13,0,1
147.7178630209528,13,3,1
147.80008513806388,9,0,1
147.80125081096776,11,0,1
147.8018191170413,4,0,1
147.82679766509682,4,3,1
147.8273936221376,9,3,1
147.82796577806585,11,3,1
147.84912030911073,11,1,1
147.84989196015522,4,1,1
147.85061485110782,9,1,1
147.89402588410303,3,0,1
147.9064589110203,0,3,1
147.91396408108994,3,1,1
147.92810573615134,0,1,1
147.99122549011372,2,0,1
148.00436699716374,12,0,1
148.012450522976,2,3,1
148.0255011280533,12,3,1
148.0262408091221,5,3,1
148.03158698813058,2,1,1
148.04667030996643,12,1,1
148.0474094611127,5,1,1
148.0913576290477,10,3,1
148.10024245711975,7,3,1
148.11150815198198,10,1,1
148.11963324900717,7,1,1
148.1280929860659,6,1,1
148.14179747900926,8,1,1
148.20295513700694,13,1,1
149.89683503704146,3,5,1
149.90705784317106,0,5,1
149.99285483104177,2,5,1
150.00692383409478,12,5,1
150.08318570512347,10,5,1
150.1054083961062,7,5,1
150.11945233913139,6,5,1
150.14229832799174,8,5,1
150.18914848705754,1,5,1
150.20718440110795,13,5,1
150.30051529896446,9,5,1
150.3046754549723,11,5,1
150.30548334796913,4,5,1
150.32399863516912,9,10,2
150.327829743037,4,10,2
150.3290563870687,11,10,2
150.39554313500412,3,10,2
150.4097926830873,0,10,2
150.49309269106016,2,10,2
150.50603267317638,12,10,2
150.51368548697792,2,11,2
150.52371148695238,5,10,2
150.52659984794445,12,11,2
150.54494006116875,5,11,2
150.59188398206607,10,11,2
150.59849765710533,7,10,2
150.6192612571176,7,11,2
150.62730274209753,6,10,2
150.6408512510825,8,10,2
150.64773439313285,6,11,2
150.66104463511147,8,11,2
150.695555010112,1,10,2
150.70455874106847,13,10,2
150.7197442050092,1,11,2
150.72620627703145,13,11,2
150.79918084596284,9,11,2
150.8026716930326,4,11,2
150.89673276199028,3,11,2
150.90580268506892,0,11,2
151.09353494201787,10,4,1
151.09841654915363,7,4,1
151.12741095898673,6,4,1
151.14279518905096,8,4,1
151.1501933261752,6,7,1
151.1637954460457,8,7,1
151.1903377380222,8,12,2
151.19985341303982,1,4,1
151.20368065009825,13,4,1
151.22240692400374,1,7,1
151.2238982161507,13,7,1
151.24196055112407,1,12,2
151.2434790029656,13,12,2
151.30472270399332,4,7,1
151.30573916295543,9,4,1
151.3064704029821,11,4,1
151.32995566003956,11,7,1
151.33076226199046,4,12,2
151.33148606307805,9,7,1
151.35197657509707,11,12,2
151.3527353061363,4,13,2
151.3534818070475,9,12,2
151.36836175294593,11,13,2
151.36914889514446,9,13,2
151.39562721503899,3,4,1
151.40470154816285,0,4,1
151.41855501616374,3,7,1
151.4252772841137,0,7,1
151.43761247908697,3,12,2
151.44429370504804,0,12,2
151.45361979608424,3,13,2
151.46026629209518,0,13,2
151.46515408810228,3,9,1
151.47244731197134,0,9,1
151.49286352214403,2,4,1
151.50634874915704,12,4,1
151.51399097312242,2,7,1
151.52381833805703,5,4,1
151.52732688607648,12,7,1
151.53389769000933,2,12,2
151.54850742802955,12,13,2
151.55025471700355,5,7,1
151.5510215680115,2,13,2
151.56930140894838,5,12,2
151.5701918741688,2,9,1
151.5720634260215,12,9,1
151.58448359300382,5,13,2
151.5968374379445,10,7,1
151.5982228971552,5,9,1
151.60065292497166,7,12,2
151.6096103361342,5,6,1
151.6259467320051,10,12,2
151.62700705206953,7,13,2
151.6289363061078,6,12,2
151.64664117014036,8,13,2
151.6499250519555,7,9,1
151.65114550595172,10,13,2
151.6521735249553,6,13,2
151.66923124203458,8,9,1
151.67816616105847,7,6,1
151.67910561803728,10,9,1
151.681525465101,6,9,1
151.69074876303785,8,6,1
151.69528038008139,1,13,2
151.6981144491583,13,9,1
151.69886662997305,10,6,1
151.7129017021507,13,6,1
151.71467858203687,1,9,1
151.73156970413402,1,6,1
151.78929389710538,9,6,1
151.79805556195788,11,9,1
151.800411028089,4,9,1
151.81667582294904,11,6,1
151.82002274598926,4,6,1
151.89189095399342,3,6,1
151.90276784915477,0,6,1
151.98444324103184,2,6,1
151.99979865015484,12,6,1
152.01510861795396,5,8,1
152.08540045213886,10,8,1
152.09603861998767,7,8,1
152.12714827014133,6,8,1
152.195150739979,1,8,1
152.20543284807354,13,8,1
152.3001579551492,9,8,1
152.30387109913863,11,8,1
152.3048021851573,4,8,1
152.39624315011315,3,8,1
152.40592657099478,0,8,1
152.4898108651396,2,8,1
152.50195699511096,12,8,1
157.12839836417697,6,2,1
157.1431706971489,8,2,1
157.19970379699953,1,2,1
157.20437174709514,13,2,1
157.30214746994898,9,2,1
157.3040657429956,11,2,1
157.30635078717023,4,2,1
157.39670266211033,3,2,1
157.40708089317195,0,2,1
157.50858656014316,12,2,1
157.52229144307785,5,2,1
157.5407600691542,5,0,1
157.58923539309762,10,2,1
157.60372865898535,7,2,1
157.60750642395578,10,0,1
157.62412281916477,7,0,1
157.62590518803336,6,0,1
157.6388439401053,8,0,1
157.64574931305833,6,3,1
157.65959599008784,8,3,1
157.69869985315017,1,0,1
157.70307133509777,13,0,1
157.7211876611691,1,3,1
157.72531199711375,13,3,1
157.8018839971628,9,0,1
157.80282250302844,11,0,1
157.80355866299942,4,0,1
157.82784668216482,4,3,1
157.82861222396605,9,3,1
157.8293765350245,11,3,1
157.8508473651018,4,1,1
157.8519098740071,9,1,1
157.85294637316838,11,1,1
157.89435682096519,3,0,1
157.9078571780119,0,3,1
157.9161285990849,3,1,1
157.9306150439661,0,1,1
157.99139650305733,2,0,1
158.0039573740214,12,0,1
158.01483558816835,2,3,1
158.02532799099572,12,3,1
158.0260958529543,5,3,1
158.04135737917386,2,1,1
158.04664615704678,12,1,1
158.04738224716857,5,1,1
158.0899661781732,10,3,1
158.0997262110468,7,3,1
158.10932069900446,10,1,1
158.1193660190329,7,1,1
158.12818648596294,6,1,1
158.1440799201373,8,1,1
158.20359394303523,13,1,1
159.89917912194505,3,5,1
159.90813338197768,0,5,1
159.99289528117515,2,5,1
160.00626106513664,12,5,1
160.09426992502995,10,5,1
160.1018914671149,7,5,1
160.12962158210576,6,5,1
160.141004730016,8,5,1
160.1952951180283,1,5,1
160.2069558040239,13,5,1
160.30064917216077,9,5,1
160.30428616399877,4,5,1
160.30508728604764,11,5,1
160.3233236761298,9,10,2
160.3270444101654,4,10,2
160.32777317101136,11,10,2
160.3961274609901,3,10,2
160.40914077404886,0,10,2
160.4931093310006,2,10,2
160.50602263212204,12,10,2
160.51340816915035,2,11,2
160.5233712270856,5,10,2
160.52638133103028,12,11,2
160.5440788359847,5,11,2
160.58968692016788,10,11,2
160.59886133717373,7,10,2
160.61966047808528,7,11,2
160.62754001910798,6,10,2
160.64111426798627,8,10,2
160.64763051015325,6,11,2
160.66137605416588,8,11,2
160.69465858512558,1,10,2
160.70482396916486,13,10,2
160.71537571307272,1,11,2
160.7251254359726,13,11,2
160.7999823880382,9,11,2
160.80524957505986,4,11,2
160.89955553109758,3,11,2
160.9071367131546,0,11,2
161.09100338094868,10,4,1
161.10371691710316,7,4,1
161.12687038397416,6,4,1
161.14403166412376,8,4,1
161.14691265416332,6,7,1
161.16510741296224,8,7,1
161.18276817607693,8,12,2
161.20440528099425,1,4,1
161.20547329098918,13,4,1
161.229038430145,1,7,1
161.2300856290385,13,7,1
161.24773910199292,1,12,2
161.251238059951,13,12,2
161.30131803895347,9,4,1
161.30472126416862,11,4,1
161.30577781400643,4,7,1
161.32449860707857,9,7,1
161.3280196459964,4,12,2
161.3286047920119,11,7,1
161.34628931595944,9,12,2
161.34896316099912,4,13,2
161.3504891640041,11,12,2
161.36104308906943,9,13,2
161.36641473905183,11,13,2
161.3959617440123,3,4,1
161.40659942198545,0,4,1
161.41717439796776,3,7,1
161.42892526602373,0,7,1
161.43557683215477,3,12,2
161.45091063017026,0,12,2
161.45210984395817,3,13,2
161.46267983899452,3,9,1
161.4674618130084,0,13,2
161.47698628902435,0,9,1
161.49396163411438,2,4,1
161.50556512805633,12,4,1
161.51420637895353,2,7,1
161.52295917412266,12,7,1
161.52563010901213,5,4,1
161.53409612504765,12,13,2
161.53550549503416,2,12,2
161.54877065494657,12,9,1
161.5495411469601,5,7,1
161.55144026014023,2,13,2
161.5694382530637,2,9,1
161.57584429206327,5,12,2
161.5942161460407,5,13,2
161.59497357695363,10,7,1
161.59853023616597,7,12,2
161.60536908707581,5,9,1
161.61924395500682,5,6,1
161.6206090231426,10,12,2
161.62197955115698,7,13,2
161.63166534202173,6,12,2
161.64424293302,7,9,1
161.64509154716507,10,13,2
161.64582544798031,8,13,2
161.65201987116598,6,13,2
161.67144646402448,6,9,1
161.67220546514727,10,9,1
161.6730206781067,7,6,1
161.67379479994997,8,9,1
161.68340309802443,10,6,1
161.69457474001683,8,6,1
161.69727286603302,1,13,2
161.70237177796662,13,9,1
161.71494646999054,1,9,1
161.72190513415262,13,6,1
161.73400623211637,1,6,1
161.79698890307918,9,6,1
161.79890161613002,11,9,1
161.80129660316743,4,9,1
161.81423528399318,11,6,1
161.82369924895465,4,6,1
161.89209199114703,3,6,1
161.90332844411023,0,6,1
161.9842797771562,2,6,1
162.0023098611273,12,6,1
162.01934472704306,5,8,1
162.08563215006143,10,8,1
162.10172220901586,7,8,1
162.12317710905336,6,8,1
162.1946774071548,1,8,1
162.2055145399645,13,8,1
162.30292792315595,9,8,1
162.30399059294723,11,8,1
162.30502754217014,4,8,1
162.39660199102946,3,8,1
162.40567584405653,0,8,1
162.49318374996074,2,8,1
162.50270945602097,12,8,1
167.12835486605763,6,2,1
167.14309968799353,8,2,1
167.1953354079742,1,2,1
167.20655613206327,13,2,1
167.30004928517155,9,2,1
167.30387228215113,11,2,1
167.30496686208062,4,2,1
167.39662417396903,3,2,1
167.40685108001344,0,2,1
167.50641024205834,12,2,1
167.52231989707798,5,2,1
167.54047756409273,5,0,1
167.58971758116968,10,2,1
167.6010329669807,7,2,1
167.6105225321371,10,0,1
167.62153300014324,7,0,1
167.62536160694435,6,0,1
167.63879496208392,8,0,1
167.64548834995367,6,3,1
167.65946313994937,8,3,1
167.69443434709683,1,0,1
167.70179773308337,13,0,1
167.72003811295144,1,3,1
167.72510789497755,13,3,1
167.7977381341625,9,0,1
167.80104560707696,11,0,1
167.80239463411272,4,0,1
167.82437967904843,9,3,1
167.82548482017592,11,3,1
167.826526919147,4,3,1
167.8469939911738,11,1,1
167.84805529098958,4,1,1
167.84910655999556,9,1,1
167.8985877330415,3,0,1
167.90129289915785,0,3,1
167.9202772891149,0,1,1
167.9213664701674,3,1,1
167.991527721053,2,0,1
168.00494174612686,12,0,1
168.01286018709652,2,3,1
168.02255203807727,5,3,1
168.0315198181197,12,3,1
168.0323240510188,2,1,1
168.04228975903243,5,1,1
168.05151694710366,12,1,1
168.09062746004201,10,3,1
168.0991340179462,7,3,1
168.11030549998395,10,1,1
168.11816924996674,7,1,1
168.1289994630497,6,1,1
168.14109060005285,8,1,1
168.20512140006758,13,1,1
169.89682305115275,3,5,1
169.9074275281746,0,5,1
169.99259409797378,2,5,1
170.00688428711146,12,5,1
170.09087485517375,10,5,1
170.10558832599781,7,5,1
170.12801429303363,6,5,1
170.1415174601134,8,5,1
170.2021741650533,1,5,1
170.20609921496361,13,5,1
170.30022707604803,9,5,1
170.30380032514222,4,5,1
170.30525072617456,11,5,1
170.3279673110228,4,10,2
170.32871217210777,9,10,2
170.32947843405418,11,10,2
170.39593461109325,3,10,2
170.40554913016967,0,10,2
170.49432505108416,2,10,2
170.50233170506544,12,10,2
170.5164664699696,2,11,2
170.5197823420167,12,11,2
170.52571559813805,5,10,2
170.54692670097575,5,11,2
170.58932108595036,10,11,2
170.59858102514409,7,10,2
170.61906052706763,7,11,2
170.62808937905356,6,10,2
170.64507096400484,8,10,2
170.6487305960618,6,11,2
170.66759548312984,8,11,2
170.70014701294713,1,10,2
170.70391810801812,13,10,2
170.72291842009872,1,11,2
170.724389861105,13,11,2
170.79680942511186,9,11,2
170.80377440014854,4,11,2
170.89663817500696,3,11,2
170.9072369011119,0,11,2
171.09052808396518,10,4,1
171.09851748705842,7,4,1
171.12749553704634,6,4,1
171.14060597401112,8,4,1
171.1477121920325,6,7,1
171.16973137808964,8,7,1
171.19046322698705,8,12,2
171.1989951650612,1,4,1
171.20309398998506,13,4,1
171.22186372498982,1,7,1
171.2237488271203,13,7,1
171.24114932399243,1,12,2
171.24278694903478,13,12,2
171.30116680101492,9,4,1
171.3056295060087,4,7,1
171.30670862598345,11,4,1
171.3256080839783,9,7,1
171.32932327804156,4,12,2
171.33041557809338,11,7,1
171.3473725321237,9,12,2
171.34978502010927,4,13,2
171.3506561741233,11,12,2
171.36379711097106,9,13,2
171.36547343805432,11,13,2
171.3958187571261,3,4,1
171.40518256812356,0,4,1
171.4163650511764,3,7,1
171.4259624190163,0,7,1
171.43564680917189,3,12,2
171.44472843315452,0,12,2
171.45150669314899,3,13,2
171.46259692311287,0,13,2
171.46393178007565,3,9,1
171.47440792317502,0,9,1
171.49158542300574,2,4,1
171.50866796006449,12,4,1
171.51031265617348,2,7,1
171.5242431659717,5,4,1
171.52592173195444,2,12,2
171.5341091111768,12,7,1
171.54259958909824,2,13,2
171.5472564289812,5,7,1
171.55649403715506,2,9,1
171.56905516795814,12,13,2
171.57689779717475,5,12,2
171.58162825996988,12,9,1
171.5944710681215,5,13,2
171.5952192391269,10,7,1
171.59858302306384,7,12,2
171.60921109002084,5,9,1
171.61763429595158,10,12,2
171.62116729514673,7,13,2
171.623677295167,5,6,1
171.6275224930141,6,12,2
171.6409703581594,7,9,1
171.64169997908175,10,13,2
171.64489336800762,8,13,2
171.64772435696796,6,13,2
171.6704327110201,7,6,1
171.67115349206142,10,9,1
171.68165833503008,8,9,1
171.68239290616475,6,9,1
171.68367486214265,10,6,1
171.6944631030783,1,13,2
171.70302446302958,8,6,1
171.7043716700282,13,9,1
171.71294452995062,1,9,1
171.72470390913077,13,6,1
171.7332930190023,1,6,1
171.7986950869672,9,6,1
171.79965173313394,11,9,1
171.80144610302523,4,9,1
171.81942376610823,11,6,1
171.8229204530362,4,6,1
171.8918336101342,3,6,1
171.9012135521043,0,6,1
171.9837457779795,2,6,1
171.9998676890973,12,6,1
172.01906014513224,5,8,1
172.08510805107653,10,8,1
172.09439592109993,7,8,1
172.12780359503813,6,8,1
172.19425796205178,1,8,1
172.20392464194447,13,8,1
172.29998241714202,9,8,1
172.30453931400552,11,8,1
172.30544648994692,4,8,1
172.39679128210992,3,8,1
172.4055265970528,0,8,1
172.49069145717658,2,8,1
172.50285268714651,12,8,1
177.1283167139627,6,2,1
177.14259696402587,8,2,1
177.19940666109324,1,2,1
177.20361946895719,13,2,1
177.30247235205024,9,2,1
177.30912903812714,11,2,1
177.3102233679965,4,2,1
177.39680215809494,3,2,1
177.40616612997837,0,2,1
177.506740340963,12,2,1
177.52237733802758,5,2,1
177.54058621707372,5,0,1
177.59011954115704,10,2,1
177.6061106880661,7,2,1
177.60879963403568,10,0,1
177.6265461789444,7,0,1
177.62808287213556,6,0,1
177.6409431421198,8,0,1
177.65066997311078,6,3,1
177.66361032496206,8,3,1
177.69334517605603,1,0,1
177.70509426505305,13,0,1
177.71321198204532,1,3,1
177.7282954531256,13,3,1
177.79904355015606,9,0,1
177.80041558900848,4,0,1
177.8018230581656,11,0,1
177.8193233469501,4,3,1
177.8253013349604,9,3,1
177.8270468430128,11,3,1
177.83724575815722,4,1,1
177.84695637994446,9,1,1
177.84769044001587,11,1,1
177.89693512604572,3,0,1
177.90650863409974,0,3,1
177.91697183717042,3,1,1
177.92652165400796,0,1,1
177.9916448739823,2,0,1
178.00415544304997,12,0,1
178.01669251406565,2,3,1
178.0216852929443,5,3,1
178.02574590709992,12,3,1
178.0417056430597,2,1,1
178.04248535400257,5,1,1
178.04459775309078,12,1,1
178.09045631508343,10,3,1
178.10785267106257,7,3,1
178.11124732601456,10,1,1
178.13017269503325,6,1,1
178.1312573151663,7,1,1
178.14266987517476,8,1,1
178.20373022113927,13,1,1
179.89914870704524,3,5,1
179.90616098302417,0,5,1
179.99402220896445,2,5,1
180.0060705661308,12,5,1
180.09535555099137,10,5,1
180.10016801510938,7,5,1
180.12771145510487,6,5,1
180.1410735589452,8,5,1
180.19683131715283,1,5,1
180.20778606296517,13,5,1
180.29986494709738,9,5,1
180.30367810395546,11,5,1
180.3056614191737,4,5,1
180.32433137111366,9,10,2
180.32543083117343,11,10,2
180.32984603499062,4,10,2
180.39612636715174,3,10,2
180.40827470715158,0,10,2
180.494411284104,2,10,2
180.50723146204837,12,10,2
180.51886537810788,2,11,2
180.52455473714508,5,10,2
180.52816631807946,12,11,2
180.54554110299796,5,11,2
180.59058339195326,10,11,2
180.5986613179557,7,10,2
180.61892152414657,7,11,2
180.6289345640689,6,10,2
180.64096651994623,8,10,2
180.65156915714033,6,11,2
180.66129661817104,8,11,2
180.69517942611128,1,10,2
180.70525889704004,13,10,2
180.7158750339877,1,11,2
180.72679161909036,13,11,2
180.79804100003093,9,11,2
180.803670238005,4,11,2
180.89925020909868,3,11,2
180.90627173613757,0,11,2
181.09127182606608,10,4,1
181.0987325150054,7,4,1
181.1273912859615,6,4,1
181.1415743820835,8,4,1
181.14893125812523,6,7,1
181.17024650308304,8,7,1
181.19292885717005,8,12,2
181.198726890143,1,4,1
181.20309637207538,13,4,1
181.223552193027,1,7,1
181.2252450811211,13,7,1
181.2453053111676,1,12,2
181.24603336211294,13,12,2
181.30231889500283,11,4,1
181.30365514196455,9,4,1
181.30468082102016,4,7,1
181.317605542019,11,7,1
181.32779442705214,9,7,1
181.32996625709347,4,12,2
181.33074011909775,11,12,2
181.34987305407412,11,13,2
181.3511862109881,9,12,2
181.35190704115666,4,13,2
181.36684643803164,9,13,2
181.39582651806995,3,4,1
181.40498749399558,0,4,1
181.41719472501427,3,7,1
181.42552759917453,0,7,1
181.4356571920216,3,12,2
181.44486514898017,0,12,2
181.45148319401778,3,13,2
181.4627756990958,3,9,1
181.4635407209862,0,13,2
181.4755925880745,0,9,1
181.49298245296814,2,4,1
181.5099280681461,12,4,1
181.51365154213272,2,7,1
181.52292261109687,5,4,1
181.53290635999292,2,12,2
181.53367531113327,12,7,1
181.54410546296276,5,7,1
181.55094604403712,2,13,2
181.55241360515356,12,13,2
181.56396916811354,2,9,1
181.57398343808018,5,12,2
181.57544810906984,12,9,1
181.5941564021632,5,13,2
181.59518261998892,10,7,1
181.59840042004362,7,12,2
181.60435511707328,5,9,1
181.61954195098951,10,12,2
181.62030552211218,7,13,2
181.62775821099058,6,12,2
181.64241655007936,7,9,1
181.64274722896516,10,13,2
181.6450030519627,8,13,2
181.64848233014345,6,13,2
181.66104100109078,7,6,1
181.6701156150084,10,9,1
181.67140794103034,8,9,1
181.67814902914688,6,9,1
181.6829597139731,10,6,1
181.6907288711518,1,13,2
181.69307653605938,8,6,1
181.70286843017675,1,9,1
181.7062103729695,13,9,1
181.7136732521467,1,6,1
181.72680959897116,13,6,1
181.79956843308173,11,9,1
181.80033129407093,9,6,1
181.80210441397503,4,9,1
181.81957917194813,11,6,1
181.8237676389981,4,6,1
181.89347937796265,3,6,1
181.9022815839853,0,6,1
181.98643266502768,2,6,1
182.0009312410839,12,6,1
182.0141726010479,5,6,1
182.02549632708542,5,8,1
182.08578489208594,10,8,1
182.09473220212385,7,8,1
182.1272706121672,6,8,1
182.19514003908262,1,8,1
182.20550063811243,13,8,1
182.29991724714637,9,8,1
182.30359604000114,4,8,1
182.30431725014932,11,8,1
182.3960111530032,3,8,1
182.4059794419445,0,8,1
182.48633216810413,2,8,1
182.49992620712146,12,8,1
187.1293798990082,6,2,1
187.1430818720255,8,2,1
187.19978089700453,1,2,1
187.20415045903064,13,2,1
187.300621005008,9,2,1
187.30479608196765,11,2,1
187.30553477210924,4,2,1
187.3961876060348,3,2,1
187.4075081520714,0,2,1
187.50900949910283,12,2,1
187.52228076010942,5,2,1
187.54073417605832,5,0,1
187.59103409200907,10,2,1
187.60053073707968,7,2,1
187.61145477299578,10,0,1
187.61935997311957,7,0,1
187.62811690894887,6,0,1
187.6391087861266,8,0,1
187.64971439214423,6,3,1
187.65986500610597,8,3,1
187.6982400880661,1,0,1
187.70284744701348,13,0,1
187.72072314703837,1,3,1
187.72422048496082,13,3,1
187.79831606615335,9,0,1
187.80236322898418,4,0,1
187.8031298900023,11,0,1
187.82342025707476,9,3,1
187.82707420899533,4,3,1
187.82839066605084,11,3,1
187.8450029110536,9,1,1
187.84797793417238,4,1,1
187.84870496415533,11,1,1
187.89420521515422,3,0,1
187.90730267111212,0,3,1
187.91496497602202,3,1,1
187.92824707715772,0,1,1
187.9920211401768,2,0,1
188.00803705700673,12,0,1
188.01938096410595,2,3,1
188.02297657495365,5,3,1
188.03444525506347,12,3,1
188.0447618830949,5,1,1
188.04551805509254,2,1,1
188.05431159003638,12,1,1
188.09485506406054,10,3,1
188.09905489115044,7,3,1
188.12289918703027,10,1,1
188.12364424811676,7,1,1
188.12738406308927,6,1,1
188.14255949715152,8,1,1
188.20334188616835,13,1,1
189.89669890515506,3,5,1
189.90759028913453,0,5,1
189.99262164602987,2,5,1
190.00670806015842,12,5,1
190.08966263802722,10,5,1
190.10027311509475,7,5,1
190.12818528502248,6,5,1
190.14239817205817,8,5,1
190.1967492410913,1,5,1
190.20066925114952,13,5,1
190.30001571797766,9,5,1
190.30342035298236,11,5,1
190.3041482430417,4,5,1
190.3249433140736,9,10,2
190.32637660414912,4,10,2
190.3270960841328,11,10,2
190.39620207599364,3,10,2
190.4092901321128,0,10,2
190.49371108203195,2,10,2
190.50771894305944,12,10,2
190.51417883415706,2,11,2
190.52285531605594,5,10,2
190.53176192496903,12,11,2
190.5440272281412,5,11,2
190.58968057413585,10,11,2
190.59966751304455,7,10,2
190.6233704551123,7,11,2
190.62777633802034,6,10,2
190.64455658802763,8,10,2
190.64822879014537,6,11,2
190.66657509305514,8,11,2
190.69561038399115,1,10,2
190.70453935395926,13,10,2
190.7162136011757,1,11,2
190.72500108601525,13,11,2
190.79880830901675,9,11,2
190.80222943495028,4,11,2
190.89657174097374,3,11,2
190.90690532000735,0,11,2
191.09903250006028,10,4,1
191.1004283791408,7,4,1
191.12784060603008,6,4,1
191.1413001420442,8,4,1
191.14929370512255,6,7,1
191.1644039170351,8,7,1
191.1834748601541,8,12,2
191.19985074806027,1,4,1
191.20366411516443,13,4,1
191.22444805596024,1,7,1
191.2249507601373,13,7,1
191.2437469251454,13,12,2
191.24411920504645,1,12,2
191.30315103498287,9,4,1
191.30515655106865,4,7,1
191.3056347251404,11,4,1
191.32559573207982,4,12,2
191.32661103107966,11,7,1
191.32706990395673,9,7,1
191.34660216001794,9,12,2
191.34711466403678,11,12,2
191.34760497813113,4,13,2
191.36445821914822,11,13,2
191.36482701916248,9,13,2
191.3957277929876,3,4,1
191.4057910440024,0,4,1
191.41691371495835,3,7,1
191.42623360594735,0,7,1
191.4367929310538,3,12,2
191.445586376125,0,12,2
191.45379648613743,3,13,2
191.4615383921191,0,13,2
191.46534445811994,3,9,1
191.47355958796106,0,9,1
191.49717452796176,2,4,1
191.50719539797865,12,4,1
191.5187002599705,2,7,1
191.5226394899655,5,4,1
191.53165515209548,12,7,1
191.53685124707408,2,12,2
191.54319563414901,5,7,1
191.55433358601294,2,13,2
191.555087066954,12,13,2
191.56438175705262,5,12,2
191.5711081151385,2,9,1
191.5799248609692,12,9,1
191.58608064311557,5,13,2
191.59031338104978,10,7,1
191.6015651060734,5,9,1
191.60307170799933,7,12,2
191.6111429531593,10,12,2
191.61730354605243,5,6,1
191.63110047206283,7,13,2
191.63215307099745,6,12,2
191.63319822004996,10,13,2
191.64676790917292,8,13,2
191.6512623950839,10,9,1
191.65252030012198,7,9,1
191.67268625414,6,13,2
191.67382227513008,10,6,1
191.67821558797732,7,6,1
191.69420085498132,8,9,1
191.69497190695256,6,9,1
191.6957133980468,1,13,2
191.70388408610597,13,9,1
191.71249909698963,1,9,1
191.71388354501687,8,6,1
191.72660364117473,13,6,1
191.7291595521383,1,6,1
191.79772287909873,9,6,1
191.79909769701771,11,9,1
191.79981708712876,4,9,1
191.8175712430384,11,6,1
191.81831608409993,4,6,1
191.8923810441047,3,6,1
191.9030280120205,0,6,1
191.98404611600563,2,6,1
192.0003223309759,12,6,1
192.01356644113548,5,8,1
192.08551362203434,10,8,1
192.09443373116665,7,8,1
192.1282263561152,6,8,1
192.19487286894582,1,8,1
192.20431888313033,13,8,1
192.29876998299733,9,8,1
192.30318724596873,4,8,1
192.30460367607884,11,8,1
192.39628281909972,3,8,1
192.40581702510826,0,8,1
192.48860345897265,2,8,1
192.50371892098337,12,8,1
197.12916545313783,6,2,1
197.14273284305818,8,2,1
197.19792949501425,1,2,1
197.20724618597887,13,2,1
197.2972004499752,9,2,1
197.30502179916948,11,2,1
197.306244983105,4,2,1
197.39711482217535,3,2,1
197.40616476512514,0,2,1
197.50699203414842,12,2,1
197.52318449597806,5,2,1
197.54238910297863,5,0,1
197.59002573415637,10,2,1
197.60070347297005,7,2,1
197.61114105512388,10,0,1
197.62193311704323,7,0,1
197.62704094895162,6,0,1
197.64098341902718,8,0,1
197.6488147880882,6,3,1
197.66409280500375,8,3,1
197.69474659208208,1,0,1
197.70201831497252,13,0,1
197.71584105095826,1,3,1
197.722904618131,13,3,1
197.80129241896793,4,0,1
197.802494173171,9,0,1
197.8036435849499,11,0,1
197.82695064716972,11,3,1
197.82799474615604,4,3,1
197.8290532559622,9,3,1
197.85057319700718,9,1,1
197.85137240914628,11,1,1
197.8521064100787,4,1,1
197.8973070429638,3,0,1
197.90190694201738,0,3,1
197.9199927470181,0,1,1
197.92107396712527,3,1,1
197.99063119199127,2,0,1
198.0038230100181,12,0,1
198.01153432601131,2,3,1
198.02752663311549,12,3,1
198.028280464001,5,3,1
198.0309320180677,2,1,1
198.04886753903702,12,1,1
198.05026883794926,5,1,1
198.09138704813085,10,3,1
198.09971924102865,7,3,1
198.1126504021231,10,1,1
198.11938065011054,7,1,1
198.1276281310711,6,1,1
198.14250593609177,8,1,1
198.20355769316666,13,1,1
199.89633266697638,3,5,1
199.90747571806423,0,5,1
199.99229443911463,2,5,1
200.0060589441564,12,5,1
200.09122915402986,10,5,1
200.09985617594793,7,5,1
200.12824942916632,6,5,1
200.14269649307244,8,5,1
200.1953297641594,1,5,1
200.20588661916554,13,5,1
200.30250110011548,9,5,1
200.30391975911334,4,5,1
200.30465504014865,11,5,1
200.3282265679445,4,10,2
200.32900349004194,11,10,2
200.32974751107395,9,10,2
200.39660492003895,3,10,2
200.40907296794467,0,10,2
200.49529189802706,2,10,2
200.5080562250223,12,10,2
200.51562819606625,2,11,2
200.52472833101638,5,10,2
200.5286696010735,12,11,2
200.5455945241265,5,11,2
200.5897695890162,10,11,2
200.59863527608104,7,10,2
200.6193960160017,7,11,2
200.62805974902585,6,10,2
200.64264375716448,8,10,2
200.64857439207844,6,11,2
200.66504061198793,8,11,2
200.69587050401606,1,10,2
200.70403169211932,13,10,2
200.7156951681245,1,11,2
200.72428561816923,13,11,2
200.8007026440464,9,11,2
200.802548116073,4,11,2
200.8959048150573,3,11,2
200.90527077717707,0,11,2
201.09129774710163,10,4,1
201.10449277609587,7,4,1
201.1276047611609,6,4,1
201.1411981410347,8,4,1
201.14754354814067,6,7,1
201.16358527704142,8,7,1
201.1918887081556,8,12,2
201.19625644013286,1,4,1
201.2040059971623,13,4,1
201.2171220930759,1,7,1
201.22521501011215,13,7,1
201.23685086495243,1,12,2
201.2443706949707,13,12,2
201.30149104213342,9,4,1
201.30567426909693,11,4,1
201.30643533007242,4,7,1
201.32490526605397,9,7,1
201.32875273306854,11,7,1
201.329613288166,4,12,2
201.34639584715478,9,12,2
201.3488408450503,4,13,2
201.34961890708655,11,12,2
201.36403361009434,11,13,2
201.36483160196804,9,13,2
201.39547942904755,3,4,1
201.40516663901508,0,4,1
201.41612651594914,3,7,1
201.42546018701978,0,7,1
201.43562508095056,3,12,2
201.44481950812042,0,12,2
201.45161890797317,3,13,2
201.46316547994502,0,13,2
201.46421057009138,3,9,1
201.47517996607348,0,9,1
201.48731703613885,2,4,1
201.50437898305245,2,7,1
201.50729306414723,12,4,1
201.51533506903797,2,12,2
201.5223484551534,5,4,1
201.52903517102823,2,13,2
201.53196055302396,12,7,1
201.54182303906418,2,9,1
201.54373390204273,5,7,1
201.55147289903834,12,13,2
201.57585241016932,12,9,1
201.57667624298483,5,12,2
201.5944045591168,5,13,2
201.59522461215965,10,7,1
201.59867590805516,7,12,2
201.60570574412122,5,9,1
201.62339947908185,5,6,1
201.6241332399659,10,12,2
201.62488184100948,7,13,2
201.62774323113263,6,12,2
201.64771121903323,7,9,1
201.64846961013973,10,13,2
201.64925514208153,6,13,2
201.65054781804793,8,13,2
201.67076526302844,10,9,1
201.67151023400947,7,6,1
201.6722612050362,6,9,1
201.6836506931577,10,6,1
201.68682020204142,8,9,1
201.69833874399774,1,13,2
201.70341230602935,13,9,1
201.70662715495564,8,6,1
201.71721948101185,1,9,1
201.72419200604782,13,6,1
201.73688974115066,1,6,1
201.79704825300723,9,6,1
201.79778827307746,11,9,1
201.80094468104653,4,9,1
201.8151926000137,11,6,1
201.82384525216185,4,6,1
201.88748377095908,3,6,1
201.90112196211703,0,6,1
201.98647904698737,2,6,1
202.00282154395245,12,6,1
202.08629727805965,10,8,1
202.09444322506897,7,8,1
202.12851408706047,6,8,1
202.19528721412644,1,8,1
202.2045926640276,13,8,1
202.3001066541765,9,8,1
202.30091089615598,11,8,1
202.30431111110374,4,8,1
202.3913145030383,3,8,1
202.4053756359499,0,8,1
202.48978096502833,2,8,1
202.5078103491105,12,8,1
202.51877783495001,5,8,1
207.1286683359649,6,2,1
207.14255028311163,8,2,1
207.1978620791342,1,2,1
207.20754555007443,13,2,1
207.30197518900968,9,2,1
207.30783382314257,11,2,1
207.3085586039815,4,2,1
207.3970449869521,3,2,1
207.4061318009626,0,2,1
207.50893953396007,12,2,1
207.52324849413708,5,2,1
207.5423084469512,5,0,1
207.59027784806676,10,2,1
207.600893804105,7,2,1
207.609039301984,10,0,1
207.6213784669526,7,0,1
207.62572471797466,6,0,1
207.63885154598393,8,0,1
207.6462557921186,6,3,1
207.65965163707733,8,3,1
207.69469510717317,1,0,1
207.7033519181423,13,0,1
207.71528016217053,1,3,1
207.72463978314772,13,3,1
207.7947592730634,9,0,1
207.80516442400403,11,0,1
207.8065013110172,4,0,1
207.81553361401893,9,3,1
207.83522495394573,9,1,1
207.83698476315476,11,3,1
207.83774048509076,4,3,1
207.85760445008054,11,1,1
207.85832822998054,4,1,1
207.89628038113005,3,0,1
207.9077388010919,0,3,1
207.91646140511148,3,1,1
207.92395628406666,0,1,1
207.991299176123,2,0,1
208.00358113995753,12,0,1
208.01316590816714,2,3,1
208.02483146404848,12,3,1
208.02596737607382,5,3,1
208.03240926610306,2,1,1
208.04565202607773,12,1,1
208.04766991198994,5,1,1
208.09057302214205,10,3,1
208.0981405430939,7,3,1
208.1103309141472,10,1,1
208.11765392799862,7,1,1
208.1275979760103,6,1,1
208.14169387100264,8,1,1
208.2035000079777,13,1,1
209.89875946217217,3,5,1
209.90631269314326,0,5,1
209.99252195307054,2,5,1
210.0041202569846,12,5,1
210.09035993809812,10,5,1
210.09899827907793,7,5,1
210.12857873598114,6,5,1
210.14252913510427,8,5,1
210.19612725405023,1,5,1
210.2058939060662,13,5,1
210.2995354239829,9,5,1
210.30340065201744,11,5,1
210.30460429610685,4,5,1
210.3230417110026,9,10,2
210.32618718896993,11,10,2
210.32823338615708,4,10,2
210.3960299710743,3,10,2
210.40873217605986,0,10,2
210.4965365601238,2,10,2
210.5022840311285,12,10,2
210.5229458489921,12,11,2
210.523759131087,2,11,2
210.52449172199704,5,10,2
210.5441993630957,5,11,2
210.59013945702463,10,11,2
210.59865680499934,7,10,2
210.61997495102696,7,11,2
210.62795017310418,6,10,2
210.64100540801883,8,10,2
210.64816049905494,6,11,2
210.66145993000828,8,11,2
210.69572939816862,1,10,2
210.7063157740049,13,10,2
210.71712164604105,1,11,2
210.7267581759952,13,11,2
210.7987486680504,9,11,2
210.80259060510434,4,11,2
210.89916199515574,3,11,2
210.90591008309275,0,11,2
211.09134969604202,10,4,1
211.09856983809732,7,4,1
211.12723524915054,6,4,1
211.1402311520651,8,4,1
211.1475835579913,6,7,1
211.17256225598976,8,7,1
211.19668130995706,8,12,2
211.1971764441114,1,4,1
211.2018188741058,13,4,1
211.21085660695098,1,7,1
211.21552969701588,13,7,1
211.22395068313926,1,12,2
211.22896678303368,13,12,2
211.29445823305286,9,4,1
211.3025241889991,4,7,1
211.3058229109738,11,4,1
211.307798526017,9,7,1
211.31856010714546,9,12,2
211.32884155400097,11,7,1
211.32940372009762,4,12,2
211.32973901904188,9,13,2
211.34767200099304,11,12,2
211.34824179694988,4,13,2
211.36345657217316,11,13,2
211.3889167229645,3,4,1
211.40448497910984,3,7,1
211.40749793313444,0,4,1
211.41767933708616,3,12,2
211.41905510611832,0,7,1
211.43193767615594,0,12,2
211.43238859809935,3,13,2
211.4451922159642,0,13,2
211.44553173612803,3,9,1
211.45552233513445,0,9,1
211.49759405106306,2,4,1
211.50699305394664,12,4,1
211.52036808803678,5,4,1
211.52111315913498,2,7,1
211.52782181603834,12,7,1
211.54117140895687,5,7,1
211.54189305915497,2,12,2
211.54708976508118,12,13,2
211.56147875706665,2,13,2
211.56282547395676,5,12,2
211.5635473341681,12,9,1
211.57122446899302,2,9,1
211.57945755915716,5,13,2
211.58155631809495,10,7,1
211.59133070101961,5,9,1
211.59416464995593,10,12,2
211.5983615780715,7,12,2
211.60446828813292,5,6,1
211.60527738113888,10,13,2
211.6184439191129,10,9,1
211.62031612102874,7,13,2
211.62934580398723,10,6,1
211.63069562101737,6,12,2
211.63851396017708,7,9,1
211.64693542616442,8,13,2
211.65237651811913,6,13,2
211.65503989206627,7,6,1
211.68253862997517,8,9,1
211.6833294320386,6,9,1
211.70224732114002,1,13,2
211.705474402057,8,6,1
211.70714350813068,13,9,1
211.72718370798975,1,9,1
211.7332308171317,13,6,1
211.74642002605833,1,6,1
211.78910037898459,9,6,1
211.79819831298664,11,9,1
211.7991329289507,4,9,1
211.81636088108644,11,6,1
211.8171462530736,4,6,1
211.89417681610212,3,6,1
211.90268033416942,0,6,1
211.98528731311671,2,6,1
212.00214107404463,12,6,1
212.01891431305557,5,8,1
212.08715400006622,10,8,1
212.09946539415978,7,8,1
212.12792544905096,6,8,1
212.19779915199615,1,8,1
212.2078194131609,13,8,1
212.30017525400035,9,8,1
212.30387053708546,4,8,1
212.30460118805058,11,8,1
212.39624499995261,3,8,1
212.4067803339567,0,8,1
212.49215299007483,2,8,1
212.50794418202713,12,8,1
217.11899201595224,6,2,1
217.13224166608416,8,2,1
217.19698789599352,13,2,1
217.1974249081686,1,2,1
217.3053216340486,4,2,1
217.3066872721538,9,2,1
217.30743474303745,11,2,1
217.39650296303444,3,2,1
217.4061776229646,0,2,1
217.50629634200595,12,2,1
217.52426885417663,5,2,1
217.54364048596472,5,0,1
217.58982894709334,10,2,1
217.59972973307595,7,2,1
217.60853431909345,10,0,1
217.61925497907214,7,0,1
217.62640754901804,6,0,1
217.6401289231144,8,0,1
217.64718031999655,6,3,1
217.66201924416237,8,3,1
217.69592578196898,1,0,1
217.70422832411714,13,0,1
217.71712155500427,1,3,1
217.72587379906327,13,3,1
217.80177138117142,4,0,1
217.8025266120676,9,0,1
217.80323940212838,11,0,1
217.82767342496663,11,3,1
217.8284207561519,4,3,1
217.82916137599386,9,3,1
217.84987396514043,11,1,1
217.85061183595099,9,1,1
217.85132094612345,4,1,1
217.89493788499385,3,0,1
217.907527907053,0,3,1
217.91706522298045,3,1,1
217.92759537813254,0,1,1
217.98525281017646,2,0,1
218.00162678700872,2,3,1
218.0034301369451,12,0,1
218.01432277215645,2,1,1
218.02461766917259,12,3,1
218.0253716809675,5,3,1
218.04572887998074,12,1,1
218.04703905712813,5,1,1
218.09065793501213,10,3,1
218.1002361830324,7,3,1
218.110829600133,10,1,1
218.12038436695002,7,1,1
218.12828092696145,6,1,1
218.14279721304774,8,1,1
218.20535590103827,13,1,1
219.8966752870474,3,5,1
219.90587045415305,0,5,1
219.9934259110596,2,5,1
220.00592934107408,12,5,1
220.09061871701851,10,5,1
220.10023341607302,7,5,1
220.12779252696782,6,5,1
220.1413001541514,8,5,1
220.19510455802083,1,5,1
220.20625044009648,13,5,1
220.30450345599093,9,5,1
220.3065374630969,4,5,1
220.30763040296733,11,5,1
220.3297653121408,9,10,2
220.33164896513335,4,10,2
220.33271430409513,11,10,2
220.3967409140896,3,10,2
220.40750968502834,0,10,2
220.49332611402497,2,10,2
220.50537328002974,12,10,2
220.5187013130635,2,11,2
220.52481742412783,5,10,2
220.52674442809075,12,11,2
220.5451329520438,5,11,2
220.58969652699307,10,11,2
220.59938214812428,7,10,2
220.62040575616993,7,11,2
220.6294393381104,6,10,2
220.64159486815333,8,10,2
220.65203092014417,6,11,2
220.66198333795182,8,11,2
220.7007656621281,1,10,2
220.70530316908844,13,10,2
220.7199701690115,1,11,2
220.72830635216087,13,11,2
220.79955222294666,9,11,2
220.8045590131078,4,11,2
220.89913315698504,3,11,2
220.90751121100038,0,11,2
221.08855711109936,10,4,1
221.0988837101031,7,4,1
221.12692677415907,6,4,1
221.14072147011757,8,4,1
221.1472212311346,6,7,1
221.1696426779963,8,7,1
221.19215544709004,8,12,2
221.1985317559447,1,4,1
221.20281933504157,13,4,1
221.22356018517166,1,7,1
221.22429851512425,13,7,1
221.24328688601963,1,12,2
221.24405448813923,13,12,2
221.29213165096007,9,4,1
221.30581137398258,11,4,1
221.3070492290426,4,7,1
221.30802182597108,9,7,1
221.32269902597181,9,12,2
221.3312481350731,4,12,2
221.3319877560716,11,7,1
221.33905288297683,9,13,2
221.35318622807972,11,12,2
221.35392928915098,4,13,2
221.36837277305312,11,13,2
221.39606377715245,3,4,1
221.40523105300963,0,4,1
221.4191362920683,3,7,1
221.42551702004857,0,7,1
221.4420645129867,3,12,2
221.4448870010674,0,12,2
221.46163904014975,3,13,2
221.46240277099423,0,13,2
221.47491856105626,3,9,1
221.47731869807467,0,9,1
221.49416344915517,2,4,1
221.50883679906838,12,4,1
221.51960730995052,2,7,1
221.52214343100786,5,4,1
221.52995043899864,12,7,1
221.54225978301838,2,12,2
221.54352285899222,5,7,1
221.5487363541033,12,13,2
221.5638294860255,2,13,2
221.5693761210423,12,9,1
221.5701529129874,5,12,2
221.5747815221548,2,9,1
221.58707419596612,5,13,2
221.58992197504267,10,7,1
221.60008512996137,7,12,2
221.6019805429969,5,9,1
221.60924728610553,10,12,2
221.62286156602204,7,13,2
221.6287608910352,6,12,2
221.62981078005396,10,13,2
221.6460550040938,7,9,1
221.64708767295815,10,9,1
221.6480801110156,8,13,2
221.6501604290679,6,13,2
221.67009491613135,10,6,1
221.672320749145,7,6,1
221.67367227608338,6,9,1
221.6747333961539,8,9,1
221.6929330851417,8,6,1
221.69576103403233,1,13,2
221.7036785450764,13,9,1
221.7132801541593,1,9,1
221.72406685515307,13,6,1
221.73267653607763,1,6,1
221.79416212416254,9,6,1
221.79769113310613,11,9,1
221.8019338711165,4,9,1
221.81344145303592,11,6,1
221.82256524800323,4,6,1
221.89201339008287,3,6,1
221.90153875597753,0,6,1
221.98427510797046,2,6,1
221.99973329994828,12,6,1
222.0143240680918,5,6,1
222.02528812503442,5,8,1
222.08718144497834,10,8,1
222.09948049811646,7,8,1
222.12738787895069,6,8,1
222.19742886605673,1,8,1
222.19800163200125,13,8,1
222.29135227110237,9,8,1
222.2960103310179,11,8,1
222.29698244901374,4,8,1
222.38904650206678,3,8,1
222.40684442897327,0,8,1
222.48895351495594,2,8,1
222.50814427109435,12,8,1
227.1299577089958,6,2,1
227.14177541900426,8,2,1
227.1962841229979,1,2,1
227.2065417401027,13,2,1
227.2974927520845,9,2,1
227.30495142005384,11,2,1
227.30638354015537,4,2,1
227.38896508910693,3,2,1
227.4023114920128,0,2,1
227.4992312809918,12,2,1
227.51471340400167,5,2,1
227.52620149496943,5,0,1
227.58097289595753,10,2,1
227.59137151599862,10,0,1
227.60178103717044,7,2,1
227.62175549613312,7,0,1
227.62573369708844,6,0,1
227.6393031659536,8,0,1
227.6463140421547,6,3,1
227.6602756830398,8,3,1
227.6957848649472,13,0,1
227.69760693609715,1,0,1
227.70809591910802,13,3,1
227.71799953607842,1,3,1
227.78920292598195,9,0,1
227.8039525290951,11,0,1
227.8047332400456,9,3,1
227.8055031420663,4,0,1
227.81814037496224,9,1,1
227.82709560496733,11,3,1
227.83026594412513,4,3,1
227.84675236511976,11,1,1
227.84964676597156,4,1,1
227.89368875697255,3,0,1
227.90579779515974,0,3,1
227.91333684604615,3,1,1
227.92572411196306,0,1,1
227.99151311116293,2,0,1
228.00411903415807,12,0,1
228.01317142695189,2,3,1
228.02520511299372,12,3,1
228.02594859409146,5,3,1
228.03284326707944,2,1,1
228.0469487910159,12,1,1
228.04777596401982,5,1,1
228.09540040511638,10,3,1
228.10022498015314,7,3,1
228.1170666811522,10,1,1
228.12036494305357,7,1,1
228.12695145700127,6,1,1
228.13517924700864,8,1,1
228.19752473011613,13,1,1
229.89641917706467,3,5,1
229.90709083504044,0,5,1
229.99294774606824,2,5,1
230.00606150203384,12,5,1
230.0907077579759,10,5,1
230.1009066530969,7,5,1
230.12767458101735,6,5,1
230.14219015697017,8,5,1
230.19640582194552,1,5,1
230.20623798808083,13,5,1
230.29937389097176,9,5,1
230.3046696081292,11,5,1
230.30577970016748,4,5,1
230.32005818909965,9,10,2
230.32928008702584,4,10,2
230.33002870809287,11,10,2
230.39628737000749,3,10,2
230.40752816409804,0,10,2
230.49697539513,2,10,2
230.50615681195632,12,10,2
230.518975161016,2,11,2
230.52620692411438,5,10,2
230.52726424415596,12,11,2
230.54918460804038,5,11,2
230.58950680703856,10,11,2
230.60034203110263,7,10,2
230.62048130505718,7,11,2
230.62711845105514,6,10,2
230.64071716205217,8,10,2
230.64720063400455,6,11,2
230.6611690451391,8,11,2
230.68658899702132,1,10,2
230.69731133710593,1,11,2
230.7043230140116,13,10,2
230.72471712506376,13,11,2
230.79873979906552,9,11,2
230.80244761309586,4,11,2
230.89862742717378,3,11,2
230.90733740106225,0,11,2
231.09149287012406,10,4,1
231.09919509501196,7,4,1
231.12753553898074,6,4,1
231.14506021002308,8,4,1
231.1483784930315,6,7,1
231.17617103201337,8,7,1
231.19904025201686,1,4,1
231.20335093303584,8,12,2
231.20471619116142,13,4,1
231.22179712494835,1,7,1
231.224938364001,13,7,1
231.24084104807116,1,12,2
231.24310151301324,13,12,2
231.30069321603514,9,4,1
231.30615130113438,11,4,1
231.30724425194785,4,7,1
231.32625626516528,9,7,1
231.33044160413556,4,12,2
231.3312103061471,11,7,1
231.34426628914662,9,12,2
231.35210096207447,11,12,2
231.35294775594957,4,13,2
231.3607343591284,9,13,2
231.36815752997063,11,13,2
231.39769356301986,3,4,1
231.4089119329583,0,4,1
231.42357314098626,3,7,1
231.4314897370059,0,7,1
231.44224972417578,3,12,2
231.44947823998518,0,12,2
231.45732493395917,3,13,2
231.4670994831249,0,13,2
231.46844877209514,3,9,1
231.4771551999729,0,9,1
231.48510337714106,2,4,1
231.5010451809503,2,7,1
231.50559776113369,12,4,1
231.51440146309324,5,4,1
231.51513494411483,2,12,2
231.5293229580857,2,13,2
231.53038288815878,5,7,1
231.53145995899104,12,7,1
231.54203877109103,5,12,2
231.54309625108726,2,9,1
231.5703649991192,12,13,2
231.5749601200223,5,13,2
231.58979277405888,12,9,1
231.5917942011729,5,9,1
231.5938729599584,10,7,1
231.59908475913107,7,12,2
231.61288345209323,7,13,2
231.6175852760207,10,12,2
231.62500137812458,7,9,1
231.62800293415785,6,12,2
231.6370423210319,8,13,2
231.63841296103783,7,6,1
231.64119640015997,10,13,2
231.64962117001414,8,9,1
231.65185481403023,6,13,2
231.6608540911693,8,6,1
231.67060229904018,10,9,1
231.68014551117085,6,9,1
231.69082388607785,10,6,1
231.69420662312768,1,13,2
231.70199367497116,13,9,1
231.71260691713542,1,9,1
231.72233816515654,13,6,1
231.73312966316007,1,6,1
231.79321129713207,9,6,1
231.79790886095725,11,9,1
231.8004378231708,4,9,1
231.81347199506126,11,6,1
231.82014101510867,4,6,1
231.8878659971524,3,6,1
231.90169180207886,0,6,1
231.98658105311915,2,6,1
232.000543192029,12,6,1
232.01832161913626,5,6,1
232.03504940704443,5,8,1
232.08570955204777,10,8,1
232.09530273498967,7,8,1
232.12940261815675,6,8,1
232.19469181098975,1,8,1
232.203979666112,13,8,1
232.299233983038,9,8,1
232.30267558200285,4,8,1
232.3034535839688,11,8,1
232.3964925080072,3,8,1
232.40612063207664,0,8,1
232.48990563303232,2,8,1
232.50240120012313,12,8,1
237.12898331903853,6,2,1
237.1413444620557,8,2,1
237.19611380412243,1,2,1
237.20437871012837,13,2,1
237.30280662700534,9,2,1
237.3042576580774,11,2,1
237.30511820316315,4,2,1
237.39663083315827,3,2,1
237.40649730502628,0,2,1
237.50673378398642,12,2,1
237.52278800215572,5,2,1
237.54167498997413,5,0,1
237.59004539996386,10,2,1
237.59966563410126,7,2,1
237.60849575605243,10,0,1
237.6188081111759,7,0,1
237.62831899197772,6,0,1
237.63930395501666,8,0,1
237.6509878579527,6,3,1
237.6603989370633,8,3,1
237.69486188003793,1,0,1
237.7017720369622,13,0,1
237.71585013810545,1,3,1
237.72260011103936,13,3,1
237.79748480697162,9,0,1
237.80118326307274,11,0,1
237.80361566203646,4,0,1
237.82240657811053,9,3,1
237.823191720061,11,3,1
237.82704600016586,4,3,1
237.8444186160341,9,1,1
237.845202898141,11,1,1
237.8472981681116,4,1,1
237.8965919939801,3,0,1
237.90727225900628,0,3,1
237.91700712614693,3,1,1
237.92800745996647,0,1,1
237.99070358811878,2,0,1
238.00450675212778,12,0,1
238.01537498203106,2,3,1
238.01840281812474,5,3,1
238.02688805107027,12,3,1
238.03687669616193,2,1,1
238.03875854914077,5,1,1
238.0479520810768,12,1,1
238.09028304903768,10,3,1
238.10771614615805,7,3,1
238.11253977403976,10,1,1
238.13033461105078,6,1,1
238.1324446310755,7,1,1
238.14295850112103,8,1,1
238.20351420808583,13,1,1
239.89704472199082,3,5,1
239.90736731607467,0,5,1
239.99393488513306,2,5,1
240.00604368117638,12,5,1
240.09356631711125,10,5,1
240.10818664403632,7,5,1
240.1280027490575,6,5,1
240.13303845305927,8,5,1
240.20226396713406,1,5,1
240.2062928720843,13,5,1
240.3015624389518,9,5,1
240.30299233994447,11,5,1
240.30436827917583,4,5,1
240.3274446669966,4,10,2
240.32819428900257,9,10,2
240.32894933014177,11,10,2
240.3956961540971,3,10,2
240.40843342710286,0,10,2
240.49748430703767,2,10,2
240.50551766599528,12,10,2
240.51854297798127,2,11,2
240.52325325203128,5,10,2
240.52589482814074,12,11,2
240.54398915404454,5,11,2
240.58929420495406,10,11,2
240.5998242259957,7,10,2
240.62110319314525,7,11,2
240.62808249215595,6,10,2
240.64629098097794,8,10,2
240.65121866203845,6,11,2
240.66941073001362,8,11,2
240.7005053779576,1,10,2
240.70629784301855,13,10,2
240.72072863415815,1,11,2
240.72932585910894,13,11,2
240.7989136041142,9,11,2
240.80286029702984,4,11,2
240.8986423080787,3,11,2
240.90567896910943,0,11,2
241.09499152796343,10,4,1
241.09975890512578,7,4,1
241.12724303803407,6,4,1
241.14514339901507,8,4,1
241.14820815599523,6,7,1
241.16565533401445,8,7,1
241.18410206004046,8,12,2
241.1968087630812,1,4,1
241.2045849240385,13,4,1
241.21751289302483,1,7,1
241.22477031010203,13,7,1
241.2358279451728,1,12,2
241.24382698303089,13,12,2
241.30032458505593,11,4,1
241.3032371881418,9,4,1
241.30476880213246,4,7,1
241.32561284606345,11,7,1
241.32738579716533,4,12,2
241.32814648817293,9,7,1
241.34726880304515,11,12,2
241.34867185307667,4,13,2
241.34944262495264,9,12,2
241.36474446207285,9,13,2
241.36551076406613,11,13,2
241.39555799099617,3,4,1
241.4045885980595,0,4,1
241.41765736113302,3,7,1
241.4245648579672,0,7,1
241.44070870801806,3,12,2
241.44362093112431,0,12,2
241.45989891607314,3,13,2
241.46063307696022,0,13,2
241.4750848589465,0,9,1
241.47629656316712,3,9,1
241.49411338195205,2,4,1
241.5060390320141,12,4,1
241.51483849296346,2,7,1
241.52371716615744,5,4,1
241.5270334300585,12,7,1
241.53398658917286,2,12,2
241.5480282891076,5,7,1
241.5487626499962,12,13,2
241.55023894202895,2,13,2
241.56698315008543,5,12,2
241.56965636601672,2,9,1
241.57094656303525,12,9,1
241.58259932510555,5,13,2
241.5946280080825,10,7,1
241.5962116541341,5,9,1
241.59888176014647,7,12,2
241.621691190172,10,12,2
241.62299891700968,6,12,2
241.62371119810268,7,13,2
241.64695118996315,6,13,2
241.64773465297185,10,13,2
241.6484560330864,7,9,1
241.649200364016,8,13,2
241.66679890616797,10,9,1
241.66758233914152,7,6,1
241.66834306996316,6,9,1
241.66915404307656,8,9,1
241.67766722710803,10,6,1
241.686738145072,8,6,1
241.6978389720898,1,13,2
241.70144533505663,13,9,1
241.71817553206347,1,9,1
241.7215064370539,13,6,1
241.73606009199284,1,6,1
241.798396400176,9,6,1
241.7991475709714,11,9,1
241.80114008812234,4,9,1
241.81903344811872,11,6,1
241.8224888970144,4,6,1
241.8926919491496,3,6,1
241.9020735169761,0,6,1
241.98588609695435,2,6,1
242.00022514606826,12,6,1
242.01396245812066,5,6,1
242.02512827608734,5,8,1
242.08702038112096,10,8,1
242.09548153309152,7,8,1
242.12799885007553,6,8,1
242.1935980010312,1,8,1
242.20558208297007,13,8,1
242.30046699894592,9,8,1
242.30413326295093,11,8,1
242.305240185,4,8,1
242.3973632720299,3,8,1
242.4058814351447,0,8,1
242.48927907296456,2,8,1
242.50357596110553,12,8,1
247.1287477570586,6,2,1
247.14326674095355,8,2,1
247.20033092796803,1,2,1
247.20396972214803,13,2,1
247.29343508300371,9,2,1
247.30132911796682,4,2,1
247.30238467804156,11,2,1
247.39665823616087,3,2,1
247.4086669581011,0,2,1
247.50860588811338,12,2,1
247.5239015039988,5,2,1
247.54337862995453,5,0,1
247.58477062010206,10,2,1
247.60191721911542,7,2,1
247.60471663903445,10,0,1
247.62378687202,7,0,1
247.62454666406848,6,0,1
247.64167604316026,8,0,1
247.64244174398482,6,3,1
247.66259080916643,8,3,1
247.69697816902772,1,0,1
247.70585667295381,13,0,1
247.7178245941177,1,3,1
247.72870505414903,13,3,1
247.80334461200982,9,0,1
247.8044965651352,4,0,1
247.80559053597972,11,0,1
247.8313718221616,4,3,1
247.8324462219607,9,3,1
247.83350055199116,11,3,1
247.85312610212713,11,1,1
247.85417782212608,4,1,1
247.85521546099335,9,1,1
247.89369112905115,3,0,1
247.90867322613485,0,3,1
247.9165316701401,3,1,1
247.9306086411234,0,1,1
247.9926837910898,2,0,1
248.00552633707412,12,0,1
248.01633431599475,2,3,1
248.02479752711952,5,3,1
248.02946284017526,12,3,1
248.03662382415496,2,1,1
248.0467201920692,5,1,1
248.04920918308198,12,1,1
248.08471382502466,10,3,1
248.10132528911345,10,1,1
248.10323952394538,7,3,1
248.12593896104954,7,1,1
248.12797160912305,6,1,1
248.14119707606733,8,1,1
248.204161971109,13,1,1
249.88847145508043,3,5,1
249.8987672389485,0,5,1
249.99330828501843,2,5,1
250.00625426415354,12,5,1
250.08826925302856,10,5,1
250.1005286120344,7,5,1
250.12840914609842,6,5,1
250.1423712251708,8,5,1
250.19818388600834,1,5,1
250.20682372199371,13,5,1
250.30474051414058,4,5,1
250.30628198804334,9,5,1
250.30713924299926,11,5,1
250.32903540716507,4,10,2
250.33436767896637,9,10,2
250.335140760988,11,10,2
250.39725569216534,3,10,2
250.4076103270054,0,10,2
250.49418351612985,2,10,2
250.50592211005278,12,10,2
250.51739803794771,2,11,2
250.52664677100256,12,11,2
250.52739665308036,5,10,2
250.54940350004472,5,11,2
250.5898323720321,10,11,2
250.59938690508716,7,10,2
250.6217782429885,6,10,2
250.62254625512287,7,11,2
250.63252610014752,6,11,2
250.6442367041018,8,10,2
250.6658485699445,8,11,2
250.69654576503672,1,10,2
250.7040018180851,13,10,2
250.72061457205564,1,11,2
250.72429238609038,13,11,2
250.79938701796345,9,11,2
250.80456494516693,4,11,2
250.89648016612045,3,11,2
250.90695409406908,0,11,2
251.09084686706774,10,4,1
251.09893842809834,7,4,1
251.12214945000596,6,4,1
251.13768304302357,6,7,1
251.14272674708627,8,4,1
251.1640795050189,8,7,1
251.18434978299774,8,12,2
251.1971865389496,1,4,1
251.20352231012657,13,4,1
251.21851851814426,1,7,1
251.22204910800792,13,7,1
251.23901394195855,1,12,2
251.24204220809042,13,12,2
251.3029246639926,9,4,1
251.30493645113893,4,7,1
251.30566840199754,11,4,1
251.32863341714256,11,7,1
251.32940767914988,4,12,2
251.33012413908727,9,7,1
251.34999160608277,11,12,2
251.3507269769907,4,13,2
251.35143916704692,9,12,2
251.36420765100047,9,13,2
251.36570823402144,11,13,2
251.39611195097677,3,4,1
251.40471132611856,0,4,1
251.42149506416172,3,7,1
251.42501331516542,0,7,1
251.44386825198308,3,12,2
251.44460406317376,0,12,2
251.46275473106652,3,13,2
251.46348241111264,0,13,2
251.47641563997604,3,9,1
251.4773900480941,0,9,1
251.49274711613543,2,4,1
251.5075083069969,12,4,1
251.51351911807433,2,7,1
251.52430658601224,5,4,1
251.5298314630054,12,7,1
251.53282501897775,2,12,2
251.54790301900357,5,7,1
251.55104719800875,12,13,2
251.5519780749455,2,13,2
251.56393992505036,2,9,1
251.56964734802023,12,9,1
251.575232997071,5,12,2
251.59086974314414,10,7,1
251.5943581231404,5,13,2
251.59702555905096,7,12,2
251.61149272113107,5,9,1
251.61254984117113,7,13,2
251.6136119221337,10,12,2
251.62610324798152,7,9,1
251.6306388771627,6,12,2
251.63280033902265,10,13,2
251.6388089400716,7,6,1
251.6424623641651,8,13,2
251.67065330804326,10,9,1
251.67206941801123,6,13,2
251.68262896011584,10,6,1
251.68364516901784,8,9,1
251.69358679209836,6,9,1
251.69643154297955,1,13,2
251.7077606660314,8,6,1
251.70853365794756,13,9,1
251.71430718316697,1,9,1
251.72463915706612,13,6,1
251.73425037111156,1,6,1
251.80075094709173,9,6,1
251.801830498036,4,9,1
251.80285843694583,11,9,1
251.81946944096126,11,6,1
251.8243891110178,4,6,1
251.89342171908356,3,6,1
251.90287820901722,0,6,1
251.9841316160746,2,6,1
251.99989049509168,12,6,1
252.01384802302346,5,6,1
252.02443705499172,5,8,1
252.0851660061162,10,8,1
252.0910037921276,7,8,1
252.12792447512038,6,8,1
252.19585533207282,1,8,1
252.20393850305118,13,8,1
252.30251139309257,9,8,1
252.30540405516513,4,8,1
252.30669904197566,11,8,1
252.3978919321671,3,8,1
252.40151415509172,0,8,1
252.49002333800308,2,8,1
252.50616283807904,12,8,1
257.1289668341633,6,2,1
257.14180897013284,8,2,1
257.1950953891501,1,2,1
257.20553997694515,13,2,1
257.30450298800133,9,2,1
257.3063905511517,11,2,1
257.3074454520829,4,2,1
257.3968883510679,3,2,1
257.4080282889772,0,2,1
257.5064279441722,12,2,1
257.52336892695166,5,2,1
257.542570324149,5,0,1
257.59145289706066,10,2,1
257.60164945805445,7,2,1
257.61243962612934,10,0,1
257.625308052171,7,0,1
257.62675078306347,6,0,1
257.6397243931424,8,0,1
257.6473461710848,6,3,1
257.6615163651295,8,3,1
257.6944567130413,1,0,1
257.7047443969641,13,0,1
257.7160593189765,1,3,1
257.7257301651407,13,3,1
257.79771319706924,9,0,1
257.8011639651377,4,0,1
257.801943317987,11,0,1
257.82577253715135,4,3,1
257.8265272481367,9,3,1
257.8272522590123,11,3,1
257.8481860461179,4,1,1
257.84901008894667,9,1,1
257.84973296010867,11,1,1
257.8905999851413,3,0,1
257.9081575451419,3,1,1
257.9095520749688,0,3,1
257.9298756441567,0,1,1
257.9873030311428,2,0,1
258.00174395297654,12,0,1
258.0037698401138,2,3,1
258.02317603398114,12,3,1
258.0242397140246,2,1,1
258.0262322810013,5,3,1
258.04120647814125,12,1,1
258.0450652181171,5,1,1
258.09275086713023,10,3,1
258.10373464995064,7,3,1
258.1174999731593,10,1,1
258.1292632371187,7,1,1
258.1311568710953,6,1,1
258.1414086939767,8,1,1
258.205667385133,13,1,1
259.89881233708,3,5,1
259.9084206810221,0,5,1
259.9926912919618,2,5,1
260.005726674106,12,5,1
260.09089983208105,10,5,1
260.1052119701635,7,5,1
260.12870469898917,6,5,1
260.14319761213847,8,5,1
260.1901267899666,1,5,1
260.2010310210753,13,5,1
260.293688272126,9,5,1
260.2958843340166,11,5,1
260.29679607995786,4,5,1
260.31144899805076,9,10,2
260.3117985681165,11,10,2
260.3121676889714,4,10,2
260.3876085190568,3,10,2
260.40837025106885,0,10,2
260.4933716231026,2,10,2
260.5067352440674,12,10,2
260.51391273899935,2,11,2
260.5245662420057,5,10,2
260.5280333010014,12,11,2
260.54525842214935,5,11,2
260.59020287310705,10,11,2
260.5986856750678,7,10,2
260.61930098198354,7,11,2
260.628934007138,6,10,2
260.64306445000693,8,10,2
260.65167667507194,6,11,2
260.6657917080447,8,11,2
260.69874637713656,1,10,2
260.7061827389989,13,10,2
260.7190259550698,1,11,2
260.72695668111555,13,11,2
260.7987615079619,9,11,2
260.80248570395634,4,11,2
260.8990500860382,3,11,2
260.906335614156,0,11,2
261.09131735609844,10,4,1
261.0989219129551,7,4,1
261.1270431841258,6,4,1
261.14286943594925,8,4,1
261.15083464304917,6,7,1
261.16371131897904,8,7,1
261.1900605210103,8,12,2
261.1975061930716,1,4,1
261.2048064409755,13,4,1
261.2207616949454,1,7,1
261.22281449404545,13,7,1
261.2392799030058,13,12,2
261.2441915741656,1,12,2
261.30435394798405,9,4,1
261.3054583789781,4,7,1
261.30651164916344,11,4,1
261.3297066311352,4,12,2
261.33076666109264,9,7,1
261.33178223017603,11,7,1
261.3517244979739,4,13,2
261.3528177491389,9,12,2
261.353851019172,11,12,2
261.3665437211748,9,13,2
261.36796991107985,11,13,2
261.3952087271027,3,4,1
261.4067092749756,0,4,1
261.41573839308694,3,7,1
261.42866611108184,0,7,1
261.4353499519639,3,12,2
261.449107873952,0,12,2
261.4513420271687,3,13,2
261.4653142860625,3,9,1
261.46611505909823,0,13,2
261.4767006000038,0,9,1
261.49393626116216,2,4,1
261.50747753703035,12,4,1
261.51470007305034,2,7,1
261.52172245294787,5,4,1
261.5279400900472,12,7,1
261.5345313481521,2,12,2
261.54406324005686,5,7,1
261.5503558390774,2,13,2
261.57031115796417,12,13,2
261.5769471069798,2,9,1
261.5820322120562,5,12,2
261.5862381721381,12,9,1
261.59630119916983,7,12,2
261.5969005860388,10,7,1
261.59845807007514,5,13,2
261.6116520771757,5,9,1
261.6154969660565,7,13,2
261.62331779906526,10,12,2
261.62524402397685,5,6,1
261.6293391601648,6,12,2
261.6318242510315,7,9,1
261.64683473901823,10,13,2
261.6481370860711,8,13,2
261.66989009594545,7,6,1
261.671965704998,6,13,2
261.67476550512947,10,9,1
261.6785730540287,8,9,1
261.68451675307006,6,9,1
261.6956069690641,10,6,1
261.69635157100856,1,13,2
261.698493642034,13,9,1
261.69926494406536,8,6,1
261.71315602911636,13,6,1
261.7139111510478,1,9,1
261.73062685714103,1,6,1
261.7977389001753,9,6,1
261.7991019389592,11,9,1
261.8008962101303,4,9,1
261.81534461211413,11,6,1
261.8257201879751,4,6,1
261.8917236891575,3,6,1
261.902276620036,0,6,1
261.9840307601262,2,6,1
261.9993180150632,12,6,1
262.013457929017,5,8,1
262.08680683909915,10,8,1
262.09748681401834,7,8,1
262.1281503669452,6,8,1
262.1969330580905,1,8,1
262.20665573515,13,8,1
262.3013488841243,9,8,1
262.30302985198796,11,8,1
262.3037537119817,4,8,1
262.39532902208157,3,8,1
262.40486772404984,0,8,1
262.48884883802384,2,8,1
262.5033461910207,12,8,1
267.1285689030774,6,2,1
267.14314330904745,8,2,1
267.1960313860327,1,2,1
267.20577412401326,13,2,1
267.30202412605286,9,2,1
267.3033565741498,4,2,1
267.3040739840362,11,2,1
267.3961765989661,3,2,1
267.4056510091759,0,2,1
267.5013190051541,12,2,1
267.522499429062,5,2,1
267.54076388897374,5,0,1
267.5909759099595,10,2,1
267.6022794020828,7,2,1
267.61113893496804,10,0,1
267.6260563500691,7,0,1
267.62742014811374,6,0,1
267.6402119130362,8,0,1
267.6481609400362,6,3,1
267.66133406502195,8,3,1
267.69549715914764,1,0,1
267.70446892408654,13,0,1
267.7169919209555,1,3,1
267.72531315800734,13,3,1
267.79972989903763,9,0,1
267.80109826801345,11,0,1
267.8018211890012,4,0,1
267.8266397160478,9,3,1
267.8273914270103,11,3,1
267.82810875796713,4,3,1
267.84964319108985,4,1,1
267.85037005203776,9,1,1
267.8510833319742,11,1,1
267.8947058550548,3,0,1
267.9067583291326,0,3,1
267.9150265341159,3,1,1
267.9282720419578,0,1,1
267.99099031905644,2,0,1
268.00529329595156,12,0,1
268.01246700109914,2,3,1
268.0224658160005,5,3,1
268.0309266471304,12,3,1
268.0347737369593,2,1,1
268.04215649701655,5,1,1
268.0530626280233,12,1,1
268.09041356202215,10,3,1
268.1013954351656,7,3,1
268.11066784895957,10,1,1
268.12538292910904,7,1,1
268.1277107449714,6,1,1
268.14029627409764,8,1,1
268.20498825702816,13,1,1
269.8961719670333,3,5,1
269.9057549701538,0,5,1
269.99390680203214,2,5,1
270.0057377491612,12,5,1
270.0910984610673,10,5,1
270.101625001058,7,5,1
270.1283603529446,6,5,1
270.1417901259847,8,5,1
270.19969485607,1,5,1
270.2062672430184,13,5,1
270.30315494397655,9,5,1
270.3039360761177,11,5,1
270.30466173705645,4,5,1
270.3288559161592,11,10,2
270.3296032070648,4,10,2
270.33031969796866,9,10,2
270.39563906914555,3,10,2
270.4073010010179,0,10,2
270.4932493600063,2,10,2
270.51105586695485,12,10,2
270.51394829014316,2,11,2
270.52681645704433,5,10,2
270.5365199830849,12,11,2
270.5477798341308,5,11,2
270.5896093661431,10,11,2
270.6003403910436,7,10,2
270.623778328998,7,11,2
270.6289853169583,6,10,2
270.64148643403314,8,10,2
270.6513627851382,6,11,2
270.6622496051714,8,11,2
270.69491433608346,1,10,2
270.70471595507115,13,10,2
270.71564079704694,1,11,2
270.72713340399787,13,11,2
270.79808532609604,9,11,2
270.80375800817274,4,11,2
270.89596936502494,3,11,2
270.9020766890608,0,11,2
271.0140997511335,5,4,1
271.09185371594504,7,4,1
271.0937136190478,10,4,1
271.11884197499603,6,4,1
271.1333895700518,6,7,1
271.1337561600376,8,4,1
271.14719390310347,8,7,1
271.1475329431705,6,12,2
271.158665740164,8,12,2
271.19774500397034,1,4,1
271.20324675017036,13,4,1
271.2191867651418,1,7,1
271.22511583403684,13,7,1
271.2376153089572,1,12,2
271.2447621731553,13,12,2
271.3011300789658,11,4,1
271.3030082930345,9,4,1
271.30435562110506,4,7,1
271.3266670871526,4,12,2
271.3274067379534,9,7,1
271.32811476802453,11,7,1
271.3483291140292,11,12,2
271.3491074361373,4,13,2
271.34984315698966,9,12,2
271.36283459700644,9,13,2
271.3635605080053,11,13,2
271.39576485496946,3,4,1
271.4053604991641,0,4,1
271.4170225809794,3,7,1
271.42580665112473,0,7,1
271.43640618398786,3,12,2
271.44469896005467,0,12,2
271.4522969261743,3,13,2
271.46368887112476,0,13,2
271.46446418296546,3,9,1
271.4748931401409,0,9,1
271.4924245199654,2,4,1
271.50779020716436,12,4,1
271.51657431805506,2,7,1
271.52649872004986,5,7,1
271.5297656930052,12,7,1
271.5373595999554,2,12,2
271.5484888770152,5,12,2
271.5492679090239,12,13,2
271.5548766690772,2,13,2
271.56375421211123,12,9,1
271.57643595314585,2,9,1
271.5774977731053,5,13,2
271.59429222205654,10,7,1
271.5953264720738,5,9,1
271.5985987849999,7,12,2
271.6060673771426,5,6,1
271.6164536641445,10,12,2
271.61977555812337,7,13,2
271.6318143410608,6,13,2
271.63801035797223,10,13,2
271.63987469114363,7,9,1
271.6419526201207,8,13,2
271.65292206197046,6,9,1
271.66921053710394,7,6,1
271.6731319190003,8,9,1
271.6742213200778,10,9,1
271.69456632900983,10,6,1
271.6954900659621,8,6,1
271.69708165107295,1,13,2
271.7037955620326,13,9,1
271.71551982616074,1,9,1
271.72633468406275,13,6,1
271.73577368305996,1,6,1
271.7972644851543,9,6,1
271.7995789910201,11,9,1
271.8011635961011,4,9,1
271.8188220690936,11,6,1
271.8222684881184,4,6,1
271.8921955700498,3,6,1
271.90264756814577,0,6,1
271.9863412231207,2,6,1
271.9998135960195,12,6,1
272.0137392631732,5,8,1
272.0851983190514,10,8,1
272.09504429996014,7,8,1
272.12724959803745,6,8,1
272.19562377617694,1,8,1
272.2034027471673,13,8,1
272.3020773390308,9,8,1
272.3037128651049,11,8,1
272.30452128802426,4,8,1
272.39610969810747,3,8,1
272.4056670300197,0,8,1
272.48846421903,2,8,1
272.50314110703766,12,8,1
277.12886320310645,6,2,1
277.1411380630452,8,2,1
277.1951940320432,1,2,1
277.20715259294957,13,2,1
277.29915057402104,9,2,1
277.2999102859758,11,2,1
277.30412189499475,4,2,1
277.39610605617054,3,2,1
277.4060939911287,0,2,1
277.50883087702096,12,2,1
277.5228056050837,5,2,1
277.5408879700117,5,0,1
277.59141118009575,10,2,1
277.598886342952,7,2,1
277.611081720097,10,0,1
277.61826751497574,7,0,1
277.6227854031604,6,0,1
277.6398523801472,6,3,1
277.6414880261291,8,0,1
277.66193888895214,8,3,1
277.6958694451023,1,0,1
277.7034426010214,13,0,1
277.7163533989806,1,3,1
277.7272024580743,13,3,1
277.7982764421031,9,0,1
277.8017757420894,4,0,1
277.8025392941199,11,0,1
277.8266883820761,4,3,1
277.8277351621073,9,3,1
277.82875316101126,11,3,1
277.85056378203444,4,1,1
277.85159597196616,9,1,1
277.8526033901144,11,1,1
277.89250270696357,3,0,1
277.9096593060531,0,3,1
277.9127181931399,3,1,1
277.9312927320134,0,1,1
277.9916073400527,2,0,1
278.00396709213965,12,0,1
278.01246105413884,2,3,1
278.0284085581079,12,3,1
278.02981721796095,5,3,1
278.0317337231245,2,1,1
278.048081418965,12,1,1
278.05234254011884,5,1,1
278.0899217410479,10,3,1
278.10095864511095,7,3,1
278.10996878216974,10,1,1
278.1239841110073,7,1,1
278.12933818413876,6,1,1
278.1428668790031,8,1,1
278.2053379691206,13,1,1
279.8981396399904,3,5,1
279.9084441040177,0,5,1
279.9933406820055,2,5,1
280.00608636508696,12,5,1
280.09057531203143,10,5,1
280.1016086861491,7,5,1
280.128312316956,6,5,1
280.14268403616734,8,5,1
280.20181326009333,1,5,1
280.2078116510529,13,5,1
280.2994943631347,9,5,1
280.304743982153,11,5,1
280.30613801209256,4,5,1
280.3203026051633,9,10,2
280.32962826103903,11,10,2
280.33038051216863,4,10,2
280.3908797050826,3,10,2
280.40793034108356,0,10,2
280.4970492501743,2,10,2
280.5063730359543,12,10,2
280.51845143013634,2,11,2
280.52389014395885,5,10,2
280.52710951608606,12,11,2
280.5441273211036,5,11,2
280.5911347500514,10,11,2
280.59879391803406,7,10,2
280.62379053002223,7,11,2
280.627841985086,6,10,2
280.64112292416394,8,10,2
280.6479638291057,6,11,2
280.66162572801113,8,11,2
280.6947897730861,1,10,2
280.7052565100603,13,10,2
280.7172274221666,1,11,2
280.72874629008584,13,11,2
280.8011260109488,9,11,2
280.8026282740757,4,11,2
280.89091216912493,3,11,2
280.906779701123,0,11,2
281.0911706031766,10,4,1
281.10495276609436,7,4,1
281.12842847406864,6,4,1
281.14234171109274,8,4,1
281.1493139390368,6,7,1
281.169662859058,8,7,1
281.1955453460105,8,12,2
281.196938166162,1,4,1
281.204694326967,13,4,1
281.2198141780682,1,7,1
281.22683701710775,13,7,1
281.23770718695596,1,12,2
281.2455971520394,13,12,2
281.3049002310727,4,7,1
281.30569358402863,11,4,1
281.30642517399974,9,4,1
281.33020265214145,9,7,1
281.33094227313995,4,12,2
281.3329541699495,11,7,1
281.35146891814657,9,12,2
281.3522405400872,4,13,2
281.35299059096724,11,12,2
281.36751062516123,11,13,2
281.3682378651574,9,13,2
281.3958637821488,3,4,1
281.4052960211411,0,4,1
281.4170583060477,3,7,1
281.4256350500509,0,7,1
281.4365155999549,3,12,2
281.4445121679455,0,12,2
281.4558480810374,3,13,2
281.46043753111735,0,13,2
281.4655522070825,3,9,1
281.47499991604127,0,9,1
281.4975349481683,2,4,1
281.50659072608687,12,4,1
281.5156015630346,2,7,1
281.5164255260024,5,4,1
281.5334435510449,5,7,1
281.5341866919771,2,12,2
281.5349440041464,12,7,1
281.5489233119879,5,12,2
281.55216775415465,2,13,2
281.55516691016965,12,13,2
281.5622987130191,2,9,1
281.56303282408044,5,13,2
281.5772178280167,5,9,1
281.5827391850762,12,9,1
281.58955306909047,5,6,1
281.59407273796387,10,7,1
281.59860707703047,7,12,2
281.6163139010314,10,12,2
281.61986006214283,7,13,2
281.6272608230356,6,12,2
281.6369495689869,10,13,2
281.64027273398824,7,9,1
281.6441678949632,8,13,2
281.64955400815234,6,13,2
281.65091172698885,10,9,1
281.6695442381315,7,6,1
281.6768400950823,10,6,1
281.67943269899115,8,9,1
281.6802017111331,6,9,1
281.6966931009665,1,13,2
281.70139601500705,8,6,1
281.7021638471633,13,9,1
281.7174068610184,1,9,1
281.71815141197294,13,6,1
281.7365069249645,1,6,1
281.7987984290812,11,9,1
281.80016370816156,9,6,1
281.80153138702735,4,9,1
281.81547095417045,11,6,1
281.8217076519504,4,6,1
281.8925386290066,3,6,1
281.9027799011674,0,6,1
281.9864041530527,2,6,1
282.0009376669768,12,6,1
282.013233656995,5,8,1
282.08719999413006,10,8,1
282.0949330739677,7,8,1
282.12780673010275,6,8,1
282.1946691451594,1,8,1
282.2077186971437,13,8,1
282.29858844494447,9,8,1
282.3026263201609,11,8,1
282.30595393502153,4,8,1
282.39614993403666,3,8,1
282.40596606303006,0,8,1
282.49036117712967,2,8,1
282.5023492779583,12,8,1
287.12837441195734,6,2,1
287.1422231569886,8,2,1
287.1900273079518,1,2,1
287.2043518871069,13,2,1
287.30030269897543,9,2,1
287.30419033998623,4,2,1
287.3049639919773,11,2,1
287.39760423009284,3,2,1
287.407832771074,0,2,1
287.5088787691202,12,2,1
287.52256841911003,5,2,1
287.5413229831029,5,0,1
287.5898204941768,10,2,1
287.6026033279486,7,2,1
287.6089696001727,10,0,1
287.6230726810172,7,0,1
287.6315314520616,6,0,1
287.64001047308557,8,0,1
287.6548632159829,6,3,1
287.66165043902583,8,3,1
287.6911031980999,1,0,1
287.70266592805274,13,0,1
287.7134784560185,1,3,1
287.72402840596624,13,3,1
287.79792275000364,9,0,1
287.801614735974,11,0,1
287.8039725329727,4,0,1
287.8260841621086,9,3,1
287.8268188231159,4,3,1
287.82753026415594,11,3,1
287.84989118017256,4,1,1
287.8506574721541,9,1,1
287.85138013307005,11,1,1
287.893637776142,3,0,1
287.910255480092,0,3,1
287.91383380210027,3,1,1
287.9319939990528,0,1,1
287.99068699008785,2,0,1
288.00403630011715,12,0,1
288.0115984361619,2,3,1
288.02433802816086,5,3,1
288.0275074990932,12,3,1
288.03088470501825,2,1,1
288.04589896299876,12,1,1
288.0466670340393,5,1,1
288.08656509104185,10,3,1
288.10648994799703,10,1,1
288.10787284816615,7,3,1
288.1292796670459,7,1,1
288.1300548790023,6,1,1
288.1412826490123,8,1,1
288.2033320260234,13,1,1
289.89706498896703,3,5,1
289.90627422113903,0,5,1
289.9927607041318,2,5,1
290.00481764716096,12,5,1
290.08571452111937,10,5,1
290.09544643806294,7,5,1
290.1286588739604,6,5,1
290.14240981498733,8,5,1
290.19641025410965,1,5,1
290.2064428390004,13,5,1
290.30210798303597,9,5,1
290.3035207029898,4,5,1
290.30497630499303,11,5,1
290.32735826214775,4,10,2
290.3281511950772,9,10,2
290.3289004161488,11,10,2
290.3965532321017,3,10,2
290.4089852559846,0,10,2
290.4925654970575,2,10,2
290.50785694201477,12,10,2
290.51775090396404,2,11,2
290.52228790312074,5,10,2
290.53147782501765,12,11,2
290.5427162151318,5,11,2
290.58948090602644,10,11,2
290.599530573003,7,10,2
290.62338659213856,7,11,2
290.6277460260317,6,10,2
290.64091920107603,8,10,2
290.6485322781373,6,11,2
290.66150036710314,8,11,2
290.6962007051334,1,10,2
290.7056102331262,13,10,2
290.71952320006676,1,11,2
290.7283449911047,13,11,2
290.7963929090183,9,11,2
290.8035732731223,4,11,2
290.89624912198633,3,11,2
290.9068604740314,0,11,2
291.09523025806993,10,4,1
291.1006295620464,7,4,1
291.11891323211603,6,4,1
291.13336633401923,6,7,1
291.134148176061,8,4,1
291.1452622930519,8,7,1
291.1557999730576,8,12,2
291.1987469261512,1,4,1
291.20475670695305,13,4,1
291.22350615100004,1,7,1
291.2277034500148,13,7,1
291.24203175795265,1,12,2
291.2483230570797,13,12,2
291.3031047480181,9,4,1
291.30414217710495,11,4,1
291.30606692214496,4,7,1
291.3284371891059,11,7,1
291.32952950010076,4,12,2
291.3305344390683,9,7,1
291.35020207916386,4,13,2
291.3512538380455,9,12,2
291.3522681070026,11,12,2
291.3670049170032,11,13,2
291.36807430698536,9,13,2
291.39687265711837,3,4,1
291.4052479160018,0,4,1
291.41862869705074,3,7,1
291.4258203320205,0,7,1
291.43767041899264,3,12,2
291.4460189170204,0,12,2
291.45350320008583,3,13,2
291.46264432999305,0,13,2
291.46772521501407,3,9,1
291.4749113100115,0,9,1
291.49661796796136,2,4,1
291.50634500500746,12,4,1
291.5197317560669,2,7,1
291.5208351169713,5,4,1
291.5267660759855,12,7,1
291.5430849811528,12,13,2
291.5443040849641,2,12,2
291.5454879789613,5,7,1
291.5544923460111,12,9,1
291.56302845897153,5,12,2
291.5694064600393,2,13,2
291.5819110269658,2,9,1
291.5829980780836,5,13,2
291.5911616701633,10,7,1
291.59578378195874,5,9,1
291.5978459601756,7,12,2
291.6114014959894,10,12,2
291.62075237208046,7,13,2
291.63117243908346,6,12,2
291.63312535500154,10,13,2
291.6337073009927,8,13,2
291.6425590440631,7,9,1
291.648391579045,8,9,1
291.6492126029916,10,9,1
291.6524255240802,6,13,2
291.6637163560372,10,6,1
291.6647497750819,8,6,1
291.6698304100428,7,6,1
291.6709249210544,6,9,1
291.6912855710834,1,13,2
291.7000757011119,13,9,1
291.7062267861329,1,9,1
291.72343280608766,1,6,1
291.7248660970945,13,6,1
291.79690338810906,9,6,1
291.79765626997687,11,9,1
291.8007650580257,4,9,1
291.8132886651438,11,6,1
291.8215408900287,4,6,1
291.89223024295643,3,6,1
291.903375379974,0,6,1
291.9863866241649,2,6,1
291.9997016231064,12,6,1
292.0134983561002,5,6,1
292.0244825889822,5,8,1
292.0870447701309,10,8,1
292.09498096606694,7,8,1
292.1279316849541,6,8,1
292.1957166851498,1,8,1
292.2049730580766,13,8,1
292.2999881140422,9,8,1
292.3027797129471,11,8,1
292.3043341371231,4,8,1
292.39603053801693,3,8,1
292.40668149199337,0,8,1
292.48933462495916,2,8,1
292.50256690196693,12,8,1
297.12846060306765,6,2,1
297.14150143414736,8,2,1
297.19528150511906,1,2,1
297.20579820498824,13,2,1
297.3035846289713,9,2,1
297.3043925410602,4,2,1
297.30517825414427,11,2,1
297.39165875595063,3,2,1
297.4018899870571,0,2,1
297.50617861701176,12,2,1
297.5224393790122,5,2,1
297.54072252009064,5,0,1
297.5892358410638,10,2,1
297.60147303016856,7,2,1
297.6076503251679,10,0,1
297.6218618401326,7,0,1
297.6266625970602,6,0,1
297.64251257805154,8,0,1
297.64972417312674,6,3,1
297.66400909004733,8,3,1
297.6953793831635,1,0,1
297.7019520001486,13,0,1
297.7199149010703,1,3,1
297.72286848607473,13,3,1
297.79989614803344,9,0,1
297.801605287008,4,0,1
297.8023951901123,11,0,1
297.82592967012897,4,3,1
297.8266890810337,9,3,1
297.82741695200093,11,3,1
297.84909919905476,11,1,1
297.8498419600073,4,1,1
297.85056832106784,9,1,1
297.89475241908804,3,0,1
297.9081453899853,0,3,1
297.91573083610274,3,1,1
297.93004691414535,0,1,1
297.99170547910035,2,0,1
298.003605277976,12,0,1
298.014213419985,2,3,1
298.02551138214767,5,3,1
298.02735832496546,12,3,1
298.035076524131,2,1,1
298.04727035108954,5,1,1
298.04785585799254,12,1,1
298.09132628608495,10,3,1
298.09933746396564,7,3,1
298.11170159606263,10,1,1
298.11892356094904,7,1,1
298.12991290399805,6,1,1
298.14345474005677,8,1,1
298.2023377760779,13,1,1
299.8964040740393,3,5,1
299.90720163215883,0,5,1
299.9928269290831,2,5,1
300.0059837740846,12,5,1
