trial_id,label,t_verify_used,V_score,n_matches,sun_shift,blur_sigma,occl_frac,honest_tile,byzantine_tile,inference_ms
0,honest,0.3,1.0,20,15.0,0.0,0.0,tile_47.4010_8.5355_47.4065_8.5410.png,,287.6
1,honest,0.3,1.0,20,-15.0,0.0,0.0,tile_47.3900_8.5630_47.3955_8.5685.png,,7.3
2,honest,0.3,1.0,20,15.0,0.0,0.0,tile_47.3900_8.5410_47.3955_8.5465.png,,7.1
3,honest,0.3,1.0,20,-15.0,0.0,0.0,tile_47.3955_8.5630_47.4010_8.5685.png,,7.0
4,honest,0.3,1.0,20,15.0,0.0,0.0,tile_47.4065_8.5410_47.4100_8.5465.png,,7.0
5,honest,0.3,0.55,11,-15.0,1.0,0.0,tile_47.3900_8.5300_47.3955_8.5355.png,,7.0
6,honest,0.3,0.4,8,-15.0,1.0,0.0,tile_47.4010_8.5355_47.4065_8.5410.png,,7.1
7,honest,0.3,1.0,20,-15.0,0.0,0.0,tile_47.3900_8.5630_47.3955_8.5685.png,,7.0
8,honest,0.3,0.6,12,-15.0,1.0,0.0,tile_47.4010_8.5630_47.4065_8.5685.png,,7.0
9,honest,0.3,0.15,3,0.0,1.0,0.0,tile_47.4065_8.5575_47.4100_8.5630.png,,7.0
10,honest,0.3,1.0,20,15.0,0.0,0.0,tile_47.3900_8.5575_47.3955_8.5630.png,,7.1
11,honest,0.3,0.75,15,15.0,1.0,0.0,tile_47.3955_8.5520_47.4010_8.5575.png,,7.0
12,honest,0.3,1.0,20,15.0,0.0,0.0,tile_47.3955_8.5630_47.4010_8.5685.png,,7.0
13,honest,0.3,1.0,20,0.0,0.0,0.0,tile_47.3900_8.5630_47.3955_8.5685.png,,7.0
14,honest,0.3,0.5,10,0.0,1.0,0.0,tile_47.4010_8.5685_47.4065_8.5700.png,,7.0
15,honest,0.3,0.75,15,-15.0,1.0,0.0,tile_47.3955_8.5575_47.4010_8.5630.png,,7.0
16,honest,0.3,0.65,13,15.0,1.0,0.0,tile_47.3955_8.5410_47.4010_8.5465.png,,7.0
17,honest,0.3,1.0,20,15.0,0.0,0.0,tile_47.4065_8.5575_47.4100_8.5630.png,,7.0
18,honest,0.3,0.35,7,0.0,1.0,0.0,tile_47.4010_8.5520_47.4065_8.5575.png,,7.0
19,honest,0.3,1.0,20,-15.0,0.0,0.0,tile_47.4010_8.5520_47.4065_8.5575.png,,7.0
20,honest,0.3,0.8,16,0.0,1.0,0.0,tile_47.3955_8.5575_47.4010_8.5630.png,,7.0
21,honest,0.3,0.75,15,15.0,1.0,0.0,tile_47.4065_8.5685_47.4100_8.5700.png,,7.1
22,honest,0.3,0.65,13,0.0,1.0,0.0,tile_47.4010_8.5300_47.4065_8.5355.png,,7.0
23,honest,0.3,1.0,20,-15.0,0.0,0.0,tile_47.4065_8.5465_47.4100_8.5520.png,,7.0
24,honest,0.3,0.75,15,15.0,1.0,0.0,tile_47.3955_8.5630_47.4010_8.5685.png,,7.0
25,honest,0.3,0.35,7,-15.0,1.0,0.0,tile_47.3900_8.5465_47.3955_8.5520.png,,7.0
26,honest,0.3,1.0,20,-15.0,0.0,0.0,tile_47.4065_8.5465_47.4100_8.5520.png,,7.0
27,honest,0.3,1.0,20,15.0,0.0,0.0,tile_47.4065_8.5300_47.4100_8.5355.png,,7.0
28,honest,0.3,0.55,11,15.0,1.0,0.0,tile_47.3900_8.5300_47.3955_8.5355.png,,7.0
29,honest,0.3,1.0,20,15.0,0.0,0.0,tile_47.4010_8.5575_47.4065_8.5630.png,,6.9
30,honest,0.3,0.65,13,-15.0,1.0,0.0,tile_47.3955_8.5410_47.4010_8.5465.png,,7.0
31,honest,0.3,1.0,20,0.0,0.0,0.0,tile_47.3955_8.5465_47.4010_8.5520.png,,6.9
32,honest,0.3,1.0,20,15.0,0.0,0.0,tile_47.3955_8.5520_47.4010_8.5575.png,,6.9
33,honest,0.3,0.55,11,-15.0,1.0,0.0,tile_47.3900_8.5300_47.3955_8.5355.png,,7.0
34,honest,0.3,0.45,9,15.0,1.0,0.0,tile_47.3900_8.5355_47.3955_8.5410.png,,6.9
35,honest,0.3,0.8,16,-15.0,1.0,0.0,tile_47.3955_8.5685_47.4010_8.5700.png,,6.9
36,honest,0.3,1.0,20,-15.0,0.0,0.0,tile_47.3900_8.5575_47.3955_8.5630.png,,6.9
37,honest,0.3,0.4,8,15.0,1.0,0.0,tile_47.3955_8.5300_47.4010_8.5355.png,,6.9
38,honest,0.3,0.65,13,-15.0,1.0,0.0,tile_47.4010_8.5300_47.4065_8.5355.png,,6.9
39,honest,0.3,0.75,15,15.0,1.0,0.0,tile_47.3955_8.5520_47.4010_8.5575.png,,6.9
40,honest,0.3,0.5,10,15.0,1.0,0.0,tile_47.4010_8.5685_47.4065_8.5700.png,,6.9
41,honest,0.3,0.85,17,0.0,1.0,0.0,tile_47.3955_8.5685_47.4010_8.5700.png,,6.9
42,honest,0.3,1.0,20,-15.0,0.0,0.0,tile_47.3900_8.5355_47.3955_8.5410.png,,6.9
43,honest,0.3,1.0,20,15.0,0.0,0.0,tile_47.3900_8.5300_47.3955_8.5355.png,,6.9
44,honest,0.3,1.0,20,-15.0,0.0,0.0,tile_47.3900_8.5520_47.3955_8.5575.png,,6.9
45,honest,0.3,0.8,16,-15.0,1.0,0.0,tile_47.3955_8.5685_47.4010_8.5700.png,,6.9
46,honest,0.3,0.4,8,0.0,1.0,0.0,tile_47.3955_8.5300_47.4010_8.5355.png,,6.9
47,honest,0.3,0.6,12,15.0,1.0,0.0,tile_47.4065_8.5630_47.4100_8.5685.png,,6.9
48,honest,0.3,1.0,20,0.0,0.0,0.0,tile_47.3900_8.5630_47.3955_8.5685.png,,6.9
49,honest,0.3,0.55,11,15.0,1.0,0.0,tile_47.4065_8.5465_47.4100_8.5520.png,,7.0
50,honest,0.3,0.8,16,0.0,1.0,0.0,tile_47.3900_8.5630_47.3955_8.5685.png,,7.0
51,honest,0.3,0.8,16,-15.0,1.0,0.0,tile_47.3900_8.5630_47.3955_8.5685.png,,7.5
52,honest,0.3,1.0,20,-15.0,0.0,0.0,tile_47.4065_8.5520_47.4100_8.5575.png,,7.4
53,honest,0.3,0.4,8,-15.0,1.0,0.0,tile_47.4010_8.5355_47.4065_8.5410.png,,7.1
54,honest,0.3,1.0,20,0.0,0.0,0.0,tile_47.4065_8.5520_47.4100_8.5575.png,,6.9
55,honest,0.3,1.0,20,15.0,0.0,0.0,tile_47.3900_8.5300_47.3955_8.5355.png,,7.0
56,honest,0.3,1.0,20,-15.0,0.0,0.0,tile_47.4065_8.5410_47.4100_8.5465.png,,6.9
57,honest,0.3,0.65,13,0.0,1.0,0.0,tile_47.4065_8.5355_47.4100_8.5410.png,,7.0
58,honest,0.3,1.0,20,-15.0,0.0,0.0,tile_47.3900_8.5300_47.3955_8.5355.png,,6.9
59,honest,0.3,0.7,14,0.0,1.0,0.0,tile_47.4010_8.5410_47.4065_8.5465.png,,6.9
60,honest,0.3,0.75,15,0.0,1.0,0.0,tile_47.3955_8.5520_47.4010_8.5575.png,,7.0
61,honest,0.3,1.0,20,0.0,0.0,0.0,tile_47.3900_8.5465_47.3955_8.5520.png,,6.9
62,honest,0.3,0.35,7,15.0,1.0,0.0,tile_47.3900_8.5465_47.3955_8.5520.png,,6.9
63,honest,0.3,0.35,7,15.0,1.0,0.0,tile_47.3900_8.5465_47.3955_8.5520.png,,7.0
64,honest,0.3,1.0,20,15.0,0.0,0.0,tile_47.3900_8.5520_47.3955_8.5575.png,,6.9
65,honest,0.3,1.0,20,15.0,0.0,0.0,tile_47.4065_8.5355_47.4100_8.5410.png,,6.9
66,honest,0.3,1.0,20,-15.0,0.0,0.0,tile_47.3900_8.5575_47.3955_8.5630.png,,6.9
67,honest,0.3,0.8,16,0.0,1.0,0.0,tile_47.3955_8.5575_47.4010_8.5630.png,,6.8
68,honest,0.3,0.65,13,15.0,1.0,0.0,tile_47.4010_8.5300_47.4065_8.5355.png,,6.9
69,honest,0.3,1.0,20,0.0,0.0,0.0,tile_47.4065_8.5575_47.4100_8.5630.png,,7.0
70,honest,0.3,1.0,20,0.0,0.0,0.0,tile_47.4065_8.5575_47.4100_8.5630.png,,6.9
71,honest,0.3,1.0,20,15.0,0.0,0.0,tile_47.3955_8.5575_47.4010_8.5630.png,,6.8
72,honest,0.3,0.6,12,15.0,1.0,0.0,tile_47.4010_8.5630_47.4065_8.5685.png,,6.9
73,honest,0.3,1.0,20,-15.0,0.0,0.0,tile_47.4010_8.5410_47.4065_8.5465.png,,6.9
74,honest,0.3,0.55,11,-15.0,1.0,0.0,tile_47.3900_8.5300_47.3955_8.5355.png,,6.9
75,honest,0.3,0.4,8,15.0,1.0,0.0,tile_47.3955_8.5300_47.4010_8.5355.png,,7.1
76,honest,0.3,1.0,20,0.0,0.0,0.0,tile_47.3955_8.5355_47.4010_8.5410.png,,7.0
77,honest,0.3,0.6,12,0.0,1.0,0.0,tile_47.4010_8.5575_47.4065_8.5630.png,,7.0
78,honest,0.3,0.65,13,-15.0,1.0,0.0,tile_47.4010_8.5300_47.4065_8.5355.png,,7.0
79,honest,0.3,1.0,20,-15.0,0.0,0.0,tile_47.4010_8.5355_47.4065_8.5410.png,,7.1
80,honest,0.3,1.0,20,-15.0,0.0,0.0,tile_47.3955_8.5300_47.4010_8.5355.png,,7.0
81,honest,0.3,0.6,12,15.0,1.0,0.0,tile_47.4065_8.5520_47.4100_8.5575.png,,6.9
82,honest,0.3,0.5,10,15.0,1.0,0.0,tile_47.3900_8.5685_47.3955_8.5700.png,,6.9
83,honest,0.3,1.0,20,-15.0,0.0,0.0,tile_47.4010_8.5685_47.4065_8.5700.png,,6.9
84,honest,0.3,1.0,20,15.0,0.0,0.0,tile_47.3955_8.5300_47.4010_8.5355.png,,7.1
85,honest,0.3,0.3,6,-15.0,1.0,0.0,tile_47.3900_8.5410_47.3955_8.5465.png,,7.0
86,honest,0.3,1.0,20,0.0,0.0,0.0,tile_47.3900_8.5630_47.3955_8.5685.png,,6.9
87,honest,0.3,0.85,17,0.0,1.0,0.0,tile_47.3955_8.5685_47.4010_8.5700.png,,7.0
88,honest,0.3,1.0,20,-15.0,0.0,0.0,tile_47.3900_8.5355_47.3955_8.5410.png,,6.9
89,honest,0.3,0.8,16,-15.0,1.0,0.0,tile_47.3955_8.5685_47.4010_8.5700.png,,6.9
90,honest,0.3,1.0,20,0.0,0.0,0.0,tile_47.4065_8.5300_47.4100_8.5355.png,,6.9
91,honest,0.3,0.7,14,-15.0,1.0,0.0,tile_47.3955_8.5520_47.4010_8.5575.png,,6.9
92,honest,0.3,0.75,15,0.0,1.0,0.0,tile_47.3955_8.5630_47.4010_8.5685.png,,6.9
93,honest,0.3,1.0,20,-15.0,0.0,0.0,tile_47.4065_8.5355_47.4100_8.5410.png,,6.9
94,honest,0.3,0.45,9,0.0,1.0,0.0,tile_47.4010_8.5355_47.4065_8.5410.png,,6.9
95,honest,0.3,0.45,9,0.0,1.0,0.0,tile_47.3900_8.5355_47.3955_8.5410.png,,6.9
96,honest,0.3,0.65,13,-15.0,1.0,0.0,tile_47.4010_8.5300_47.4065_8.5355.png,,6.9
97,honest,0.3,1.0,20,-15.0,0.0,0.0,tile_47.4010_8.5630_47.4065_8.5685.png,,6.9
98,honest,0.3,0.5,10,15.0,1.0,0.0,tile_47.3900_8.5685_47.3955_8.5700.png,,7.0
99,honest,0.3,1.0,20,0.0,0.0,0.0,tile_47.3900_8.5410_47.3955_8.5465.png,,6.9
100,honest,0.3,0.75,15,15.0,1.0,0.0,tile_47.3955_8.5520_47.4010_8.5575.png,,7.0
101,honest,0.3,0.6,12,0.0,1.0,0.0,tile_47.4010_8.5575_47.4065_8.5630.png,,7.0
102,honest,0.3,0.5,10,15.0,1.0,0.0,tile_47.4010_8.5465_47.4065_8.5520.png,,6.9
103,honest,0.3,0.35,7,15.0,1.0,0.0,tile_47.4010_8.5520_47.4065_8.5575.png,,6.9
104,honest,0.3,0.75,15,0.0,1.0,0.0,tile_47.3955_8.5520_47.4010_8.5575.png,,6.9
105,honest,0.3,0.5,10,0.0,1.0,0.0,tile_47.4010_8.5465_47.4065_8.5520.png,,6.9
106,honest,0.3,1.0,20,0.0,0.0,0.0,tile_47.4010_8.5410_47.4065_8.5465.png,,6.9
107,honest,0.3,0.15,3,-15.0,1.0,0.0,tile_47.4065_8.5575_47.4100_8.5630.png,,6.9
108,honest,0.3,0.65,13,0.0,1.0,0.0,tile_47.4065_8.5630_47.4100_8.5685.png,,6.9
109,honest,0.3,1.0,20,15.0,0.0,0.0,tile_47.4010_8.5410_47.4065_8.5465.png,,6.9
110,honest,0.3,0.85,17,15.0,1.0,0.0,tile_47.3955_8.5685_47.4010_8.5700.png,,6.9
111,honest,0.3,0.75,15,15.0,1.0,0.0,tile_47.3955_8.5520_47.4010_8.5575.png,,6.9
112,honest,0.3,1.0,20,-15.0,0.0,0.0,tile_47.3955_8.5685_47.4010_8.5700.png,,6.9
113,honest,0.3,1.0,20,0.0,0.0,0.0,tile_47.4065_8.5410_47.4100_8.5465.png,,6.9
114,honest,0.3,1.0,20,15.0,0.0,0.0,tile_47.4065_8.5685_47.4100_8.5700.png,,6.9
115,honest,0.3,1.0,20,0.0,0.0,0.0,tile_47.3900_8.5300_47.3955_8.5355.png,,6.8
116,honest,0.3,0.45,9,-15.0,1.0,0.0,tile_47.3955_8.5465_47.4010_8.5520.png,,6.9
117,honest,0.3,0.85,17,15.0,1.0,0.0,tile_47.3955_8.5685_47.4010_8.5700.png,,6.9
118,honest,0.3,0.15,3,-15.0,1.0,0.0,tile_47.4065_8.5575_47.4100_8.5630.png,,6.9
119,honest,0.3,0.55,11,15.0,1.0,0.0,tile_47.4065_8.5465_47.4100_8.5520.png,,7.0
120,honest,0.3,0.6,12,15.0,1.0,0.0,tile_47.4065_8.5630_47.4100_8.5685.png,,6.9
121,honest,0.3,0.45,9,0.0,1.0,0.0,tile_47.4010_8.5355_47.4065_8.5410.png,,6.9
122,honest,0.3,0.45,9,15.0,1.0,0.0,tile_47.4010_8.5355_47.4065_8.5410.png,,7.0
123,honest,0.3,1.0,20,0.0,0.0,0.0,tile_47.3955_8.5685_47.4010_8.5700.png,,6.8
124,honest,0.3,0.65,13,0.0,1.0,0.0,tile_47.3900_8.5575_47.3955_8.5630.png,,7.1
125,honest,0.3,1.0,20,-15.0,0.0,0.0,tile_47.4065_8.5300_47.4100_8.5355.png,,7.0
126,honest,0.3,1.0,20,15.0,0.0,0.0,tile_47.3900_8.5520_47.3955_8.5575.png,,7.1
127,honest,0.3,0.15,3,0.0,1.0,0.0,tile_47.4065_8.5575_47.4100_8.5630.png,,7.2
128,honest,0.3,1.0,20,0.0,0.0,0.0,tile_47.4065_8.5410_47.4100_8.5465.png,,7.0
129,honest,0.3,1.0,20,0.0,0.0,0.0,tile_47.4065_8.5630_47.4100_8.5685.png,,6.9
130,honest,0.3,0.3,6,-15.0,1.0,0.0,tile_47.4065_8.5300_47.4100_8.5355.png,,7.0
131,honest,0.3,1.0,20,0.0,0.0,0.0,tile_47.3955_8.5630_47.4010_8.5685.png,,6.9
132,honest,0.3,0.45,9,0.0,1.0,0.0,tile_47.3900_8.5355_47.3955_8.5410.png,,7.0
133,honest,0.3,0.6,12,0.0,1.0,0.0,tile_47.3955_8.5410_47.4010_8.5465.png,,6.9
134,honest,0.3,1.0,20,0.0,0.0,0.0,tile_47.4065_8.5355_47.4100_8.5410.png,,6.9
135,honest,0.3,1.0,20,15.0,0.0,0.0,tile_47.4065_8.5465_47.4100_8.5520.png,,6.9
136,honest,0.3,0.35,7,-15.0,1.0,0.0,tile_47.3900_8.5465_47.3955_8.5520.png,,6.9
137,honest,0.3,0.8,16,0.0,1.0,0.0,tile_47.3955_8.5575_47.4010_8.5630.png,,6.9
138,honest,0.3,0.35,7,0.0,1.0,0.0,tile_47.4065_8.5300_47.4100_8.5355.png,,7.0
139,honest,0.3,0.65,13,0.0,1.0,0.0,tile_47.3900_8.5575_47.3955_8.5630.png,,7.0
140,honest,0.3,1.0,20,0.0,0.0,0.0,tile_47.4010_8.5630_47.4065_8.5685.png,,6.9
141,honest,0.3,1.0,20,-15.0,0.0,0.0,tile_47.3900_8.5355_47.3955_8.5410.png,,6.9
142,honest,0.3,1.0,20,-15.0,0.0,0.0,tile_47.3955_8.5355_47.4010_8.5410.png,,6.9
143,honest,0.3,1.0,20,-15.0,0.0,0.0,tile_47.3900_8.5685_47.3955_8.5700.png,,7.0
144,honest,0.3,1.0,20,15.0,0.0,0.0,tile_47.4010_8.5300_47.4065_8.5355.png,,7.6
145,honest,0.3,1.0,20,0.0,0.0,0.0,tile_47.3955_8.5410_47.4010_8.5465.png,,7.3
146,honest,0.3,1.0,20,0.0,0.0,0.0,tile_47.4010_8.5465_47.4065_8.5520.png,,7.4
147,honest,0.3,0.75,15,15.0,1.0,0.0,tile_47.3955_8.5520_47.4010_8.5575.png,,7.4
148,honest,0.3,1.0,20,-15.0,0.0,0.0,tile_47.4010_8.5465_47.4065_8.5520.png,,7.4
149,honest,0.3,1.0,20,15.0,0.0,0.0,tile_47.4010_8.5630_47.4065_8.5685.png,,7.5
150,honest,0.3,0.85,17,15.0,1.0,0.0,tile_47.3900_8.5520_47.3955_8.5575.png,,7.4
151,honest,0.3,0.45,9,15.0,1.0,0.0,tile_47.4065_8.5410_47.4100_8.5465.png,,7.5
152,honest,0.3,1.0,20,0.0,0.0,0.0,tile_47.4010_8.5685_47.4065_8.5700.png,,7.4
153,honest,0.3,0.55,11,15.0,1.0,0.0,tile_47.4065_8.5465_47.4100_8.5520.png,,7.3
154,honest,0.3,0.15,3,-15.0,1.0,0.0,tile_47.4065_8.5575_47.4100_8.5630.png,,7.5
155,honest,0.3,0.85,17,0.0,1.0,0.0,tile_47.3955_8.5685_47.4010_8.5700.png,,7.5
156,honest,0.3,0.8,16,-15.0,1.0,0.0,tile_47.3955_8.5685_47.4010_8.5700.png,,7.4
157,honest,0.3,0.45,9,0.0,1.0,0.0,tile_47.3900_8.5355_47.3955_8.5410.png,,7.4
158,honest,0.3,0.7,14,0.0,1.0,0.0,tile_47.4065_8.5685_47.4100_8.5700.png,,7.3
159,honest,0.3,0.5,10,-15.0,1.0,0.0,tile_47.4010_8.5575_47.4065_8.5630.png,,7.3
160,honest,0.3,0.75,15,0.0,1.0,0.0,tile_47.3955_8.5520_47.4010_8.5575.png,,7.4
161,honest,0.3,1.0,20,-15.0,0.0,0.0,tile_47.4065_8.5685_47.4100_8.5700.png,,7.3
162,honest,0.3,1.0,20,15.0,0.0,0.0,tile_47.4065_8.5685_47.4100_8.5700.png,,7.3
163,honest,0.3,1.0,20,0.0,0.0,0.0,tile_47.4010_8.5410_47.4065_8.5465.png,,7.4
164,honest,0.3,0.5,10,-15.0,1.0,0.0,tile_47.4010_8.5465_47.4065_8.5520.png,,7.3
165,honest,0.3,0.6,12,15.0,1.0,0.0,tile_47.4010_8.5630_47.4065_8.5685.png,,7.4
166,honest,0.3,0.15,3,0.0,1.0,0.0,tile_47.4065_8.5575_47.4100_8.5630.png,,7.4
167,honest,0.3,0.75,15,0.0,1.0,0.0,tile_47.3955_8.5630_47.4010_8.5685.png,,7.5
168,honest,0.3,1.0,20,-15.0,0.0,0.0,tile_47.3900_8.5685_47.3955_8.5700.png,,7.7
169,honest,0.3,1.0,20,15.0,0.0,0.0,tile_47.3955_8.5575_47.4010_8.5630.png,,7.4
170,honest,0.3,0.65,13,15.0,1.0,0.0,tile_47.4010_8.5410_47.4065_8.5465.png,,7.9
171,honest,0.3,1.0,20,-15.0,0.0,0.0,tile_47.3955_8.5630_47.4010_8.5685.png,,7.4
172,honest,0.3,1.0,20,0.0,0.0,0.0,tile_47.3900_8.5300_47.3955_8.5355.png,,7.3
173,honest,0.3,1.0,20,15.0,0.0,0.0,tile_47.3900_8.5410_47.3955_8.5465.png,,7.3
174,honest,0.3,0.65,13,-15.0,1.0,0.0,tile_47.4065_8.5685_47.4100_8.5700.png,,7.6
175,honest,0.3,1.0,20,-15.0,0.0,0.0,tile_47.4065_8.5630_47.4100_8.5685.png,,7.4
176,honest,0.3,0.5,10,0.0,1.0,0.0,tile_47.3955_8.5465_47.4010_8.5520.png,,7.5
177,honest,0.3,0.55,11,-15.0,1.0,0.0,tile_47.3900_8.5685_47.3955_8.5700.png,,7.5
178,honest,0.3,0.8,16,-15.0,1.0,0.0,tile_47.3900_8.5520_47.3955_8.5575.png,,7.3
179,honest,0.3,1.0,20,15.0,0.0,0.0,tile_47.3955_8.5355_47.4010_8.5410.png,,7.2
180,honest,0.3,0.85,17,15.0,1.0,0.0,tile_47.3955_8.5685_47.4010_8.5700.png,,7.3
181,honest,0.3,0.3,6,-15.0,1.0,0.0,tile_47.4065_8.5300_47.4100_8.5355.png,,7.5
182,honest,0.3,0.55,11,0.0,1.0,0.0,tile_47.4065_8.5465_47.4100_8.5520.png,,7.3
183,honest,0.3,1.0,20,0.0,0.0,0.0,tile_47.3955_8.5575_47.4010_8.5630.png,,7.3
184,honest,0.3,1.0,20,15.0,0.0,0.0,tile_47.3900_8.5575_47.3955_8.5630.png,,7.6
185,honest,0.3,1.0,20,-15.0,0.0,0.0,tile_47.3900_8.5520_47.3955_8.5575.png,,7.3
186,honest,0.3,1.0,20,-15.0,0.0,0.0,tile_47.4065_8.5520_47.4100_8.5575.png,,7.4
187,honest,0.3,0.3,6,15.0,1.0,0.0,tile_47.3900_8.5410_47.3955_8.5465.png,,7.1
188,honest,0.3,0.15,3,-15.0,1.0,0.0,tile_47.4065_8.5575_47.4100_8.5630.png,,7.5
189,honest,0.3,1.0,20,-15.0,0.0,0.0,tile_47.3955_8.5520_47.4010_8.5575.png,,7.2
190,honest,0.3,1.0,20,0.0,0.0,0.0,tile_47.3955_8.5355_47.4010_8.5410.png,,7.5
191,honest,0.3,1.0,20,0.0,0.0,0.0,tile_47.3900_8.5465_47.3955_8.5520.png,,7.3
192,honest,0.3,0.55,11,-15.0,1.0,0.0,tile_47.4065_8.5520_47.4100_8.5575.png,,7.4
193,honest,0.3,0.65,13,-15.0,1.0,0.0,tile_47.4065_8.5355_47.4100_8.5410.png,,7.4
194,honest,0.3,0.65,13,0.0,1.0,0.0,tile_47.3900_8.5575_47.3955_8.5630.png,,7.2
195,honest,0.3,1.0,20,15.0,0.0,0.0,tile_47.4010_8.5520_47.4065_8.5575.png,,7.2
196,honest,0.3,0.65,13,15.0,1.0,0.0,tile_47.3900_8.5575_47.3955_8.5630.png,,7.4
197,honest,0.3,1.0,20,-15.0,0.0,0.0,tile_47.3900_8.5410_47.3955_8.5465.png,,7.2
198,honest,0.3,0.4,8,-15.0,1.0,0.0,tile_47.4010_8.5355_47.4065_8.5410.png,,7.6
199,honest,0.3,0.7,14,-15.0,1.0,0.0,tile_47.3900_8.5575_47.3955_8.5630.png,,7.4
200,honest,0.3,0.6,12,0.0,1.0,0.0,tile_47.4010_8.5575_47.4065_8.5630.png,,7.3
201,honest,0.3,1.0,20,0.0,0.0,0.0,tile_47.4010_8.5575_47.4065_8.5630.png,,7.4
202,honest,0.3,0.65,13,0.0,1.0,0.0,tile_47.4065_8.5355_47.4100_8.5410.png,,7.3
203,honest,0.3,1.0,20,15.0,0.0,0.0,tile_47.3900_8.5575_47.3955_8.5630.png,,7.3
204,honest,0.3,0.5,10,0.0,1.0,0.0,tile_47.3900_8.5685_47.3955_8.5700.png,,7.6
205,honest,0.3,1.0,20,0.0,0.0,0.0,tile_47.4065_8.5410_47.4100_8.5465.png,,7.5
206,honest,0.3,1.0,20,-15.0,0.0,0.0,tile_47.4065_8.5685_47.4100_8.5700.png,,7.4
207,honest,0.3,0.8,16,15.0,1.0,0.0,tile_47.3955_8.5575_47.4010_8.5630.png,,7.3
208,honest,0.3,1.0,20,0.0,0.0,0.0,tile_47.4065_8.5520_47.4100_8.5575.png,,7.3
209,honest,0.3,0.45,9,15.0,1.0,0.0,tile_47.3900_8.5355_47.3955_8.5410.png,,7.5
210,honest,0.3,1.0,20,15.0,0.0,0.0,tile_47.4010_8.5465_47.4065_8.5520.png,,7.4
211,honest,0.3,1.0,20,15.0,0.0,0.0,tile_47.3900_8.5575_47.3955_8.5630.png,,7.9
212,honest,0.3,1.0,20,-15.0,0.0,0.0,tile_47.3900_8.5685_47.3955_8.5700.png,,7.4
213,honest,0.3,1.0,20,15.0,0.0,0.0,tile_47.4010_8.5410_47.4065_8.5465.png,,7.4
214,honest,0.3,0.6,12,15.0,1.0,0.0,tile_47.4065_8.5630_47.4100_8.5685.png,,7.5
215,honest,0.3,1.0,20,0.0,0.0,0.0,tile_47.3955_8.5355_47.4010_8.5410.png,,7.3
216,honest,0.3,1.0,20,0.0,0.0,0.0,tile_47.3900_8.5520_47.3955_8.5575.png,,7.3
217,honest,0.3,0.45,9,0.0,1.0,0.0,tile_47.4010_8.5355_47.4065_8.5410.png,,7.2
218,honest,0.3,0.65,13,-15.0,1.0,0.0,tile_47.4065_8.5685_47.4100_8.5700.png,,7.5
219,honest,0.3,0.6,12,-15.0,1.0,0.0,tile_47.4010_8.5630_47.4065_8.5685.png,,7.3
220,honest,0.3,0.35,7,0.0,1.0,0.0,tile_47.4010_8.5520_47.4065_8.5575.png,,7.3
221,honest,0.3,1.0,20,-15.0,0.0,0.0,tile_47.3955_8.5630_47.4010_8.5685.png,,7.5
222,honest,0.3,1.0,20,0.0,0.0,0.0,tile_47.4065_8.5630_47.4100_8.5685.png,,7.4
223,honest,0.3,0.45,9,15.0,1.0,0.0,tile_47.3955_8.5355_47.4010_8.5410.png,,7.6
224,honest,0.3,1.0,20,0.0,0.0,0.0,tile_47.4010_8.5575_47.4065_8.5630.png,,7.2
225,honest,0.3,0.15,3,-15.0,1.0,0.0,tile_47.4065_8.5575_47.4100_8.5630.png,,7.4
226,honest,0.3,1.0,20,-15.0,0.0,0.0,tile_47.3955_8.5355_47.4010_8.5410.png,,7.3
227,honest,0.3,0.5,10,-15.0,1.0,0.0,tile_47.4010_8.5575_47.4065_8.5630.png,,7.5
228,honest,0.3,0.6,12,15.0,1.0,0.0,tile_47.4010_8.5575_47.4065_8.5630.png,,7.5
229,honest,0.3,0.75,15,15.0,1.0,0.0,tile_47.4065_8.5685_47.4100_8.5700.png,,7.3
230,honest,0.3,1.0,20,15.0,0.0,0.0,tile_47.3955_8.5685_47.4010_8.5700.png,,7.4
231,honest,0.3,0.65,13,15.0,1.0,0.0,tile_47.3900_8.5575_47.3955_8.5630.png,,7.3
232,honest,0.3,1.0,20,0.0,0.0,0.0,tile_47.4065_8.5520_47.4100_8.5575.png,,7.2
233,honest,0.3,0.3,6,-15.0,1.0,0.0,tile_47.3900_8.5410_47.3955_8.5465.png,,7.3
234,honest,0.3,1.0,20,0.0,0.0,0.0,tile_47.4010_8.5630_47.4065_8.5685.png,,7.2
235,honest,0.3,0.85,17,0.0,1.0,0.0,tile_47.3955_8.5685_47.4010_8.5700.png,,7.3
236,honest,0.3,0.65,13,15.0,1.0,0.0,tile_47.3955_8.5410_47.4010_8.5465.png,,7.4
237,honest,0.3,1.0,20,-15.0,0.0,0.0,tile_47.3955_8.5685_47.4010_8.5700.png,,7.2
238,honest,0.3,1.0,20,0.0,0.0,0.0,tile_47.4065_8.5575_47.4100_8.5630.png,,7.4
239,honest,0.3,0.65,13,15.0,1.0,0.0,tile_47.4010_8.5300_47.4065_8.5355.png,,7.2
240,honest,0.3,1.0,20,15.0,0.0,0.0,tile_47.4010_8.5410_47.4065_8.5465.png,,7.4
241,honest,0.3,1.0,20,15.0,0.0,0.0,tile_47.4065_8.5520_47.4100_8.5575.png,,7.3
242,honest,0.3,0.65,13,0.0,1.0,0.0,tile_47.4010_8.5300_47.4065_8.5355.png,,7.6
243,honest,0.3,0.35,7,0.0,1.0,0.0,tile_47.4065_8.5300_47.4100_8.5355.png,,7.4
244,honest,0.3,1.0,20,0.0,0.0,0.0,tile_47.4065_8.5300_47.4100_8.5355.png,,7.4
245,honest,0.3,0.65,13,15.0,1.0,0.0,tile_47.4010_8.5410_47.4065_8.5465.png,,7.4
246,honest,0.3,0.55,11,-15.0,1.0,0.0,tile_47.3900_8.5300_47.3955_8.5355.png,,7.7
247,honest,0.3,1.0,20,15.0,0.0,0.0,tile_47.4010_8.5410_47.4065_8.5465.png,,7.2
248,honest,0.3,0.7,14,-15.0,1.0,0.0,tile_47.3955_8.5520_47.4010_8.5575.png,,7.6
249,honest,0.3,0.8,16,15.0,1.0,0.0,tile_47.3900_8.5630_47.3955_8.5685.png,,7.6
250,honest,0.3,1.0,20,15.0,0.0,0.0,tile_47.4065_8.5520_47.4100_8.5575.png,,7.4
251,honest,0.3,0.7,14,-15.0,1.0,0.0,tile_47.3900_8.5575_47.3955_8.5630.png,,7.4
252,honest,0.3,0.5,10,0.0,1.0,0.0,tile_47.3955_8.5465_47.4010_8.5520.png,,7.5
253,honest,0.3,1.0,20,-15.0,0.0,0.0,tile_47.4010_8.5355_47.4065_8.5410.png,,7.4
254,honest,0.3,0.7,14,-15.0,1.0,0.0,tile_47.4010_8.5410_47.4065_8.5465.png,,7.3
255,honest,0.3,0.15,3,15.0,1.0,0.0,tile_47.4065_8.5575_47.4100_8.5630.png,,7.5
256,honest,0.3,1.0,20,-15.0,0.0,0.0,tile_47.4065_8.5355_47.4100_8.5410.png,,7.3
257,honest,0.3,0.65,13,15.0,1.0,0.0,tile_47.4065_8.5355_47.4100_8.5410.png,,7.4
258,honest,0.3,0.15,3,-15.0,1.0,0.0,tile_47.4065_8.5575_47.4100_8.5630.png,,7.3
259,honest,0.3,0.5,10,0.0,1.0,0.0,tile_47.4010_8.5685_47.4065_8.5700.png,,7.3
260,honest,0.3,1.0,20,-15.0,0.0,0.0,tile_47.3900_8.5355_47.3955_8.5410.png,,7.1
261,honest,0.3,0.85,17,15.0,1.0,0.0,tile_47.3900_8.5520_47.3955_8.5575.png,,7.1
262,honest,0.3,0.45,9,15.0,1.0,0.0,tile_47.4065_8.5410_47.4100_8.5465.png,,7.3
263,honest,0.3,1.0,20,-15.0,0.0,0.0,tile_47.3900_8.5410_47.3955_8.5465.png,,7.2
264,honest,0.3,0.8,16,0.0,1.0,0.0,tile_47.3900_8.5630_47.3955_8.5685.png,,7.4
265,honest,0.3,1.0,20,-15.0,0.0,0.0,tile_47.4065_8.5575_47.4100_8.5630.png,,7.2
266,honest,0.3,0.45,9,0.0,1.0,0.0,tile_47.4065_8.5410_47.4100_8.5465.png,,7.3
267,honest,0.3,1.0,20,15.0,0.0,0.0,tile_47.4065_8.5410_47.4100_8.5465.png,,7.4
268,honest,0.3,1.0,20,0.0,0.0,0.0,tile_47.3955_8.5575_47.4010_8.5630.png,,7.3
269,honest,0.3,0.5,10,0.0,1.0,0.0,tile_47.4010_8.5685_47.4065_8.5700.png,,7.3
270,honest,0.3,0.35,7,-15.0,1.0,0.0,tile_47.3900_8.5465_47.3955_8.5520.png,,7.5
271,honest,0.3,0.5,10,0.0,1.0,0.0,tile_47.3900_8.5685_47.3955_8.5700.png,,7.3
272,honest,0.3,1.0,20,0.0,0.0,0.0,tile_47.3900_8.5355_47.3955_8.5410.png,,7.3
273,honest,0.3,0.4,8,-15.0,1.0,0.0,tile_47.3955_8.5300_47.4010_8.5355.png,,7.6
274,honest,0.3,1.0,20,15.0,0.0,0.0,tile_47.3955_8.5575_47.4010_8.5630.png,,7.2
275,honest,0.3,1.0,20,15.0,0.0,0.0,tile_47.4010_8.5575_47.4065_8.5630.png,,7.4
276,honest,0.3,1.0,20,-15.0,0.0,0.0,tile_47.3955_8.5355_47.4010_8.5410.png,,7.2
277,honest,0.3,0.55,11,-15.0,1.0,0.0,tile_47.3900_8.5685_47.3955_8.5700.png,,7.3
278,honest,0.3,1.0,20,15.0,0.0,0.0,tile_47.3900_8.5300_47.3955_8.5355.png,,7.3
279,honest,0.3,1.0,20,0.0,0.0,0.0,tile_47.3900_8.5355_47.3955_8.5410.png,,7.4
280,honest,0.3,0.4,8,-15.0,1.0,0.0,tile_47.3955_8.5300_47.4010_8.5355.png,,7.6
281,honest,0.3,0.85,17,15.0,1.0,0.0,tile_47.3900_8.5520_47.3955_8.5575.png,,7.4
282,honest,0.3,0.8,16,0.0,1.0,0.0,tile_47.3900_8.5630_47.3955_8.5685.png,,7.3
283,honest,0.3,1.0,20,0.0,0.0,0.0,tile_47.4010_8.5465_47.4065_8.5520.png,,7.7
284,honest,0.3,1.0,20,0.0,0.0,0.0,tile_47.4065_8.5630_47.4100_8.5685.png,,7.3
285,honest,0.3,0.7,14,0.0,1.0,0.0,tile_47.4065_8.5685_47.4100_8.5700.png,,7.7
286,honest,0.3,0.65,13,15.0,1.0,0.0,tile_47.3900_8.5575_47.3955_8.5630.png,,7.3
287,honest,0.3,1.0,20,0.0,0.0,0.0,tile_47.3955_8.5300_47.4010_8.5355.png,,7.4
288,honest,0.3,0.7,14,0.0,1.0,0.0,tile_47.4010_8.5410_47.4065_8.5465.png,,7.6
289,honest,0.3,0.5,10,0.0,1.0,0.0,tile_47.3900_8.5685_47.3955_8.5700.png,,7.6
290,honest,0.3,1.0,20,15.0,0.0,0.0,tile_47.4065_8.5520_47.4100_8.5575.png,,7.4
291,honest,0.3,0.15,3,-15.0,1.0,0.0,tile_47.4065_8.5575_47.4100_8.5630.png,,7.5
292,honest,0.3,0.35,7,0.0,1.0,0.0,tile_47.4010_8.5520_47.4065_8.5575.png,,7.5
293,honest,0.3,0.5,10,0.0,1.0,0.0,tile_47.4010_8.5685_47.4065_8.5700.png,,7.5
294,honest,0.3,0.7,14,-15.0,1.0,0.0,tile_47.3900_8.5575_47.3955_8.5630.png,,7.3
295,honest,0.3,1.0,20,-15.0,0.0,0.0,tile_47.3900_8.5630_47.3955_8.5685.png,,7.3
296,honest,0.3,0.35,7,15.0,1.0,0.0,tile_47.3900_8.5465_47.3955_8.5520.png,,7.5
297,honest,0.3,0.45,9,15.0,1.0,0.0,tile_47.4065_8.5410_47.4100_8.5465.png,,7.4
298,honest,0.3,0.7,14,0.0,1.0,0.0,tile_47.4010_8.5410_47.4065_8.5465.png,,7.4
299,honest,0.3,0.8,16,15.0,1.0,0.0,tile_47.3900_8.5630_47.3955_8.5685.png,,7.5
300,honest,0.3,1.0,20,15.0,0.0,0.0,tile_47.4065_8.5630_47.4100_8.5685.png,,7.6
301,honest,0.3,1.0,20,-15.0,0.0,0.0,tile_47.4010_8.5685_47.4065_8.5700.png,,7.6
302,honest,0.3,0.55,11,-15.0,1.0,0.0,tile_47.4065_8.5465_47.4100_8.5520.png,,7.6
303,honest,0.3,1.0,20,15.0,0.0,0.0,tile_47.3900_8.5355_47.3955_8.5410.png,,7.8
304,honest,0.3,0.5,10,-15.0,1.0,0.0,tile_47.4010_8.5575_47.4065_8.5630.png,,7.6
305,honest,0.3,1.0,20,0.0,0.0,0.0,tile_47.3955_8.5355_47.4010_8.5410.png,,7.8
306,honest,0.3,0.45,9,15.0,1.0,0.0,tile_47.3955_8.5355_47.4010_8.5410.png,,7.9
307,honest,0.3,1.0,20,15.0,0.0,0.0,tile_47.3955_8.5575_47.4010_8.5630.png,,7.7
308,honest,0.3,0.6,12,0.0,1.0,0.0,tile_47.4010_8.5575_47.4065_8.5630.png,,7.8
309,honest,0.3,0.4,8,-15.0,1.0,0.0,tile_47.4010_8.5520_47.4065_8.5575.png,,7.4
310,honest,0.3,1.0,20,15.0,0.0,0.0,tile_47.3955_8.5355_47.4010_8.5410.png,,7.4
311,honest,0.3,1.0,20,-15.0,0.0,0.0,tile_47.4010_8.5355_47.4065_8.5410.png,,7.4
312,honest,0.3,0.6,12,0.0,1.0,0.0,tile_47.4065_8.5520_47.4100_8.5575.png,,7.5
313,honest,0.3,0.5,10,0.0,1.0,0.0,tile_47.3900_8.5685_47.3955_8.5700.png,,7.4
314,honest,0.3,0.7,14,0.0,1.0,0.0,tile_47.4010_8.5410_47.4065_8.5465.png,,7.6
315,honest,0.3,0.3,6,15.0,1.0,0.0,tile_47.3900_8.5410_47.3955_8.5465.png,,7.4
316,honest,0.3,0.55,11,-15.0,1.0,0.0,tile_47.3900_8.5300_47.3955_8.5355.png,,7.8
317,honest,0.3,0.4,8,-15.0,1.0,0.0,tile_47.3955_8.5300_47.4010_8.5355.png,,7.6
318,honest,0.3,0.5,10,0.0,1.0,0.0,tile_47.3900_8.5685_47.3955_8.5700.png,,7.6
319,honest,0.3,0.45,9,-15.0,1.0,0.0,tile_47.3955_8.5465_47.4010_8.5520.png,,7.8
320,honest,0.3,0.6,12,-15.0,1.0,0.0,tile_47.4010_8.5630_47.4065_8.5685.png,,7.5
321,honest,0.3,0.55,11,-15.0,1.0,0.0,tile_47.4065_8.5465_47.4100_8.5520.png,,7.7
322,honest,0.3,0.4,8,-15.0,1.0,0.0,tile_47.4010_8.5520_47.4065_8.5575.png,,8.3
323,honest,0.3,0.45,9,15.0,1.0,0.0,tile_47.4065_8.5410_47.4100_8.5465.png,,7.6
324,honest,0.3,1.0,20,0.0,0.0,0.0,tile_47.3900_8.5355_47.3955_8.5410.png,,7.7
325,honest,0.3,1.0,20,0.0,0.0,0.0,tile_47.4010_8.5685_47.4065_8.5700.png,,7.5
326,honest,0.3,0.8,16,-15.0,1.0,0.0,tile_47.3955_8.5685_47.4010_8.5700.png,,7.8
327,honest,0.3,0.65,13,0.0,1.0,0.0,tile_47.4065_8.5355_47.4100_8.5410.png,,8.0
328,honest,0.3,0.6,12,0.0,1.0,0.0,tile_47.4010_8.5575_47.4065_8.5630.png,,7.6
329,honest,0.3,1.0,20,-15.0,0.0,0.0,tile_47.3955_8.5520_47.4010_8.5575.png,,7.8
330,honest,0.3,0.85,17,0.0,1.0,0.0,tile_47.3955_8.5685_47.4010_8.5700.png,,7.4
331,honest,0.3,1.0,20,-15.0,0.0,0.0,tile_47.3955_8.5520_47.4010_8.5575.png,,7.6
332,honest,0.3,1.0,20,-15.0,0.0,0.0,tile_47.3955_8.5465_47.4010_8.5520.png,,7.5
333,honest,0.3,0.6,12,15.0,1.0,0.0,tile_47.4065_8.5520_47.4100_8.5575.png,,7.6
334,honest,0.3,0.45,9,15.0,1.0,0.0,tile_47.3955_8.5355_47.4010_8.5410.png,,7.5
335,honest,0.3,1.0,20,0.0,0.0,0.0,tile_47.4065_8.5520_47.4100_8.5575.png,,7.5
336,honest,0.3,0.35,7,15.0,1.0,0.0,tile_47.3900_8.5465_47.3955_8.5520.png,,7.6
337,honest,0.3,1.0,20,0.0,0.0,0.0,tile_47.4065_8.5575_47.4100_8.5630.png,,7.5
338,honest,0.3,1.0,20,0.0,0.0,0.0,tile_47.4010_8.5685_47.4065_8.5700.png,,7.7
339,honest,0.3,1.0,20,0.0,0.0,0.0,tile_47.4065_8.5300_47.4100_8.5355.png,,7.5
340,honest,0.3,1.0,20,0.0,0.0,0.0,tile_47.3955_8.5520_47.4010_8.5575.png,,7.4
341,honest,0.3,0.35,7,0.0,1.0,0.0,tile_47.3900_8.5465_47.3955_8.5520.png,,7.5
342,honest,0.3,1.0,20,0.0,0.0,0.0,tile_47.3900_8.5575_47.3955_8.5630.png,,7.9
343,honest,0.3,1.0,20,15.0,0.0,0.0,tile_47.3955_8.5685_47.4010_8.5700.png,,7.8
344,honest,0.3,0.65,13,15.0,1.0,0.0,tile_47.3955_8.5410_47.4010_8.5465.png,,7.9
345,honest,0.3,0.35,7,0.0,1.0,0.0,tile_47.4065_8.5300_47.4100_8.5355.png,,8.1
346,honest,0.3,0.6,12,0.0,1.0,0.0,tile_47.4010_8.5575_47.4065_8.5630.png,,8.0
347,honest,0.3,0.3,6,-15.0,1.0,0.0,tile_47.4065_8.5300_47.4100_8.5355.png,,7.7
348,honest,0.3,0.6,12,0.0,1.0,0.0,tile_47.4010_8.5575_47.4065_8.5630.png,,7.7
349,honest,0.3,1.0,20,-15.0,0.0,0.0,tile_47.4010_8.5465_47.4065_8.5520.png,,7.6
350,honest,0.3,0.65,13,15.0,1.0,0.0,tile_47.3900_8.5575_47.3955_8.5630.png,,7.5
351,honest,0.3,0.4,8,0.0,1.0,0.0,tile_47.3955_8.5300_47.4010_8.5355.png,,7.9
352,honest,0.3,1.0,20,15.0,0.0,0.0,tile_47.4010_8.5685_47.4065_8.5700.png,,7.6
353,honest,0.3,0.45,9,-15.0,1.0,0.0,tile_47.3955_8.5465_47.4010_8.5520.png,,7.7
354,honest,0.3,0.7,14,-15.0,1.0,0.0,tile_47.3955_8.5520_47.4010_8.5575.png,,7.7
355,honest,0.3,1.0,20,-15.0,0.0,0.0,tile_47.3900_8.5520_47.3955_8.5575.png,,7.5
356,honest,0.3,1.0,20,0.0,0.0,0.0,tile_47.4010_8.5575_47.4065_8.5630.png,,7.8
357,honest,0.3,1.0,20,15.0,0.0,0.0,tile_47.3955_8.5355_47.4010_8.5410.png,,7.7
358,honest,0.3,1.0,20,-15.0,0.0,0.0,tile_47.4065_8.5520_47.4100_8.5575.png,,7.7
359,honest,0.3,0.8,16,-15.0,1.0,0.0,tile_47.3955_8.5685_47.4010_8.5700.png,,7.5
360,honest,0.3,0.75,15,0.0,1.0,0.0,tile_47.3955_8.5630_47.4010_8.5685.png,,7.9
361,honest,0.3,1.0,20,15.0,0.0,0.0,tile_47.4065_8.5630_47.4100_8.5685.png,,7.5
362,honest,0.3,0.15,3,-15.0,1.0,0.0,tile_47.4065_8.5575_47.4100_8.5630.png,,7.8
363,honest,0.3,0.6,12,0.0,1.0,0.0,tile_47.3955_8.5410_47.4010_8.5465.png,,7.6
364,honest,0.3,1.0,20,-15.0,0.0,0.0,tile_47.3900_8.5465_47.3955_8.5520.png,,7.4
365,honest,0.3,0.8,16,15.0,1.0,0.0,tile_47.3900_8.5630_47.3955_8.5685.png,,7.8
366,honest,0.3,1.0,20,15.0,0.0,0.0,tile_47.3900_8.5575_47.3955_8.5630.png,,7.5
367,honest,0.3,0.45,9,-15.0,1.0,0.0,tile_47.3955_8.5355_47.4010_8.5410.png,,7.8
368,honest,0.3,1.0,20,0.0,0.0,0.0,tile_47.4065_8.5520_47.4100_8.5575.png,,7.3
369,honest,0.3,1.0,20,0.0,0.0,0.0,tile_47.3900_8.5465_47.3955_8.5520.png,,7.7
370,honest,0.3,0.35,7,0.0,1.0,0.0,tile_47.4065_8.5300_47.4100_8.5355.png,,7.4
371,honest,0.3,0.4,8,-15.0,1.0,0.0,tile_47.3900_8.5355_47.3955_8.5410.png,,7.8
372,honest,0.3,1.0,20,0.0,0.0,0.0,tile_47.3955_8.5355_47.4010_8.5410.png,,7.5
373,honest,0.3,1.0,20,-15.0,0.0,0.0,tile_47.4065_8.5630_47.4100_8.5685.png,,7.3
374,honest,0.3,1.0,20,15.0,0.0,0.0,tile_47.4065_8.5520_47.4100_8.5575.png,,7.7
375,honest,0.3,1.0,20,15.0,0.0,0.0,tile_47.3900_8.5355_47.3955_8.5410.png,,7.5
376,honest,0.3,1.0,20,0.0,0.0,0.0,tile_47.4065_8.5465_47.4100_8.5520.png,,7.7
377,honest,0.3,0.5,10,-15.0,1.0,0.0,tile_47.4010_8.5465_47.4065_8.5520.png,,7.4
378,honest,0.3,1.0,20,-15.0,0.0,0.0,tile_47.4065_8.5410_47.4100_8.5465.png,,7.6
379,honest,0.3,0.5,10,15.0,1.0,0.0,tile_47.3900_8.5685_47.3955_8.5700.png,,7.5
380,honest,0.3,1.0,20,0.0,0.0,0.0,tile_47.3955_8.5355_47.4010_8.5410.png,,7.4
381,honest,0.3,0.55,11,0.0,1.0,0.0,tile_47.4010_8.5630_47.4065_8.5685.png,,7.7
382,honest,0.3,0.7,14,-15.0,1.0,0.0,tile_47.3900_8.5575_47.3955_8.5630.png,,7.5
383,honest,0.3,0.45,9,15.0,1.0,0.0,tile_47.3900_8.5355_47.3955_8.5410.png,,7.6
384,honest,0.3,0.35,7,0.0,1.0,0.0,tile_47.4065_8.5300_47.4100_8.5355.png,,7.5
385,honest,0.3,0.55,11,0.0,1.0,0.0,tile_47.4010_8.5630_47.4065_8.5685.png,,7.6
386,honest,0.3,0.8,16,-15.0,1.0,0.0,tile_47.3900_8.5630_47.3955_8.5685.png,,7.5
387,honest,0.3,0.3,6,15.0,1.0,0.0,tile_47.3900_8.5410_47.3955_8.5465.png,,7.5
388,honest,0.3,0.15,3,0.0,1.0,0.0,tile_47.4065_8.5575_47.4100_8.5630.png,,7.7
389,honest,0.3,0.4,8,15.0,1.0,0.0,tile_47.3955_8.5300_47.4010_8.5355.png,,7.4
390,honest,0.3,0.7,14,-15.0,1.0,0.0,tile_47.4010_8.5410_47.4065_8.5465.png,,7.6
391,honest,0.3,1.0,20,-15.0,0.0,0.0,tile_47.3900_8.5410_47.3955_8.5465.png,,7.4
392,honest,0.3,0.65,13,0.0,1.0,0.0,tile_47.4065_8.5630_47.4100_8.5685.png,,7.5
393,honest,0.3,1.0,20,0.0,0.0,0.0,tile_47.4010_8.5410_47.4065_8.5465.png,,7.7
394,honest,0.3,1.0,20,0.0,0.0,0.0,tile_47.4010_8.5355_47.4065_8.5410.png,,7.4
395,honest,0.3,0.65,13,-15.0,1.0,0.0,tile_47.4065_8.5355_47.4100_8.5410.png,,7.7
396,honest,0.3,0.6,12,15.0,1.0,0.0,tile_47.4010_8.5575_47.4065_8.5630.png,,7.4
397,honest,0.3,0.5,10,-15.0,1.0,0.0,tile_47.4010_8.5685_47.4065_8.5700.png,,7.8
398,honest,0.3,0.55,11,15.0,1.0,0.0,tile_47.4065_8.5465_47.4100_8.5520.png,,8.0
399,honest,0.3,0.7,14,-15.0,1.0,0.0,tile_47.4010_8.5410_47.4065_8.5465.png,,7.5
400,honest,0.3,1.0,20,0.0,0.0,0.0,tile_47.4010_8.5520_47.4065_8.5575.png,,7.5
401,honest,0.3,0.6,12,15.0,1.0,0.0,tile_47.4065_8.5520_47.4100_8.5575.png,,7.4
402,honest,0.3,0.6,12,15.0,1.0,0.0,tile_47.4065_8.5520_47.4100_8.5575.png,,7.7
403,honest,0.3,0.55,11,0.0,1.0,0.0,tile_47.4010_8.5630_47.4065_8.5685.png,,7.4
404,honest,0.3,0.35,7,15.0,1.0,0.0,tile_47.3900_8.5465_47.3955_8.5520.png,,7.7
405,honest,0.3,0.65,13,-15.0,1.0,0.0,tile_47.3955_8.5410_47.4010_8.5465.png,,7.5
406,honest,0.3,1.0,20,-15.0,0.0,0.0,tile_47.3900_8.5410_47.3955_8.5465.png,,7.4
407,honest,0.3,1.0,20,-15.0,0.0,0.0,tile_47.4010_8.5685_47.4065_8.5700.png,,7.3
408,honest,0.3,0.5,10,0.0,1.0,0.0,tile_47.3955_8.5355_47.4010_8.5410.png,,7.4
409,honest,0.3,0.5,10,15.0,1.0,0.0,tile_47.4010_8.5685_47.4065_8.5700.png,,7.4
410,honest,0.3,1.0,20,0.0,0.0,0.0,tile_47.4010_8.5685_47.4065_8.5700.png,,7.4
411,honest,0.3,0.85,17,0.0,1.0,0.0,tile_47.3955_8.5685_47.4010_8.5700.png,,7.5
412,honest,0.3,1.0,20,-15.0,0.0,0.0,tile_47.4065_8.5685_47.4100_8.5700.png,,7.4
413,honest,0.3,0.65,13,15.0,1.0,0.0,tile_47.4010_8.5300_47.4065_8.5355.png,,7.4
414,honest,0.3,0.7,14,0.0,1.0,0.0,tile_47.4010_8.5410_47.4065_8.5465.png,,7.4
415,honest,0.3,0.5,10,15.0,1.0,0.0,tile_47.3900_8.5685_47.3955_8.5700.png,,7.5
416,honest,0.3,1.0,20,-15.0,0.0,0.0,tile_47.3955_8.5465_47.4010_8.5520.png,,7.4
417,honest,0.3,0.35,7,15.0,1.0,0.0,tile_47.4010_8.5520_47.4065_8.5575.png,,7.4
418,honest,0.3,0.65,13,15.0,1.0,0.0,tile_47.4010_8.5410_47.4065_8.5465.png,,7.5
419,honest,0.3,1.0,20,0.0,0.0,0.0,tile_47.4010_8.5685_47.4065_8.5700.png,,7.4
420,honest,0.3,1.0,20,15.0,0.0,0.0,tile_47.3955_8.5520_47.4010_8.5575.png,,7.4
421,honest,0.3,1.0,20,-15.0,0.0,0.0,tile_47.3900_8.5355_47.3955_8.5410.png,,7.3
422,honest,0.3,0.4,8,0.0,1.0,0.0,tile_47.3955_8.5300_47.4010_8.5355.png,,7.4
423,honest,0.3,1.0,20,15.0,0.0,0.0,tile_47.4010_8.5465_47.4065_8.5520.png,,7.4
424,honest,0.3,0.45,9,0.0,1.0,0.0,tile_47.4065_8.5410_47.4100_8.5465.png,,7.4
425,honest,0.3,1.0,20,15.0,0.0,0.0,tile_47.4010_8.5520_47.4065_8.5575.png,,7.4
426,honest,0.3,1.0,20,15.0,0.0,0.0,tile_47.4065_8.5575_47.4100_8.5630.png,,7.4
427,honest,0.3,0.5,10,15.0,1.0,0.0,tile_47.3955_8.5465_47.4010_8.5520.png,,7.4
428,honest,0.3,0.55,11,-15.0,1.0,0.0,tile_47.3900_8.5685_47.3955_8.5700.png,,7.6
429,honest,0.3,1.0,20,15.0,0.0,0.0,tile_47.3955_8.5410_47.4010_8.5465.png,,7.4
430,honest,0.3,0.6,12,-15.0,1.0,0.0,tile_47.4010_8.5630_47.4065_8.5685.png,,7.6
431,honest,0.3,0.65,13,15.0,1.0,0.0,tile_47.4010_8.5300_47.4065_8.5355.png,,7.6
432,honest,0.3,0.5,10,-15.0,1.0,0.0,tile_47.4010_8.5465_47.4065_8.5520.png,,7.5
433,honest,0.3,1.0,20,15.0,0.0,0.0,tile_47.3955_8.5355_47.4010_8.5410.png,,7.5
434,honest,0.3,0.4,8,-15.0,1.0,0.0,tile_47.3900_8.5355_47.3955_8.5410.png,,7.5
435,honest,0.3,1.0,20,-15.0,0.0,0.0,tile_47.3955_8.5575_47.4010_8.5630.png,,7.3
436,honest,0.3,0.75,15,15.0,1.0,0.0,tile_47.4065_8.5685_47.4100_8.5700.png,,7.4
437,honest,0.3,0.6,12,15.0,1.0,0.0,tile_47.4065_8.5630_47.4100_8.5685.png,,7.5
438,honest,0.3,0.15,3,-15.0,1.0,0.0,tile_47.4065_8.5575_47.4100_8.5630.png,,7.6
439,honest,0.3,1.0,20,-15.0,0.0,0.0,tile_47.4065_8.5520_47.4100_8.5575.png,,7.4
440,honest,0.3,0.8,16,0.0,1.0,0.0,tile_47.3955_8.5575_47.4010_8.5630.png,,7.5
441,honest,0.3,1.0,20,0.0,0.0,0.0,tile_47.4010_8.5520_47.4065_8.5575.png,,7.5
442,honest,0.3,0.4,8,15.0,1.0,0.0,tile_47.3955_8.5300_47.4010_8.5355.png,,7.5
443,honest,0.3,1.0,20,0.0,0.0,0.0,tile_47.3955_8.5685_47.4010_8.5700.png,,7.5
444,honest,0.3,1.0,20,0.0,0.0,0.0,tile_47.4065_8.5520_47.4100_8.5575.png,,7.4
445,honest,0.3,1.0,20,-15.0,0.0,0.0,tile_47.3900_8.5465_47.3955_8.5520.png,,7.6
446,honest,0.3,0.85,17,0.0,1.0,0.0,tile_47.3955_8.5685_47.4010_8.5700.png,,7.6
447,honest,0.3,0.7,14,-15.0,1.0,0.0,tile_47.3955_8.5520_47.4010_8.5575.png,,7.6
448,honest,0.3,0.65,13,-15.0,1.0,0.0,tile_47.4065_8.5685_47.4100_8.5700.png,,7.5
449,honest,0.3,0.65,13,0.0,1.0,0.0,tile_47.3900_8.5575_47.3955_8.5630.png,,7.6
450,honest,0.3,0.8,16,0.0,1.0,0.0,tile_47.3955_8.5575_47.4010_8.5630.png,,7.4
451,honest,0.3,0.35,7,15.0,1.0,0.0,tile_47.3900_8.5465_47.3955_8.5520.png,,7.6
452,honest,0.3,0.7,14,0.0,1.0,0.0,tile_47.4010_8.5410_47.4065_8.5465.png,,7.4
453,honest,0.3,1.0,20,15.0,0.0,0.0,tile_47.4065_8.5465_47.4100_8.5520.png,,7.4
454,honest,0.3,0.65,13,-15.0,1.0,0.0,tile_47.4065_8.5355_47.4100_8.5410.png,,7.5
455,honest,0.3,1.0,20,0.0,0.0,0.0,tile_47.3900_8.5465_47.3955_8.5520.png,,7.5
456,honest,0.3,1.0,20,15.0,0.0,0.0,tile_47.4010_8.5410_47.4065_8.5465.png,,7.4
457,honest,0.3,0.4,8,-15.0,1.0,0.0,tile_47.4010_8.5355_47.4065_8.5410.png,,7.4
458,honest,0.3,1.0,20,15.0,0.0,0.0,tile_47.3900_8.5630_47.3955_8.5685.png,,7.6
459,honest,0.3,0.5,10,0.0,1.0,0.0,tile_47.4010_8.5685_47.4065_8.5700.png,,7.6
460,honest,0.3,1.0,20,-15.0,0.0,0.0,tile_47.3900_8.5410_47.3955_8.5465.png,,7.5
461,honest,0.3,1.0,20,-15.0,0.0,0.0,tile_47.4010_8.5575_47.4065_8.5630.png,,7.4
462,honest,0.3,0.4,8,0.0,1.0,0.0,tile_47.3955_8.5300_47.4010_8.5355.png,,7.5
463,honest,0.3,0.65,13,0.0,1.0,0.0,tile_47.4065_8.5355_47.4100_8.5410.png,,7.5
464,honest,0.3,0.75,15,15.0,1.0,0.0,tile_47.4065_8.5685_47.4100_8.5700.png,,7.4
465,honest,0.3,0.45,9,15.0,1.0,0.0,tile_47.3900_8.5355_47.3955_8.5410.png,,7.5
466,honest,0.3,0.45,9,0.0,1.0,0.0,tile_47.4065_8.5410_47.4100_8.5465.png,,7.4
467,honest,0.3,0.6,12,15.0,1.0,0.0,tile_47.4065_8.5630_47.4100_8.5685.png,,7.4
468,honest,0.3,1.0,20,0.0,0.0,0.0,tile_47.4065_8.5630_47.4100_8.5685.png,,7.4
469,honest,0.3,0.8,16,-15.0,1.0,0.0,tile_47.3955_8.5685_47.4010_8.5700.png,,7.4
470,honest,0.3,1.0,20,-15.0,0.0,0.0,tile_47.3900_8.5355_47.3955_8.5410.png,,7.2
471,honest,0.3,0.5,10,0.0,1.0,0.0,tile_47.3955_8.5355_47.4010_8.5410.png,,7.2
472,honest,0.3,1.0,20,0.0,0.0,0.0,tile_47.4065_8.5630_47.4100_8.5685.png,,7.0
473,honest,0.3,1.0,20,15.0,0.0,0.0,tile_47.3955_8.5575_47.4010_8.5630.png,,6.9
474,honest,0.3,0.35,7,15.0,1.0,0.0,tile_47.4065_8.5300_47.4100_8.5355.png,,6.9
475,honest,0.3,1.0,20,0.0,0.0,0.0,tile_47.4010_8.5575_47.4065_8.5630.png,,6.9
476,honest,0.3,0.6,12,15.0,1.0,0.0,tile_47.4065_8.5630_47.4100_8.5685.png,,6.9
477,honest,0.3,1.0,20,-15.0,0.0,0.0,tile_47.4010_8.5465_47.4065_8.5520.png,,6.9
478,honest,0.3,0.75,15,-15.0,1.0,0.0,tile_47.3955_8.5575_47.4010_8.5630.png,,6.9
479,honest,0.3,0.6,12,15.0,1.0,0.0,tile_47.4065_8.5630_47.4100_8.5685.png,,7.2
480,honest,0.3,0.5,10,0.0,1.0,0.0,tile_47.3900_8.5685_47.3955_8.5700.png,,7.1
481,honest,0.3,0.6,12,15.0,1.0,0.0,tile_47.4010_8.5630_47.4065_8.5685.png,,7.1
482,honest,0.3,0.7,14,-15.0,1.0,0.0,tile_47.4010_8.5410_47.4065_8.5465.png,,7.1
483,honest,0.3,1.0,20,15.0,0.0,0.0,tile_47.4065_8.5520_47.4100_8.5575.png,,7.1
484,honest,0.3,0.8,16,15.0,1.0,0.0,tile_47.3955_8.5575_47.4010_8.5630.png,,7.0
485,honest,0.3,0.4,8,-15.0,1.0,0.0,tile_47.3955_8.5300_47.4010_8.5355.png,,7.1
486,honest,0.3,1.0,20,-15.0,0.0,0.0,tile_47.3900_8.5465_47.3955_8.5520.png,,7.0
487,honest,0.3,1.0,20,15.0,0.0,0.0,tile_47.3900_8.5465_47.3955_8.5520.png,,7.0
488,honest,0.3,0.65,13,-15.0,1.0,0.0,tile_47.4065_8.5630_47.4100_8.5685.png,,7.0
489,honest,0.3,1.0,20,-15.0,0.0,0.0,tile_47.3955_8.5410_47.4010_8.5465.png,,7.1
490,honest,0.3,0.75,15,0.0,1.0,0.0,tile_47.3955_8.5520_47.4010_8.5575.png,,7.1
491,honest,0.3,0.35,7,0.0,1.0,0.0,tile_47.3900_8.5465_47.3955_8.5520.png,,7.0
492,honest,0.3,1.0,20,-15.0,0.0,0.0,tile_47.3955_8.5465_47.4010_8.5520.png,,6.9
493,honest,0.3,1.0,20,0.0,0.0,0.0,tile_47.4065_8.5355_47.4100_8.5410.png,,7.0
494,honest,0.3,1.0,20,0.0,0.0,0.0,tile_47.3900_8.5410_47.3955_8.5465.png,,6.9
495,honest,0.3,0.5,10,-15.0,1.0,0.0,tile_47.4010_8.5575_47.4065_8.5630.png,,6.9
496,honest,0.3,0.4,8,0.0,1.0,0.0,tile_47.3955_8.5300_47.4010_8.5355.png,,7.0
497,honest,0.3,0.75,15,15.0,1.0,0.0,tile_47.3955_8.5520_47.4010_8.5575.png,,7.1
498,honest,0.3,0.15,3,-15.0,1.0,0.0,tile_47.4065_8.5575_47.4100_8.5630.png,,6.9
499,honest,0.3,0.55,11,15.0,1.0,0.0,tile_47.3900_8.5300_47.3955_8.5355.png,,6.9
500,byzantine,0.3,0.0,0,15.0,1.0,0.0,tile_47.3955_8.5520_47.4010_8.5575.png,tile_47.3900_8.5575_47.3955_8.5630.png,7.0
501,byzantine,0.3,0.0,0,15.0,1.0,0.0,tile_47.4010_8.5520_47.4065_8.5575.png,tile_47.3900_8.5410_47.3955_8.5465.png,7.1
502,byzantine,0.3,0.0,0,0.0,0.0,0.0,tile_47.3955_8.5300_47.4010_8.5355.png,tile_47.4010_8.5300_47.4065_8.5355.png,6.9
503,byzantine,0.3,0.0,0,0.0,0.0,0.0,tile_47.4010_8.5300_47.4065_8.5355.png,tile_47.3955_8.5520_47.4010_8.5575.png,7.0
504,byzantine,0.3,0.0,0,-15.0,1.0,0.0,tile_47.4010_8.5575_47.4065_8.5630.png,tile_47.3955_8.5355_47.4010_8.5410.png,6.9
505,byzantine,0.3,0.05,1,15.0,0.0,0.0,tile_47.4010_8.5685_47.4065_8.5700.png,tile_47.4010_8.5630_47.4065_8.5685.png,6.9
506,byzantine,0.3,0.0,0,-15.0,0.0,0.0,tile_47.4065_8.5575_47.4100_8.5630.png,tile_47.3955_8.5355_47.4010_8.5410.png,7.0
507,byzantine,0.3,0.0,0,-15.0,1.0,0.0,tile_47.3900_8.5685_47.3955_8.5700.png,tile_47.4010_8.5575_47.4065_8.5630.png,6.9
508,byzantine,0.3,0.0,0,0.0,1.0,0.0,tile_47.3955_8.5630_47.4010_8.5685.png,tile_47.4065_8.5685_47.4100_8.5700.png,7.0
509,byzantine,0.3,0.0,0,-15.0,1.0,0.0,tile_47.4065_8.5575_47.4100_8.5630.png,tile_47.4010_8.5685_47.4065_8.5700.png,6.9
510,byzantine,0.3,0.0,0,15.0,1.0,0.0,tile_47.4065_8.5630_47.4100_8.5685.png,tile_47.4065_8.5300_47.4100_8.5355.png,7.0
511,byzantine,0.3,0.0,0,15.0,0.0,0.0,tile_47.3900_8.5575_47.3955_8.5630.png,tile_47.4010_8.5355_47.4065_8.5410.png,7.0
512,byzantine,0.3,0.0,0,0.0,1.0,0.0,tile_47.3900_8.5685_47.3955_8.5700.png,tile_47.3900_8.5355_47.3955_8.5410.png,7.2
513,byzantine,0.3,0.05,1,15.0,0.0,0.0,tile_47.3955_8.5410_47.4010_8.5465.png,tile_47.3955_8.5465_47.4010_8.5520.png,7.1
514,byzantine,0.3,0.0,0,15.0,1.0,0.0,tile_47.3955_8.5575_47.4010_8.5630.png,tile_47.4010_8.5685_47.4065_8.5700.png,7.2
515,byzantine,0.3,0.0,0,15.0,1.0,0.0,tile_47.4065_8.5520_47.4100_8.5575.png,tile_47.4065_8.5355_47.4100_8.5410.png,7.0
516,byzantine,0.3,0.0,0,-15.0,1.0,0.0,tile_47.4065_8.5410_47.4100_8.5465.png,tile_47.3955_8.5630_47.4010_8.5685.png,7.1
517,byzantine,0.3,0.0,0,15.0,0.0,0.0,tile_47.4010_8.5465_47.4065_8.5520.png,tile_47.4065_8.5300_47.4100_8.5355.png,6.9
518,byzantine,0.3,0.0,0,-15.0,1.0,0.0,tile_47.3900_8.5300_47.3955_8.5355.png,tile_47.4065_8.5300_47.4100_8.5355.png,6.9
519,byzantine,0.3,0.0,0,-15.0,0.0,0.0,tile_47.4065_8.5465_47.4100_8.5520.png,tile_47.3955_8.5465_47.4010_8.5520.png,7.0
520,byzantine,0.3,0.0,0,15.0,0.0,0.0,tile_47.3900_8.5520_47.3955_8.5575.png,tile_47.4065_8.5630_47.4100_8.5685.png,7.0
521,byzantine,0.3,0.0,0,0.0,0.0,0.0,tile_47.4065_8.5410_47.4100_8.5465.png,tile_47.3900_8.5575_47.3955_8.5630.png,6.9
522,byzantine,0.3,0.0,0,-15.0,1.0,0.0,tile_47.4065_8.5300_47.4100_8.5355.png,tile_47.3955_8.5630_47.4010_8.5685.png,7.0
523,byzantine,0.3,0.0,0,0.0,1.0,0.0,tile_47.3955_8.5300_47.4010_8.5355.png,tile_47.4010_8.5575_47.4065_8.5630.png,7.0
524,byzantine,0.3,0.0,0,0.0,0.0,0.0,tile_47.4065_8.5355_47.4100_8.5410.png,tile_47.4010_8.5300_47.4065_8.5355.png,7.2
525,byzantine,0.3,0.0,0,-15.0,0.0,0.0,tile_47.3900_8.5355_47.3955_8.5410.png,tile_47.3955_8.5410_47.4010_8.5465.png,7.4
526,byzantine,0.3,0.05,1,0.0,1.0,0.0,tile_47.3955_8.5630_47.4010_8.5685.png,tile_47.3900_8.5685_47.3955_8.5700.png,7.3
527,byzantine,0.3,0.0,0,0.0,1.0,0.0,tile_47.4010_8.5355_47.4065_8.5410.png,tile_47.3900_8.5630_47.3955_8.5685.png,7.5
528,byzantine,0.3,0.05,1,15.0,0.0,0.0,tile_47.4065_8.5410_47.4100_8.5465.png,tile_47.4010_8.5465_47.4065_8.5520.png,7.4
529,byzantine,0.3,0.0,0,-15.0,0.0,0.0,tile_47.3900_8.5520_47.3955_8.5575.png,tile_47.3900_8.5465_47.3955_8.5520.png,7.0
530,byzantine,0.3,0.0,0,15.0,0.0,0.0,tile_47.3900_8.5465_47.3955_8.5520.png,tile_47.3955_8.5300_47.4010_8.5355.png,7.0
531,byzantine,0.3,0.0,0,15.0,0.0,0.0,tile_47.4065_8.5520_47.4100_8.5575.png,tile_47.3900_8.5685_47.3955_8.5700.png,7.0
532,byzantine,0.3,0.0,0,15.0,0.0,0.0,tile_47.3955_8.5300_47.4010_8.5355.png,tile_47.4010_8.5355_47.4065_8.5410.png,6.9
533,byzantine,0.3,0.0,0,0.0,0.0,0.0,tile_47.4010_8.5520_47.4065_8.5575.png,tile_47.3900_8.5685_47.3955_8.5700.png,6.9
534,byzantine,0.3,0.0,0,0.0,0.0,0.0,tile_47.4065_8.5410_47.4100_8.5465.png,tile_47.3955_8.5355_47.4010_8.5410.png,7.1
535,byzantine,0.3,0.0,0,0.0,0.0,0.0,tile_47.4065_8.5465_47.4100_8.5520.png,tile_47.4010_8.5355_47.4065_8.5410.png,7.3
536,byzantine,0.3,0.0,0,0.0,0.0,0.0,tile_47.4065_8.5300_47.4100_8.5355.png,tile_47.4065_8.5410_47.4100_8.5465.png,7.3
537,byzantine,0.3,0.0,0,15.0,1.0,0.0,tile_47.4065_8.5410_47.4100_8.5465.png,tile_47.3900_8.5520_47.3955_8.5575.png,7.8
538,byzantine,0.3,0.0,0,0.0,1.0,0.0,tile_47.4065_8.5630_47.4100_8.5685.png,tile_47.3900_8.5685_47.3955_8.5700.png,7.5
539,byzantine,0.3,0.0,0,-15.0,1.0,0.0,tile_47.4065_8.5575_47.4100_8.5630.png,tile_47.4065_8.5630_47.4100_8.5685.png,7.3
540,byzantine,0.3,0.0,0,-15.0,1.0,0.0,tile_47.3955_8.5300_47.4010_8.5355.png,tile_47.3955_8.5575_47.4010_8.5630.png,7.4
541,byzantine,0.3,0.0,0,-15.0,1.0,0.0,tile_47.4010_8.5575_47.4065_8.5630.png,tile_47.4010_8.5520_47.4065_8.5575.png,7.5
542,byzantine,0.3,0.0,0,-15.0,1.0,0.0,tile_47.3900_8.5575_47.3955_8.5630.png,tile_47.4010_8.5410_47.4065_8.5465.png,7.2
543,byzantine,0.3,0.05,1,15.0,0.0,0.0,tile_47.4010_8.5355_47.4065_8.5410.png,tile_47.3955_8.5520_47.4010_8.5575.png,7.3
544,byzantine,0.3,0.0,0,15.0,0.0,0.0,tile_47.3955_8.5520_47.4010_8.5575.png,tile_47.4065_8.5410_47.4100_8.5465.png,7.0
545,byzantine,0.3,0.0,0,15.0,0.0,0.0,tile_47.3955_8.5575_47.4010_8.5630.png,tile_47.4065_8.5520_47.4100_8.5575.png,6.9
546,byzantine,0.3,0.0,0,0.0,1.0,0.0,tile_47.3955_8.5575_47.4010_8.5630.png,tile_47.4065_8.5630_47.4100_8.5685.png,7.0
547,byzantine,0.3,0.0,0,-15.0,0.0,0.0,tile_47.3955_8.5685_47.4010_8.5700.png,tile_47.4010_8.5685_47.4065_8.5700.png,6.9
548,byzantine,0.3,0.0,0,15.0,0.0,0.0,tile_47.3955_8.5685_47.4010_8.5700.png,tile_47.4010_8.5410_47.4065_8.5465.png,6.9
549,byzantine,0.3,0.0,0,0.0,1.0,0.0,tile_47.4065_8.5575_47.4100_8.5630.png,tile_47.4010_8.5355_47.4065_8.5410.png,7.0
550,byzantine,0.3,0.0,0,15.0,1.0,0.0,tile_47.4010_8.5300_47.4065_8.5355.png,tile_47.3955_8.5465_47.4010_8.5520.png,6.9
551,byzantine,0.3,0.0,0,15.0,1.0,0.0,tile_47.3900_8.5630_47.3955_8.5685.png,tile_47.4065_8.5410_47.4100_8.5465.png,7.0
552,byzantine,0.3,0.0,0,15.0,1.0,0.0,tile_47.3955_8.5575_47.4010_8.5630.png,tile_47.3955_8.5465_47.4010_8.5520.png,6.9
553,byzantine,0.3,0.0,0,0.0,1.0,0.0,tile_47.3955_8.5630_47.4010_8.5685.png,tile_47.4065_8.5300_47.4100_8.5355.png,6.9
554,byzantine,0.3,0.0,0,-15.0,0.0,0.0,tile_47.4065_8.5410_47.4100_8.5465.png,tile_47.3955_8.5355_47.4010_8.5410.png,7.0
555,byzantine,0.3,0.0,0,-15.0,0.0,0.0,tile_47.3955_8.5630_47.4010_8.5685.png,tile_47.3955_8.5520_47.4010_8.5575.png,6.9
556,byzantine,0.3,0.0,0,15.0,0.0,0.0,tile_47.4010_8.5575_47.4065_8.5630.png,tile_47.3955_8.5300_47.4010_8.5355.png,6.9
557,byzantine,0.3,0.0,0,0.0,1.0,0.0,tile_47.3955_8.5410_47.4010_8.5465.png,tile_47.4065_8.5300_47.4100_8.5355.png,6.9
558,byzantine,0.3,0.0,0,0.0,0.0,0.0,tile_47.4065_8.5685_47.4100_8.5700.png,tile_47.3900_8.5575_47.3955_8.5630.png,7.0
559,byzantine,0.3,0.0,0,15.0,0.0,0.0,tile_47.3900_8.5520_47.3955_8.5575.png,tile_47.4065_8.5685_47.4100_8.5700.png,6.9
560,byzantine,0.3,0.0,0,15.0,0.0,0.0,tile_47.4065_8.5410_47.4100_8.5465.png,tile_47.3900_8.5520_47.3955_8.5575.png,6.9
561,byzantine,0.3,0.0,0,15.0,0.0,0.0,tile_47.3955_8.5355_47.4010_8.5410.png,tile_47.3900_8.5300_47.3955_8.5355.png,6.9
562,byzantine,0.3,0.0,0,-15.0,1.0,0.0,tile_47.3900_8.5465_47.3955_8.5520.png,tile_47.4010_8.5520_47.4065_8.5575.png,7.3
563,byzantine,0.3,0.0,0,15.0,1.0,0.0,tile_47.3900_8.5355_47.3955_8.5410.png,tile_47.3900_8.5300_47.3955_8.5355.png,7.3
564,byzantine,0.3,0.0,0,15.0,1.0,0.0,tile_47.3900_8.5355_47.3955_8.5410.png,tile_47.4010_8.5355_47.4065_8.5410.png,7.3
565,byzantine,0.3,0.0,0,15.0,1.0,0.0,tile_47.3900_8.5355_47.3955_8.5410.png,tile_47.4010_8.5355_47.4065_8.5410.png,7.3
566,byzantine,0.3,0.0,0,15.0,1.0,0.0,tile_47.3900_8.5630_47.3955_8.5685.png,tile_47.4065_8.5630_47.4100_8.5685.png,7.4
567,byzantine,0.3,0.0,0,-15.0,0.0,0.0,tile_47.3955_8.5520_47.4010_8.5575.png,tile_47.4010_8.5520_47.4065_8.5575.png,7.5
568,byzantine,0.3,0.0,0,15.0,1.0,0.0,tile_47.4010_8.5355_47.4065_8.5410.png,tile_47.4065_8.5410_47.4100_8.5465.png,7.8
569,byzantine,0.3,0.0,0,0.0,0.0,0.0,tile_47.4065_8.5355_47.4100_8.5410.png,tile_47.3955_8.5630_47.4010_8.5685.png,7.5
570,byzantine,0.3,0.0,0,15.0,0.0,0.0,tile_47.4010_8.5465_47.4065_8.5520.png,tile_47.4010_8.5630_47.4065_8.5685.png,7.4
571,byzantine,0.3,0.0,0,-15.0,0.0,0.0,tile_47.4065_8.5355_47.4100_8.5410.png,tile_47.3955_8.5520_47.4010_8.5575.png,7.3
572,byzantine,0.3,0.0,0,0.0,1.0,0.0,tile_47.3900_8.5300_47.3955_8.5355.png,tile_47.4010_8.5685_47.4065_8.5700.png,7.3
573,byzantine,0.3,0.0,0,-15.0,0.0,0.0,tile_47.4065_8.5465_47.4100_8.5520.png,tile_47.4010_8.5520_47.4065_8.5575.png,7.0
574,byzantine,0.3,0.0,0,0.0,0.0,0.0,tile_47.3955_8.5630_47.4010_8.5685.png,tile_47.3900_8.5630_47.3955_8.5685.png,7.0
575,byzantine,0.3,0.0,0,15.0,1.0,0.0,tile_47.3900_8.5410_47.3955_8.5465.png,tile_47.4065_8.5630_47.4100_8.5685.png,7.1
576,byzantine,0.3,0.0,0,-15.0,1.0,0.0,tile_47.3955_8.5465_47.4010_8.5520.png,tile_47.4065_8.5630_47.4100_8.5685.png,6.9
577,byzantine,0.3,0.0,0,0.0,0.0,0.0,tile_47.3955_8.5355_47.4010_8.5410.png,tile_47.4065_8.5355_47.4100_8.5410.png,7.2
578,byzantine,0.3,0.0,0,15.0,1.0,0.0,tile_47.4010_8.5465_47.4065_8.5520.png,tile_47.3900_8.5575_47.3955_8.5630.png,7.1
579,byzantine,0.3,0.0,0,15.0,0.0,0.0,tile_47.4010_8.5575_47.4065_8.5630.png,tile_47.3955_8.5520_47.4010_8.5575.png,7.2
580,byzantine,0.3,0.0,0,15.0,0.0,0.0,tile_47.4010_8.5630_47.4065_8.5685.png,tile_47.3900_8.5355_47.3955_8.5410.png,7.0
581,byzantine,0.3,0.0,0,-15.0,1.0,0.0,tile_47.3900_8.5520_47.3955_8.5575.png,tile_47.3955_8.5465_47.4010_8.5520.png,7.0
582,byzantine,0.3,0.0,0,15.0,1.0,0.0,tile_47.3900_8.5355_47.3955_8.5410.png,tile_47.4010_8.5575_47.4065_8.5630.png,7.0
583,byzantine,0.3,0.0,0,0.0,1.0,0.0,tile_47.3955_8.5630_47.4010_8.5685.png,tile_47.3955_8.5465_47.4010_8.5520.png,7.1
584,byzantine,0.3,0.0,0,15.0,1.0,0.0,tile_47.3955_8.5465_47.4010_8.5520.png,tile_47.4010_8.5630_47.4065_8.5685.png,7.1
585,byzantine,0.3,0.05,1,15.0,1.0,0.0,tile_47.4010_8.5410_47.4065_8.5465.png,tile_47.4065_8.5410_47.4100_8.5465.png,7.0
586,byzantine,0.3,0.0,0,-15.0,0.0,0.0,tile_47.4010_8.5355_47.4065_8.5410.png,tile_47.3900_8.5520_47.3955_8.5575.png,7.2
587,byzantine,0.3,0.0,0,0.0,0.0,0.0,tile_47.4010_8.5520_47.4065_8.5575.png,tile_47.3955_8.5465_47.4010_8.5520.png,7.2
588,byzantine,0.3,0.0,0,-15.0,0.0,0.0,tile_47.4010_8.5465_47.4065_8.5520.png,tile_47.3955_8.5630_47.4010_8.5685.png,7.0
589,byzantine,0.3,0.0,0,0.0,1.0,0.0,tile_47.3955_8.5300_47.4010_8.5355.png,tile_47.3900_8.5410_47.3955_8.5465.png,7.1
590,byzantine,0.3,0.0,0,-15.0,1.0,0.0,tile_47.4065_8.5410_47.4100_8.5465.png,tile_47.3900_8.5465_47.3955_8.5520.png,7.0
591,byzantine,0.3,0.0,0,-15.0,0.0,0.0,tile_47.3900_8.5575_47.3955_8.5630.png,tile_47.4010_8.5520_47.4065_8.5575.png,7.0
592,byzantine,0.3,0.0,0,15.0,1.0,0.0,tile_47.3900_8.5300_47.3955_8.5355.png,tile_47.3955_8.5410_47.4010_8.5465.png,7.0
593,byzantine,0.3,0.0,0,0.0,1.0,0.0,tile_47.3955_8.5685_47.4010_8.5700.png,tile_47.4010_8.5465_47.4065_8.5520.png,6.9
594,byzantine,0.3,0.0,0,15.0,0.0,0.0,tile_47.3955_8.5410_47.4010_8.5465.png,tile_47.3900_8.5520_47.3955_8.5575.png,7.0
595,byzantine,0.3,0.0,0,0.0,1.0,0.0,tile_47.4065_8.5685_47.4100_8.5700.png,tile_47.3900_8.5520_47.3955_8.5575.png,7.0
596,byzantine,0.3,0.0,0,-15.0,0.0,0.0,tile_47.4010_8.5355_47.4065_8.5410.png,tile_47.3955_8.5575_47.4010_8.5630.png,6.9
597,byzantine,0.3,0.0,0,0.0,1.0,0.0,tile_47.4010_8.5685_47.4065_8.5700.png,tile_47.3955_8.5300_47.4010_8.5355.png,7.0
598,byzantine,0.3,0.0,0,-15.0,1.0,0.0,tile_47.4065_8.5575_47.4100_8.5630.png,tile_47.3900_8.5465_47.3955_8.5520.png,7.0
599,byzantine,0.3,0.0,0,-15.0,1.0,0.0,tile_47.4065_8.5355_47.4100_8.5410.png,tile_47.3955_8.5410_47.4010_8.5465.png,7.0
600,byzantine,0.3,0.0,0,15.0,1.0,0.0,tile_47.4065_8.5520_47.4100_8.5575.png,tile_47.3955_8.5410_47.4010_8.5465.png,7.0
601,byzantine,0.3,0.0,0,0.0,0.0,0.0,tile_47.4010_8.5520_47.4065_8.5575.png,tile_47.4010_8.5465_47.4065_8.5520.png,6.9
602,byzantine,0.3,0.0,0,15.0,0.0,0.0,tile_47.4010_8.5520_47.4065_8.5575.png,tile_47.3900_8.5575_47.3955_8.5630.png,7.1
603,byzantine,0.3,0.0,0,0.0,1.0,0.0,tile_47.4065_8.5685_47.4100_8.5700.png,tile_47.4065_8.5630_47.4100_8.5685.png,7.1
604,byzantine,0.3,0.0,0,15.0,0.0,0.0,tile_47.4065_8.5300_47.4100_8.5355.png,tile_47.3955_8.5300_47.4010_8.5355.png,7.1
605,byzantine,0.3,0.0,0,0.0,1.0,0.0,tile_47.3955_8.5520_47.4010_8.5575.png,tile_47.4010_8.5465_47.4065_8.5520.png,7.1
606,byzantine,0.3,0.0,0,15.0,0.0,0.0,tile_47.4065_8.5575_47.4100_8.5630.png,tile_47.4065_8.5685_47.4100_8.5700.png,7.0
607,byzantine,0.3,0.0,0,15.0,0.0,0.0,tile_47.4010_8.5410_47.4065_8.5465.png,tile_47.4065_8.5465_47.4100_8.5520.png,7.1
608,byzantine,0.3,0.0,0,15.0,0.0,0.0,tile_47.4065_8.5685_47.4100_8.5700.png,tile_47.3900_8.5520_47.3955_8.5575.png,7.0
609,byzantine,0.3,0.0,0,15.0,1.0,0.0,tile_47.4010_8.5300_47.4065_8.5355.png,tile_47.4010_8.5630_47.4065_8.5685.png,7.0
610,byzantine,0.3,0.0,0,-15.0,1.0,0.0,tile_47.3900_8.5520_47.3955_8.5575.png,tile_47.3955_8.5685_47.4010_8.5700.png,7.0
611,byzantine,0.3,0.0,0,15.0,1.0,0.0,tile_47.4065_8.5410_47.4100_8.5465.png,tile_47.4010_8.5355_47.4065_8.5410.png,7.0
612,byzantine,0.3,0.0,0,-15.0,1.0,0.0,tile_47.3900_8.5630_47.3955_8.5685.png,tile_47.4065_8.5355_47.4100_8.5410.png,7.1
613,byzantine,0.3,0.0,0,-15.0,1.0,0.0,tile_47.3900_8.5410_47.3955_8.5465.png,tile_47.4010_8.5465_47.4065_8.5520.png,7.0
614,byzantine,0.3,0.0,0,15.0,1.0,0.0,tile_47.4065_8.5465_47.4100_8.5520.png,tile_47.3900_8.5465_47.3955_8.5520.png,7.0
615,byzantine,0.3,0.0,0,-15.0,0.0,0.0,tile_47.3955_8.5630_47.4010_8.5685.png,tile_47.4010_8.5355_47.4065_8.5410.png,7.2
616,byzantine,0.3,0.0,0,15.0,0.0,0.0,tile_47.4010_8.5685_47.4065_8.5700.png,tile_47.3955_8.5520_47.4010_8.5575.png,7.0
617,byzantine,0.3,0.0,0,0.0,0.0,0.0,tile_47.3900_8.5355_47.3955_8.5410.png,tile_47.4010_8.5300_47.4065_8.5355.png,7.4
618,byzantine,0.3,0.0,0,-15.0,1.0,0.0,tile_47.3900_8.5575_47.3955_8.5630.png,tile_47.3900_8.5465_47.3955_8.5520.png,7.2
619,byzantine,0.3,0.0,0,15.0,0.0,0.0,tile_47.4010_8.5465_47.4065_8.5520.png,tile_47.3955_8.5410_47.4010_8.5465.png,7.2
620,byzantine,0.3,0.0,0,0.0,0.0,0.0,tile_47.4010_8.5630_47.4065_8.5685.png,tile_47.3955_8.5685_47.4010_8.5700.png,7.1
621,byzantine,0.3,0.0,0,-15.0,1.0,0.0,tile_47.4010_8.5520_47.4065_8.5575.png,tile_47.3900_8.5410_47.3955_8.5465.png,7.2
622,byzantine,0.3,0.0,0,0.0,0.0,0.0,tile_47.3900_8.5355_47.3955_8.5410.png,tile_47.4065_8.5520_47.4100_8.5575.png,7.0
623,byzantine,0.3,0.0,0,0.0,0.0,0.0,tile_47.3955_8.5685_47.4010_8.5700.png,tile_47.4010_8.5355_47.4065_8.5410.png,7.3
624,byzantine,0.3,0.0,0,-15.0,0.0,0.0,tile_47.4065_8.5465_47.4100_8.5520.png,tile_47.4065_8.5685_47.4100_8.5700.png,7.0
625,byzantine,0.3,0.0,0,0.0,0.0,0.0,tile_47.3955_8.5465_47.4010_8.5520.png,tile_47.3900_8.5575_47.3955_8.5630.png,7.0
626,byzantine,0.3,0.0,0,15.0,1.0,0.0,tile_47.3900_8.5355_47.3955_8.5410.png,tile_47.4065_8.5300_47.4100_8.5355.png,7.0
627,byzantine,0.3,0.0,0,15.0,0.0,0.0,tile_47.4065_8.5465_47.4100_8.5520.png,tile_47.3955_8.5520_47.4010_8.5575.png,7.0
628,byzantine,0.3,0.0,0,-15.0,0.0,0.0,tile_47.4010_8.5355_47.4065_8.5410.png,tile_47.4065_8.5355_47.4100_8.5410.png,7.0
629,byzantine,0.3,0.0,0,15.0,0.0,0.0,tile_47.3955_8.5465_47.4010_8.5520.png,tile_47.3955_8.5520_47.4010_8.5575.png,6.9
630,byzantine,0.3,0.0,0,0.0,0.0,0.0,tile_47.3900_8.5685_47.3955_8.5700.png,tile_47.3955_8.5355_47.4010_8.5410.png,7.1
631,byzantine,0.3,0.0,0,15.0,1.0,0.0,tile_47.4065_8.5300_47.4100_8.5355.png,tile_47.4010_8.5465_47.4065_8.5520.png,7.0
632,byzantine,0.3,0.0,0,0.0,0.0,0.0,tile_47.4010_8.5630_47.4065_8.5685.png,tile_47.4065_8.5520_47.4100_8.5575.png,7.0
633,byzantine,0.3,0.0,0,0.0,0.0,0.0,tile_47.3900_8.5575_47.3955_8.5630.png,tile_47.4010_8.5630_47.4065_8.5685.png,7.0
634,byzantine,0.3,0.0,0,-15.0,1.0,0.0,tile_47.3955_8.5685_47.4010_8.5700.png,tile_47.3955_8.5355_47.4010_8.5410.png,7.1
635,byzantine,0.3,0.0,0,-15.0,0.0,0.0,tile_47.3955_8.5355_47.4010_8.5410.png,tile_47.4010_8.5355_47.4065_8.5410.png,7.0
636,byzantine,0.3,0.0,0,0.0,1.0,0.0,tile_47.4065_8.5300_47.4100_8.5355.png,tile_47.3955_8.5575_47.4010_8.5630.png,7.1
637,byzantine,0.3,0.0,0,-15.0,1.0,0.0,tile_47.3955_8.5410_47.4010_8.5465.png,tile_47.4010_8.5300_47.4065_8.5355.png,7.1
638,byzantine,0.3,0.0,0,0.0,0.0,0.0,tile_47.4010_8.5520_47.4065_8.5575.png,tile_47.4065_8.5465_47.4100_8.5520.png,7.0
639,byzantine,0.3,0.0,0,0.0,0.0,0.0,tile_47.3900_8.5300_47.3955_8.5355.png,tile_47.4010_8.5300_47.4065_8.5355.png,7.1
640,byzantine,0.3,0.0,0,-15.0,0.0,0.0,tile_47.4065_8.5685_47.4100_8.5700.png,tile_47.3955_8.5575_47.4010_8.5630.png,6.9
641,byzantine,0.3,0.0,0,15.0,1.0,0.0,tile_47.4065_8.5520_47.4100_8.5575.png,tile_47.3955_8.5685_47.4010_8.5700.png,7.0
642,byzantine,0.3,0.0,0,-15.0,0.0,0.0,tile_47.3955_8.5630_47.4010_8.5685.png,tile_47.3955_8.5355_47.4010_8.5410.png,7.1
643,byzantine,0.3,0.0,0,-15.0,1.0,0.0,tile_47.4010_8.5410_47.4065_8.5465.png,tile_47.3900_8.5575_47.3955_8.5630.png,7.0
644,byzantine,0.3,0.0,0,0.0,1.0,0.0,tile_47.3900_8.5685_47.3955_8.5700.png,tile_47.3955_8.5355_47.4010_8.5410.png,7.2
645,byzantine,0.3,0.0,0,15.0,1.0,0.0,tile_47.4065_8.5520_47.4100_8.5575.png,tile_47.4010_8.5355_47.4065_8.5410.png,7.1
646,byzantine,0.3,0.0,0,-15.0,1.0,0.0,tile_47.3955_8.5685_47.4010_8.5700.png,tile_47.3955_8.5355_47.4010_8.5410.png,7.0
647,byzantine,0.3,0.0,0,-15.0,1.0,0.0,tile_47.4010_8.5630_47.4065_8.5685.png,tile_47.4065_8.5520_47.4100_8.5575.png,7.3
648,byzantine,0.3,0.0,0,-15.0,1.0,0.0,tile_47.3955_8.5685_47.4010_8.5700.png,tile_47.3900_8.5630_47.3955_8.5685.png,7.1
649,byzantine,0.3,0.0,0,15.0,1.0,0.0,tile_47.3955_8.5410_47.4010_8.5465.png,tile_47.4010_8.5520_47.4065_8.5575.png,7.4
650,byzantine,0.3,0.0,0,-15.0,0.0,0.0,tile_47.3900_8.5465_47.3955_8.5520.png,tile_47.4010_8.5465_47.4065_8.5520.png,7.1
651,byzantine,0.3,0.0,0,0.0,1.0,0.0,tile_47.4010_8.5520_47.4065_8.5575.png,tile_47.4010_8.5685_47.4065_8.5700.png,7.2
652,byzantine,0.3,0.0,0,0.0,1.0,0.0,tile_47.3900_8.5630_47.3955_8.5685.png,tile_47.3900_8.5520_47.3955_8.5575.png,7.5
653,byzantine,0.3,0.0,0,0.0,0.0,0.0,tile_47.3955_8.5300_47.4010_8.5355.png,tile_47.4010_8.5685_47.4065_8.5700.png,7.2
654,byzantine,0.3,0.0,0,-15.0,0.0,0.0,tile_47.4010_8.5520_47.4065_8.5575.png,tile_47.4065_8.5465_47.4100_8.5520.png,7.2
655,byzantine,0.3,0.0,0,-15.0,1.0,0.0,tile_47.3955_8.5355_47.4010_8.5410.png,tile_47.4010_8.5465_47.4065_8.5520.png,7.0
656,byzantine,0.3,0.0,0,15.0,1.0,0.0,tile_47.4065_8.5300_47.4100_8.5355.png,tile_47.3955_8.5630_47.4010_8.5685.png,7.1
657,byzantine,0.3,0.0,0,-15.0,0.0,0.0,tile_47.4010_8.5355_47.4065_8.5410.png,tile_47.4010_8.5685_47.4065_8.5700.png,7.2
658,byzantine,0.3,0.0,0,0.0,1.0,0.0,tile_47.4010_8.5520_47.4065_8.5575.png,tile_47.4010_8.5410_47.4065_8.5465.png,7.1
659,byzantine,0.3,0.0,0,-15.0,0.0,0.0,tile_47.4010_8.5630_47.4065_8.5685.png,tile_47.4065_8.5520_47.4100_8.5575.png,7.3
660,byzantine,0.3,0.0,0,-15.0,1.0,0.0,tile_47.4065_8.5465_47.4100_8.5520.png,tile_47.4065_8.5410_47.4100_8.5465.png,7.3
661,byzantine,0.3,0.0,0,-15.0,1.0,0.0,tile_47.4010_8.5520_47.4065_8.5575.png,tile_47.4065_8.5465_47.4100_8.5520.png,7.2
662,byzantine,0.3,0.0,0,0.0,1.0,0.0,tile_47.4065_8.5685_47.4100_8.5700.png,tile_47.4065_8.5355_47.4100_8.5410.png,7.6
663,byzantine,0.3,0.0,0,0.0,0.0,0.0,tile_47.3900_8.5630_47.3955_8.5685.png,tile_47.4010_8.5575_47.4065_8.5630.png,7.3
664,byzantine,0.3,0.0,0,0.0,0.0,0.0,tile_47.3955_8.5410_47.4010_8.5465.png,tile_47.3955_8.5685_47.4010_8.5700.png,7.0
665,byzantine,0.3,0.0,0,0.0,0.0,0.0,tile_47.3955_8.5520_47.4010_8.5575.png,tile_47.4010_8.5685_47.4065_8.5700.png,7.2
666,byzantine,0.3,0.0,0,-15.0,1.0,0.0,tile_47.4010_8.5355_47.4065_8.5410.png,tile_47.3900_8.5410_47.3955_8.5465.png,7.1
667,byzantine,0.3,0.0,0,15.0,1.0,0.0,tile_47.3900_8.5575_47.3955_8.5630.png,tile_47.3955_8.5520_47.4010_8.5575.png,7.0
668,byzantine,0.3,0.0,0,15.0,0.0,0.0,tile_47.4065_8.5355_47.4100_8.5410.png,tile_47.4010_8.5520_47.4065_8.5575.png,7.1
669,byzantine,0.3,0.0,0,0.0,0.0,0.0,tile_47.3900_8.5575_47.3955_8.5630.png,tile_47.4010_8.5685_47.4065_8.5700.png,7.2
670,byzantine,0.3,0.05,1,-15.0,0.0,0.0,tile_47.4065_8.5630_47.4100_8.5685.png,tile_47.3900_8.5410_47.3955_8.5465.png,7.1
671,byzantine,0.3,0.0,0,-15.0,0.0,0.0,tile_47.3900_8.5300_47.3955_8.5355.png,tile_47.3900_8.5355_47.3955_8.5410.png,7.2
672,byzantine,0.3,0.0,0,15.0,1.0,0.0,tile_47.4065_8.5465_47.4100_8.5520.png,tile_47.4010_8.5630_47.4065_8.5685.png,7.1
673,byzantine,0.3,0.0,0,-15.0,1.0,0.0,tile_47.3955_8.5630_47.4010_8.5685.png,tile_47.3955_8.5520_47.4010_8.5575.png,7.0
674,byzantine,0.3,0.0,0,-15.0,0.0,0.0,tile_47.4010_8.5520_47.4065_8.5575.png,tile_47.3955_8.5465_47.4010_8.5520.png,6.9
675,byzantine,0.3,0.0,0,0.0,0.0,0.0,tile_47.3955_8.5300_47.4010_8.5355.png,tile_47.4010_8.5575_47.4065_8.5630.png,7.0
676,byzantine,0.3,0.0,0,15.0,0.0,0.0,tile_47.3900_8.5300_47.3955_8.5355.png,tile_47.4010_8.5520_47.4065_8.5575.png,7.1
677,byzantine,0.3,0.0,0,15.0,0.0,0.0,tile_47.4010_8.5630_47.4065_8.5685.png,tile_47.4065_8.5300_47.4100_8.5355.png,7.0
678,byzantine,0.3,0.0,0,-15.0,0.0,0.0,tile_47.4065_8.5520_47.4100_8.5575.png,tile_47.4065_8.5465_47.4100_8.5520.png,6.9
679,byzantine,0.3,0.0,0,-15.0,0.0,0.0,tile_47.3955_8.5300_47.4010_8.5355.png,tile_47.4065_8.5355_47.4100_8.5410.png,7.1
680,byzantine,0.3,0.0,0,-15.0,1.0,0.0,tile_47.4065_8.5465_47.4100_8.5520.png,tile_47.3955_8.5410_47.4010_8.5465.png,7.0
681,byzantine,0.3,0.0,0,-15.0,0.0,0.0,tile_47.3900_8.5575_47.3955_8.5630.png,tile_47.3955_8.5300_47.4010_8.5355.png,7.0
682,byzantine,0.3,0.0,0,15.0,1.0,0.0,tile_47.4010_8.5465_47.4065_8.5520.png,tile_47.3900_8.5630_47.3955_8.5685.png,7.0
683,byzantine,0.3,0.0,0,15.0,0.0,0.0,tile_47.4010_8.5410_47.4065_8.5465.png,tile_47.4010_8.5575_47.4065_8.5630.png,6.9
684,byzantine,0.3,0.0,0,-15.0,0.0,0.0,tile_47.4065_8.5300_47.4100_8.5355.png,tile_47.3900_8.5465_47.3955_8.5520.png,7.0
685,byzantine,0.3,0.0,0,-15.0,1.0,0.0,tile_47.3900_8.5300_47.3955_8.5355.png,tile_47.3955_8.5520_47.4010_8.5575.png,7.0
686,byzantine,0.3,0.05,1,0.0,0.0,0.0,tile_47.4065_8.5410_47.4100_8.5465.png,tile_47.3955_8.5465_47.4010_8.5520.png,6.9
687,byzantine,0.3,0.0,0,15.0,0.0,0.0,tile_47.3900_8.5520_47.3955_8.5575.png,tile_47.3900_8.5300_47.3955_8.5355.png,7.1
688,byzantine,0.3,0.0,0,15.0,0.0,0.0,tile_47.4010_8.5300_47.4065_8.5355.png,tile_47.3900_8.5630_47.3955_8.5685.png,7.0
689,byzantine,0.3,0.0,0,-15.0,0.0,0.0,tile_47.4010_8.5410_47.4065_8.5465.png,tile_47.4010_8.5575_47.4065_8.5630.png,6.9
690,byzantine,0.3,0.0,0,15.0,1.0,0.0,tile_47.4065_8.5355_47.4100_8.5410.png,tile_47.3900_8.5410_47.3955_8.5465.png,7.0
691,byzantine,0.3,0.0,0,15.0,0.0,0.0,tile_47.3900_8.5575_47.3955_8.5630.png,tile_47.3955_8.5410_47.4010_8.5465.png,6.9
692,byzantine,0.3,0.0,0,-15.0,0.0,0.0,tile_47.4010_8.5520_47.4065_8.5575.png,tile_47.3955_8.5520_47.4010_8.5575.png,7.0
693,byzantine,0.3,0.0,0,15.0,0.0,0.0,tile_47.4065_8.5465_47.4100_8.5520.png,tile_47.4010_8.5685_47.4065_8.5700.png,7.3
694,byzantine,0.3,0.0,0,-15.0,0.0,0.0,tile_47.3900_8.5575_47.3955_8.5630.png,tile_47.4065_8.5630_47.4100_8.5685.png,7.3
695,byzantine,0.3,0.0,0,0.0,0.0,0.0,tile_47.3900_8.5465_47.3955_8.5520.png,tile_47.3955_8.5410_47.4010_8.5465.png,7.0
696,byzantine,0.3,0.0,0,15.0,0.0,0.0,tile_47.3900_8.5300_47.3955_8.5355.png,tile_47.4010_8.5685_47.4065_8.5700.png,7.0
697,byzantine,0.3,0.0,0,-15.0,0.0,0.0,tile_47.4065_8.5685_47.4100_8.5700.png,tile_47.4065_8.5630_47.4100_8.5685.png,7.1
698,byzantine,0.3,0.0,0,0.0,1.0,0.0,tile_47.4010_8.5685_47.4065_8.5700.png,tile_47.3900_8.5520_47.3955_8.5575.png,7.0
699,byzantine,0.3,0.0,0,15.0,1.0,0.0,tile_47.3900_8.5355_47.3955_8.5410.png,tile_47.3955_8.5465_47.4010_8.5520.png,6.9
700,byzantine,0.3,0.0,0,0.0,1.0,0.0,tile_47.4010_8.5300_47.4065_8.5355.png,tile_47.4010_8.5685_47.4065_8.5700.png,7.0
701,byzantine,0.3,0.0,0,15.0,0.0,0.0,tile_47.4065_8.5575_47.4100_8.5630.png,tile_47.4010_8.5300_47.4065_8.5355.png,7.0
702,byzantine,0.3,0.0,0,0.0,0.0,0.0,tile_47.3955_8.5410_47.4010_8.5465.png,tile_47.3955_8.5520_47.4010_8.5575.png,6.9
703,byzantine,0.3,0.0,0,-15.0,1.0,0.0,tile_47.3900_8.5685_47.3955_8.5700.png,tile_47.3955_8.5300_47.4010_8.5355.png,7.1
704,byzantine,0.3,0.05,1,15.0,0.0,0.0,tile_47.3900_8.5300_47.3955_8.5355.png,tile_47.3955_8.5300_47.4010_8.5355.png,6.9
705,byzantine,0.3,0.0,0,-15.0,1.0,0.0,tile_47.4065_8.5300_47.4100_8.5355.png,tile_47.4065_8.5630_47.4100_8.5685.png,7.0
706,byzantine,0.3,0.0,0,-15.0,0.0,0.0,tile_47.4065_8.5410_47.4100_8.5465.png,tile_47.3900_8.5685_47.3955_8.5700.png,6.9
707,byzantine,0.3,0.0,0,0.0,0.0,0.0,tile_47.4010_8.5520_47.4065_8.5575.png,tile_47.3955_8.5300_47.4010_8.5355.png,7.0
708,byzantine,0.3,0.0,0,-15.0,1.0,0.0,tile_47.3900_8.5465_47.3955_8.5520.png,tile_47.3900_8.5630_47.3955_8.5685.png,7.0
709,byzantine,0.3,0.0,0,-15.0,0.0,0.0,tile_47.3900_8.5520_47.3955_8.5575.png,tile_47.4065_8.5575_47.4100_8.5630.png,7.0
710,byzantine,0.3,0.0,0,0.0,1.0,0.0,tile_47.4010_8.5520_47.4065_8.5575.png,tile_47.3900_8.5410_47.3955_8.5465.png,7.0
711,byzantine,0.3,0.0,0,15.0,1.0,0.0,tile_47.4010_8.5685_47.4065_8.5700.png,tile_47.3900_8.5630_47.3955_8.5685.png,7.0
712,byzantine,0.3,0.0,0,0.0,1.0,0.0,tile_47.4065_8.5575_47.4100_8.5630.png,tile_47.3955_8.5465_47.4010_8.5520.png,7.0
713,byzantine,0.3,0.0,0,15.0,1.0,0.0,tile_47.3955_8.5685_47.4010_8.5700.png,tile_47.3900_8.5520_47.3955_8.5575.png,6.9
714,byzantine,0.3,0.0,0,-15.0,1.0,0.0,tile_47.3955_8.5630_47.4010_8.5685.png,tile_47.4010_8.5410_47.4065_8.5465.png,7.1
715,byzantine,0.3,0.0,0,0.0,0.0,0.0,tile_47.3900_8.5300_47.3955_8.5355.png,tile_47.4065_8.5355_47.4100_8.5410.png,6.9
716,byzantine,0.3,0.15,3,15.0,1.0,0.0,tile_47.3900_8.5630_47.3955_8.5685.png,tile_47.3900_8.5685_47.3955_8.5700.png,7.0
717,byzantine,0.3,0.0,0,15.0,0.0,0.0,tile_47.4065_8.5685_47.4100_8.5700.png,tile_47.4065_8.5630_47.4100_8.5685.png,7.0
718,byzantine,0.3,0.0,0,-15.0,0.0,0.0,tile_47.3900_8.5575_47.3955_8.5630.png,tile_47.3900_8.5355_47.3955_8.5410.png,7.0
719,byzantine,0.3,0.0,0,-15.0,1.0,0.0,tile_47.4065_8.5575_47.4100_8.5630.png,tile_47.4010_8.5685_47.4065_8.5700.png,7.2
720,byzantine,0.3,0.0,0,-15.0,0.0,0.0,tile_47.4065_8.5355_47.4100_8.5410.png,tile_47.3900_8.5410_47.3955_8.5465.png,7.0
721,byzantine,0.3,0.0,0,15.0,0.0,0.0,tile_47.3955_8.5300_47.4010_8.5355.png,tile_47.3900_8.5685_47.3955_8.5700.png,7.0
722,byzantine,0.3,0.0,0,0.0,1.0,0.0,tile_47.4065_8.5355_47.4100_8.5410.png,tile_47.4010_8.5630_47.4065_8.5685.png,7.1
723,byzantine,0.3,0.0,0,15.0,1.0,0.0,tile_47.4065_8.5520_47.4100_8.5575.png,tile_47.3955_8.5300_47.4010_8.5355.png,7.2
724,byzantine,0.3,0.0,0,-15.0,0.0,0.0,tile_47.3955_8.5300_47.4010_8.5355.png,tile_47.4065_8.5355_47.4100_8.5410.png,6.9
725,byzantine,0.3,0.0,0,15.0,0.0,0.0,tile_47.3900_8.5630_47.3955_8.5685.png,tile_47.3900_8.5575_47.3955_8.5630.png,7.1
726,byzantine,0.3,0.0,0,0.0,1.0,0.0,tile_47.4065_8.5410_47.4100_8.5465.png,tile_47.3900_8.5465_47.3955_8.5520.png,7.0
727,byzantine,0.3,0.0,0,15.0,1.0,0.0,tile_47.4065_8.5520_47.4100_8.5575.png,tile_47.3955_8.5355_47.4010_8.5410.png,7.1
728,byzantine,0.3,0.0,0,0.0,1.0,0.0,tile_47.3900_8.5575_47.3955_8.5630.png,tile_47.3900_8.5630_47.3955_8.5685.png,7.0
729,byzantine,0.3,0.0,0,15.0,1.0,0.0,tile_47.3955_8.5575_47.4010_8.5630.png,tile_47.4065_8.5465_47.4100_8.5520.png,7.0
730,byzantine,0.3,0.0,0,0.0,0.0,0.0,tile_47.3955_8.5685_47.4010_8.5700.png,tile_47.4065_8.5685_47.4100_8.5700.png,7.1
731,byzantine,0.3,0.0,0,0.0,1.0,0.0,tile_47.4010_8.5465_47.4065_8.5520.png,tile_47.3955_8.5300_47.4010_8.5355.png,7.0
732,byzantine,0.3,0.0,0,-15.0,0.0,0.0,tile_47.4065_8.5520_47.4100_8.5575.png,tile_47.4010_8.5355_47.4065_8.5410.png,7.0
733,byzantine,0.3,0.0,0,15.0,0.0,0.0,tile_47.4065_8.5575_47.4100_8.5630.png,tile_47.3900_8.5465_47.3955_8.5520.png,7.0
734,byzantine,0.3,0.0,0,-15.0,0.0,0.0,tile_47.3900_8.5465_47.3955_8.5520.png,tile_47.4065_8.5465_47.4100_8.5520.png,7.0
735,byzantine,0.3,0.0,0,-15.0,0.0,0.0,tile_47.4065_8.5355_47.4100_8.5410.png,tile_47.3955_8.5465_47.4010_8.5520.png,7.1
736,byzantine,0.3,0.0,0,15.0,0.0,0.0,tile_47.3900_8.5520_47.3955_8.5575.png,tile_47.3900_8.5300_47.3955_8.5355.png,7.0
737,byzantine,0.3,0.0,0,-15.0,0.0,0.0,tile_47.3955_8.5300_47.4010_8.5355.png,tile_47.3900_8.5410_47.3955_8.5465.png,7.0
738,byzantine,0.3,0.0,0,0.0,0.0,0.0,tile_47.4065_8.5575_47.4100_8.5630.png,tile_47.3900_8.5355_47.3955_8.5410.png,7.1
739,byzantine,0.3,0.0,0,-15.0,1.0,0.0,tile_47.4065_8.5685_47.4100_8.5700.png,tile_47.3900_8.5300_47.3955_8.5355.png,7.0
740,byzantine,0.3,0.0,0,0.0,1.0,0.0,tile_47.4010_8.5630_47.4065_8.5685.png,tile_47.3900_8.5630_47.3955_8.5685.png,7.1
741,byzantine,0.3,0.0,0,-15.0,1.0,0.0,tile_47.4065_8.5520_47.4100_8.5575.png,tile_47.4065_8.5575_47.4100_8.5630.png,7.0
742,byzantine,0.3,0.0,0,-15.0,0.0,0.0,tile_47.4010_8.5410_47.4065_8.5465.png,tile_47.3955_8.5685_47.4010_8.5700.png,6.9
743,byzantine,0.3,0.0,0,0.0,1.0,0.0,tile_47.3900_8.5575_47.3955_8.5630.png,tile_47.3955_8.5355_47.4010_8.5410.png,7.0
744,byzantine,0.3,0.0,0,0.0,0.0,0.0,tile_47.3955_8.5520_47.4010_8.5575.png,tile_47.4010_8.5575_47.4065_8.5630.png,6.9
745,byzantine,0.3,0.0,0,15.0,0.0,0.0,tile_47.4065_8.5300_47.4100_8.5355.png,tile_47.4065_8.5410_47.4100_8.5465.png,7.0
746,byzantine,0.3,0.0,0,15.0,1.0,0.0,tile_47.4065_8.5685_47.4100_8.5700.png,tile_47.3955_8.5465_47.4010_8.5520.png,7.0
747,byzantine,0.3,0.0,0,15.0,1.0,0.0,tile_47.4010_8.5355_47.4065_8.5410.png,tile_47.3900_8.5575_47.3955_8.5630.png,7.0
748,byzantine,0.3,0.0,0,-15.0,1.0,0.0,tile_47.3900_8.5355_47.3955_8.5410.png,tile_47.4065_8.5575_47.4100_8.5630.png,7.1
749,byzantine,0.3,0.0,0,0.0,0.0,0.0,tile_47.4010_8.5630_47.4065_8.5685.png,tile_47.4065_8.5355_47.4100_8.5410.png,7.0
750,byzantine,0.3,0.0,0,15.0,0.0,0.0,tile_47.3900_8.5630_47.3955_8.5685.png,tile_47.3955_8.5300_47.4010_8.5355.png,7.0
751,byzantine,0.3,0.0,0,15.0,0.0,0.0,tile_47.3900_8.5465_47.3955_8.5520.png,tile_47.4065_8.5355_47.4100_8.5410.png,7.1
752,byzantine,0.3,0.0,0,-15.0,1.0,0.0,tile_47.3955_8.5465_47.4010_8.5520.png,tile_47.3900_8.5575_47.3955_8.5630.png,7.0
753,byzantine,0.3,0.0,0,-15.0,1.0,0.0,tile_47.3900_8.5355_47.3955_8.5410.png,tile_47.4010_8.5685_47.4065_8.5700.png,7.1
754,byzantine,0.3,0.0,0,15.0,1.0,0.0,tile_47.3955_8.5520_47.4010_8.5575.png,tile_47.4065_8.5465_47.4100_8.5520.png,7.0
755,byzantine,0.3,0.0,0,0.0,1.0,0.0,tile_47.4065_8.5685_47.4100_8.5700.png,tile_47.3900_8.5355_47.3955_8.5410.png,7.0
756,byzantine,0.3,0.0,0,-15.0,0.0,0.0,tile_47.3955_8.5630_47.4010_8.5685.png,tile_47.3900_8.5300_47.3955_8.5355.png,7.1
757,byzantine,0.3,0.0,0,15.0,1.0,0.0,tile_47.4010_8.5575_47.4065_8.5630.png,tile_47.4065_8.5630_47.4100_8.5685.png,7.0
758,byzantine,0.3,0.0,0,15.0,0.0,0.0,tile_47.4010_8.5575_47.4065_8.5630.png,tile_47.4010_8.5685_47.4065_8.5700.png,7.0
759,byzantine,0.3,0.0,0,-15.0,1.0,0.0,tile_47.3900_8.5355_47.3955_8.5410.png,tile_47.3900_8.5575_47.3955_8.5630.png,7.1
760,byzantine,0.3,0.0,0,15.0,0.0,0.0,tile_47.4010_8.5685_47.4065_8.5700.png,tile_47.4065_8.5685_47.4100_8.5700.png,7.0
761,byzantine,0.3,0.0,0,-15.0,1.0,0.0,tile_47.3900_8.5630_47.3955_8.5685.png,tile_47.3955_8.5465_47.4010_8.5520.png,7.0
762,byzantine,0.3,0.0,0,0.0,1.0,0.0,tile_47.3955_8.5410_47.4010_8.5465.png,tile_47.4065_8.5300_47.4100_8.5355.png,7.5
763,byzantine,0.3,0.0,0,0.0,1.0,0.0,tile_47.3955_8.5465_47.4010_8.5520.png,tile_47.4010_8.5685_47.4065_8.5700.png,7.5
764,byzantine,0.3,0.0,0,15.0,1.0,0.0,tile_47.3955_8.5465_47.4010_8.5520.png,tile_47.3955_8.5575_47.4010_8.5630.png,7.6
765,byzantine,0.3,0.0,0,0.0,1.0,0.0,tile_47.3955_8.5465_47.4010_8.5520.png,tile_47.4065_8.5300_47.4100_8.5355.png,7.6
766,byzantine,0.3,0.0,0,-15.0,1.0,0.0,tile_47.3955_8.5465_47.4010_8.5520.png,tile_47.4010_8.5520_47.4065_8.5575.png,7.4
767,byzantine,0.3,0.0,0,0.0,0.0,0.0,tile_47.4065_8.5685_47.4100_8.5700.png,tile_47.3900_8.5520_47.3955_8.5575.png,7.1
768,byzantine,0.3,0.0,0,0.0,0.0,0.0,tile_47.4010_8.5630_47.4065_8.5685.png,tile_47.3955_8.5410_47.4010_8.5465.png,7.2
769,byzantine,0.3,0.0,0,-15.0,0.0,0.0,tile_47.4065_8.5520_47.4100_8.5575.png,tile_47.3900_8.5300_47.3955_8.5355.png,7.0
770,byzantine,0.3,0.0,0,0.0,0.0,0.0,tile_47.3900_8.5520_47.3955_8.5575.png,tile_47.3955_8.5520_47.4010_8.5575.png,7.0
771,byzantine,0.3,0.0,0,0.0,0.0,0.0,tile_47.3900_8.5465_47.3955_8.5520.png,tile_47.3955_8.5575_47.4010_8.5630.png,6.9
772,byzantine,0.3,0.0,0,0.0,1.0,0.0,tile_47.4065_8.5410_47.4100_8.5465.png,tile_47.3955_8.5685_47.4010_8.5700.png,7.1
773,byzantine,0.3,0.0,0,0.0,1.0,0.0,tile_47.3900_8.5630_47.3955_8.5685.png,tile_47.4065_8.5465_47.4100_8.5520.png,7.0
774,byzantine,0.3,0.0,0,0.0,0.0,0.0,tile_47.4065_8.5520_47.4100_8.5575.png,tile_47.3900_8.5410_47.3955_8.5465.png,7.0
775,byzantine,0.3,0.0,0,-15.0,1.0,0.0,tile_47.4010_8.5520_47.4065_8.5575.png,tile_47.3955_8.5300_47.4010_8.5355.png,7.0
776,byzantine,0.3,0.0,0,-15.0,0.0,0.0,tile_47.3955_8.5410_47.4010_8.5465.png,tile_47.4065_8.5575_47.4100_8.5630.png,6.9
777,byzantine,0.3,0.0,0,0.0,0.0,0.0,tile_47.3900_8.5575_47.3955_8.5630.png,tile_47.3955_8.5465_47.4010_8.5520.png,7.2
778,byzantine,0.3,0.0,0,15.0,1.0,0.0,tile_47.4065_8.5465_47.4100_8.5520.png,tile_47.4065_8.5685_47.4100_8.5700.png,7.0
779,byzantine,0.3,0.0,0,15.0,0.0,0.0,tile_47.3955_8.5410_47.4010_8.5465.png,tile_47.3900_8.5355_47.3955_8.5410.png,7.0
780,byzantine,0.3,0.0,0,-15.0,1.0,0.0,tile_47.3955_8.5520_47.4010_8.5575.png,tile_47.3955_8.5630_47.4010_8.5685.png,7.1
781,byzantine,0.3,0.0,0,15.0,1.0,0.0,tile_47.4010_8.5465_47.4065_8.5520.png,tile_47.3900_8.5685_47.3955_8.5700.png,7.0
782,byzantine,0.3,0.0,0,-15.0,0.0,0.0,tile_47.4065_8.5685_47.4100_8.5700.png,tile_47.3900_8.5520_47.3955_8.5575.png,7.0
783,byzantine,0.3,0.0,0,-15.0,1.0,0.0,tile_47.4065_8.5465_47.4100_8.5520.png,tile_47.3900_8.5410_47.3955_8.5465.png,7.0
784,byzantine,0.3,0.0,0,0.0,1.0,0.0,tile_47.3900_8.5630_47.3955_8.5685.png,tile_47.3900_8.5300_47.3955_8.5355.png,7.0
785,byzantine,0.3,0.0,0,-15.0,0.0,0.0,tile_47.3900_8.5575_47.3955_8.5630.png,tile_47.4010_8.5300_47.4065_8.5355.png,7.0
786,byzantine,0.3,0.0,0,-15.0,1.0,0.0,tile_47.4065_8.5630_47.4100_8.5685.png,tile_47.3955_8.5685_47.4010_8.5700.png,7.0
787,byzantine,0.3,0.0,0,15.0,1.0,0.0,tile_47.4065_8.5300_47.4100_8.5355.png,tile_47.3900_8.5575_47.3955_8.5630.png,7.0
788,byzantine,0.3,0.0,0,0.0,1.0,0.0,tile_47.3955_8.5465_47.4010_8.5520.png,tile_47.3955_8.5685_47.4010_8.5700.png,7.1
789,byzantine,0.3,0.0,0,-15.0,1.0,0.0,tile_47.4065_8.5575_47.4100_8.5630.png,tile_47.3955_8.5300_47.4010_8.5355.png,7.0
790,byzantine,0.3,0.0,0,-15.0,1.0,0.0,tile_47.3955_8.5355_47.4010_8.5410.png,tile_47.4065_8.5355_47.4100_8.5410.png,7.2
791,byzantine,0.3,0.0,0,15.0,0.0,0.0,tile_47.4010_8.5630_47.4065_8.5685.png,tile_47.4065_8.5410_47.4100_8.5465.png,7.0
792,byzantine,0.3,0.0,0,15.0,1.0,0.0,tile_47.3900_8.5465_47.3955_8.5520.png,tile_47.4065_8.5465_47.4100_8.5520.png,7.0
793,byzantine,0.3,0.0,0,0.0,1.0,0.0,tile_47.3955_8.5685_47.4010_8.5700.png,tile_47.4010_8.5300_47.4065_8.5355.png,7.0
794,byzantine,0.3,0.0,0,0.0,0.0,0.0,tile_47.3900_8.5410_47.3955_8.5465.png,tile_47.4010_8.5355_47.4065_8.5410.png,6.9
795,byzantine,0.3,0.0,0,15.0,0.0,0.0,tile_47.4065_8.5520_47.4100_8.5575.png,tile_47.3900_8.5575_47.3955_8.5630.png,7.0
796,byzantine,0.3,0.0,0,-15.0,0.0,0.0,tile_47.3955_8.5300_47.4010_8.5355.png,tile_47.3900_8.5355_47.3955_8.5410.png,7.0
797,byzantine,0.3,0.0,0,0.0,0.0,0.0,tile_47.3955_8.5520_47.4010_8.5575.png,tile_47.4065_8.5465_47.4100_8.5520.png,6.9
798,byzantine,0.3,0.0,0,15.0,0.0,0.0,tile_47.4010_8.5520_47.4065_8.5575.png,tile_47.4065_8.5630_47.4100_8.5685.png,7.1
799,byzantine,0.3,0.0,0,15.0,0.0,0.0,tile_47.4065_8.5300_47.4100_8.5355.png,tile_47.4010_8.5355_47.4065_8.5410.png,7.2
800,byzantine,0.3,0.0,0,0.0,1.0,0.0,tile_47.4065_8.5575_47.4100_8.5630.png,tile_47.4065_8.5630_47.4100_8.5685.png,7.0
801,byzantine,0.3,0.0,0,-15.0,1.0,0.0,tile_47.4065_8.5410_47.4100_8.5465.png,tile_47.3900_8.5520_47.3955_8.5575.png,7.1
802,byzantine,0.3,0.0,0,-15.0,0.0,0.0,tile_47.3900_8.5630_47.3955_8.5685.png,tile_47.4065_8.5410_47.4100_8.5465.png,7.0
803,byzantine,0.3,0.0,0,0.0,1.0,0.0,tile_47.4010_8.5300_47.4065_8.5355.png,tile_47.3955_8.5520_47.4010_8.5575.png,7.0
804,byzantine,0.3,0.0,0,15.0,1.0,0.0,tile_47.3900_8.5410_47.3955_8.5465.png,tile_47.3900_8.5630_47.3955_8.5685.png,7.2
805,byzantine,0.3,0.0,0,0.0,1.0,0.0,tile_47.4065_8.5355_47.4100_8.5410.png,tile_47.3900_8.5355_47.3955_8.5410.png,7.1
806,byzantine,0.3,0.0,0,0.0,1.0,0.0,tile_47.3900_8.5465_47.3955_8.5520.png,tile_47.4065_8.5300_47.4100_8.5355.png,7.0
807,byzantine,0.3,0.0,0,0.0,1.0,0.0,tile_47.3900_8.5355_47.3955_8.5410.png,tile_47.3955_8.5465_47.4010_8.5520.png,7.0
808,byzantine,0.3,0.0,0,0.0,1.0,0.0,tile_47.4065_8.5685_47.4100_8.5700.png,tile_47.4065_8.5465_47.4100_8.5520.png,7.0
809,byzantine,0.3,0.0,0,15.0,0.0,0.0,tile_47.3955_8.5300_47.4010_8.5355.png,tile_47.3955_8.5410_47.4010_8.5465.png,7.1
810,byzantine,0.3,0.0,0,15.0,1.0,0.0,tile_47.4010_8.5355_47.4065_8.5410.png,tile_47.4065_8.5300_47.4100_8.5355.png,7.0
811,byzantine,0.3,0.0,0,0.0,0.0,0.0,tile_47.4065_8.5520_47.4100_8.5575.png,tile_47.3900_8.5630_47.3955_8.5685.png,7.0
812,byzantine,0.3,0.05,1,0.0,1.0,0.0,tile_47.3900_8.5465_47.3955_8.5520.png,tile_47.4010_8.5355_47.4065_8.5410.png,7.1
813,byzantine,0.3,0.0,0,-15.0,0.0,0.0,tile_47.4065_8.5355_47.4100_8.5410.png,tile_47.3900_8.5520_47.3955_8.5575.png,6.9
814,byzantine,0.3,0.0,0,15.0,0.0,0.0,tile_47.3955_8.5520_47.4010_8.5575.png,tile_47.4065_8.5575_47.4100_8.5630.png,7.0
815,byzantine,0.3,0.0,0,-15.0,0.0,0.0,tile_47.3900_8.5410_47.3955_8.5465.png,tile_47.3955_8.5685_47.4010_8.5700.png,7.0
816,byzantine,0.3,0.05,1,-15.0,1.0,0.0,tile_47.4010_8.5355_47.4065_8.5410.png,tile_47.3955_8.5465_47.4010_8.5520.png,7.0
817,byzantine,0.3,0.0,0,0.0,1.0,0.0,tile_47.3900_8.5355_47.3955_8.5410.png,tile_47.3955_8.5300_47.4010_8.5355.png,7.1
818,byzantine,0.3,0.0,0,0.0,1.0,0.0,tile_47.3955_8.5465_47.4010_8.5520.png,tile_47.4065_8.5685_47.4100_8.5700.png,7.0
819,byzantine,0.3,0.0,0,0.0,1.0,0.0,tile_47.3955_8.5410_47.4010_8.5465.png,tile_47.4065_8.5465_47.4100_8.5520.png,7.0
820,byzantine,0.3,0.0,0,0.0,0.0,0.0,tile_47.3900_8.5355_47.3955_8.5410.png,tile_47.3955_8.5575_47.4010_8.5630.png,7.0
821,byzantine,0.3,0.0,0,-15.0,0.0,0.0,tile_47.3955_8.5630_47.4010_8.5685.png,tile_47.4010_8.5575_47.4065_8.5630.png,6.9
822,byzantine,0.3,0.0,0,-15.0,0.0,0.0,tile_47.4065_8.5410_47.4100_8.5465.png,tile_47.4010_8.5300_47.4065_8.5355.png,7.0
823,byzantine,0.3,0.0,0,-15.0,0.0,0.0,tile_47.3955_8.5300_47.4010_8.5355.png,tile_47.4010_8.5575_47.4065_8.5630.png,7.0
824,byzantine,0.3,0.0,0,-15.0,0.0,0.0,tile_47.4010_8.5300_47.4065_8.5355.png,tile_47.4010_8.5520_47.4065_8.5575.png,6.9
825,byzantine,0.3,0.0,0,0.0,1.0,0.0,tile_47.4065_8.5300_47.4100_8.5355.png,tile_47.4065_8.5520_47.4100_8.5575.png,7.1
826,byzantine,0.3,0.0,0,0.0,1.0,0.0,tile_47.3955_8.5575_47.4010_8.5630.png,tile_47.3955_8.5685_47.4010_8.5700.png,7.0
827,byzantine,0.3,0.0,0,0.0,1.0,0.0,tile_47.3900_8.5300_47.3955_8.5355.png,tile_47.4010_8.5355_47.4065_8.5410.png,7.0
828,byzantine,0.3,0.0,0,15.0,1.0,0.0,tile_47.4010_8.5465_47.4065_8.5520.png,tile_47.4010_8.5630_47.4065_8.5685.png,7.2
829,byzantine,0.3,0.0,0,-15.0,1.0,0.0,tile_47.4010_8.5575_47.4065_8.5630.png,tile_47.3955_8.5300_47.4010_8.5355.png,7.1
830,byzantine,0.3,0.0,0,15.0,1.0,0.0,tile_47.4010_8.5300_47.4065_8.5355.png,tile_47.4010_8.5575_47.4065_8.5630.png,7.0
831,byzantine,0.3,0.0,0,15.0,1.0,0.0,tile_47.3955_8.5355_47.4010_8.5410.png,tile_47.4010_8.5355_47.4065_8.5410.png,7.0
832,byzantine,0.3,0.0,0,-15.0,0.0,0.0,tile_47.4010_8.5520_47.4065_8.5575.png,tile_47.4010_8.5630_47.4065_8.5685.png,6.9
833,byzantine,0.3,0.0,0,-15.0,0.0,0.0,tile_47.4010_8.5410_47.4065_8.5465.png,tile_47.3955_8.5300_47.4010_8.5355.png,7.1
834,byzantine,0.3,0.0,0,0.0,1.0,0.0,tile_47.3900_8.5410_47.3955_8.5465.png,tile_47.4010_8.5465_47.4065_8.5520.png,7.0
835,byzantine,0.3,0.0,0,15.0,0.0,0.0,tile_47.3955_8.5630_47.4010_8.5685.png,tile_47.4010_8.5630_47.4065_8.5685.png,7.0
836,byzantine,0.3,0.0,0,15.0,1.0,0.0,tile_47.4010_8.5465_47.4065_8.5520.png,tile_47.4065_8.5520_47.4100_8.5575.png,7.1
837,byzantine,0.3,0.0,0,-15.0,0.0,0.0,tile_47.3900_8.5630_47.3955_8.5685.png,tile_47.4010_8.5300_47.4065_8.5355.png,6.9
838,byzantine,0.3,0.0,0,-15.0,1.0,0.0,tile_47.4010_8.5575_47.4065_8.5630.png,tile_47.4010_8.5520_47.4065_8.5575.png,7.0
839,byzantine,0.3,0.0,0,-15.0,0.0,0.0,tile_47.3955_8.5630_47.4010_8.5685.png,tile_47.4065_8.5300_47.4100_8.5355.png,7.0
840,byzantine,0.3,0.0,0,0.0,1.0,0.0,tile_47.4010_8.5685_47.4065_8.5700.png,tile_47.3955_8.5300_47.4010_8.5355.png,7.0
841,byzantine,0.3,0.0,0,15.0,1.0,0.0,tile_47.3900_8.5685_47.3955_8.5700.png,tile_47.4010_8.5300_47.4065_8.5355.png,7.1
842,byzantine,0.3,0.0,0,-15.0,0.0,0.0,tile_47.3955_8.5520_47.4010_8.5575.png,tile_47.4010_8.5355_47.4065_8.5410.png,6.9
843,byzantine,0.3,0.0,0,-15.0,1.0,0.0,tile_47.4065_8.5410_47.4100_8.5465.png,tile_47.3900_8.5355_47.3955_8.5410.png,7.0
844,byzantine,0.3,0.0,0,-15.0,0.0,0.0,tile_47.4010_8.5575_47.4065_8.5630.png,tile_47.3955_8.5575_47.4010_8.5630.png,7.0
845,byzantine,0.3,0.25,5,15.0,1.0,0.0,tile_47.4010_8.5520_47.4065_8.5575.png,tile_47.4065_8.5520_47.4100_8.5575.png,7.0
846,byzantine,0.3,0.0,0,15.0,0.0,0.0,tile_47.4065_8.5685_47.4100_8.5700.png,tile_47.3955_8.5410_47.4010_8.5465.png,6.9
847,byzantine,0.3,0.0,0,15.0,0.0,0.0,tile_47.3900_8.5465_47.3955_8.5520.png,tile_47.3900_8.5300_47.3955_8.5355.png,7.0
848,byzantine,0.3,0.0,0,0.0,1.0,0.0,tile_47.3955_8.5410_47.4010_8.5465.png,tile_47.4010_8.5465_47.4065_8.5520.png,7.0
849,byzantine,0.3,0.0,0,-15.0,1.0,0.0,tile_47.3955_8.5300_47.4010_8.5355.png,tile_47.4010_8.5520_47.4065_8.5575.png,7.0
850,byzantine,0.3,0.0,0,0.0,1.0,0.0,tile_47.4065_8.5465_47.4100_8.5520.png,tile_47.4065_8.5685_47.4100_8.5700.png,7.0
851,byzantine,0.3,0.0,0,0.0,1.0,0.0,tile_47.3900_8.5410_47.3955_8.5465.png,tile_47.4010_8.5410_47.4065_8.5465.png,7.0
852,byzantine,0.3,0.0,0,-15.0,1.0,0.0,tile_47.4010_8.5520_47.4065_8.5575.png,tile_47.4065_8.5355_47.4100_8.5410.png,7.0
853,byzantine,0.3,0.0,0,15.0,0.0,0.0,tile_47.3900_8.5300_47.3955_8.5355.png,tile_47.4010_8.5575_47.4065_8.5630.png,7.0
854,byzantine,0.3,0.0,0,15.0,0.0,0.0,tile_47.4010_8.5630_47.4065_8.5685.png,tile_47.3955_8.5355_47.4010_8.5410.png,6.9
855,byzantine,0.3,0.0,0,-15.0,0.0,0.0,tile_47.4010_8.5465_47.4065_8.5520.png,tile_47.3900_8.5575_47.3955_8.5630.png,7.2
856,byzantine,0.3,0.0,0,-15.0,0.0,0.0,tile_47.4010_8.5410_47.4065_8.5465.png,tile_47.3955_8.5630_47.4010_8.5685.png,7.0
857,byzantine,0.3,0.0,0,15.0,1.0,0.0,tile_47.3955_8.5300_47.4010_8.5355.png,tile_47.3955_8.5465_47.4010_8.5520.png,7.0
858,byzantine,0.3,0.0,0,0.0,1.0,0.0,tile_47.3955_8.5410_47.4010_8.5465.png,tile_47.4065_8.5685_47.4100_8.5700.png,7.1
859,byzantine,0.3,0.0,0,0.0,0.0,0.0,tile_47.3955_8.5630_47.4010_8.5685.png,tile_47.4065_8.5300_47.4100_8.5355.png,7.0
860,byzantine,0.3,0.0,0,-15.0,0.0,0.0,tile_47.3955_8.5410_47.4010_8.5465.png,tile_47.3900_8.5465_47.3955_8.5520.png,7.0
861,byzantine,0.3,0.0,0,0.0,0.0,0.0,tile_47.4010_8.5300_47.4065_8.5355.png,tile_47.4065_8.5355_47.4100_8.5410.png,7.0
862,byzantine,0.3,0.0,0,15.0,0.0,0.0,tile_47.3900_8.5630_47.3955_8.5685.png,tile_47.4010_8.5575_47.4065_8.5630.png,7.0
863,byzantine,0.3,0.0,0,-15.0,0.0,0.0,tile_47.4065_8.5410_47.4100_8.5465.png,tile_47.3955_8.5630_47.4010_8.5685.png,7.1
864,byzantine,0.3,0.15,3,0.0,0.0,0.0,tile_47.4065_8.5630_47.4100_8.5685.png,tile_47.4010_8.5630_47.4065_8.5685.png,7.0
865,byzantine,0.3,0.0,0,-15.0,0.0,0.0,tile_47.4010_8.5465_47.4065_8.5520.png,tile_47.3955_8.5575_47.4010_8.5630.png,7.0
866,byzantine,0.3,0.0,0,15.0,0.0,0.0,tile_47.3955_8.5300_47.4010_8.5355.png,tile_47.3955_8.5630_47.4010_8.5685.png,7.1
867,byzantine,0.3,0.0,0,-15.0,0.0,0.0,tile_47.3900_8.5685_47.3955_8.5700.png,tile_47.4065_8.5410_47.4100_8.5465.png,7.0
868,byzantine,0.3,0.0,0,-15.0,1.0,0.0,tile_47.3955_8.5520_47.4010_8.5575.png,tile_47.4065_8.5355_47.4100_8.5410.png,7.1
869,byzantine,0.3,0.0,0,0.0,0.0,0.0,tile_47.4065_8.5410_47.4100_8.5465.png,tile_47.3955_8.5355_47.4010_8.5410.png,7.0
870,byzantine,0.3,0.0,0,-15.0,0.0,0.0,tile_47.3955_8.5575_47.4010_8.5630.png,tile_47.4010_8.5685_47.4065_8.5700.png,6.9
871,byzantine,0.3,0.0,0,0.0,1.0,0.0,tile_47.3900_8.5300_47.3955_8.5355.png,tile_47.3900_8.5355_47.3955_8.5410.png,7.1
872,byzantine,0.3,0.0,0,15.0,0.0,0.0,tile_47.4065_8.5685_47.4100_8.5700.png,tile_47.3900_8.5520_47.3955_8.5575.png,7.0
873,byzantine,0.3,0.0,0,-15.0,0.0,0.0,tile_47.4010_8.5300_47.4065_8.5355.png,tile_47.4010_8.5575_47.4065_8.5630.png,6.9
874,byzantine,0.3,0.0,0,-15.0,1.0,0.0,tile_47.4010_8.5300_47.4065_8.5355.png,tile_47.3955_8.5630_47.4010_8.5685.png,7.1
875,byzantine,0.3,0.0,0,-15.0,0.0,0.0,tile_47.3900_8.5410_47.3955_8.5465.png,tile_47.4065_8.5520_47.4100_8.5575.png,6.9
876,byzantine,0.3,0.0,0,0.0,1.0,0.0,tile_47.4065_8.5465_47.4100_8.5520.png,tile_47.4010_8.5685_47.4065_8.5700.png,7.0
877,byzantine,0.3,0.0,0,-15.0,0.0,0.0,tile_47.3900_8.5300_47.3955_8.5355.png,tile_47.4065_8.5520_47.4100_8.5575.png,7.0
878,byzantine,0.3,0.0,0,-15.0,0.0,0.0,tile_47.4010_8.5630_47.4065_8.5685.png,tile_47.4065_8.5575_47.4100_8.5630.png,6.9
879,byzantine,0.3,0.0,0,0.0,1.0,0.0,tile_47.4010_8.5685_47.4065_8.5700.png,tile_47.4065_8.5465_47.4100_8.5520.png,7.0
880,byzantine,0.3,0.0,0,0.0,0.0,0.0,tile_47.4065_8.5355_47.4100_8.5410.png,tile_47.3955_8.5520_47.4010_8.5575.png,7.0
881,byzantine,0.3,0.0,0,0.0,1.0,0.0,tile_47.4065_8.5630_47.4100_8.5685.png,tile_47.4065_8.5355_47.4100_8.5410.png,7.0
882,byzantine,0.3,0.0,0,0.0,0.0,0.0,tile_47.3955_8.5300_47.4010_8.5355.png,tile_47.4010_8.5685_47.4065_8.5700.png,7.1
883,byzantine,0.3,0.0,0,15.0,0.0,0.0,tile_47.3900_8.5630_47.3955_8.5685.png,tile_47.3955_8.5630_47.4010_8.5685.png,7.0
884,byzantine,0.3,0.0,0,15.0,1.0,0.0,tile_47.3955_8.5465_47.4010_8.5520.png,tile_47.4010_8.5520_47.4065_8.5575.png,7.0
885,byzantine,0.3,0.0,0,0.0,1.0,0.0,tile_47.3955_8.5300_47.4010_8.5355.png,tile_47.4010_8.5300_47.4065_8.5355.png,7.1
886,byzantine,0.3,0.0,0,0.0,0.0,0.0,tile_47.4065_8.5520_47.4100_8.5575.png,tile_47.3900_8.5355_47.3955_8.5410.png,7.0
887,byzantine,0.3,0.0,0,-15.0,1.0,0.0,tile_47.3900_8.5300_47.3955_8.5355.png,tile_47.4010_8.5685_47.4065_8.5700.png,7.0
888,byzantine,0.3,0.0,0,15.0,0.0,0.0,tile_47.3900_8.5630_47.3955_8.5685.png,tile_47.3955_8.5630_47.4010_8.5685.png,7.0
889,byzantine,0.3,0.0,0,15.0,0.0,0.0,tile_47.4010_8.5630_47.4065_8.5685.png,tile_47.4010_8.5575_47.4065_8.5630.png,7.0
890,byzantine,0.3,0.0,0,15.0,1.0,0.0,tile_47.3900_8.5465_47.3955_8.5520.png,tile_47.3900_8.5300_47.3955_8.5355.png,7.2
891,byzantine,0.3,0.0,0,15.0,0.0,0.0,tile_47.4065_8.5685_47.4100_8.5700.png,tile_47.4065_8.5465_47.4100_8.5520.png,6.9
892,byzantine,0.3,0.0,0,-15.0,0.0,0.0,tile_47.4010_8.5520_47.4065_8.5575.png,tile_47.3900_8.5685_47.3955_8.5700.png,7.0
893,byzantine,0.3,0.0,0,0.0,1.0,0.0,tile_47.3955_8.5630_47.4010_8.5685.png,tile_47.4010_8.5410_47.4065_8.5465.png,7.1
894,byzantine,0.3,0.0,0,15.0,1.0,0.0,tile_47.3955_8.5685_47.4010_8.5700.png,tile_47.3900_8.5410_47.3955_8.5465.png,7.0
895,byzantine,0.3,0.0,0,0.0,1.0,0.0,tile_47.3900_8.5575_47.3955_8.5630.png,tile_47.4065_8.5520_47.4100_8.5575.png,6.9
896,byzantine,0.3,0.0,0,0.0,1.0,0.0,tile_47.3900_8.5685_47.3955_8.5700.png,tile_47.4010_8.5300_47.4065_8.5355.png,7.1
897,byzantine,0.3,0.0,0,15.0,0.0,0.0,tile_47.4065_8.5355_47.4100_8.5410.png,tile_47.3955_8.5575_47.4010_8.5630.png,7.0
898,byzantine,0.3,0.0,0,-15.0,0.0,0.0,tile_47.4010_8.5465_47.4065_8.5520.png,tile_47.4065_8.5575_47.4100_8.5630.png,7.0
899,byzantine,0.3,0.0,0,15.0,0.0,0.0,tile_47.4010_8.5575_47.4065_8.5630.png,tile_47.3955_8.5465_47.4010_8.5520.png,6.9
900,byzantine,0.3,0.0,0,-15.0,0.0,0.0,tile_47.4010_8.5575_47.4065_8.5630.png,tile_47.4010_8.5355_47.4065_8.5410.png,7.0
901,byzantine,0.3,0.0,0,15.0,1.0,0.0,tile_47.4065_8.5520_47.4100_8.5575.png,tile_47.3900_8.5465_47.3955_8.5520.png,7.1
902,byzantine,0.3,0.0,0,-15.0,0.0,0.0,tile_47.4010_8.5575_47.4065_8.5630.png,tile_47.3955_8.5465_47.4010_8.5520.png,6.9
903,byzantine,0.3,0.0,0,15.0,1.0,0.0,tile_47.3900_8.5630_47.3955_8.5685.png,tile_47.3900_8.5355_47.3955_8.5410.png,7.0
904,byzantine,0.3,0.0,0,-15.0,1.0,0.0,tile_47.4065_8.5410_47.4100_8.5465.png,tile_47.3900_8.5465_47.3955_8.5520.png,7.1
905,byzantine,0.3,0.0,0,0.0,0.0,0.0,tile_47.3900_8.5685_47.3955_8.5700.png,tile_47.4065_8.5630_47.4100_8.5685.png,7.0
906,byzantine,0.3,0.0,0,0.0,0.0,0.0,tile_47.3955_8.5520_47.4010_8.5575.png,tile_47.4010_8.5685_47.4065_8.5700.png,7.1
907,byzantine,0.3,0.0,0,0.0,0.0,0.0,tile_47.3900_8.5410_47.3955_8.5465.png,tile_47.4065_8.5630_47.4100_8.5685.png,7.0
908,byzantine,0.3,0.2,4,15.0,0.0,0.0,tile_47.4065_8.5575_47.4100_8.5630.png,tile_47.4010_8.5575_47.4065_8.5630.png,7.1
909,byzantine,0.3,0.0,0,15.0,0.0,0.0,tile_47.3900_8.5300_47.3955_8.5355.png,tile_47.4010_8.5355_47.4065_8.5410.png,7.2
910,byzantine,0.3,0.0,0,15.0,0.0,0.0,tile_47.4065_8.5630_47.4100_8.5685.png,tile_47.4065_8.5575_47.4100_8.5630.png,7.4
911,byzantine,0.3,0.0,0,15.0,0.0,0.0,tile_47.3955_8.5300_47.4010_8.5355.png,tile_47.3900_8.5465_47.3955_8.5520.png,7.3
912,byzantine,0.3,0.0,0,0.0,1.0,0.0,tile_47.4065_8.5410_47.4100_8.5465.png,tile_47.4010_8.5465_47.4065_8.5520.png,7.2
913,byzantine,0.3,0.0,0,15.0,0.0,0.0,tile_47.4065_8.5355_47.4100_8.5410.png,tile_47.4065_8.5685_47.4100_8.5700.png,7.1
914,byzantine,0.3,0.0,0,0.0,1.0,0.0,tile_47.3955_8.5300_47.4010_8.5355.png,tile_47.3900_8.5520_47.3955_8.5575.png,7.5
915,byzantine,0.3,0.0,0,0.0,1.0,0.0,tile_47.3955_8.5575_47.4010_8.5630.png,tile_47.3900_8.5630_47.3955_8.5685.png,7.2
916,byzantine,0.3,0.0,0,-15.0,1.0,0.0,tile_47.3955_8.5300_47.4010_8.5355.png,tile_47.4010_8.5685_47.4065_8.5700.png,7.1
917,byzantine,0.3,0.0,0,15.0,0.0,0.0,tile_47.3900_8.5685_47.3955_8.5700.png,tile_47.4065_8.5355_47.4100_8.5410.png,7.2
918,byzantine,0.3,0.0,0,0.0,1.0,0.0,tile_47.4010_8.5410_47.4065_8.5465.png,tile_47.4065_8.5575_47.4100_8.5630.png,7.1
919,byzantine,0.3,0.0,0,0.0,0.0,0.0,tile_47.3900_8.5355_47.3955_8.5410.png,tile_47.3955_8.5575_47.4010_8.5630.png,7.1
920,byzantine,0.3,0.0,0,-15.0,0.0,0.0,tile_47.3955_8.5520_47.4010_8.5575.png,tile_47.3955_8.5300_47.4010_8.5355.png,7.3
921,byzantine,0.3,0.05,1,-15.0,1.0,0.0,tile_47.3955_8.5355_47.4010_8.5410.png,tile_47.4065_8.5465_47.4100_8.5520.png,7.1
922,byzantine,0.3,0.0,0,-15.0,1.0,0.0,tile_47.3900_8.5410_47.3955_8.5465.png,tile_47.3955_8.5520_47.4010_8.5575.png,7.2
923,byzantine,0.3,0.0,0,0.0,0.0,0.0,tile_47.4065_8.5300_47.4100_8.5355.png,tile_47.3900_8.5685_47.3955_8.5700.png,7.3
924,byzantine,0.3,0.0,0,15.0,1.0,0.0,tile_47.4065_8.5300_47.4100_8.5355.png,tile_47.3955_8.5520_47.4010_8.5575.png,7.4
925,byzantine,0.3,0.0,0,0.0,1.0,0.0,tile_47.3900_8.5300_47.3955_8.5355.png,tile_47.4065_8.5300_47.4100_8.5355.png,7.3
926,byzantine,0.3,0.0,0,0.0,0.0,0.0,tile_47.3955_8.5630_47.4010_8.5685.png,tile_47.4065_8.5630_47.4100_8.5685.png,7.0
927,byzantine,0.3,0.0,0,15.0,1.0,0.0,tile_47.3955_8.5520_47.4010_8.5575.png,tile_47.3955_8.5355_47.4010_8.5410.png,7.1
928,byzantine,0.3,0.0,0,0.0,0.0,0.0,tile_47.3955_8.5465_47.4010_8.5520.png,tile_47.4065_8.5685_47.4100_8.5700.png,7.1
929,byzantine,0.3,0.0,0,-15.0,0.0,0.0,tile_47.3900_8.5410_47.3955_8.5465.png,tile_47.3955_8.5630_47.4010_8.5685.png,7.0
930,byzantine,0.3,0.0,0,0.0,1.0,0.0,tile_47.3955_8.5410_47.4010_8.5465.png,tile_47.4010_8.5465_47.4065_8.5520.png,7.2
931,byzantine,0.3,0.0,0,0.0,0.0,0.0,tile_47.4065_8.5575_47.4100_8.5630.png,tile_47.4010_8.5630_47.4065_8.5685.png,7.0
932,byzantine,0.3,0.0,0,-15.0,0.0,0.0,tile_47.4010_8.5520_47.4065_8.5575.png,tile_47.4010_8.5465_47.4065_8.5520.png,7.0
933,byzantine,0.3,0.0,0,-15.0,1.0,0.0,tile_47.4010_8.5630_47.4065_8.5685.png,tile_47.3900_8.5410_47.3955_8.5465.png,7.3
934,byzantine,0.3,0.0,0,15.0,1.0,0.0,tile_47.3955_8.5465_47.4010_8.5520.png,tile_47.4010_8.5355_47.4065_8.5410.png,7.0
935,byzantine,0.3,0.0,0,-15.0,0.0,0.0,tile_47.4065_8.5355_47.4100_8.5410.png,tile_47.3900_8.5410_47.3955_8.5465.png,6.9
936,byzantine,0.3,0.0,0,0.0,0.0,0.0,tile_47.4010_8.5575_47.4065_8.5630.png,tile_47.3955_8.5410_47.4010_8.5465.png,7.0
937,byzantine,0.3,0.0,0,0.0,1.0,0.0,tile_47.4065_8.5630_47.4100_8.5685.png,tile_47.4010_8.5355_47.4065_8.5410.png,7.0
938,byzantine,0.3,0.0,0,15.0,0.0,0.0,tile_47.4010_8.5630_47.4065_8.5685.png,tile_47.3955_8.5630_47.4010_8.5685.png,7.0
939,byzantine,0.3,0.0,0,-15.0,0.0,0.0,tile_47.4010_8.5520_47.4065_8.5575.png,tile_47.3955_8.5520_47.4010_8.5575.png,7.0
940,byzantine,0.3,0.0,0,-15.0,1.0,0.0,tile_47.4010_8.5410_47.4065_8.5465.png,tile_47.3900_8.5300_47.3955_8.5355.png,7.6
941,byzantine,0.3,0.0,0,15.0,1.0,0.0,tile_47.4065_8.5685_47.4100_8.5700.png,tile_47.3900_8.5355_47.3955_8.5410.png,7.1
942,byzantine,0.3,0.0,0,0.0,0.0,0.0,tile_47.3900_8.5575_47.3955_8.5630.png,tile_47.4065_8.5685_47.4100_8.5700.png,6.9
943,byzantine,0.3,0.0,0,-15.0,0.0,0.0,tile_47.3900_8.5520_47.3955_8.5575.png,tile_47.3900_8.5685_47.3955_8.5700.png,7.0
944,byzantine,0.3,0.3,6,15.0,0.0,0.0,tile_47.3900_8.5630_47.3955_8.5685.png,tile_47.3900_8.5685_47.3955_8.5700.png,7.0
945,byzantine,0.3,0.0,0,15.0,1.0,0.0,tile_47.3955_8.5355_47.4010_8.5410.png,tile_47.3900_8.5300_47.3955_8.5355.png,7.0
946,byzantine,0.3,0.0,0,0.0,1.0,0.0,tile_47.3900_8.5575_47.3955_8.5630.png,tile_47.3900_8.5410_47.3955_8.5465.png,6.9
947,byzantine,0.3,0.0,0,-15.0,0.0,0.0,tile_47.3900_8.5520_47.3955_8.5575.png,tile_47.4010_8.5465_47.4065_8.5520.png,7.0
948,byzantine,0.3,0.0,0,-15.0,1.0,0.0,tile_47.4065_8.5300_47.4100_8.5355.png,tile_47.3955_8.5630_47.4010_8.5685.png,7.0
949,byzantine,0.3,0.05,1,15.0,1.0,0.0,tile_47.4010_8.5520_47.4065_8.5575.png,tile_47.3900_8.5300_47.3955_8.5355.png,7.0
950,byzantine,0.3,0.0,0,0.0,0.0,0.0,tile_47.3900_8.5520_47.3955_8.5575.png,tile_47.4065_8.5355_47.4100_8.5410.png,6.9
951,byzantine,0.3,0.15,3,15.0,0.0,0.0,tile_47.4010_8.5630_47.4065_8.5685.png,tile_47.4065_8.5630_47.4100_8.5685.png,7.0
952,byzantine,0.3,0.05,1,15.0,0.0,0.0,tile_47.4010_8.5465_47.4065_8.5520.png,tile_47.4010_8.5520_47.4065_8.5575.png,7.1
953,byzantine,0.3,0.0,0,-15.0,1.0,0.0,tile_47.4065_8.5300_47.4100_8.5355.png,tile_47.3955_8.5520_47.4010_8.5575.png,7.0
954,byzantine,0.3,0.0,0,15.0,0.0,0.0,tile_47.3955_8.5410_47.4010_8.5465.png,tile_47.4010_8.5410_47.4065_8.5465.png,7.0
955,byzantine,0.3,0.0,0,-15.0,0.0,0.0,tile_47.4010_8.5410_47.4065_8.5465.png,tile_47.4065_8.5685_47.4100_8.5700.png,7.1
956,byzantine,0.3,0.0,0,15.0,0.0,0.0,tile_47.4010_8.5685_47.4065_8.5700.png,tile_47.4065_8.5685_47.4100_8.5700.png,7.0
957,byzantine,0.3,0.0,0,-15.0,0.0,0.0,tile_47.3900_8.5410_47.3955_8.5465.png,tile_47.3900_8.5300_47.3955_8.5355.png,7.1
958,byzantine,0.3,0.0,0,15.0,1.0,0.0,tile_47.4010_8.5465_47.4065_8.5520.png,tile_47.3900_8.5630_47.3955_8.5685.png,7.5
959,byzantine,0.3,0.0,0,15.0,1.0,0.0,tile_47.4065_8.5410_47.4100_8.5465.png,tile_47.4065_8.5575_47.4100_8.5630.png,7.2
960,byzantine,0.3,0.0,0,15.0,0.0,0.0,tile_47.3955_8.5465_47.4010_8.5520.png,tile_47.3900_8.5685_47.3955_8.5700.png,7.4
961,byzantine,0.3,0.0,0,15.0,1.0,0.0,tile_47.3900_8.5685_47.3955_8.5700.png,tile_47.3900_8.5575_47.3955_8.5630.png,7.4
962,byzantine,0.3,0.0,0,15.0,0.0,0.0,tile_47.3900_8.5520_47.3955_8.5575.png,tile_47.3955_8.5410_47.4010_8.5465.png,7.1
963,byzantine,0.3,0.3,6,15.0,0.0,0.0,tile_47.3900_8.5630_47.3955_8.5685.png,tile_47.3900_8.5685_47.3955_8.5700.png,7.3
964,byzantine,0.3,0.0,0,15.0,1.0,0.0,tile_47.4010_8.5630_47.4065_8.5685.png,tile_47.3900_8.5520_47.3955_8.5575.png,7.0
965,byzantine,0.3,0.0,0,15.0,0.0,0.0,tile_47.4010_8.5410_47.4065_8.5465.png,tile_47.4010_8.5520_47.4065_8.5575.png,7.0
966,byzantine,0.3,0.0,0,-15.0,0.0,0.0,tile_47.4065_8.5685_47.4100_8.5700.png,tile_47.3955_8.5630_47.4010_8.5685.png,7.0
967,byzantine,0.3,0.0,0,0.0,1.0,0.0,tile_47.4010_8.5685_47.4065_8.5700.png,tile_47.4065_8.5410_47.4100_8.5465.png,7.2
968,byzantine,0.3,0.0,0,0.0,1.0,0.0,tile_47.3900_8.5300_47.3955_8.5355.png,tile_47.3955_8.5465_47.4010_8.5520.png,7.6
969,byzantine,0.3,0.0,0,-15.0,0.0,0.0,tile_47.4010_8.5355_47.4065_8.5410.png,tile_47.4065_8.5465_47.4100_8.5520.png,7.5
970,byzantine,0.3,0.0,0,0.0,0.0,0.0,tile_47.4065_8.5630_47.4100_8.5685.png,tile_47.3955_8.5630_47.4010_8.5685.png,7.8
971,byzantine,0.3,0.0,0,0.0,1.0,0.0,tile_47.4065_8.5685_47.4100_8.5700.png,tile_47.4010_8.5355_47.4065_8.5410.png,7.4
972,byzantine,0.3,0.0,0,-15.0,0.0,0.0,tile_47.4010_8.5355_47.4065_8.5410.png,tile_47.4065_8.5520_47.4100_8.5575.png,7.0
973,byzantine,0.3,0.0,0,-15.0,0.0,0.0,tile_47.3900_8.5520_47.3955_8.5575.png,tile_47.4065_8.5300_47.4100_8.5355.png,7.3
974,byzantine,0.3,0.0,0,-15.0,0.0,0.0,tile_47.4065_8.5355_47.4100_8.5410.png,tile_47.4065_8.5300_47.4100_8.5355.png,7.6
975,byzantine,0.3,0.0,0,15.0,0.0,0.0,tile_47.4010_8.5300_47.4065_8.5355.png,tile_47.4010_8.5410_47.4065_8.5465.png,7.1
976,byzantine,0.3,0.0,0,15.0,1.0,0.0,tile_47.4010_8.5685_47.4065_8.5700.png,tile_47.3955_8.5520_47.4010_8.5575.png,7.0
977,byzantine,0.3,0.0,0,-15.0,1.0,0.0,tile_47.4065_8.5575_47.4100_8.5630.png,tile_47.4010_8.5300_47.4065_8.5355.png,6.9
978,byzantine,0.3,0.0,0,15.0,0.0,0.0,tile_47.4010_8.5685_47.4065_8.5700.png,tile_47.4010_8.5300_47.4065_8.5355.png,6.9
979,byzantine,0.3,0.0,0,-15.0,0.0,0.0,tile_47.3955_8.5300_47.4010_8.5355.png,tile_47.3955_8.5685_47.4010_8.5700.png,7.1
980,byzantine,0.3,0.0,0,-15.0,0.0,0.0,tile_47.4065_8.5630_47.4100_8.5685.png,tile_47.4065_8.5685_47.4100_8.5700.png,6.9
981,byzantine,0.3,0.0,0,0.0,0.0,0.0,tile_47.4065_8.5685_47.4100_8.5700.png,tile_47.3900_8.5685_47.3955_8.5700.png,7.0
982,byzantine,0.3,0.0,0,-15.0,1.0,0.0,tile_47.3955_8.5630_47.4010_8.5685.png,tile_47.3900_8.5355_47.3955_8.5410.png,6.9
983,byzantine,0.3,0.0,0,15.0,0.0,0.0,tile_47.4065_8.5300_47.4100_8.5355.png,tile_47.3955_8.5685_47.4010_8.5700.png,6.9
984,byzantine,0.3,0.0,0,0.0,0.0,0.0,tile_47.4010_8.5520_47.4065_8.5575.png,tile_47.3900_8.5465_47.3955_8.5520.png,7.1
985,byzantine,0.3,0.0,0,15.0,1.0,0.0,tile_47.3955_8.5465_47.4010_8.5520.png,tile_47.3955_8.5575_47.4010_8.5630.png,6.9
986,byzantine,0.3,0.0,0,15.0,1.0,0.0,tile_47.3900_8.5520_47.3955_8.5575.png,tile_47.4010_8.5355_47.4065_8.5410.png,6.9
987,byzantine,0.3,0.0,0,0.0,1.0,0.0,tile_47.4065_8.5355_47.4100_8.5410.png,tile_47.3955_8.5465_47.4010_8.5520.png,7.1
988,byzantine,0.3,0.0,0,0.0,1.0,0.0,tile_47.3900_8.5300_47.3955_8.5355.png,tile_47.4010_8.5355_47.4065_8.5410.png,7.0
989,byzantine,0.3,0.0,0,-15.0,1.0,0.0,tile_47.3955_8.5630_47.4010_8.5685.png,tile_47.3900_8.5410_47.3955_8.5465.png,6.9
990,byzantine,0.3,0.0,0,15.0,1.0,0.0,tile_47.3955_8.5355_47.4010_8.5410.png,tile_47.3900_8.5575_47.3955_8.5630.png,7.0
991,byzantine,0.3,0.0,0,-15.0,1.0,0.0,tile_47.3955_8.5630_47.4010_8.5685.png,tile_47.3955_8.5575_47.4010_8.5630.png,7.5
992,byzantine,0.3,0.0,0,0.0,0.0,0.0,tile_47.4065_8.5630_47.4100_8.5685.png,tile_47.3955_8.5685_47.4010_8.5700.png,7.3
993,byzantine,0.3,0.0,0,-15.0,0.0,0.0,tile_47.3900_8.5355_47.3955_8.5410.png,tile_47.3955_8.5300_47.4010_8.5355.png,7.0
994,byzantine,0.3,0.0,0,-15.0,0.0,0.0,tile_47.3955_8.5300_47.4010_8.5355.png,tile_47.4010_8.5575_47.4065_8.5630.png,6.9
995,byzantine,0.3,0.0,0,15.0,0.0,0.0,tile_47.3900_8.5465_47.3955_8.5520.png,tile_47.3900_8.5630_47.3955_8.5685.png,7.0
996,byzantine,0.3,0.0,0,0.0,0.0,0.0,tile_47.3900_8.5355_47.3955_8.5410.png,tile_47.4065_8.5575_47.4100_8.5630.png,7.0
997,byzantine,0.3,0.0,0,15.0,1.0,0.0,tile_47.3955_8.5575_47.4010_8.5630.png,tile_47.3955_8.5685_47.4010_8.5700.png,6.9
998,byzantine,0.3,0.0,0,15.0,1.0,0.0,tile_47.3955_8.5410_47.4010_8.5465.png,tile_47.3900_8.5685_47.3955_8.5700.png,7.7
999,byzantine,0.3,0.0,0,0.0,0.0,0.0,tile_47.4010_8.5300_47.4065_8.5355.png,tile_47.3900_8.5575_47.3955_8.5630.png,7.3
