trial_id,label,t_verify_used,V_score,n_matches,sun_shift,blur_sigma,occl_frac,honest_tile,byzantine_tile,inference_ms
0,honest,0.3,1.0,20,15.0,0.0,0.0,tile_47.4010_8.5355_47.4065_8.5410.png,,267.1
1,honest,0.3,1.0,20,-15.0,0.0,0.0,tile_47.3900_8.5630_47.3955_8.5685.png,,7.2
2,honest,0.3,1.0,20,15.0,0.0,0.0,tile_47.3900_8.5410_47.3955_8.5465.png,,7.0
3,honest,0.3,1.0,20,-15.0,0.0,0.0,tile_47.3955_8.5630_47.4010_8.5685.png,,6.9
4,honest,0.3,1.0,20,15.0,0.0,0.0,tile_47.4065_8.5410_47.4100_8.5465.png,,6.9
5,honest,0.3,0.55,11,-15.0,1.0,0.0,tile_47.3900_8.5300_47.3955_8.5355.png,,6.9
6,honest,0.3,0.4,8,-15.0,1.0,0.0,tile_47.4010_8.5355_47.4065_8.5410.png,,6.9
7,honest,0.3,1.0,20,-15.0,0.0,0.0,tile_47.3900_8.5630_47.3955_8.5685.png,,6.9
8,honest,0.3,0.6,12,-15.0,1.0,0.0,tile_47.4010_8.5630_47.4065_8.5685.png,,7.0
9,honest,0.3,0.15,3,0.0,1.0,0.0,tile_47.4065_8.5575_47.4100_8.5630.png,,6.9
10,honest,0.3,1.0,20,15.0,0.0,0.0,tile_47.3900_8.5575_47.3955_8.5630.png,,6.9
11,honest,0.3,0.75,15,15.0,1.0,0.0,tile_47.3955_8.5520_47.4010_8.5575.png,,6.9
12,honest,0.3,1.0,20,15.0,0.0,0.0,tile_47.3955_8.5630_47.4010_8.5685.png,,6.9
13,honest,0.3,1.0,20,0.0,0.0,0.0,tile_47.3900_8.5630_47.3955_8.5685.png,,6.9
14,honest,0.3,0.5,10,0.0,1.0,0.0,tile_47.4010_8.5685_47.4065_8.5700.png,,7.0
15,honest,0.3,0.75,15,-15.0,1.0,0.0,tile_47.3955_8.5575_47.4010_8.5630.png,,6.9
16,honest,0.3,0.65,13,15.0,1.0,0.0,tile_47.3955_8.5410_47.4010_8.5465.png,,6.9
17,honest,0.3,1.0,20,15.0,0.0,0.0,tile_47.4065_8.5575_47.4100_8.5630.png,,6.9
18,honest,0.3,0.35,7,0.0,1.0,0.0,tile_47.4010_8.5520_47.4065_8.5575.png,,6.9
19,honest,0.3,1.0,20,-15.0,0.0,0.0,tile_47.4010_8.5520_47.4065_8.5575.png,,6.9
20,honest,0.3,0.8,16,0.0,1.0,0.0,tile_47.3955_8.5575_47.4010_8.5630.png,,7.0
21,honest,0.3,0.75,15,15.0,1.0,0.0,tile_47.4065_8.5685_47.4100_8.5700.png,,6.9
22,honest,0.3,0.65,13,0.0,1.0,0.0,tile_47.4010_8.5300_47.4065_8.5355.png,,6.9
23,honest,0.3,1.0,20,-15.0,0.0,0.0,tile_47.4065_8.5465_47.4100_8.5520.png,,6.9
24,honest,0.3,0.75,15,15.0,1.0,0.0,tile_47.3955_8.5630_47.4010_8.5685.png,,6.9
25,honest,0.3,0.35,7,-15.0,1.0,0.0,tile_47.3900_8.5465_47.3955_8.5520.png,,7.0
26,honest,0.3,1.0,20,-15.0,0.0,0.0,tile_47.4065_8.5465_47.4100_8.5520.png,,7.0
27,honest,0.3,1.0,20,15.0,0.0,0.0,tile_47.4065_8.5300_47.4100_8.5355.png,,7.0
28,honest,0.3,0.55,11,15.0,1.0,0.0,tile_47.3900_8.5300_47.3955_8.5355.png,,6.9
29,honest,0.3,1.0,20,15.0,0.0,0.0,tile_47.4010_8.5575_47.4065_8.5630.png,,6.9
30,honest,0.3,0.65,13,-15.0,1.0,0.0,tile_47.3955_8.5410_47.4010_8.5465.png,,6.9
31,honest,0.3,1.0,20,0.0,0.0,0.0,tile_47.3955_8.5465_47.4010_8.5520.png,,6.8
32,honest,0.3,1.0,20,15.0,0.0,0.0,tile_47.3955_8.5520_47.4010_8.5575.png,,6.9
33,honest,0.3,0.55,11,-15.0,1.0,0.0,tile_47.3900_8.5300_47.3955_8.5355.png,,6.8
34,honest,0.3,0.45,9,15.0,1.0,0.0,tile_47.3900_8.5355_47.3955_8.5410.png,,6.8
35,honest,0.3,0.8,16,-15.0,1.0,0.0,tile_47.3955_8.5685_47.4010_8.5700.png,,6.9
36,honest,0.3,1.0,20,-15.0,0.0,0.0,tile_47.3900_8.5575_47.3955_8.5630.png,,6.8
37,honest,0.3,0.4,8,15.0,1.0,0.0,tile_47.3955_8.5300_47.4010_8.5355.png,,6.8
38,honest,0.3,0.65,13,-15.0,1.0,0.0,tile_47.4010_8.5300_47.4065_8.5355.png,,6.8
39,honest,0.3,0.75,15,15.0,1.0,0.0,tile_47.3955_8.5520_47.4010_8.5575.png,,6.8
40,honest,0.3,0.5,10,15.0,1.0,0.0,tile_47.4010_8.5685_47.4065_8.5700.png,,6.8
41,honest,0.3,0.85,17,0.0,1.0,0.0,tile_47.3955_8.5685_47.4010_8.5700.png,,6.8
42,honest,0.3,1.0,20,-15.0,0.0,0.0,tile_47.3900_8.5355_47.3955_8.5410.png,,6.9
43,honest,0.3,1.0,20,15.0,0.0,0.0,tile_47.3900_8.5300_47.3955_8.5355.png,,6.8
44,honest,0.3,1.0,20,-15.0,0.0,0.0,tile_47.3900_8.5520_47.3955_8.5575.png,,6.8
45,honest,0.3,0.8,16,-15.0,1.0,0.0,tile_47.3955_8.5685_47.4010_8.5700.png,,6.9
46,honest,0.3,0.4,8,0.0,1.0,0.0,tile_47.3955_8.5300_47.4010_8.5355.png,,6.8
47,honest,0.3,0.6,12,15.0,1.0,0.0,tile_47.4065_8.5630_47.4100_8.5685.png,,6.8
48,honest,0.3,1.0,20,0.0,0.0,0.0,tile_47.3900_8.5630_47.3955_8.5685.png,,6.9
49,honest,0.3,0.55,11,15.0,1.0,0.0,tile_47.4065_8.5465_47.4100_8.5520.png,,6.8
50,honest,0.3,0.8,16,0.0,1.0,0.0,tile_47.3900_8.5630_47.3955_8.5685.png,,6.8
51,honest,0.3,0.8,16,-15.0,1.0,0.0,tile_47.3900_8.5630_47.3955_8.5685.png,,6.8
52,honest,0.3,1.0,20,-15.0,0.0,0.0,tile_47.4065_8.5520_47.4100_8.5575.png,,6.8
53,honest,0.3,0.4,8,-15.0,1.0,0.0,tile_47.4010_8.5355_47.4065_8.5410.png,,6.8
54,honest,0.3,1.0,20,0.0,0.0,0.0,tile_47.4065_8.5520_47.4100_8.5575.png,,6.8
55,honest,0.3,1.0,20,15.0,0.0,0.0,tile_47.3900_8.5300_47.3955_8.5355.png,,6.9
56,honest,0.3,1.0,20,-15.0,0.0,0.0,tile_47.4065_8.5410_47.4100_8.5465.png,,6.8
57,honest,0.3,0.65,13,0.0,1.0,0.0,tile_47.4065_8.5355_47.4100_8.5410.png,,6.8
58,honest,0.3,1.0,20,-15.0,0.0,0.0,tile_47.3900_8.5300_47.3955_8.5355.png,,6.8
59,honest,0.3,0.7,14,0.0,1.0,0.0,tile_47.4010_8.5410_47.4065_8.5465.png,,6.8
60,honest,0.3,0.75,15,0.0,1.0,0.0,tile_47.3955_8.5520_47.4010_8.5575.png,,6.8
61,honest,0.3,1.0,20,0.0,0.0,0.0,tile_47.3900_8.5465_47.3955_8.5520.png,,6.8
62,honest,0.3,0.35,7,15.0,1.0,0.0,tile_47.3900_8.5465_47.3955_8.5520.png,,6.8
63,honest,0.3,0.35,7,15.0,1.0,0.0,tile_47.3900_8.5465_47.3955_8.5520.png,,6.8
64,honest,0.3,1.0,20,15.0,0.0,0.0,tile_47.3900_8.5520_47.3955_8.5575.png,,6.8
65,honest,0.3,1.0,20,15.0,0.0,0.0,tile_47.4065_8.5355_47.4100_8.5410.png,,6.8
66,honest,0.3,1.0,20,-15.0,0.0,0.0,tile_47.3900_8.5575_47.3955_8.5630.png,,6.8
67,honest,0.3,0.8,16,0.0,1.0,0.0,tile_47.3955_8.5575_47.4010_8.5630.png,,6.6
68,honest,0.3,0.65,13,15.0,1.0,0.0,tile_47.4010_8.5300_47.4065_8.5355.png,,6.7
69,honest,0.3,1.0,20,0.0,0.0,0.0,tile_47.4065_8.5575_47.4100_8.5630.png,,6.7
70,honest,0.3,1.0,20,0.0,0.0,0.0,tile_47.4065_8.5575_47.4100_8.5630.png,,6.8
71,honest,0.3,1.0,20,15.0,0.0,0.0,tile_47.3955_8.5575_47.4010_8.5630.png,,6.7
72,honest,0.3,0.6,12,15.0,1.0,0.0,tile_47.4010_8.5630_47.4065_8.5685.png,,6.8
73,honest,0.3,1.0,20,-15.0,0.0,0.0,tile_47.4010_8.5410_47.4065_8.5465.png,,6.8
74,honest,0.3,0.55,11,-15.0,1.0,0.0,tile_47.3900_8.5300_47.3955_8.5355.png,,6.8
75,honest,0.3,0.4,8,15.0,1.0,0.0,tile_47.3955_8.5300_47.4010_8.5355.png,,6.8
76,honest,0.3,1.0,20,0.0,0.0,0.0,tile_47.3955_8.5355_47.4010_8.5410.png,,6.8
77,honest,0.3,0.6,12,0.0,1.0,0.0,tile_47.4010_8.5575_47.4065_8.5630.png,,6.8
78,honest,0.3,0.65,13,-15.0,1.0,0.0,tile_47.4010_8.5300_47.4065_8.5355.png,,6.7
79,honest,0.3,1.0,20,-15.0,0.0,0.0,tile_47.4010_8.5355_47.4065_8.5410.png,,6.8
80,honest,0.3,1.0,20,-15.0,0.0,0.0,tile_47.3955_8.5300_47.4010_8.5355.png,,6.7
81,honest,0.3,0.6,12,15.0,1.0,0.0,tile_47.4065_8.5520_47.4100_8.5575.png,,6.8
82,honest,0.3,0.5,10,15.0,1.0,0.0,tile_47.3900_8.5685_47.3955_8.5700.png,,6.8
83,honest,0.3,1.0,20,-15.0,0.0,0.0,tile_47.4010_8.5685_47.4065_8.5700.png,,6.8
84,honest,0.3,1.0,20,15.0,0.0,0.0,tile_47.3955_8.5300_47.4010_8.5355.png,,6.8
85,honest,0.3,0.3,6,-15.0,1.0,0.0,tile_47.3900_8.5410_47.3955_8.5465.png,,6.8
86,honest,0.3,1.0,20,0.0,0.0,0.0,tile_47.3900_8.5630_47.3955_8.5685.png,,6.7
87,honest,0.3,0.85,17,0.0,1.0,0.0,tile_47.3955_8.5685_47.4010_8.5700.png,,6.7
88,honest,0.3,1.0,20,-15.0,0.0,0.0,tile_47.3900_8.5355_47.3955_8.5410.png,,6.8
89,honest,0.3,0.8,16,-15.0,1.0,0.0,tile_47.3955_8.5685_47.4010_8.5700.png,,6.8
90,honest,0.3,1.0,20,0.0,0.0,0.0,tile_47.4065_8.5300_47.4100_8.5355.png,,6.8
91,honest,0.3,0.7,14,-15.0,1.0,0.0,tile_47.3955_8.5520_47.4010_8.5575.png,,6.8
92,honest,0.3,0.75,15,0.0,1.0,0.0,tile_47.3955_8.5630_47.4010_8.5685.png,,6.8
93,honest,0.3,1.0,20,-15.0,0.0,0.0,tile_47.4065_8.5355_47.4100_8.5410.png,,6.8
94,honest,0.3,0.45,9,0.0,1.0,0.0,tile_47.4010_8.5355_47.4065_8.5410.png,,6.7
95,honest,0.3,0.45,9,0.0,1.0,0.0,tile_47.3900_8.5355_47.3955_8.5410.png,,6.8
96,honest,0.3,0.65,13,-15.0,1.0,0.0,tile_47.4010_8.5300_47.4065_8.5355.png,,6.8
97,honest,0.3,1.0,20,-15.0,0.0,0.0,tile_47.4010_8.5630_47.4065_8.5685.png,,6.7
98,honest,0.3,0.5,10,15.0,1.0,0.0,tile_47.3900_8.5685_47.3955_8.5700.png,,6.8
99,honest,0.3,1.0,20,0.0,0.0,0.0,tile_47.3900_8.5410_47.3955_8.5465.png,,6.8
100,honest,0.3,0.75,15,15.0,1.0,0.0,tile_47.3955_8.5520_47.4010_8.5575.png,,6.8
101,honest,0.3,0.6,12,0.0,1.0,0.0,tile_47.4010_8.5575_47.4065_8.5630.png,,6.8
102,honest,0.3,0.5,10,15.0,1.0,0.0,tile_47.4010_8.5465_47.4065_8.5520.png,,6.7
103,honest,0.3,0.35,7,15.0,1.0,0.0,tile_47.4010_8.5520_47.4065_8.5575.png,,6.7
104,honest,0.3,0.75,15,0.0,1.0,0.0,tile_47.3955_8.5520_47.4010_8.5575.png,,6.8
105,honest,0.3,0.5,10,0.0,1.0,0.0,tile_47.4010_8.5465_47.4065_8.5520.png,,6.8
106,honest,0.3,1.0,20,0.0,0.0,0.0,tile_47.4010_8.5410_47.4065_8.5465.png,,6.8
107,honest,0.3,0.15,3,-15.0,1.0,0.0,tile_47.4065_8.5575_47.4100_8.5630.png,,6.8
108,honest,0.3,0.65,13,0.0,1.0,0.0,tile_47.4065_8.5630_47.4100_8.5685.png,,6.8
109,honest,0.3,1.0,20,15.0,0.0,0.0,tile_47.4010_8.5410_47.4065_8.5465.png,,6.8
110,honest,0.3,0.85,17,15.0,1.0,0.0,tile_47.3955_8.5685_47.4010_8.5700.png,,6.7
111,honest,0.3,0.75,15,15.0,1.0,0.0,tile_47.3955_8.5520_47.4010_8.5575.png,,6.8
112,honest,0.3,1.0,20,-15.0,0.0,0.0,tile_47.3955_8.5685_47.4010_8.5700.png,,6.7
113,honest,0.3,1.0,20,0.0,0.0,0.0,tile_47.4065_8.5410_47.4100_8.5465.png,,6.7
114,honest,0.3,1.0,20,15.0,0.0,0.0,tile_47.4065_8.5685_47.4100_8.5700.png,,6.7
115,honest,0.3,1.0,20,0.0,0.0,0.0,tile_47.3900_8.5300_47.3955_8.5355.png,,6.8
116,honest,0.3,0.45,9,-15.0,1.0,0.0,tile_47.3955_8.5465_47.4010_8.5520.png,,6.7
117,honest,0.3,0.85,17,15.0,1.0,0.0,tile_47.3955_8.5685_47.4010_8.5700.png,,6.7
118,honest,0.3,0.15,3,-15.0,1.0,0.0,tile_47.4065_8.5575_47.4100_8.5630.png,,6.8
119,honest,0.3,0.55,11,15.0,1.0,0.0,tile_47.4065_8.5465_47.4100_8.5520.png,,6.8
120,honest,0.3,0.6,12,15.0,1.0,0.0,tile_47.4065_8.5630_47.4100_8.5685.png,,6.8
121,honest,0.3,0.45,9,0.0,1.0,0.0,tile_47.4010_8.5355_47.4065_8.5410.png,,6.8
122,honest,0.3,0.45,9,15.0,1.0,0.0,tile_47.4010_8.5355_47.4065_8.5410.png,,6.8
123,honest,0.3,1.0,20,0.0,0.0,0.0,tile_47.3955_8.5685_47.4010_8.5700.png,,6.7
124,honest,0.3,0.65,13,0.0,1.0,0.0,tile_47.3900_8.5575_47.3955_8.5630.png,,6.8
125,honest,0.3,1.0,20,-15.0,0.0,0.0,tile_47.4065_8.5300_47.4100_8.5355.png,,6.8
126,honest,0.3,1.0,20,15.0,0.0,0.0,tile_47.3900_8.5520_47.3955_8.5575.png,,6.7
127,honest,0.3,0.15,3,0.0,1.0,0.0,tile_47.4065_8.5575_47.4100_8.5630.png,,6.8
128,honest,0.3,1.0,20,0.0,0.0,0.0,tile_47.4065_8.5410_47.4100_8.5465.png,,6.9
129,honest,0.3,1.0,20,0.0,0.0,0.0,tile_47.4065_8.5630_47.4100_8.5685.png,,6.8
130,honest,0.3,0.3,6,-15.0,1.0,0.0,tile_47.4065_8.5300_47.4100_8.5355.png,,6.8
131,honest,0.3,1.0,20,0.0,0.0,0.0,tile_47.3955_8.5630_47.4010_8.5685.png,,6.8
132,honest,0.3,0.45,9,0.0,1.0,0.0,tile_47.3900_8.5355_47.3955_8.5410.png,,6.8
133,honest,0.3,0.6,12,0.0,1.0,0.0,tile_47.3955_8.5410_47.4010_8.5465.png,,6.7
134,honest,0.3,1.0,20,0.0,0.0,0.0,tile_47.4065_8.5355_47.4100_8.5410.png,,6.7
135,honest,0.3,1.0,20,15.0,0.0,0.0,tile_47.4065_8.5465_47.4100_8.5520.png,,6.8
136,honest,0.3,0.35,7,-15.0,1.0,0.0,tile_47.3900_8.5465_47.3955_8.5520.png,,6.8
137,honest,0.3,0.8,16,0.0,1.0,0.0,tile_47.3955_8.5575_47.4010_8.5630.png,,6.7
138,honest,0.3,0.35,7,0.0,1.0,0.0,tile_47.4065_8.5300_47.4100_8.5355.png,,6.8
139,honest,0.3,0.65,13,0.0,1.0,0.0,tile_47.3900_8.5575_47.3955_8.5630.png,,6.7
140,honest,0.3,1.0,20,0.0,0.0,0.0,tile_47.4010_8.5630_47.4065_8.5685.png,,6.8
141,honest,0.3,1.0,20,-15.0,0.0,0.0,tile_47.3900_8.5355_47.3955_8.5410.png,,6.8
142,honest,0.3,1.0,20,-15.0,0.0,0.0,tile_47.3955_8.5355_47.4010_8.5410.png,,6.8
143,honest,0.3,1.0,20,-15.0,0.0,0.0,tile_47.3900_8.5685_47.3955_8.5700.png,,6.7
144,honest,0.3,1.0,20,15.0,0.0,0.0,tile_47.4010_8.5300_47.4065_8.5355.png,,6.7
145,honest,0.3,1.0,20,0.0,0.0,0.0,tile_47.3955_8.5410_47.4010_8.5465.png,,6.7
146,honest,0.3,1.0,20,0.0,0.0,0.0,tile_47.4010_8.5465_47.4065_8.5520.png,,6.7
147,honest,0.3,0.75,15,15.0,1.0,0.0,tile_47.3955_8.5520_47.4010_8.5575.png,,6.8
148,honest,0.3,1.0,20,-15.0,0.0,0.0,tile_47.4010_8.5465_47.4065_8.5520.png,,6.7
149,honest,0.3,1.0,20,15.0,0.0,0.0,tile_47.4010_8.5630_47.4065_8.5685.png,,6.8
150,honest,0.3,0.85,17,15.0,1.0,0.0,tile_47.3900_8.5520_47.3955_8.5575.png,,6.8
151,honest,0.3,0.45,9,15.0,1.0,0.0,tile_47.4065_8.5410_47.4100_8.5465.png,,6.8
152,honest,0.3,1.0,20,0.0,0.0,0.0,tile_47.4010_8.5685_47.4065_8.5700.png,,6.8
153,honest,0.3,0.55,11,15.0,1.0,0.0,tile_47.4065_8.5465_47.4100_8.5520.png,,6.8
154,honest,0.3,0.15,3,-15.0,1.0,0.0,tile_47.4065_8.5575_47.4100_8.5630.png,,6.7
155,honest,0.3,0.85,17,0.0,1.0,0.0,tile_47.3955_8.5685_47.4010_8.5700.png,,6.7
156,honest,0.3,0.8,16,-15.0,1.0,0.0,tile_47.3955_8.5685_47.4010_8.5700.png,,6.8
157,honest,0.3,0.45,9,0.0,1.0,0.0,tile_47.3900_8.5355_47.3955_8.5410.png,,6.8
158,honest,0.3,0.7,14,0.0,1.0,0.0,tile_47.4065_8.5685_47.4100_8.5700.png,,6.8
159,honest,0.3,0.5,10,-15.0,1.0,0.0,tile_47.4010_8.5575_47.4065_8.5630.png,,6.8
160,honest,0.3,0.75,15,0.0,1.0,0.0,tile_47.3955_8.5520_47.4010_8.5575.png,,6.7
161,honest,0.3,1.0,20,-15.0,0.0,0.0,tile_47.4065_8.5685_47.4100_8.5700.png,,6.8
162,honest,0.3,1.0,20,15.0,0.0,0.0,tile_47.4065_8.5685_47.4100_8.5700.png,,6.7
163,honest,0.3,1.0,20,0.0,0.0,0.0,tile_47.4010_8.5410_47.4065_8.5465.png,,6.7
164,honest,0.3,0.5,10,-15.0,1.0,0.0,tile_47.4010_8.5465_47.4065_8.5520.png,,6.8
165,honest,0.3,0.6,12,15.0,1.0,0.0,tile_47.4010_8.5630_47.4065_8.5685.png,,6.8
166,honest,0.3,0.15,3,0.0,1.0,0.0,tile_47.4065_8.5575_47.4100_8.5630.png,,6.8
167,honest,0.3,0.75,15,0.0,1.0,0.0,tile_47.3955_8.5630_47.4010_8.5685.png,,6.7
168,honest,0.3,1.0,20,-15.0,0.0,0.0,tile_47.3900_8.5685_47.3955_8.5700.png,,6.7
169,honest,0.3,1.0,20,15.0,0.0,0.0,tile_47.3955_8.5575_47.4010_8.5630.png,,6.7
170,honest,0.3,0.65,13,15.0,1.0,0.0,tile_47.4010_8.5410_47.4065_8.5465.png,,6.8
171,honest,0.3,1.0,20,-15.0,0.0,0.0,tile_47.3955_8.5630_47.4010_8.5685.png,,6.8
172,honest,0.3,1.0,20,0.0,0.0,0.0,tile_47.3900_8.5300_47.3955_8.5355.png,,6.7
173,honest,0.3,1.0,20,15.0,0.0,0.0,tile_47.3900_8.5410_47.3955_8.5465.png,,6.7
174,honest,0.3,0.65,13,-15.0,1.0,0.0,tile_47.4065_8.5685_47.4100_8.5700.png,,6.8
175,honest,0.3,1.0,20,-15.0,0.0,0.0,tile_47.4065_8.5630_47.4100_8.5685.png,,6.7
176,honest,0.3,0.5,10,0.0,1.0,0.0,tile_47.3955_8.5465_47.4010_8.5520.png,,6.7
177,honest,0.3,0.55,11,-15.0,1.0,0.0,tile_47.3900_8.5685_47.3955_8.5700.png,,6.8
178,honest,0.3,0.8,16,-15.0,1.0,0.0,tile_47.3900_8.5520_47.3955_8.5575.png,,6.7
179,honest,0.3,1.0,20,15.0,0.0,0.0,tile_47.3955_8.5355_47.4010_8.5410.png,,6.7
180,honest,0.3,0.85,17,15.0,1.0,0.0,tile_47.3955_8.5685_47.4010_8.5700.png,,6.7
181,honest,0.3,0.3,6,-15.0,1.0,0.0,tile_47.4065_8.5300_47.4100_8.5355.png,,6.7
182,honest,0.3,0.55,11,0.0,1.0,0.0,tile_47.4065_8.5465_47.4100_8.5520.png,,6.7
183,honest,0.3,1.0,20,0.0,0.0,0.0,tile_47.3955_8.5575_47.4010_8.5630.png,,6.6
184,honest,0.3,1.0,20,15.0,0.0,0.0,tile_47.3900_8.5575_47.3955_8.5630.png,,6.7
185,honest,0.3,1.0,20,-15.0,0.0,0.0,tile_47.3900_8.5520_47.3955_8.5575.png,,6.7
186,honest,0.3,1.0,20,-15.0,0.0,0.0,tile_47.4065_8.5520_47.4100_8.5575.png,,6.7
187,honest,0.3,0.3,6,15.0,1.0,0.0,tile_47.3900_8.5410_47.3955_8.5465.png,,6.7
188,honest,0.3,0.15,3,-15.0,1.0,0.0,tile_47.4065_8.5575_47.4100_8.5630.png,,6.7
189,honest,0.3,1.0,20,-15.0,0.0,0.0,tile_47.3955_8.5520_47.4010_8.5575.png,,6.7
190,honest,0.3,1.0,20,0.0,0.0,0.0,tile_47.3955_8.5355_47.4010_8.5410.png,,6.7
191,honest,0.3,1.0,20,0.0,0.0,0.0,tile_47.3900_8.5465_47.3955_8.5520.png,,6.7
192,honest,0.3,0.55,11,-15.0,1.0,0.0,tile_47.4065_8.5520_47.4100_8.5575.png,,6.7
193,honest,0.3,0.65,13,-15.0,1.0,0.0,tile_47.4065_8.5355_47.4100_8.5410.png,,6.7
194,honest,0.3,0.65,13,0.0,1.0,0.0,tile_47.3900_8.5575_47.3955_8.5630.png,,6.7
195,honest,0.3,1.0,20,15.0,0.0,0.0,tile_47.4010_8.5520_47.4065_8.5575.png,,6.7
196,honest,0.3,0.65,13,15.0,1.0,0.0,tile_47.3900_8.5575_47.3955_8.5630.png,,6.7
197,honest,0.3,1.0,20,-15.0,0.0,0.0,tile_47.3900_8.5410_47.3955_8.5465.png,,6.7
198,honest,0.3,0.4,8,-15.0,1.0,0.0,tile_47.4010_8.5355_47.4065_8.5410.png,,6.7
199,honest,0.3,0.7,14,-15.0,1.0,0.0,tile_47.3900_8.5575_47.3955_8.5630.png,,6.6
200,honest,0.3,0.6,12,0.0,1.0,0.0,tile_47.4010_8.5575_47.4065_8.5630.png,,6.7
201,honest,0.3,1.0,20,0.0,0.0,0.0,tile_47.4010_8.5575_47.4065_8.5630.png,,6.7
202,honest,0.3,0.65,13,0.0,1.0,0.0,tile_47.4065_8.5355_47.4100_8.5410.png,,6.7
203,honest,0.3,1.0,20,15.0,0.0,0.0,tile_47.3900_8.5575_47.3955_8.5630.png,,6.8
204,honest,0.3,0.5,10,0.0,1.0,0.0,tile_47.3900_8.5685_47.3955_8.5700.png,,6.7
205,honest,0.3,1.0,20,0.0,0.0,0.0,tile_47.4065_8.5410_47.4100_8.5465.png,,6.8
206,honest,0.3,1.0,20,-15.0,0.0,0.0,tile_47.4065_8.5685_47.4100_8.5700.png,,6.7
207,honest,0.3,0.8,16,15.0,1.0,0.0,tile_47.3955_8.5575_47.4010_8.5630.png,,6.7
208,honest,0.3,1.0,20,0.0,0.0,0.0,tile_47.4065_8.5520_47.4100_8.5575.png,,6.7
209,honest,0.3,0.45,9,15.0,1.0,0.0,tile_47.3900_8.5355_47.3955_8.5410.png,,6.7
210,honest,0.3,1.0,20,15.0,0.0,0.0,tile_47.4010_8.5465_47.4065_8.5520.png,,6.7
211,honest,0.3,1.0,20,15.0,0.0,0.0,tile_47.3900_8.5575_47.3955_8.5630.png,,6.7
212,honest,0.3,1.0,20,-15.0,0.0,0.0,tile_47.3900_8.5685_47.3955_8.5700.png,,6.7
213,honest,0.3,1.0,20,15.0,0.0,0.0,tile_47.4010_8.5410_47.4065_8.5465.png,,6.7
214,honest,0.3,0.6,12,15.0,1.0,0.0,tile_47.4065_8.5630_47.4100_8.5685.png,,6.7
215,honest,0.3,1.0,20,0.0,0.0,0.0,tile_47.3955_8.5355_47.4010_8.5410.png,,6.7
216,honest,0.3,1.0,20,0.0,0.0,0.0,tile_47.3900_8.5520_47.3955_8.5575.png,,6.8
217,honest,0.3,0.45,9,0.0,1.0,0.0,tile_47.4010_8.5355_47.4065_8.5410.png,,6.8
218,honest,0.3,0.65,13,-15.0,1.0,0.0,tile_47.4065_8.5685_47.4100_8.5700.png,,6.8
219,honest,0.3,0.6,12,-15.0,1.0,0.0,tile_47.4010_8.5630_47.4065_8.5685.png,,6.7
220,honest,0.3,0.35,7,0.0,1.0,0.0,tile_47.4010_8.5520_47.4065_8.5575.png,,6.7
221,honest,0.3,1.0,20,-15.0,0.0,0.0,tile_47.3955_8.5630_47.4010_8.5685.png,,6.7
222,honest,0.3,1.0,20,0.0,0.0,0.0,tile_47.4065_8.5630_47.4100_8.5685.png,,6.7
223,honest,0.3,0.45,9,15.0,1.0,0.0,tile_47.3955_8.5355_47.4010_8.5410.png,,6.7
224,honest,0.3,1.0,20,0.0,0.0,0.0,tile_47.4010_8.5575_47.4065_8.5630.png,,6.7
225,honest,0.3,0.15,3,-15.0,1.0,0.0,tile_47.4065_8.5575_47.4100_8.5630.png,,6.7
226,honest,0.3,1.0,20,-15.0,0.0,0.0,tile_47.3955_8.5355_47.4010_8.5410.png,,6.7
227,honest,0.3,0.5,10,-15.0,1.0,0.0,tile_47.4010_8.5575_47.4065_8.5630.png,,6.7
228,honest,0.3,0.6,12,15.0,1.0,0.0,tile_47.4010_8.5575_47.4065_8.5630.png,,6.7
229,honest,0.3,0.75,15,15.0,1.0,0.0,tile_47.4065_8.5685_47.4100_8.5700.png,,6.8
230,honest,0.3,1.0,20,15.0,0.0,0.0,tile_47.3955_8.5685_47.4010_8.5700.png,,6.7
231,honest,0.3,0.65,13,15.0,1.0,0.0,tile_47.3900_8.5575_47.3955_8.5630.png,,6.7
232,honest,0.3,1.0,20,0.0,0.0,0.0,tile_47.4065_8.5520_47.4100_8.5575.png,,6.7
233,honest,0.3,0.3,6,-15.0,1.0,0.0,tile_47.3900_8.5410_47.3955_8.5465.png,,6.7
234,honest,0.3,1.0,20,0.0,0.0,0.0,tile_47.4010_8.5630_47.4065_8.5685.png,,6.7
235,honest,0.3,0.85,17,0.0,1.0,0.0,tile_47.3955_8.5685_47.4010_8.5700.png,,6.7
236,honest,0.3,0.65,13,15.0,1.0,0.0,tile_47.3955_8.5410_47.4010_8.5465.png,,6.7
237,honest,0.3,1.0,20,-15.0,0.0,0.0,tile_47.3955_8.5685_47.4010_8.5700.png,,6.7
238,honest,0.3,1.0,20,0.0,0.0,0.0,tile_47.4065_8.5575_47.4100_8.5630.png,,6.7
239,honest,0.3,0.65,13,15.0,1.0,0.0,tile_47.4010_8.5300_47.4065_8.5355.png,,6.8
240,honest,0.3,1.0,20,15.0,0.0,0.0,tile_47.4010_8.5410_47.4065_8.5465.png,,6.7
241,honest,0.3,1.0,20,15.0,0.0,0.0,tile_47.4065_8.5520_47.4100_8.5575.png,,6.7
242,honest,0.3,0.65,13,0.0,1.0,0.0,tile_47.4010_8.5300_47.4065_8.5355.png,,6.7
243,honest,0.3,0.35,7,0.0,1.0,0.0,tile_47.4065_8.5300_47.4100_8.5355.png,,6.7
244,honest,0.3,1.0,20,0.0,0.0,0.0,tile_47.4065_8.5300_47.4100_8.5355.png,,6.7
245,honest,0.3,0.65,13,15.0,1.0,0.0,tile_47.4010_8.5410_47.4065_8.5465.png,,6.7
246,honest,0.3,0.55,11,-15.0,1.0,0.0,tile_47.3900_8.5300_47.3955_8.5355.png,,6.8
247,honest,0.3,1.0,20,15.0,0.0,0.0,tile_47.4010_8.5410_47.4065_8.5465.png,,6.7
248,honest,0.3,0.7,14,-15.0,1.0,0.0,tile_47.3955_8.5520_47.4010_8.5575.png,,6.7
249,honest,0.3,0.8,16,15.0,1.0,0.0,tile_47.3900_8.5630_47.3955_8.5685.png,,6.8
250,honest,0.3,1.0,20,15.0,0.0,0.0,tile_47.4065_8.5520_47.4100_8.5575.png,,6.7
251,honest,0.3,0.7,14,-15.0,1.0,0.0,tile_47.3900_8.5575_47.3955_8.5630.png,,6.7
252,honest,0.3,0.5,10,0.0,1.0,0.0,tile_47.3955_8.5465_47.4010_8.5520.png,,6.7
253,honest,0.3,1.0,20,-15.0,0.0,0.0,tile_47.4010_8.5355_47.4065_8.5410.png,,6.7
254,honest,0.3,0.7,14,-15.0,1.0,0.0,tile_47.4010_8.5410_47.4065_8.5465.png,,6.7
255,honest,0.3,0.15,3,15.0,1.0,0.0,tile_47.4065_8.5575_47.4100_8.5630.png,,6.7
256,honest,0.3,1.0,20,-15.0,0.0,0.0,tile_47.4065_8.5355_47.4100_8.5410.png,,6.7
257,honest,0.3,0.65,13,15.0,1.0,0.0,tile_47.4065_8.5355_47.4100_8.5410.png,,6.7
258,honest,0.3,0.15,3,-15.0,1.0,0.0,tile_47.4065_8.5575_47.4100_8.5630.png,,6.7
259,honest,0.3,0.5,10,0.0,1.0,0.0,tile_47.4010_8.5685_47.4065_8.5700.png,,6.7
260,honest,0.3,1.0,20,-15.0,0.0,0.0,tile_47.3900_8.5355_47.3955_8.5410.png,,6.8
261,honest,0.3,0.85,17,15.0,1.0,0.0,tile_47.3900_8.5520_47.3955_8.5575.png,,6.8
262,honest,0.3,0.45,9,15.0,1.0,0.0,tile_47.4065_8.5410_47.4100_8.5465.png,,7.0
263,honest,0.3,1.0,20,-15.0,0.0,0.0,tile_47.3900_8.5410_47.3955_8.5465.png,,6.8
264,honest,0.3,0.8,16,0.0,1.0,0.0,tile_47.3900_8.5630_47.3955_8.5685.png,,7.0
265,honest,0.3,1.0,20,-15.0,0.0,0.0,tile_47.4065_8.5575_47.4100_8.5630.png,,6.9
266,honest,0.3,0.45,9,0.0,1.0,0.0,tile_47.4065_8.5410_47.4100_8.5465.png,,7.1
267,honest,0.3,1.0,20,15.0,0.0,0.0,tile_47.4065_8.5410_47.4100_8.5465.png,,7.1
268,honest,0.3,1.0,20,0.0,0.0,0.0,tile_47.3955_8.5575_47.4010_8.5630.png,,6.8
269,honest,0.3,0.5,10,0.0,1.0,0.0,tile_47.4010_8.5685_47.4065_8.5700.png,,6.7
270,honest,0.3,0.35,7,-15.0,1.0,0.0,tile_47.3900_8.5465_47.3955_8.5520.png,,7.0
271,honest,0.3,0.5,10,0.0,1.0,0.0,tile_47.3900_8.5685_47.3955_8.5700.png,,6.8
272,honest,0.3,1.0,20,0.0,0.0,0.0,tile_47.3900_8.5355_47.3955_8.5410.png,,6.8
273,honest,0.3,0.4,8,-15.0,1.0,0.0,tile_47.3955_8.5300_47.4010_8.5355.png,,6.7
274,honest,0.3,1.0,20,15.0,0.0,0.0,tile_47.3955_8.5575_47.4010_8.5630.png,,6.6
275,honest,0.3,1.0,20,15.0,0.0,0.0,tile_47.4010_8.5575_47.4065_8.5630.png,,6.7
276,honest,0.3,1.0,20,-15.0,0.0,0.0,tile_47.3955_8.5355_47.4010_8.5410.png,,6.7
277,honest,0.3,0.55,11,-15.0,1.0,0.0,tile_47.3900_8.5685_47.3955_8.5700.png,,6.7
278,honest,0.3,1.0,20,15.0,0.0,0.0,tile_47.3900_8.5300_47.3955_8.5355.png,,6.7
279,honest,0.3,1.0,20,0.0,0.0,0.0,tile_47.3900_8.5355_47.3955_8.5410.png,,6.7
280,honest,0.3,0.4,8,-15.0,1.0,0.0,tile_47.3955_8.5300_47.4010_8.5355.png,,6.7
281,honest,0.3,0.85,17,15.0,1.0,0.0,tile_47.3900_8.5520_47.3955_8.5575.png,,6.7
282,honest,0.3,0.8,16,0.0,1.0,0.0,tile_47.3900_8.5630_47.3955_8.5685.png,,6.7
283,honest,0.3,1.0,20,0.0,0.0,0.0,tile_47.4010_8.5465_47.4065_8.5520.png,,6.7
284,honest,0.3,1.0,20,0.0,0.0,0.0,tile_47.4065_8.5630_47.4100_8.5685.png,,6.7
285,honest,0.3,0.7,14,0.0,1.0,0.0,tile_47.4065_8.5685_47.4100_8.5700.png,,6.8
286,honest,0.3,0.65,13,15.0,1.0,0.0,tile_47.3900_8.5575_47.3955_8.5630.png,,6.7
287,honest,0.3,1.0,20,0.0,0.0,0.0,tile_47.3955_8.5300_47.4010_8.5355.png,,6.7
288,honest,0.3,0.7,14,0.0,1.0,0.0,tile_47.4010_8.5410_47.4065_8.5465.png,,6.7
289,honest,0.3,0.5,10,0.0,1.0,0.0,tile_47.3900_8.5685_47.3955_8.5700.png,,6.7
290,honest,0.3,1.0,20,15.0,0.0,0.0,tile_47.4065_8.5520_47.4100_8.5575.png,,6.7
291,honest,0.3,0.15,3,-15.0,1.0,0.0,tile_47.4065_8.5575_47.4100_8.5630.png,,6.8
292,honest,0.3,0.35,7,0.0,1.0,0.0,tile_47.4010_8.5520_47.4065_8.5575.png,,6.7
293,honest,0.3,0.5,10,0.0,1.0,0.0,tile_47.4010_8.5685_47.4065_8.5700.png,,6.7
294,honest,0.3,0.7,14,-15.0,1.0,0.0,tile_47.3900_8.5575_47.3955_8.5630.png,,6.6
295,honest,0.3,1.0,20,-15.0,0.0,0.0,tile_47.3900_8.5630_47.3955_8.5685.png,,6.6
296,honest,0.3,0.35,7,15.0,1.0,0.0,tile_47.3900_8.5465_47.3955_8.5520.png,,6.7
297,honest,0.3,0.45,9,15.0,1.0,0.0,tile_47.4065_8.5410_47.4100_8.5465.png,,6.7
298,honest,0.3,0.7,14,0.0,1.0,0.0,tile_47.4010_8.5410_47.4065_8.5465.png,,6.7
299,honest,0.3,0.8,16,15.0,1.0,0.0,tile_47.3900_8.5630_47.3955_8.5685.png,,6.7
300,honest,0.3,1.0,20,15.0,0.0,0.0,tile_47.4065_8.5630_47.4100_8.5685.png,,6.7
301,honest,0.3,1.0,20,-15.0,0.0,0.0,tile_47.4010_8.5685_47.4065_8.5700.png,,6.7
302,honest,0.3,0.55,11,-15.0,1.0,0.0,tile_47.4065_8.5465_47.4100_8.5520.png,,6.7
303,honest,0.3,1.0,20,15.0,0.0,0.0,tile_47.3900_8.5355_47.3955_8.5410.png,,6.7
304,honest,0.3,0.5,10,-15.0,1.0,0.0,tile_47.4010_8.5575_47.4065_8.5630.png,,6.7
305,honest,0.3,1.0,20,0.0,0.0,0.0,tile_47.3955_8.5355_47.4010_8.5410.png,,6.7
306,honest,0.3,0.45,9,15.0,1.0,0.0,tile_47.3955_8.5355_47.4010_8.5410.png,,6.8
307,honest,0.3,1.0,20,15.0,0.0,0.0,tile_47.3955_8.5575_47.4010_8.5630.png,,6.6
308,honest,0.3,0.6,12,0.0,1.0,0.0,tile_47.4010_8.5575_47.4065_8.5630.png,,6.8
309,honest,0.3,0.4,8,-15.0,1.0,0.0,tile_47.4010_8.5520_47.4065_8.5575.png,,6.7
310,honest,0.3,1.0,20,15.0,0.0,0.0,tile_47.3955_8.5355_47.4010_8.5410.png,,6.8
311,honest,0.3,1.0,20,-15.0,0.0,0.0,tile_47.4010_8.5355_47.4065_8.5410.png,,6.7
312,honest,0.3,0.6,12,0.0,1.0,0.0,tile_47.4065_8.5520_47.4100_8.5575.png,,6.7
313,honest,0.3,0.5,10,0.0,1.0,0.0,tile_47.3900_8.5685_47.3955_8.5700.png,,6.7
314,honest,0.3,0.7,14,0.0,1.0,0.0,tile_47.4010_8.5410_47.4065_8.5465.png,,6.7
315,honest,0.3,0.3,6,15.0,1.0,0.0,tile_47.3900_8.5410_47.3955_8.5465.png,,6.7
316,honest,0.3,0.55,11,-15.0,1.0,0.0,tile_47.3900_8.5300_47.3955_8.5355.png,,6.7
317,honest,0.3,0.4,8,-15.0,1.0,0.0,tile_47.3955_8.5300_47.4010_8.5355.png,,6.7
318,honest,0.3,0.5,10,0.0,1.0,0.0,tile_47.3900_8.5685_47.3955_8.5700.png,,6.7
319,honest,0.3,0.45,9,-15.0,1.0,0.0,tile_47.3955_8.5465_47.4010_8.5520.png,,6.7
320,honest,0.3,0.6,12,-15.0,1.0,0.0,tile_47.4010_8.5630_47.4065_8.5685.png,,6.7
321,honest,0.3,0.55,11,-15.0,1.0,0.0,tile_47.4065_8.5465_47.4100_8.5520.png,,6.7
322,honest,0.3,0.4,8,-15.0,1.0,0.0,tile_47.4010_8.5520_47.4065_8.5575.png,,6.7
323,honest,0.3,0.45,9,15.0,1.0,0.0,tile_47.4065_8.5410_47.4100_8.5465.png,,6.7
324,honest,0.3,1.0,20,0.0,0.0,0.0,tile_47.3900_8.5355_47.3955_8.5410.png,,6.7
325,honest,0.3,1.0,20,0.0,0.0,0.0,tile_47.4010_8.5685_47.4065_8.5700.png,,6.7
326,honest,0.3,0.8,16,-15.0,1.0,0.0,tile_47.3955_8.5685_47.4010_8.5700.png,,6.7
327,honest,0.3,0.65,13,0.0,1.0,0.0,tile_47.4065_8.5355_47.4100_8.5410.png,,6.7
328,honest,0.3,0.6,12,0.0,1.0,0.0,tile_47.4010_8.5575_47.4065_8.5630.png,,6.7
329,honest,0.3,1.0,20,-15.0,0.0,0.0,tile_47.3955_8.5520_47.4010_8.5575.png,,6.6
330,honest,0.3,0.85,17,0.0,1.0,0.0,tile_47.3955_8.5685_47.4010_8.5700.png,,6.7
331,honest,0.3,1.0,20,-15.0,0.0,0.0,tile_47.3955_8.5520_47.4010_8.5575.png,,6.7
332,honest,0.3,1.0,20,-15.0,0.0,0.0,tile_47.3955_8.5465_47.4010_8.5520.png,,6.7
333,honest,0.3,0.6,12,15.0,1.0,0.0,tile_47.4065_8.5520_47.4100_8.5575.png,,6.7
334,honest,0.3,0.45,9,15.0,1.0,0.0,tile_47.3955_8.5355_47.4010_8.5410.png,,6.7
335,honest,0.3,1.0,20,0.0,0.0,0.0,tile_47.4065_8.5520_47.4100_8.5575.png,,6.7
336,honest,0.3,0.35,7,15.0,1.0,0.0,tile_47.3900_8.5465_47.3955_8.5520.png,,6.7
337,honest,0.3,1.0,20,0.0,0.0,0.0,tile_47.4065_8.5575_47.4100_8.5630.png,,6.7
338,honest,0.3,1.0,20,0.0,0.0,0.0,tile_47.4010_8.5685_47.4065_8.5700.png,,6.7
339,honest,0.3,1.0,20,0.0,0.0,0.0,tile_47.4065_8.5300_47.4100_8.5355.png,,6.7
340,honest,0.3,1.0,20,0.0,0.0,0.0,tile_47.3955_8.5520_47.4010_8.5575.png,,7.1
341,honest,0.3,0.35,7,0.0,1.0,0.0,tile_47.3900_8.5465_47.3955_8.5520.png,,7.2
342,honest,0.3,1.0,20,0.0,0.0,0.0,tile_47.3900_8.5575_47.3955_8.5630.png,,6.7
343,honest,0.3,1.0,20,15.0,0.0,0.0,tile_47.3955_8.5685_47.4010_8.5700.png,,6.6
344,honest,0.3,0.65,13,15.0,1.0,0.0,tile_47.3955_8.5410_47.4010_8.5465.png,,6.7
345,honest,0.3,0.35,7,0.0,1.0,0.0,tile_47.4065_8.5300_47.4100_8.5355.png,,6.7
346,honest,0.3,0.6,12,0.0,1.0,0.0,tile_47.4010_8.5575_47.4065_8.5630.png,,6.7
347,honest,0.3,0.3,6,-15.0,1.0,0.0,tile_47.4065_8.5300_47.4100_8.5355.png,,6.7
348,honest,0.3,0.6,12,0.0,1.0,0.0,tile_47.4010_8.5575_47.4065_8.5630.png,,6.7
349,honest,0.3,1.0,20,-15.0,0.0,0.0,tile_47.4010_8.5465_47.4065_8.5520.png,,6.7
350,honest,0.3,0.65,13,15.0,1.0,0.0,tile_47.3900_8.5575_47.3955_8.5630.png,,6.6
351,honest,0.3,0.4,8,0.0,1.0,0.0,tile_47.3955_8.5300_47.4010_8.5355.png,,6.7
352,honest,0.3,1.0,20,15.0,0.0,0.0,tile_47.4010_8.5685_47.4065_8.5700.png,,6.7
353,honest,0.3,0.45,9,-15.0,1.0,0.0,tile_47.3955_8.5465_47.4010_8.5520.png,,6.6
354,honest,0.3,0.7,14,-15.0,1.0,0.0,tile_47.3955_8.5520_47.4010_8.5575.png,,6.7
355,honest,0.3,1.0,20,-15.0,0.0,0.0,tile_47.3900_8.5520_47.3955_8.5575.png,,6.7
356,honest,0.3,1.0,20,0.0,0.0,0.0,tile_47.4010_8.5575_47.4065_8.5630.png,,6.7
357,honest,0.3,1.0,20,15.0,0.0,0.0,tile_47.3955_8.5355_47.4010_8.5410.png,,6.8
358,honest,0.3,1.0,20,-15.0,0.0,0.0,tile_47.4065_8.5520_47.4100_8.5575.png,,7.0
359,honest,0.3,0.8,16,-15.0,1.0,0.0,tile_47.3955_8.5685_47.4010_8.5700.png,,6.8
360,honest,0.3,0.75,15,0.0,1.0,0.0,tile_47.3955_8.5630_47.4010_8.5685.png,,7.0
361,honest,0.3,1.0,20,15.0,0.0,0.0,tile_47.4065_8.5630_47.4100_8.5685.png,,7.1
362,honest,0.3,0.15,3,-15.0,1.0,0.0,tile_47.4065_8.5575_47.4100_8.5630.png,,7.2
363,honest,0.3,0.6,12,0.0,1.0,0.0,tile_47.3955_8.5410_47.4010_8.5465.png,,7.2
364,honest,0.3,1.0,20,-15.0,0.0,0.0,tile_47.3900_8.5465_47.3955_8.5520.png,,6.9
365,honest,0.3,0.8,16,15.0,1.0,0.0,tile_47.3900_8.5630_47.3955_8.5685.png,,7.0
366,honest,0.3,1.0,20,15.0,0.0,0.0,tile_47.3900_8.5575_47.3955_8.5630.png,,6.8
367,honest,0.3,0.45,9,-15.0,1.0,0.0,tile_47.3955_8.5355_47.4010_8.5410.png,,6.8
368,honest,0.3,1.0,20,0.0,0.0,0.0,tile_47.4065_8.5520_47.4100_8.5575.png,,6.8
369,honest,0.3,1.0,20,0.0,0.0,0.0,tile_47.3900_8.5465_47.3955_8.5520.png,,7.0
370,honest,0.3,0.35,7,0.0,1.0,0.0,tile_47.4065_8.5300_47.4100_8.5355.png,,7.0
371,honest,0.3,0.4,8,-15.0,1.0,0.0,tile_47.3900_8.5355_47.3955_8.5410.png,,6.9
372,honest,0.3,1.0,20,0.0,0.0,0.0,tile_47.3955_8.5355_47.4010_8.5410.png,,6.8
373,honest,0.3,1.0,20,-15.0,0.0,0.0,tile_47.4065_8.5630_47.4100_8.5685.png,,6.7
374,honest,0.3,1.0,20,15.0,0.0,0.0,tile_47.4065_8.5520_47.4100_8.5575.png,,6.7
375,honest,0.3,1.0,20,15.0,0.0,0.0,tile_47.3900_8.5355_47.3955_8.5410.png,,6.7
376,honest,0.3,1.0,20,0.0,0.0,0.0,tile_47.4065_8.5465_47.4100_8.5520.png,,6.8
377,honest,0.3,0.5,10,-15.0,1.0,0.0,tile_47.4010_8.5465_47.4065_8.5520.png,,6.7
378,honest,0.3,1.0,20,-15.0,0.0,0.0,tile_47.4065_8.5410_47.4100_8.5465.png,,6.7
379,honest,0.3,0.5,10,15.0,1.0,0.0,tile_47.3900_8.5685_47.3955_8.5700.png,,6.7
380,honest,0.3,1.0,20,0.0,0.0,0.0,tile_47.3955_8.5355_47.4010_8.5410.png,,6.8
381,honest,0.3,0.55,11,0.0,1.0,0.0,tile_47.4010_8.5630_47.4065_8.5685.png,,6.8
382,honest,0.3,0.7,14,-15.0,1.0,0.0,tile_47.3900_8.5575_47.3955_8.5630.png,,6.7
383,honest,0.3,0.45,9,15.0,1.0,0.0,tile_47.3900_8.5355_47.3955_8.5410.png,,6.7
384,honest,0.3,0.35,7,0.0,1.0,0.0,tile_47.4065_8.5300_47.4100_8.5355.png,,6.8
385,honest,0.3,0.55,11,0.0,1.0,0.0,tile_47.4010_8.5630_47.4065_8.5685.png,,7.0
386,honest,0.3,0.8,16,-15.0,1.0,0.0,tile_47.3900_8.5630_47.3955_8.5685.png,,7.0
387,honest,0.3,0.3,6,15.0,1.0,0.0,tile_47.3900_8.5410_47.3955_8.5465.png,,6.9
388,honest,0.3,0.15,3,0.0,1.0,0.0,tile_47.4065_8.5575_47.4100_8.5630.png,,6.7
389,honest,0.3,0.4,8,15.0,1.0,0.0,tile_47.3955_8.5300_47.4010_8.5355.png,,6.7
390,honest,0.3,0.7,14,-15.0,1.0,0.0,tile_47.4010_8.5410_47.4065_8.5465.png,,6.7
391,honest,0.3,1.0,20,-15.0,0.0,0.0,tile_47.3900_8.5410_47.3955_8.5465.png,,6.7
392,honest,0.3,0.65,13,0.0,1.0,0.0,tile_47.4065_8.5630_47.4100_8.5685.png,,6.7
393,honest,0.3,1.0,20,0.0,0.0,0.0,tile_47.4010_8.5410_47.4065_8.5465.png,,6.7
394,honest,0.3,1.0,20,0.0,0.0,0.0,tile_47.4010_8.5355_47.4065_8.5410.png,,6.7
395,honest,0.3,0.65,13,-15.0,1.0,0.0,tile_47.4065_8.5355_47.4100_8.5410.png,,6.7
396,honest,0.3,0.6,12,15.0,1.0,0.0,tile_47.4010_8.5575_47.4065_8.5630.png,,6.8
397,honest,0.3,0.5,10,-15.0,1.0,0.0,tile_47.4010_8.5685_47.4065_8.5700.png,,6.9
398,honest,0.3,0.55,11,15.0,1.0,0.0,tile_47.4065_8.5465_47.4100_8.5520.png,,6.8
399,honest,0.3,0.7,14,-15.0,1.0,0.0,tile_47.4010_8.5410_47.4065_8.5465.png,,6.7
400,honest,0.3,1.0,20,0.0,0.0,0.0,tile_47.4010_8.5520_47.4065_8.5575.png,,6.8
401,honest,0.3,0.6,12,15.0,1.0,0.0,tile_47.4065_8.5520_47.4100_8.5575.png,,6.9
402,honest,0.3,0.6,12,15.0,1.0,0.0,tile_47.4065_8.5520_47.4100_8.5575.png,,6.7
403,honest,0.3,0.55,11,0.0,1.0,0.0,tile_47.4010_8.5630_47.4065_8.5685.png,,6.7
404,honest,0.3,0.35,7,15.0,1.0,0.0,tile_47.3900_8.5465_47.3955_8.5520.png,,6.7
405,honest,0.3,0.65,13,-15.0,1.0,0.0,tile_47.3955_8.5410_47.4010_8.5465.png,,6.7
406,honest,0.3,1.0,20,-15.0,0.0,0.0,tile_47.3900_8.5410_47.3955_8.5465.png,,6.7
407,honest,0.3,1.0,20,-15.0,0.0,0.0,tile_47.4010_8.5685_47.4065_8.5700.png,,6.7
408,honest,0.3,0.5,10,0.0,1.0,0.0,tile_47.3955_8.5355_47.4010_8.5410.png,,6.7
409,honest,0.3,0.5,10,15.0,1.0,0.0,tile_47.4010_8.5685_47.4065_8.5700.png,,6.7
410,honest,0.3,1.0,20,0.0,0.0,0.0,tile_47.4010_8.5685_47.4065_8.5700.png,,6.7
411,honest,0.3,0.85,17,0.0,1.0,0.0,tile_47.3955_8.5685_47.4010_8.5700.png,,6.7
412,honest,0.3,1.0,20,-15.0,0.0,0.0,tile_47.4065_8.5685_47.4100_8.5700.png,,6.7
413,honest,0.3,0.65,13,15.0,1.0,0.0,tile_47.4010_8.5300_47.4065_8.5355.png,,6.7
414,honest,0.3,0.7,14,0.0,1.0,0.0,tile_47.4010_8.5410_47.4065_8.5465.png,,6.7
415,honest,0.3,0.5,10,15.0,1.0,0.0,tile_47.3900_8.5685_47.3955_8.5700.png,,6.8
416,honest,0.3,1.0,20,-15.0,0.0,0.0,tile_47.3955_8.5465_47.4010_8.5520.png,,6.7
417,honest,0.3,0.35,7,15.0,1.0,0.0,tile_47.4010_8.5520_47.4065_8.5575.png,,6.7
418,honest,0.3,0.65,13,15.0,1.0,0.0,tile_47.4010_8.5410_47.4065_8.5465.png,,6.7
419,honest,0.3,1.0,20,0.0,0.0,0.0,tile_47.4010_8.5685_47.4065_8.5700.png,,6.7
420,honest,0.3,1.0,20,15.0,0.0,0.0,tile_47.3955_8.5520_47.4010_8.5575.png,,6.7
421,honest,0.3,1.0,20,-15.0,0.0,0.0,tile_47.3900_8.5355_47.3955_8.5410.png,,6.7
422,honest,0.3,0.4,8,0.0,1.0,0.0,tile_47.3955_8.5300_47.4010_8.5355.png,,6.7
423,honest,0.3,1.0,20,15.0,0.0,0.0,tile_47.4010_8.5465_47.4065_8.5520.png,,6.7
424,honest,0.3,0.45,9,0.0,1.0,0.0,tile_47.4065_8.5410_47.4100_8.5465.png,,6.7
425,honest,0.3,1.0,20,15.0,0.0,0.0,tile_47.4010_8.5520_47.4065_8.5575.png,,6.7
426,honest,0.3,1.0,20,15.0,0.0,0.0,tile_47.4065_8.5575_47.4100_8.5630.png,,6.7
427,honest,0.3,0.5,10,15.0,1.0,0.0,tile_47.3955_8.5465_47.4010_8.5520.png,,6.7
428,honest,0.3,0.55,11,-15.0,1.0,0.0,tile_47.3900_8.5685_47.3955_8.5700.png,,6.7
429,honest,0.3,1.0,20,15.0,0.0,0.0,tile_47.3955_8.5410_47.4010_8.5465.png,,6.7
430,honest,0.3,0.6,12,-15.0,1.0,0.0,tile_47.4010_8.5630_47.4065_8.5685.png,,6.7
431,honest,0.3,0.65,13,15.0,1.0,0.0,tile_47.4010_8.5300_47.4065_8.5355.png,,6.8
432,honest,0.3,0.5,10,-15.0,1.0,0.0,tile_47.4010_8.5465_47.4065_8.5520.png,,6.9
433,honest,0.3,1.0,20,15.0,0.0,0.0,tile_47.3955_8.5355_47.4010_8.5410.png,,6.9
434,honest,0.3,0.4,8,-15.0,1.0,0.0,tile_47.3900_8.5355_47.3955_8.5410.png,,7.0
435,honest,0.3,1.0,20,-15.0,0.0,0.0,tile_47.3955_8.5575_47.4010_8.5630.png,,6.9
436,honest,0.3,0.75,15,15.0,1.0,0.0,tile_47.4065_8.5685_47.4100_8.5700.png,,7.2
437,honest,0.3,0.6,12,15.0,1.0,0.0,tile_47.4065_8.5630_47.4100_8.5685.png,,7.0
438,honest,0.3,0.15,3,-15.0,1.0,0.0,tile_47.4065_8.5575_47.4100_8.5630.png,,6.8
439,honest,0.3,1.0,20,-15.0,0.0,0.0,tile_47.4065_8.5520_47.4100_8.5575.png,,6.9
440,honest,0.3,0.8,16,0.0,1.0,0.0,tile_47.3955_8.5575_47.4010_8.5630.png,,6.7
441,honest,0.3,1.0,20,0.0,0.0,0.0,tile_47.4010_8.5520_47.4065_8.5575.png,,6.8
442,honest,0.3,0.4,8,15.0,1.0,0.0,tile_47.3955_8.5300_47.4010_8.5355.png,,6.8
443,honest,0.3,1.0,20,0.0,0.0,0.0,tile_47.3955_8.5685_47.4010_8.5700.png,,6.7
444,honest,0.3,1.0,20,0.0,0.0,0.0,tile_47.4065_8.5520_47.4100_8.5575.png,,6.7
445,honest,0.3,1.0,20,-15.0,0.0,0.0,tile_47.3900_8.5465_47.3955_8.5520.png,,6.8
446,honest,0.3,0.85,17,0.0,1.0,0.0,tile_47.3955_8.5685_47.4010_8.5700.png,,6.7
447,honest,0.3,0.7,14,-15.0,1.0,0.0,tile_47.3955_8.5520_47.4010_8.5575.png,,6.7
448,honest,0.3,0.65,13,-15.0,1.0,0.0,tile_47.4065_8.5685_47.4100_8.5700.png,,6.7
449,honest,0.3,0.65,13,0.0,1.0,0.0,tile_47.3900_8.5575_47.3955_8.5630.png,,6.7
450,honest,0.3,0.8,16,0.0,1.0,0.0,tile_47.3955_8.5575_47.4010_8.5630.png,,6.6
451,honest,0.3,0.35,7,15.0,1.0,0.0,tile_47.3900_8.5465_47.3955_8.5520.png,,6.9
452,honest,0.3,0.7,14,0.0,1.0,0.0,tile_47.4010_8.5410_47.4065_8.5465.png,,6.8
453,honest,0.3,1.0,20,15.0,0.0,0.0,tile_47.4065_8.5465_47.4100_8.5520.png,,6.8
454,honest,0.3,0.65,13,-15.0,1.0,0.0,tile_47.4065_8.5355_47.4100_8.5410.png,,6.7
455,honest,0.3,1.0,20,0.0,0.0,0.0,tile_47.3900_8.5465_47.3955_8.5520.png,,6.7
456,honest,0.3,1.0,20,15.0,0.0,0.0,tile_47.4010_8.5410_47.4065_8.5465.png,,6.7
457,honest,0.3,0.4,8,-15.0,1.0,0.0,tile_47.4010_8.5355_47.4065_8.5410.png,,6.7
458,honest,0.3,1.0,20,15.0,0.0,0.0,tile_47.3900_8.5630_47.3955_8.5685.png,,6.7
459,honest,0.3,0.5,10,0.0,1.0,0.0,tile_47.4010_8.5685_47.4065_8.5700.png,,6.7
460,honest,0.3,1.0,20,-15.0,0.0,0.0,tile_47.3900_8.5410_47.3955_8.5465.png,,6.8
461,honest,0.3,1.0,20,-15.0,0.0,0.0,tile_47.4010_8.5575_47.4065_8.5630.png,,6.7
462,honest,0.3,0.4,8,0.0,1.0,0.0,tile_47.3955_8.5300_47.4010_8.5355.png,,6.8
463,honest,0.3,0.65,13,0.0,1.0,0.0,tile_47.4065_8.5355_47.4100_8.5410.png,,6.8
464,honest,0.3,0.75,15,15.0,1.0,0.0,tile_47.4065_8.5685_47.4100_8.5700.png,,6.8
465,honest,0.3,0.45,9,15.0,1.0,0.0,tile_47.3900_8.5355_47.3955_8.5410.png,,6.8
466,honest,0.3,0.45,9,0.0,1.0,0.0,tile_47.4065_8.5410_47.4100_8.5465.png,,6.8
467,honest,0.3,0.6,12,15.0,1.0,0.0,tile_47.4065_8.5630_47.4100_8.5685.png,,6.8
468,honest,0.3,1.0,20,0.0,0.0,0.0,tile_47.4065_8.5630_47.4100_8.5685.png,,6.7
469,honest,0.3,0.8,16,-15.0,1.0,0.0,tile_47.3955_8.5685_47.4010_8.5700.png,,6.9
470,honest,0.3,1.0,20,-15.0,0.0,0.0,tile_47.3900_8.5355_47.3955_8.5410.png,,6.7
471,honest,0.3,0.5,10,0.0,1.0,0.0,tile_47.3955_8.5355_47.4010_8.5410.png,,6.8
472,honest,0.3,1.0,20,0.0,0.0,0.0,tile_47.4065_8.5630_47.4100_8.5685.png,,6.7
473,honest,0.3,1.0,20,15.0,0.0,0.0,tile_47.3955_8.5575_47.4010_8.5630.png,,6.8
474,honest,0.3,0.35,7,15.0,1.0,0.0,tile_47.4065_8.5300_47.4100_8.5355.png,,6.7
475,honest,0.3,1.0,20,0.0,0.0,0.0,tile_47.4010_8.5575_47.4065_8.5630.png,,6.7
476,honest,0.3,0.6,12,15.0,1.0,0.0,tile_47.4065_8.5630_47.4100_8.5685.png,,6.7
477,honest,0.3,1.0,20,-15.0,0.0,0.0,tile_47.4010_8.5465_47.4065_8.5520.png,,6.7
478,honest,0.3,0.75,15,-15.0,1.0,0.0,tile_47.3955_8.5575_47.4010_8.5630.png,,6.7
479,honest,0.3,0.6,12,15.0,1.0,0.0,tile_47.4065_8.5630_47.4100_8.5685.png,,6.7
480,honest,0.3,0.5,10,0.0,1.0,0.0,tile_47.3900_8.5685_47.3955_8.5700.png,,6.7
481,honest,0.3,0.6,12,15.0,1.0,0.0,tile_47.4010_8.5630_47.4065_8.5685.png,,6.7
482,honest,0.3,0.7,14,-15.0,1.0,0.0,tile_47.4010_8.5410_47.4065_8.5465.png,,6.7
483,honest,0.3,1.0,20,15.0,0.0,0.0,tile_47.4065_8.5520_47.4100_8.5575.png,,6.8
484,honest,0.3,0.8,16,15.0,1.0,0.0,tile_47.3955_8.5575_47.4010_8.5630.png,,6.7
485,honest,0.3,0.4,8,-15.0,1.0,0.0,tile_47.3955_8.5300_47.4010_8.5355.png,,6.7
486,honest,0.3,1.0,20,-15.0,0.0,0.0,tile_47.3900_8.5465_47.3955_8.5520.png,,6.7
487,honest,0.3,1.0,20,15.0,0.0,0.0,tile_47.3900_8.5465_47.3955_8.5520.png,,6.6
488,honest,0.3,0.65,13,-15.0,1.0,0.0,tile_47.4065_8.5630_47.4100_8.5685.png,,6.7
489,honest,0.3,1.0,20,-15.0,0.0,0.0,tile_47.3955_8.5410_47.4010_8.5465.png,,6.7
490,honest,0.3,0.75,15,0.0,1.0,0.0,tile_47.3955_8.5520_47.4010_8.5575.png,,6.7
491,honest,0.3,0.35,7,0.0,1.0,0.0,tile_47.3900_8.5465_47.3955_8.5520.png,,6.7
492,honest,0.3,1.0,20,-15.0,0.0,0.0,tile_47.3955_8.5465_47.4010_8.5520.png,,6.8
493,honest,0.3,1.0,20,0.0,0.0,0.0,tile_47.4065_8.5355_47.4100_8.5410.png,,6.7
494,honest,0.3,1.0,20,0.0,0.0,0.0,tile_47.3900_8.5410_47.3955_8.5465.png,,6.7
495,honest,0.3,0.5,10,-15.0,1.0,0.0,tile_47.4010_8.5575_47.4065_8.5630.png,,6.7
496,honest,0.3,0.4,8,0.0,1.0,0.0,tile_47.3955_8.5300_47.4010_8.5355.png,,6.6
497,honest,0.3,0.75,15,15.0,1.0,0.0,tile_47.3955_8.5520_47.4010_8.5575.png,,6.7
498,honest,0.3,0.15,3,-15.0,1.0,0.0,tile_47.4065_8.5575_47.4100_8.5630.png,,6.7
499,honest,0.3,0.55,11,15.0,1.0,0.0,tile_47.3900_8.5300_47.3955_8.5355.png,,6.7
500,byzantine,0.3,0.0,0,15.0,1.0,0.0,tile_47.3955_8.5520_47.4010_8.5575.png,tile_47.3900_8.5575_47.3955_8.5630.png,6.7
501,byzantine,0.3,0.0,0,15.0,1.0,0.0,tile_47.4010_8.5520_47.4065_8.5575.png,tile_47.3900_8.5410_47.3955_8.5465.png,6.8
502,byzantine,0.3,0.0,0,0.0,0.0,0.0,tile_47.3955_8.5300_47.4010_8.5355.png,tile_47.4010_8.5300_47.4065_8.5355.png,6.7
503,byzantine,0.3,0.0,0,0.0,0.0,0.0,tile_47.4010_8.5300_47.4065_8.5355.png,tile_47.3955_8.5520_47.4010_8.5575.png,6.7
504,byzantine,0.3,0.0,0,-15.0,1.0,0.0,tile_47.4010_8.5575_47.4065_8.5630.png,tile_47.3955_8.5355_47.4010_8.5410.png,6.7
505,byzantine,0.3,0.05,1,15.0,0.0,0.0,tile_47.4010_8.5685_47.4065_8.5700.png,tile_47.4010_8.5630_47.4065_8.5685.png,6.7
506,byzantine,0.3,0.0,0,-15.0,0.0,0.0,tile_47.4065_8.5575_47.4100_8.5630.png,tile_47.3955_8.5355_47.4010_8.5410.png,6.8
507,byzantine,0.3,0.0,0,-15.0,1.0,0.0,tile_47.3900_8.5685_47.3955_8.5700.png,tile_47.4010_8.5575_47.4065_8.5630.png,6.7
508,byzantine,0.3,0.0,0,0.0,1.0,0.0,tile_47.3955_8.5630_47.4010_8.5685.png,tile_47.4065_8.5685_47.4100_8.5700.png,6.6
509,byzantine,0.3,0.0,0,-15.0,1.0,0.0,tile_47.4065_8.5575_47.4100_8.5630.png,tile_47.4010_8.5685_47.4065_8.5700.png,6.7
510,byzantine,0.3,0.0,0,15.0,1.0,0.0,tile_47.4065_8.5630_47.4100_8.5685.png,tile_47.4065_8.5300_47.4100_8.5355.png,6.9
511,byzantine,0.3,0.0,0,15.0,0.0,0.0,tile_47.3900_8.5575_47.3955_8.5630.png,tile_47.4010_8.5355_47.4065_8.5410.png,6.7
512,byzantine,0.3,0.0,0,0.0,1.0,0.0,tile_47.3900_8.5685_47.3955_8.5700.png,tile_47.3900_8.5355_47.3955_8.5410.png,6.7
513,byzantine,0.3,0.05,1,15.0,0.0,0.0,tile_47.3955_8.5410_47.4010_8.5465.png,tile_47.3955_8.5465_47.4010_8.5520.png,6.7
514,byzantine,0.3,0.0,0,15.0,1.0,0.0,tile_47.3955_8.5575_47.4010_8.5630.png,tile_47.4010_8.5685_47.4065_8.5700.png,6.7
515,byzantine,0.3,0.0,0,15.0,1.0,0.0,tile_47.4065_8.5520_47.4100_8.5575.png,tile_47.4065_8.5355_47.4100_8.5410.png,6.7
516,byzantine,0.3,0.0,0,-15.0,1.0,0.0,tile_47.4065_8.5410_47.4100_8.5465.png,tile_47.3955_8.5630_47.4010_8.5685.png,6.8
517,byzantine,0.3,0.0,0,15.0,0.0,0.0,tile_47.4010_8.5465_47.4065_8.5520.png,tile_47.4065_8.5300_47.4100_8.5355.png,6.7
518,byzantine,0.3,0.0,0,-15.0,1.0,0.0,tile_47.3900_8.5300_47.3955_8.5355.png,tile_47.4065_8.5300_47.4100_8.5355.png,6.8
519,byzantine,0.3,0.0,0,-15.0,0.0,0.0,tile_47.4065_8.5465_47.4100_8.5520.png,tile_47.3955_8.5465_47.4010_8.5520.png,6.8
520,byzantine,0.3,0.0,0,15.0,0.0,0.0,tile_47.3900_8.5520_47.3955_8.5575.png,tile_47.4065_8.5630_47.4100_8.5685.png,6.8
521,byzantine,0.3,0.0,0,0.0,0.0,0.0,tile_47.4065_8.5410_47.4100_8.5465.png,tile_47.3900_8.5575_47.3955_8.5630.png,6.7
522,byzantine,0.3,0.0,0,-15.0,1.0,0.0,tile_47.4065_8.5300_47.4100_8.5355.png,tile_47.3955_8.5630_47.4010_8.5685.png,6.7
523,byzantine,0.3,0.0,0,0.0,1.0,0.0,tile_47.3955_8.5300_47.4010_8.5355.png,tile_47.4010_8.5575_47.4065_8.5630.png,6.7
524,byzantine,0.3,0.0,0,0.0,0.0,0.0,tile_47.4065_8.5355_47.4100_8.5410.png,tile_47.4010_8.5300_47.4065_8.5355.png,6.7
525,byzantine,0.3,0.0,0,-15.0,0.0,0.0,tile_47.3900_8.5355_47.3955_8.5410.png,tile_47.3955_8.5410_47.4010_8.5465.png,6.7
526,byzantine,0.3,0.05,1,0.0,1.0,0.0,tile_47.3955_8.5630_47.4010_8.5685.png,tile_47.3900_8.5685_47.3955_8.5700.png,6.7
527,byzantine,0.3,0.0,0,0.0,1.0,0.0,tile_47.4010_8.5355_47.4065_8.5410.png,tile_47.3900_8.5630_47.3955_8.5685.png,6.7
528,byzantine,0.3,0.05,1,15.0,0.0,0.0,tile_47.4065_8.5410_47.4100_8.5465.png,tile_47.4010_8.5465_47.4065_8.5520.png,6.7
529,byzantine,0.3,0.0,0,-15.0,0.0,0.0,tile_47.3900_8.5520_47.3955_8.5575.png,tile_47.3900_8.5465_47.3955_8.5520.png,6.7
530,byzantine,0.3,0.0,0,15.0,0.0,0.0,tile_47.3900_8.5465_47.3955_8.5520.png,tile_47.3955_8.5300_47.4010_8.5355.png,6.7
531,byzantine,0.3,0.0,0,15.0,0.0,0.0,tile_47.4065_8.5520_47.4100_8.5575.png,tile_47.3900_8.5685_47.3955_8.5700.png,6.7
532,byzantine,0.3,0.0,0,15.0,0.0,0.0,tile_47.3955_8.5300_47.4010_8.5355.png,tile_47.4010_8.5355_47.4065_8.5410.png,6.7
533,byzantine,0.3,0.0,0,0.0,0.0,0.0,tile_47.4010_8.5520_47.4065_8.5575.png,tile_47.3900_8.5685_47.3955_8.5700.png,6.7
534,byzantine,0.3,0.0,0,0.0,0.0,0.0,tile_47.4065_8.5410_47.4100_8.5465.png,tile_47.3955_8.5355_47.4010_8.5410.png,7.0
535,byzantine,0.3,0.0,0,0.0,0.0,0.0,tile_47.4065_8.5465_47.4100_8.5520.png,tile_47.4010_8.5355_47.4065_8.5410.png,7.0
536,byzantine,0.3,0.0,0,0.0,0.0,0.0,tile_47.4065_8.5300_47.4100_8.5355.png,tile_47.4065_8.5410_47.4100_8.5465.png,7.0
537,byzantine,0.3,0.0,0,15.0,1.0,0.0,tile_47.4065_8.5410_47.4100_8.5465.png,tile_47.3900_8.5520_47.3955_8.5575.png,6.8
538,byzantine,0.3,0.0,0,0.0,1.0,0.0,tile_47.4065_8.5630_47.4100_8.5685.png,tile_47.3900_8.5685_47.3955_8.5700.png,7.0
539,byzantine,0.3,0.0,0,-15.0,1.0,0.0,tile_47.4065_8.5575_47.4100_8.5630.png,tile_47.4065_8.5630_47.4100_8.5685.png,6.8
540,byzantine,0.3,0.0,0,-15.0,1.0,0.0,tile_47.3955_8.5300_47.4010_8.5355.png,tile_47.3955_8.5575_47.4010_8.5630.png,6.8
541,byzantine,0.3,0.0,0,-15.0,1.0,0.0,tile_47.4010_8.5575_47.4065_8.5630.png,tile_47.4010_8.5520_47.4065_8.5575.png,6.8
542,byzantine,0.3,0.0,0,-15.0,1.0,0.0,tile_47.3900_8.5575_47.3955_8.5630.png,tile_47.4010_8.5410_47.4065_8.5465.png,6.7
543,byzantine,0.3,0.05,1,15.0,0.0,0.0,tile_47.4010_8.5355_47.4065_8.5410.png,tile_47.3955_8.5520_47.4010_8.5575.png,6.8
544,byzantine,0.3,0.0,0,15.0,0.0,0.0,tile_47.3955_8.5520_47.4010_8.5575.png,tile_47.4065_8.5410_47.4100_8.5465.png,6.8
545,byzantine,0.3,0.0,0,15.0,0.0,0.0,tile_47.3955_8.5575_47.4010_8.5630.png,tile_47.4065_8.5520_47.4100_8.5575.png,6.7
546,byzantine,0.3,0.0,0,0.0,1.0,0.0,tile_47.3955_8.5575_47.4010_8.5630.png,tile_47.4065_8.5630_47.4100_8.5685.png,6.7
547,byzantine,0.3,0.0,0,-15.0,0.0,0.0,tile_47.3955_8.5685_47.4010_8.5700.png,tile_47.4010_8.5685_47.4065_8.5700.png,6.7
548,byzantine,0.3,0.0,0,15.0,0.0,0.0,tile_47.3955_8.5685_47.4010_8.5700.png,tile_47.4010_8.5410_47.4065_8.5465.png,6.7
549,byzantine,0.3,0.0,0,0.0,1.0,0.0,tile_47.4065_8.5575_47.4100_8.5630.png,tile_47.4010_8.5355_47.4065_8.5410.png,6.7
550,byzantine,0.3,0.0,0,15.0,1.0,0.0,tile_47.4010_8.5300_47.4065_8.5355.png,tile_47.3955_8.5465_47.4010_8.5520.png,6.7
551,byzantine,0.3,0.0,0,15.0,1.0,0.0,tile_47.3900_8.5630_47.3955_8.5685.png,tile_47.4065_8.5410_47.4100_8.5465.png,6.7
552,byzantine,0.3,0.0,0,15.0,1.0,0.0,tile_47.3955_8.5575_47.4010_8.5630.png,tile_47.3955_8.5465_47.4010_8.5520.png,6.7
553,byzantine,0.3,0.0,0,0.0,1.0,0.0,tile_47.3955_8.5630_47.4010_8.5685.png,tile_47.4065_8.5300_47.4100_8.5355.png,6.7
554,byzantine,0.3,0.0,0,-15.0,0.0,0.0,tile_47.4065_8.5410_47.4100_8.5465.png,tile_47.3955_8.5355_47.4010_8.5410.png,6.7
555,byzantine,0.3,0.0,0,-15.0,0.0,0.0,tile_47.3955_8.5630_47.4010_8.5685.png,tile_47.3955_8.5520_47.4010_8.5575.png,6.7
556,byzantine,0.3,0.0,0,15.0,0.0,0.0,tile_47.4010_8.5575_47.4065_8.5630.png,tile_47.3955_8.5300_47.4010_8.5355.png,6.7
557,byzantine,0.3,0.0,0,0.0,1.0,0.0,tile_47.3955_8.5410_47.4010_8.5465.png,tile_47.4065_8.5300_47.4100_8.5355.png,6.9
558,byzantine,0.3,0.0,0,0.0,0.0,0.0,tile_47.4065_8.5685_47.4100_8.5700.png,tile_47.3900_8.5575_47.3955_8.5630.png,6.9
559,byzantine,0.3,0.0,0,15.0,0.0,0.0,tile_47.3900_8.5520_47.3955_8.5575.png,tile_47.4065_8.5685_47.4100_8.5700.png,6.9
560,byzantine,0.3,0.0,0,15.0,0.0,0.0,tile_47.4065_8.5410_47.4100_8.5465.png,tile_47.3900_8.5520_47.3955_8.5575.png,7.0
561,byzantine,0.3,0.0,0,15.0,0.0,0.0,tile_47.3955_8.5355_47.4010_8.5410.png,tile_47.3900_8.5300_47.3955_8.5355.png,7.1
562,byzantine,0.3,0.0,0,-15.0,1.0,0.0,tile_47.3900_8.5465_47.3955_8.5520.png,tile_47.4010_8.5520_47.4065_8.5575.png,7.1
563,byzantine,0.3,0.0,0,15.0,1.0,0.0,tile_47.3900_8.5355_47.3955_8.5410.png,tile_47.3900_8.5300_47.3955_8.5355.png,6.8
564,byzantine,0.3,0.0,0,15.0,1.0,0.0,tile_47.3900_8.5355_47.3955_8.5410.png,tile_47.4010_8.5355_47.4065_8.5410.png,6.8
565,byzantine,0.3,0.0,0,15.0,1.0,0.0,tile_47.3900_8.5355_47.3955_8.5410.png,tile_47.4010_8.5355_47.4065_8.5410.png,6.7
566,byzantine,0.3,0.0,0,15.0,1.0,0.0,tile_47.3900_8.5630_47.3955_8.5685.png,tile_47.4065_8.5630_47.4100_8.5685.png,6.7
567,byzantine,0.3,0.0,0,-15.0,0.0,0.0,tile_47.3955_8.5520_47.4010_8.5575.png,tile_47.4010_8.5520_47.4065_8.5575.png,6.7
568,byzantine,0.3,0.0,0,15.0,1.0,0.0,tile_47.4010_8.5355_47.4065_8.5410.png,tile_47.4065_8.5410_47.4100_8.5465.png,6.7
569,byzantine,0.3,0.0,0,0.0,0.0,0.0,tile_47.4065_8.5355_47.4100_8.5410.png,tile_47.3955_8.5630_47.4010_8.5685.png,6.7
570,byzantine,0.3,0.0,0,15.0,0.0,0.0,tile_47.4010_8.5465_47.4065_8.5520.png,tile_47.4010_8.5630_47.4065_8.5685.png,6.7
571,byzantine,0.3,0.0,0,-15.0,0.0,0.0,tile_47.4065_8.5355_47.4100_8.5410.png,tile_47.3955_8.5520_47.4010_8.5575.png,6.8
572,byzantine,0.3,0.0,0,0.0,1.0,0.0,tile_47.3900_8.5300_47.3955_8.5355.png,tile_47.4010_8.5685_47.4065_8.5700.png,6.7
573,byzantine,0.3,0.0,0,-15.0,0.0,0.0,tile_47.4065_8.5465_47.4100_8.5520.png,tile_47.4010_8.5520_47.4065_8.5575.png,6.8
574,byzantine,0.3,0.0,0,0.0,0.0,0.0,tile_47.3955_8.5630_47.4010_8.5685.png,tile_47.3900_8.5630_47.3955_8.5685.png,7.0
575,byzantine,0.3,0.0,0,15.0,1.0,0.0,tile_47.3900_8.5410_47.3955_8.5465.png,tile_47.4065_8.5630_47.4100_8.5685.png,7.0
576,byzantine,0.3,0.0,0,-15.0,1.0,0.0,tile_47.3955_8.5465_47.4010_8.5520.png,tile_47.4065_8.5630_47.4100_8.5685.png,7.0
577,byzantine,0.3,0.0,0,0.0,0.0,0.0,tile_47.3955_8.5355_47.4010_8.5410.png,tile_47.4065_8.5355_47.4100_8.5410.png,7.0
578,byzantine,0.3,0.0,0,15.0,1.0,0.0,tile_47.4010_8.5465_47.4065_8.5520.png,tile_47.3900_8.5575_47.3955_8.5630.png,6.9
579,byzantine,0.3,0.0,0,15.0,0.0,0.0,tile_47.4010_8.5575_47.4065_8.5630.png,tile_47.3955_8.5520_47.4010_8.5575.png,7.0
580,byzantine,0.3,0.0,0,15.0,0.0,0.0,tile_47.4010_8.5630_47.4065_8.5685.png,tile_47.3900_8.5355_47.3955_8.5410.png,7.0
581,byzantine,0.3,0.0,0,-15.0,1.0,0.0,tile_47.3900_8.5520_47.3955_8.5575.png,tile_47.3955_8.5465_47.4010_8.5520.png,7.0
582,byzantine,0.3,0.0,0,15.0,1.0,0.0,tile_47.3900_8.5355_47.3955_8.5410.png,tile_47.4010_8.5575_47.4065_8.5630.png,6.9
583,byzantine,0.3,0.0,0,0.0,1.0,0.0,tile_47.3955_8.5630_47.4010_8.5685.png,tile_47.3955_8.5465_47.4010_8.5520.png,7.0
584,byzantine,0.3,0.0,0,15.0,1.0,0.0,tile_47.3955_8.5465_47.4010_8.5520.png,tile_47.4010_8.5630_47.4065_8.5685.png,6.9
585,byzantine,0.3,0.05,1,15.0,1.0,0.0,tile_47.4010_8.5410_47.4065_8.5465.png,tile_47.4065_8.5410_47.4100_8.5465.png,7.0
586,byzantine,0.3,0.0,0,-15.0,0.0,0.0,tile_47.4010_8.5355_47.4065_8.5410.png,tile_47.3900_8.5520_47.3955_8.5575.png,7.0
587,byzantine,0.3,0.0,0,0.0,0.0,0.0,tile_47.4010_8.5520_47.4065_8.5575.png,tile_47.3955_8.5465_47.4010_8.5520.png,7.2
588,byzantine,0.3,0.0,0,-15.0,0.0,0.0,tile_47.4010_8.5465_47.4065_8.5520.png,tile_47.3955_8.5630_47.4010_8.5685.png,6.9
589,byzantine,0.3,0.0,0,0.0,1.0,0.0,tile_47.3955_8.5300_47.4010_8.5355.png,tile_47.3900_8.5410_47.3955_8.5465.png,7.1
590,byzantine,0.3,0.0,0,-15.0,1.0,0.0,tile_47.4065_8.5410_47.4100_8.5465.png,tile_47.3900_8.5465_47.3955_8.5520.png,6.9
591,byzantine,0.3,0.0,0,-15.0,0.0,0.0,tile_47.3900_8.5575_47.3955_8.5630.png,tile_47.4010_8.5520_47.4065_8.5575.png,6.9
592,byzantine,0.3,0.0,0,15.0,1.0,0.0,tile_47.3900_8.5300_47.3955_8.5355.png,tile_47.3955_8.5410_47.4010_8.5465.png,6.9
593,byzantine,0.3,0.0,0,0.0,1.0,0.0,tile_47.3955_8.5685_47.4010_8.5700.png,tile_47.4010_8.5465_47.4065_8.5520.png,6.9
594,byzantine,0.3,0.0,0,15.0,0.0,0.0,tile_47.3955_8.5410_47.4010_8.5465.png,tile_47.3900_8.5520_47.3955_8.5575.png,7.0
595,byzantine,0.3,0.0,0,0.0,1.0,0.0,tile_47.4065_8.5685_47.4100_8.5700.png,tile_47.3900_8.5520_47.3955_8.5575.png,7.0
596,byzantine,0.3,0.0,0,-15.0,0.0,0.0,tile_47.4010_8.5355_47.4065_8.5410.png,tile_47.3955_8.5575_47.4010_8.5630.png,6.9
597,byzantine,0.3,0.0,0,0.0,1.0,0.0,tile_47.4010_8.5685_47.4065_8.5700.png,tile_47.3955_8.5300_47.4010_8.5355.png,7.0
598,byzantine,0.3,0.0,0,-15.0,1.0,0.0,tile_47.4065_8.5575_47.4100_8.5630.png,tile_47.3900_8.5465_47.3955_8.5520.png,7.0
599,byzantine,0.3,0.0,0,-15.0,1.0,0.0,tile_47.4065_8.5355_47.4100_8.5410.png,tile_47.3955_8.5410_47.4010_8.5465.png,7.0
600,byzantine,0.3,0.0,0,15.0,1.0,0.0,tile_47.4065_8.5520_47.4100_8.5575.png,tile_47.3955_8.5410_47.4010_8.5465.png,7.0
601,byzantine,0.3,0.0,0,0.0,0.0,0.0,tile_47.4010_8.5520_47.4065_8.5575.png,tile_47.4010_8.5465_47.4065_8.5520.png,6.9
602,byzantine,0.3,0.0,0,15.0,0.0,0.0,tile_47.4010_8.5520_47.4065_8.5575.png,tile_47.3900_8.5575_47.3955_8.5630.png,6.9
603,byzantine,0.3,0.0,0,0.0,1.0,0.0,tile_47.4065_8.5685_47.4100_8.5700.png,tile_47.4065_8.5630_47.4100_8.5685.png,7.0
604,byzantine,0.3,0.0,0,15.0,0.0,0.0,tile_47.4065_8.5300_47.4100_8.5355.png,tile_47.3955_8.5300_47.4010_8.5355.png,6.9
605,byzantine,0.3,0.0,0,0.0,1.0,0.0,tile_47.3955_8.5520_47.4010_8.5575.png,tile_47.4010_8.5465_47.4065_8.5520.png,7.0
606,byzantine,0.3,0.0,0,15.0,0.0,0.0,tile_47.4065_8.5575_47.4100_8.5630.png,tile_47.4065_8.5685_47.4100_8.5700.png,6.9
607,byzantine,0.3,0.0,0,15.0,0.0,0.0,tile_47.4010_8.5410_47.4065_8.5465.png,tile_47.4065_8.5465_47.4100_8.5520.png,6.9
608,byzantine,0.3,0.0,0,15.0,0.0,0.0,tile_47.4065_8.5685_47.4100_8.5700.png,tile_47.3900_8.5520_47.3955_8.5575.png,7.0
609,byzantine,0.3,0.0,0,15.0,1.0,0.0,tile_47.4010_8.5300_47.4065_8.5355.png,tile_47.4010_8.5630_47.4065_8.5685.png,7.0
610,byzantine,0.3,0.0,0,-15.0,1.0,0.0,tile_47.3900_8.5520_47.3955_8.5575.png,tile_47.3955_8.5685_47.4010_8.5700.png,7.0
611,byzantine,0.3,0.0,0,15.0,1.0,0.0,tile_47.4065_8.5410_47.4100_8.5465.png,tile_47.4010_8.5355_47.4065_8.5410.png,6.9
612,byzantine,0.3,0.0,0,-15.0,1.0,0.0,tile_47.3900_8.5630_47.3955_8.5685.png,tile_47.4065_8.5355_47.4100_8.5410.png,6.9
613,byzantine,0.3,0.0,0,-15.0,1.0,0.0,tile_47.3900_8.5410_47.3955_8.5465.png,tile_47.4010_8.5465_47.4065_8.5520.png,6.9
614,byzantine,0.3,0.0,0,15.0,1.0,0.0,tile_47.4065_8.5465_47.4100_8.5520.png,tile_47.3900_8.5465_47.3955_8.5520.png,6.9
615,byzantine,0.3,0.0,0,-15.0,0.0,0.0,tile_47.3955_8.5630_47.4010_8.5685.png,tile_47.4010_8.5355_47.4065_8.5410.png,7.0
616,byzantine,0.3,0.0,0,15.0,0.0,0.0,tile_47.4010_8.5685_47.4065_8.5700.png,tile_47.3955_8.5520_47.4010_8.5575.png,7.0
617,byzantine,0.3,0.0,0,0.0,0.0,0.0,tile_47.3900_8.5355_47.3955_8.5410.png,tile_47.4010_8.5300_47.4065_8.5355.png,7.0
618,byzantine,0.3,0.0,0,-15.0,1.0,0.0,tile_47.3900_8.5575_47.3955_8.5630.png,tile_47.3900_8.5465_47.3955_8.5520.png,6.9
619,byzantine,0.3,0.0,0,15.0,0.0,0.0,tile_47.4010_8.5465_47.4065_8.5520.png,tile_47.3955_8.5410_47.4010_8.5465.png,7.0
620,byzantine,0.3,0.0,0,0.0,0.0,0.0,tile_47.4010_8.5630_47.4065_8.5685.png,tile_47.3955_8.5685_47.4010_8.5700.png,7.0
621,byzantine,0.3,0.0,0,-15.0,1.0,0.0,tile_47.4010_8.5520_47.4065_8.5575.png,tile_47.3900_8.5410_47.3955_8.5465.png,6.9
622,byzantine,0.3,0.0,0,0.0,0.0,0.0,tile_47.3900_8.5355_47.3955_8.5410.png,tile_47.4065_8.5520_47.4100_8.5575.png,7.0
623,byzantine,0.3,0.0,0,0.0,0.0,0.0,tile_47.3955_8.5685_47.4010_8.5700.png,tile_47.4010_8.5355_47.4065_8.5410.png,7.0
624,byzantine,0.3,0.0,0,-15.0,0.0,0.0,tile_47.4065_8.5465_47.4100_8.5520.png,tile_47.4065_8.5685_47.4100_8.5700.png,7.0
625,byzantine,0.3,0.0,0,0.0,0.0,0.0,tile_47.3955_8.5465_47.4010_8.5520.png,tile_47.3900_8.5575_47.3955_8.5630.png,6.9
626,byzantine,0.3,0.0,0,15.0,1.0,0.0,tile_47.3900_8.5355_47.3955_8.5410.png,tile_47.4065_8.5300_47.4100_8.5355.png,7.0
627,byzantine,0.3,0.0,0,15.0,0.0,0.0,tile_47.4065_8.5465_47.4100_8.5520.png,tile_47.3955_8.5520_47.4010_8.5575.png,7.0
628,byzantine,0.3,0.0,0,-15.0,0.0,0.0,tile_47.4010_8.5355_47.4065_8.5410.png,tile_47.4065_8.5355_47.4100_8.5410.png,6.9
629,byzantine,0.3,0.0,0,15.0,0.0,0.0,tile_47.3955_8.5465_47.4010_8.5520.png,tile_47.3955_8.5520_47.4010_8.5575.png,6.9
630,byzantine,0.3,0.0,0,0.0,0.0,0.0,tile_47.3900_8.5685_47.3955_8.5700.png,tile_47.3955_8.5355_47.4010_8.5410.png,6.9
631,byzantine,0.3,0.0,0,15.0,1.0,0.0,tile_47.4065_8.5300_47.4100_8.5355.png,tile_47.4010_8.5465_47.4065_8.5520.png,7.0
632,byzantine,0.3,0.0,0,0.0,0.0,0.0,tile_47.4010_8.5630_47.4065_8.5685.png,tile_47.4065_8.5520_47.4100_8.5575.png,7.0
633,byzantine,0.3,0.0,0,0.0,0.0,0.0,tile_47.3900_8.5575_47.3955_8.5630.png,tile_47.4010_8.5630_47.4065_8.5685.png,7.0
634,byzantine,0.3,0.0,0,-15.0,1.0,0.0,tile_47.3955_8.5685_47.4010_8.5700.png,tile_47.3955_8.5355_47.4010_8.5410.png,6.9
635,byzantine,0.3,0.0,0,-15.0,0.0,0.0,tile_47.3955_8.5355_47.4010_8.5410.png,tile_47.4010_8.5355_47.4065_8.5410.png,7.0
636,byzantine,0.3,0.0,0,0.0,1.0,0.0,tile_47.4065_8.5300_47.4100_8.5355.png,tile_47.3955_8.5575_47.4010_8.5630.png,6.9
637,byzantine,0.3,0.0,0,-15.0,1.0,0.0,tile_47.3955_8.5410_47.4010_8.5465.png,tile_47.4010_8.5300_47.4065_8.5355.png,6.9
638,byzantine,0.3,0.0,0,0.0,0.0,0.0,tile_47.4010_8.5520_47.4065_8.5575.png,tile_47.4065_8.5465_47.4100_8.5520.png,6.9
639,byzantine,0.3,0.0,0,0.0,0.0,0.0,tile_47.3900_8.5300_47.3955_8.5355.png,tile_47.4010_8.5300_47.4065_8.5355.png,6.9
640,byzantine,0.3,0.0,0,-15.0,0.0,0.0,tile_47.4065_8.5685_47.4100_8.5700.png,tile_47.3955_8.5575_47.4010_8.5630.png,6.9
641,byzantine,0.3,0.0,0,15.0,1.0,0.0,tile_47.4065_8.5520_47.4100_8.5575.png,tile_47.3955_8.5685_47.4010_8.5700.png,7.0
642,byzantine,0.3,0.0,0,-15.0,0.0,0.0,tile_47.3955_8.5630_47.4010_8.5685.png,tile_47.3955_8.5355_47.4010_8.5410.png,7.0
643,byzantine,0.3,0.0,0,-15.0,1.0,0.0,tile_47.4010_8.5410_47.4065_8.5465.png,tile_47.3900_8.5575_47.3955_8.5630.png,6.9
644,byzantine,0.3,0.0,0,0.0,1.0,0.0,tile_47.3900_8.5685_47.3955_8.5700.png,tile_47.3955_8.5355_47.4010_8.5410.png,6.9
645,byzantine,0.3,0.0,0,15.0,1.0,0.0,tile_47.4065_8.5520_47.4100_8.5575.png,tile_47.4010_8.5355_47.4065_8.5410.png,7.0
646,byzantine,0.3,0.0,0,-15.0,1.0,0.0,tile_47.3955_8.5685_47.4010_8.5700.png,tile_47.3955_8.5355_47.4010_8.5410.png,7.0
647,byzantine,0.3,0.0,0,-15.0,1.0,0.0,tile_47.4010_8.5630_47.4065_8.5685.png,tile_47.4065_8.5520_47.4100_8.5575.png,7.0
648,byzantine,0.3,0.0,0,-15.0,1.0,0.0,tile_47.3955_8.5685_47.4010_8.5700.png,tile_47.3900_8.5630_47.3955_8.5685.png,6.9
649,byzantine,0.3,0.0,0,15.0,1.0,0.0,tile_47.3955_8.5410_47.4010_8.5465.png,tile_47.4010_8.5520_47.4065_8.5575.png,7.0
650,byzantine,0.3,0.0,0,-15.0,0.0,0.0,tile_47.3900_8.5465_47.3955_8.5520.png,tile_47.4010_8.5465_47.4065_8.5520.png,7.0
651,byzantine,0.3,0.0,0,0.0,1.0,0.0,tile_47.4010_8.5520_47.4065_8.5575.png,tile_47.4010_8.5685_47.4065_8.5700.png,6.9
652,byzantine,0.3,0.0,0,0.0,1.0,0.0,tile_47.3900_8.5630_47.3955_8.5685.png,tile_47.3900_8.5520_47.3955_8.5575.png,7.0
653,byzantine,0.3,0.0,0,0.0,0.0,0.0,tile_47.3955_8.5300_47.4010_8.5355.png,tile_47.4010_8.5685_47.4065_8.5700.png,7.0
654,byzantine,0.3,0.0,0,-15.0,0.0,0.0,tile_47.4010_8.5520_47.4065_8.5575.png,tile_47.4065_8.5465_47.4100_8.5520.png,7.0
655,byzantine,0.3,0.0,0,-15.0,1.0,0.0,tile_47.3955_8.5355_47.4010_8.5410.png,tile_47.4010_8.5465_47.4065_8.5520.png,7.1
656,byzantine,0.3,0.0,0,15.0,1.0,0.0,tile_47.4065_8.5300_47.4100_8.5355.png,tile_47.3955_8.5630_47.4010_8.5685.png,6.9
657,byzantine,0.3,0.0,0,-15.0,0.0,0.0,tile_47.4010_8.5355_47.4065_8.5410.png,tile_47.4010_8.5685_47.4065_8.5700.png,7.0
658,byzantine,0.3,0.0,0,0.0,1.0,0.0,tile_47.4010_8.5520_47.4065_8.5575.png,tile_47.4010_8.5410_47.4065_8.5465.png,7.0
659,byzantine,0.3,0.0,0,-15.0,0.0,0.0,tile_47.4010_8.5630_47.4065_8.5685.png,tile_47.4065_8.5520_47.4100_8.5575.png,7.0
660,byzantine,0.3,0.0,0,-15.0,1.0,0.0,tile_47.4065_8.5465_47.4100_8.5520.png,tile_47.4065_8.5410_47.4100_8.5465.png,6.9
661,byzantine,0.3,0.0,0,-15.0,1.0,0.0,tile_47.4010_8.5520_47.4065_8.5575.png,tile_47.4065_8.5465_47.4100_8.5520.png,6.9
662,byzantine,0.3,0.0,0,0.0,1.0,0.0,tile_47.4065_8.5685_47.4100_8.5700.png,tile_47.4065_8.5355_47.4100_8.5410.png,6.9
663,byzantine,0.3,0.0,0,0.0,0.0,0.0,tile_47.3900_8.5630_47.3955_8.5685.png,tile_47.4010_8.5575_47.4065_8.5630.png,6.9
664,byzantine,0.3,0.0,0,0.0,0.0,0.0,tile_47.3955_8.5410_47.4010_8.5465.png,tile_47.3955_8.5685_47.4010_8.5700.png,6.9
665,byzantine,0.3,0.0,0,0.0,0.0,0.0,tile_47.3955_8.5520_47.4010_8.5575.png,tile_47.4010_8.5685_47.4065_8.5700.png,7.0
666,byzantine,0.3,0.0,0,-15.0,1.0,0.0,tile_47.4010_8.5355_47.4065_8.5410.png,tile_47.3900_8.5410_47.3955_8.5465.png,7.0
667,byzantine,0.3,0.0,0,15.0,1.0,0.0,tile_47.3900_8.5575_47.3955_8.5630.png,tile_47.3955_8.5520_47.4010_8.5575.png,6.9
668,byzantine,0.3,0.0,0,15.0,0.0,0.0,tile_47.4065_8.5355_47.4100_8.5410.png,tile_47.4010_8.5520_47.4065_8.5575.png,6.9
669,byzantine,0.3,0.0,0,0.0,0.0,0.0,tile_47.3900_8.5575_47.3955_8.5630.png,tile_47.4010_8.5685_47.4065_8.5700.png,6.9
670,byzantine,0.3,0.05,1,-15.0,0.0,0.0,tile_47.4065_8.5630_47.4100_8.5685.png,tile_47.3900_8.5410_47.3955_8.5465.png,6.9
671,byzantine,0.3,0.0,0,-15.0,0.0,0.0,tile_47.3900_8.5300_47.3955_8.5355.png,tile_47.3900_8.5355_47.3955_8.5410.png,6.9
672,byzantine,0.3,0.0,0,15.0,1.0,0.0,tile_47.4065_8.5465_47.4100_8.5520.png,tile_47.4010_8.5630_47.4065_8.5685.png,6.9
673,byzantine,0.3,0.0,0,-15.0,1.0,0.0,tile_47.3955_8.5630_47.4010_8.5685.png,tile_47.3955_8.5520_47.4010_8.5575.png,7.6
674,byzantine,0.3,0.0,0,-15.0,0.0,0.0,tile_47.4010_8.5520_47.4065_8.5575.png,tile_47.3955_8.5465_47.4010_8.5520.png,7.0
675,byzantine,0.3,0.0,0,0.0,0.0,0.0,tile_47.3955_8.5300_47.4010_8.5355.png,tile_47.4010_8.5575_47.4065_8.5630.png,6.9
676,byzantine,0.3,0.0,0,15.0,0.0,0.0,tile_47.3900_8.5300_47.3955_8.5355.png,tile_47.4010_8.5520_47.4065_8.5575.png,6.9
677,byzantine,0.3,0.0,0,15.0,0.0,0.0,tile_47.4010_8.5630_47.4065_8.5685.png,tile_47.4065_8.5300_47.4100_8.5355.png,6.9
678,byzantine,0.3,0.0,0,-15.0,0.0,0.0,tile_47.4065_8.5520_47.4100_8.5575.png,tile_47.4065_8.5465_47.4100_8.5520.png,6.9
679,byzantine,0.3,0.0,0,-15.0,0.0,0.0,tile_47.3955_8.5300_47.4010_8.5355.png,tile_47.4065_8.5355_47.4100_8.5410.png,7.0
680,byzantine,0.3,0.0,0,-15.0,1.0,0.0,tile_47.4065_8.5465_47.4100_8.5520.png,tile_47.3955_8.5410_47.4010_8.5465.png,6.9
681,byzantine,0.3,0.0,0,-15.0,0.0,0.0,tile_47.3900_8.5575_47.3955_8.5630.png,tile_47.3955_8.5300_47.4010_8.5355.png,7.0
682,byzantine,0.3,0.0,0,15.0,1.0,0.0,tile_47.4010_8.5465_47.4065_8.5520.png,tile_47.3900_8.5630_47.3955_8.5685.png,7.0
683,byzantine,0.3,0.0,0,15.0,0.0,0.0,tile_47.4010_8.5410_47.4065_8.5465.png,tile_47.4010_8.5575_47.4065_8.5630.png,7.0
684,byzantine,0.3,0.0,0,-15.0,0.0,0.0,tile_47.4065_8.5300_47.4100_8.5355.png,tile_47.3900_8.5465_47.3955_8.5520.png,7.0
685,byzantine,0.3,0.0,0,-15.0,1.0,0.0,tile_47.3900_8.5300_47.3955_8.5355.png,tile_47.3955_8.5520_47.4010_8.5575.png,7.0
686,byzantine,0.3,0.05,1,0.0,0.0,0.0,tile_47.4065_8.5410_47.4100_8.5465.png,tile_47.3955_8.5465_47.4010_8.5520.png,7.1
687,byzantine,0.3,0.0,0,15.0,0.0,0.0,tile_47.3900_8.5520_47.3955_8.5575.png,tile_47.3900_8.5300_47.3955_8.5355.png,7.0
688,byzantine,0.3,0.0,0,15.0,0.0,0.0,tile_47.4010_8.5300_47.4065_8.5355.png,tile_47.3900_8.5630_47.3955_8.5685.png,7.0
689,byzantine,0.3,0.0,0,-15.0,0.0,0.0,tile_47.4010_8.5410_47.4065_8.5465.png,tile_47.4010_8.5575_47.4065_8.5630.png,7.2
690,byzantine,0.3,0.0,0,15.0,1.0,0.0,tile_47.4065_8.5355_47.4100_8.5410.png,tile_47.3900_8.5410_47.3955_8.5465.png,7.3
691,byzantine,0.3,0.0,0,15.0,0.0,0.0,tile_47.3900_8.5575_47.3955_8.5630.png,tile_47.3955_8.5410_47.4010_8.5465.png,7.1
692,byzantine,0.3,0.0,0,-15.0,0.0,0.0,tile_47.4010_8.5520_47.4065_8.5575.png,tile_47.3955_8.5520_47.4010_8.5575.png,7.0
693,byzantine,0.3,0.0,0,15.0,0.0,0.0,tile_47.4065_8.5465_47.4100_8.5520.png,tile_47.4010_8.5685_47.4065_8.5700.png,7.0
694,byzantine,0.3,0.0,0,-15.0,0.0,0.0,tile_47.3900_8.5575_47.3955_8.5630.png,tile_47.4065_8.5630_47.4100_8.5685.png,7.0
695,byzantine,0.3,0.0,0,0.0,0.0,0.0,tile_47.3900_8.5465_47.3955_8.5520.png,tile_47.3955_8.5410_47.4010_8.5465.png,7.0
696,byzantine,0.3,0.0,0,15.0,0.0,0.0,tile_47.3900_8.5300_47.3955_8.5355.png,tile_47.4010_8.5685_47.4065_8.5700.png,7.1
697,byzantine,0.3,0.0,0,-15.0,0.0,0.0,tile_47.4065_8.5685_47.4100_8.5700.png,tile_47.4065_8.5630_47.4100_8.5685.png,7.0
698,byzantine,0.3,0.0,0,0.0,1.0,0.0,tile_47.4010_8.5685_47.4065_8.5700.png,tile_47.3900_8.5520_47.3955_8.5575.png,7.1
699,byzantine,0.3,0.0,0,15.0,1.0,0.0,tile_47.3900_8.5355_47.3955_8.5410.png,tile_47.3955_8.5465_47.4010_8.5520.png,7.4
700,byzantine,0.3,0.0,0,0.0,1.0,0.0,tile_47.4010_8.5300_47.4065_8.5355.png,tile_47.4010_8.5685_47.4065_8.5700.png,7.2
701,byzantine,0.3,0.0,0,15.0,0.0,0.0,tile_47.4065_8.5575_47.4100_8.5630.png,tile_47.4010_8.5300_47.4065_8.5355.png,6.9
702,byzantine,0.3,0.0,0,0.0,0.0,0.0,tile_47.3955_8.5410_47.4010_8.5465.png,tile_47.3955_8.5520_47.4010_8.5575.png,7.0
703,byzantine,0.3,0.0,0,-15.0,1.0,0.0,tile_47.3900_8.5685_47.3955_8.5700.png,tile_47.3955_8.5300_47.4010_8.5355.png,6.9
704,byzantine,0.3,0.05,1,15.0,0.0,0.0,tile_47.3900_8.5300_47.3955_8.5355.png,tile_47.3955_8.5300_47.4010_8.5355.png,6.9
705,byzantine,0.3,0.0,0,-15.0,1.0,0.0,tile_47.4065_8.5300_47.4100_8.5355.png,tile_47.4065_8.5630_47.4100_8.5685.png,6.9
706,byzantine,0.3,0.0,0,-15.0,0.0,0.0,tile_47.4065_8.5410_47.4100_8.5465.png,tile_47.3900_8.5685_47.3955_8.5700.png,7.1
707,byzantine,0.3,0.0,0,0.0,0.0,0.0,tile_47.4010_8.5520_47.4065_8.5575.png,tile_47.3955_8.5300_47.4010_8.5355.png,7.0
708,byzantine,0.3,0.0,0,-15.0,1.0,0.0,tile_47.3900_8.5465_47.3955_8.5520.png,tile_47.3900_8.5630_47.3955_8.5685.png,7.1
709,byzantine,0.3,0.0,0,-15.0,0.0,0.0,tile_47.3900_8.5520_47.3955_8.5575.png,tile_47.4065_8.5575_47.4100_8.5630.png,6.9
710,byzantine,0.3,0.0,0,0.0,1.0,0.0,tile_47.4010_8.5520_47.4065_8.5575.png,tile_47.3900_8.5410_47.3955_8.5465.png,6.9
711,byzantine,0.3,0.0,0,15.0,1.0,0.0,tile_47.4010_8.5685_47.4065_8.5700.png,tile_47.3900_8.5630_47.3955_8.5685.png,6.9
712,byzantine,0.3,0.0,0,0.0,1.0,0.0,tile_47.4065_8.5575_47.4100_8.5630.png,tile_47.3955_8.5465_47.4010_8.5520.png,6.9
713,byzantine,0.3,0.0,0,15.0,1.0,0.0,tile_47.3955_8.5685_47.4010_8.5700.png,tile_47.3900_8.5520_47.3955_8.5575.png,6.9
714,byzantine,0.3,0.0,0,-15.0,1.0,0.0,tile_47.3955_8.5630_47.4010_8.5685.png,tile_47.4010_8.5410_47.4065_8.5465.png,6.9
715,byzantine,0.3,0.0,0,0.0,0.0,0.0,tile_47.3900_8.5300_47.3955_8.5355.png,tile_47.4065_8.5355_47.4100_8.5410.png,6.9
716,byzantine,0.3,0.15,3,15.0,1.0,0.0,tile_47.3900_8.5630_47.3955_8.5685.png,tile_47.3900_8.5685_47.3955_8.5700.png,7.2
717,byzantine,0.3,0.0,0,15.0,0.0,0.0,tile_47.4065_8.5685_47.4100_8.5700.png,tile_47.4065_8.5630_47.4100_8.5685.png,7.0
718,byzantine,0.3,0.0,0,-15.0,0.0,0.0,tile_47.3900_8.5575_47.3955_8.5630.png,tile_47.3900_8.5355_47.3955_8.5410.png,6.9
719,byzantine,0.3,0.0,0,-15.0,1.0,0.0,tile_47.4065_8.5575_47.4100_8.5630.png,tile_47.4010_8.5685_47.4065_8.5700.png,7.0
720,byzantine,0.3,0.0,0,-15.0,0.0,0.0,tile_47.4065_8.5355_47.4100_8.5410.png,tile_47.3900_8.5410_47.3955_8.5465.png,6.9
721,byzantine,0.3,0.0,0,15.0,0.0,0.0,tile_47.3955_8.5300_47.4010_8.5355.png,tile_47.3900_8.5685_47.3955_8.5700.png,6.9
722,byzantine,0.3,0.0,0,0.0,1.0,0.0,tile_47.4065_8.5355_47.4100_8.5410.png,tile_47.4010_8.5630_47.4065_8.5685.png,7.0
723,byzantine,0.3,0.0,0,15.0,1.0,0.0,tile_47.4065_8.5520_47.4100_8.5575.png,tile_47.3955_8.5300_47.4010_8.5355.png,6.9
724,byzantine,0.3,0.0,0,-15.0,0.0,0.0,tile_47.3955_8.5300_47.4010_8.5355.png,tile_47.4065_8.5355_47.4100_8.5410.png,6.9
725,byzantine,0.3,0.0,0,15.0,0.0,0.0,tile_47.3900_8.5630_47.3955_8.5685.png,tile_47.3900_8.5575_47.3955_8.5630.png,6.9
726,byzantine,0.3,0.0,0,0.0,1.0,0.0,tile_47.4065_8.5410_47.4100_8.5465.png,tile_47.3900_8.5465_47.3955_8.5520.png,6.9
727,byzantine,0.3,0.0,0,15.0,1.0,0.0,tile_47.4065_8.5520_47.4100_8.5575.png,tile_47.3955_8.5355_47.4010_8.5410.png,6.9
728,byzantine,0.3,0.0,0,0.0,1.0,0.0,tile_47.3900_8.5575_47.3955_8.5630.png,tile_47.3900_8.5630_47.3955_8.5685.png,6.9
729,byzantine,0.3,0.0,0,15.0,1.0,0.0,tile_47.3955_8.5575_47.4010_8.5630.png,tile_47.4065_8.5465_47.4100_8.5520.png,6.9
730,byzantine,0.3,0.0,0,0.0,0.0,0.0,tile_47.3955_8.5685_47.4010_8.5700.png,tile_47.4065_8.5685_47.4100_8.5700.png,6.9
731,byzantine,0.3,0.0,0,0.0,1.0,0.0,tile_47.4010_8.5465_47.4065_8.5520.png,tile_47.3955_8.5300_47.4010_8.5355.png,6.9
732,byzantine,0.3,0.0,0,-15.0,0.0,0.0,tile_47.4065_8.5520_47.4100_8.5575.png,tile_47.4010_8.5355_47.4065_8.5410.png,6.9
733,byzantine,0.3,0.0,0,15.0,0.0,0.0,tile_47.4065_8.5575_47.4100_8.5630.png,tile_47.3900_8.5465_47.3955_8.5520.png,6.9
734,byzantine,0.3,0.0,0,-15.0,0.0,0.0,tile_47.3900_8.5465_47.3955_8.5520.png,tile_47.4065_8.5465_47.4100_8.5520.png,6.9
735,byzantine,0.3,0.0,0,-15.0,0.0,0.0,tile_47.4065_8.5355_47.4100_8.5410.png,tile_47.3955_8.5465_47.4010_8.5520.png,6.9
736,byzantine,0.3,0.0,0,15.0,0.0,0.0,tile_47.3900_8.5520_47.3955_8.5575.png,tile_47.3900_8.5300_47.3955_8.5355.png,6.9
737,byzantine,0.3,0.0,0,-15.0,0.0,0.0,tile_47.3955_8.5300_47.4010_8.5355.png,tile_47.3900_8.5410_47.3955_8.5465.png,6.9
738,byzantine,0.3,0.0,0,0.0,0.0,0.0,tile_47.4065_8.5575_47.4100_8.5630.png,tile_47.3900_8.5355_47.3955_8.5410.png,7.0
739,byzantine,0.3,0.0,0,-15.0,1.0,0.0,tile_47.4065_8.5685_47.4100_8.5700.png,tile_47.3900_8.5300_47.3955_8.5355.png,6.9
740,byzantine,0.3,0.0,0,0.0,1.0,0.0,tile_47.4010_8.5630_47.4065_8.5685.png,tile_47.3900_8.5630_47.3955_8.5685.png,6.9
741,byzantine,0.3,0.0,0,-15.0,1.0,0.0,tile_47.4065_8.5520_47.4100_8.5575.png,tile_47.4065_8.5575_47.4100_8.5630.png,6.9
742,byzantine,0.3,0.0,0,-15.0,0.0,0.0,tile_47.4010_8.5410_47.4065_8.5465.png,tile_47.3955_8.5685_47.4010_8.5700.png,6.9
743,byzantine,0.3,0.0,0,0.0,1.0,0.0,tile_47.3900_8.5575_47.3955_8.5630.png,tile_47.3955_8.5355_47.4010_8.5410.png,6.9
744,byzantine,0.3,0.0,0,0.0,0.0,0.0,tile_47.3955_8.5520_47.4010_8.5575.png,tile_47.4010_8.5575_47.4065_8.5630.png,6.9
745,byzantine,0.3,0.0,0,15.0,0.0,0.0,tile_47.4065_8.5300_47.4100_8.5355.png,tile_47.4065_8.5410_47.4100_8.5465.png,6.9
746,byzantine,0.3,0.0,0,15.0,1.0,0.0,tile_47.4065_8.5685_47.4100_8.5700.png,tile_47.3955_8.5465_47.4010_8.5520.png,6.9
747,byzantine,0.3,0.0,0,15.0,1.0,0.0,tile_47.4010_8.5355_47.4065_8.5410.png,tile_47.3900_8.5575_47.3955_8.5630.png,6.9
748,byzantine,0.3,0.0,0,-15.0,1.0,0.0,tile_47.3900_8.5355_47.3955_8.5410.png,tile_47.4065_8.5575_47.4100_8.5630.png,6.9
749,byzantine,0.3,0.0,0,0.0,0.0,0.0,tile_47.4010_8.5630_47.4065_8.5685.png,tile_47.4065_8.5355_47.4100_8.5410.png,6.9
750,byzantine,0.3,0.0,0,15.0,0.0,0.0,tile_47.3900_8.5630_47.3955_8.5685.png,tile_47.3955_8.5300_47.4010_8.5355.png,6.9
751,byzantine,0.3,0.0,0,15.0,0.0,0.0,tile_47.3900_8.5465_47.3955_8.5520.png,tile_47.4065_8.5355_47.4100_8.5410.png,6.9
752,byzantine,0.3,0.0,0,-15.0,1.0,0.0,tile_47.3955_8.5465_47.4010_8.5520.png,tile_47.3900_8.5575_47.3955_8.5630.png,6.9
753,byzantine,0.3,0.0,0,-15.0,1.0,0.0,tile_47.3900_8.5355_47.3955_8.5410.png,tile_47.4010_8.5685_47.4065_8.5700.png,6.9
754,byzantine,0.3,0.0,0,15.0,1.0,0.0,tile_47.3955_8.5520_47.4010_8.5575.png,tile_47.4065_8.5465_47.4100_8.5520.png,6.9
755,byzantine,0.3,0.0,0,0.0,1.0,0.0,tile_47.4065_8.5685_47.4100_8.5700.png,tile_47.3900_8.5355_47.3955_8.5410.png,6.9
756,byzantine,0.3,0.0,0,-15.0,0.0,0.0,tile_47.3955_8.5630_47.4010_8.5685.png,tile_47.3900_8.5300_47.3955_8.5355.png,6.9
757,byzantine,0.3,0.0,0,15.0,1.0,0.0,tile_47.4010_8.5575_47.4065_8.5630.png,tile_47.4065_8.5630_47.4100_8.5685.png,7.0
758,byzantine,0.3,0.0,0,15.0,0.0,0.0,tile_47.4010_8.5575_47.4065_8.5630.png,tile_47.4010_8.5685_47.4065_8.5700.png,6.9
759,byzantine,0.3,0.0,0,-15.0,1.0,0.0,tile_47.3900_8.5355_47.3955_8.5410.png,tile_47.3900_8.5575_47.3955_8.5630.png,6.9
760,byzantine,0.3,0.0,0,15.0,0.0,0.0,tile_47.4010_8.5685_47.4065_8.5700.png,tile_47.4065_8.5685_47.4100_8.5700.png,7.2
761,byzantine,0.3,0.0,0,-15.0,1.0,0.0,tile_47.3900_8.5630_47.3955_8.5685.png,tile_47.3955_8.5465_47.4010_8.5520.png,7.2
762,byzantine,0.3,0.0,0,0.0,1.0,0.0,tile_47.3955_8.5410_47.4010_8.5465.png,tile_47.4065_8.5300_47.4100_8.5355.png,7.2
763,byzantine,0.3,0.0,0,0.0,1.0,0.0,tile_47.3955_8.5465_47.4010_8.5520.png,tile_47.4010_8.5685_47.4065_8.5700.png,7.3
764,byzantine,0.3,0.0,0,15.0,1.0,0.0,tile_47.3955_8.5465_47.4010_8.5520.png,tile_47.3955_8.5575_47.4010_8.5630.png,7.3
765,byzantine,0.3,0.0,0,0.0,1.0,0.0,tile_47.3955_8.5465_47.4010_8.5520.png,tile_47.4065_8.5300_47.4100_8.5355.png,7.2
766,byzantine,0.3,0.0,0,-15.0,1.0,0.0,tile_47.3955_8.5465_47.4010_8.5520.png,tile_47.4010_8.5520_47.4065_8.5575.png,7.0
767,byzantine,0.3,0.0,0,0.0,0.0,0.0,tile_47.4065_8.5685_47.4100_8.5700.png,tile_47.3900_8.5520_47.3955_8.5575.png,7.0
768,byzantine,0.3,0.0,0,0.0,0.0,0.0,tile_47.4010_8.5630_47.4065_8.5685.png,tile_47.3955_8.5410_47.4010_8.5465.png,6.9
769,byzantine,0.3,0.0,0,-15.0,0.0,0.0,tile_47.4065_8.5520_47.4100_8.5575.png,tile_47.3900_8.5300_47.3955_8.5355.png,6.9
770,byzantine,0.3,0.0,0,0.0,0.0,0.0,tile_47.3900_8.5520_47.3955_8.5575.png,tile_47.3955_8.5520_47.4010_8.5575.png,6.9
771,byzantine,0.3,0.0,0,0.0,0.0,0.0,tile_47.3900_8.5465_47.3955_8.5520.png,tile_47.3955_8.5575_47.4010_8.5630.png,6.9
772,byzantine,0.3,0.0,0,0.0,1.0,0.0,tile_47.4065_8.5410_47.4100_8.5465.png,tile_47.3955_8.5685_47.4010_8.5700.png,7.0
773,byzantine,0.3,0.0,0,0.0,1.0,0.0,tile_47.3900_8.5630_47.3955_8.5685.png,tile_47.4065_8.5465_47.4100_8.5520.png,7.1
774,byzantine,0.3,0.0,0,0.0,0.0,0.0,tile_47.4065_8.5520_47.4100_8.5575.png,tile_47.3900_8.5410_47.3955_8.5465.png,6.9
775,byzantine,0.3,0.0,0,-15.0,1.0,0.0,tile_47.4010_8.5520_47.4065_8.5575.png,tile_47.3955_8.5300_47.4010_8.5355.png,6.9
776,byzantine,0.3,0.0,0,-15.0,0.0,0.0,tile_47.3955_8.5410_47.4010_8.5465.png,tile_47.4065_8.5575_47.4100_8.5630.png,7.0
777,byzantine,0.3,0.0,0,0.0,0.0,0.0,tile_47.3900_8.5575_47.3955_8.5630.png,tile_47.3955_8.5465_47.4010_8.5520.png,6.9
778,byzantine,0.3,0.0,0,15.0,1.0,0.0,tile_47.4065_8.5465_47.4100_8.5520.png,tile_47.4065_8.5685_47.4100_8.5700.png,7.0
779,byzantine,0.3,0.0,0,15.0,0.0,0.0,tile_47.3955_8.5410_47.4010_8.5465.png,tile_47.3900_8.5355_47.3955_8.5410.png,6.9
780,byzantine,0.3,0.0,0,-15.0,1.0,0.0,tile_47.3955_8.5520_47.4010_8.5575.png,tile_47.3955_8.5630_47.4010_8.5685.png,6.9
781,byzantine,0.3,0.0,0,15.0,1.0,0.0,tile_47.4010_8.5465_47.4065_8.5520.png,tile_47.3900_8.5685_47.3955_8.5700.png,6.9
782,byzantine,0.3,0.0,0,-15.0,0.0,0.0,tile_47.4065_8.5685_47.4100_8.5700.png,tile_47.3900_8.5520_47.3955_8.5575.png,6.9
783,byzantine,0.3,0.0,0,-15.0,1.0,0.0,tile_47.4065_8.5465_47.4100_8.5520.png,tile_47.3900_8.5410_47.3955_8.5465.png,6.9
784,byzantine,0.3,0.0,0,0.0,1.0,0.0,tile_47.3900_8.5630_47.3955_8.5685.png,tile_47.3900_8.5300_47.3955_8.5355.png,6.9
785,byzantine,0.3,0.0,0,-15.0,0.0,0.0,tile_47.3900_8.5575_47.3955_8.5630.png,tile_47.4010_8.5300_47.4065_8.5355.png,6.9
786,byzantine,0.3,0.0,0,-15.0,1.0,0.0,tile_47.4065_8.5630_47.4100_8.5685.png,tile_47.3955_8.5685_47.4010_8.5700.png,6.9
787,byzantine,0.3,0.0,0,15.0,1.0,0.0,tile_47.4065_8.5300_47.4100_8.5355.png,tile_47.3900_8.5575_47.3955_8.5630.png,6.9
788,byzantine,0.3,0.0,0,0.0,1.0,0.0,tile_47.3955_8.5465_47.4010_8.5520.png,tile_47.3955_8.5685_47.4010_8.5700.png,6.9
789,byzantine,0.3,0.0,0,-15.0,1.0,0.0,tile_47.4065_8.5575_47.4100_8.5630.png,tile_47.3955_8.5300_47.4010_8.5355.png,6.9
790,byzantine,0.3,0.0,0,-15.0,1.0,0.0,tile_47.3955_8.5355_47.4010_8.5410.png,tile_47.4065_8.5355_47.4100_8.5410.png,6.9
791,byzantine,0.3,0.0,0,15.0,0.0,0.0,tile_47.4010_8.5630_47.4065_8.5685.png,tile_47.4065_8.5410_47.4100_8.5465.png,6.9
792,byzantine,0.3,0.0,0,15.0,1.0,0.0,tile_47.3900_8.5465_47.3955_8.5520.png,tile_47.4065_8.5465_47.4100_8.5520.png,6.9
793,byzantine,0.3,0.0,0,0.0,1.0,0.0,tile_47.3955_8.5685_47.4010_8.5700.png,tile_47.4010_8.5300_47.4065_8.5355.png,6.9
794,byzantine,0.3,0.0,0,0.0,0.0,0.0,tile_47.3900_8.5410_47.3955_8.5465.png,tile_47.4010_8.5355_47.4065_8.5410.png,6.9
795,byzantine,0.3,0.0,0,15.0,0.0,0.0,tile_47.4065_8.5520_47.4100_8.5575.png,tile_47.3900_8.5575_47.3955_8.5630.png,6.9
796,byzantine,0.3,0.0,0,-15.0,0.0,0.0,tile_47.3955_8.5300_47.4010_8.5355.png,tile_47.3900_8.5355_47.3955_8.5410.png,7.0
797,byzantine,0.3,0.0,0,0.0,0.0,0.0,tile_47.3955_8.5520_47.4010_8.5575.png,tile_47.4065_8.5465_47.4100_8.5520.png,6.9
798,byzantine,0.3,0.0,0,15.0,0.0,0.0,tile_47.4010_8.5520_47.4065_8.5575.png,tile_47.4065_8.5630_47.4100_8.5685.png,6.9
799,byzantine,0.3,0.0,0,15.0,0.0,0.0,tile_47.4065_8.5300_47.4100_8.5355.png,tile_47.4010_8.5355_47.4065_8.5410.png,6.9
800,byzantine,0.3,0.0,0,0.0,1.0,0.0,tile_47.4065_8.5575_47.4100_8.5630.png,tile_47.4065_8.5630_47.4100_8.5685.png,6.9
801,byzantine,0.3,0.0,0,-15.0,1.0,0.0,tile_47.4065_8.5410_47.4100_8.5465.png,tile_47.3900_8.5520_47.3955_8.5575.png,6.9
802,byzantine,0.3,0.0,0,-15.0,0.0,0.0,tile_47.3900_8.5630_47.3955_8.5685.png,tile_47.4065_8.5410_47.4100_8.5465.png,6.9
803,byzantine,0.3,0.0,0,0.0,1.0,0.0,tile_47.4010_8.5300_47.4065_8.5355.png,tile_47.3955_8.5520_47.4010_8.5575.png,6.9
804,byzantine,0.3,0.0,0,15.0,1.0,0.0,tile_47.3900_8.5410_47.3955_8.5465.png,tile_47.3900_8.5630_47.3955_8.5685.png,6.9
805,byzantine,0.3,0.0,0,0.0,1.0,0.0,tile_47.4065_8.5355_47.4100_8.5410.png,tile_47.3900_8.5355_47.3955_8.5410.png,6.9
806,byzantine,0.3,0.0,0,0.0,1.0,0.0,tile_47.3900_8.5465_47.3955_8.5520.png,tile_47.4065_8.5300_47.4100_8.5355.png,6.9
807,byzantine,0.3,0.0,0,0.0,1.0,0.0,tile_47.3900_8.5355_47.3955_8.5410.png,tile_47.3955_8.5465_47.4010_8.5520.png,6.9
808,byzantine,0.3,0.0,0,0.0,1.0,0.0,tile_47.4065_8.5685_47.4100_8.5700.png,tile_47.4065_8.5465_47.4100_8.5520.png,7.0
809,byzantine,0.3,0.0,0,15.0,0.0,0.0,tile_47.3955_8.5300_47.4010_8.5355.png,tile_47.3955_8.5410_47.4010_8.5465.png,6.9
810,byzantine,0.3,0.0,0,15.0,1.0,0.0,tile_47.4010_8.5355_47.4065_8.5410.png,tile_47.4065_8.5300_47.4100_8.5355.png,6.9
811,byzantine,0.3,0.0,0,0.0,0.0,0.0,tile_47.4065_8.5520_47.4100_8.5575.png,tile_47.3900_8.5630_47.3955_8.5685.png,6.9
812,byzantine,0.3,0.05,1,0.0,1.0,0.0,tile_47.3900_8.5465_47.3955_8.5520.png,tile_47.4010_8.5355_47.4065_8.5410.png,6.9
813,byzantine,0.3,0.0,0,-15.0,0.0,0.0,tile_47.4065_8.5355_47.4100_8.5410.png,tile_47.3900_8.5520_47.3955_8.5575.png,6.9
814,byzantine,0.3,0.0,0,15.0,0.0,0.0,tile_47.3955_8.5520_47.4010_8.5575.png,tile_47.4065_8.5575_47.4100_8.5630.png,6.9
815,byzantine,0.3,0.0,0,-15.0,0.0,0.0,tile_47.3900_8.5410_47.3955_8.5465.png,tile_47.3955_8.5685_47.4010_8.5700.png,7.0
816,byzantine,0.3,0.05,1,-15.0,1.0,0.0,tile_47.4010_8.5355_47.4065_8.5410.png,tile_47.3955_8.5465_47.4010_8.5520.png,7.0
817,byzantine,0.3,0.0,0,0.0,1.0,0.0,tile_47.3900_8.5355_47.3955_8.5410.png,tile_47.3955_8.5300_47.4010_8.5355.png,7.0
818,byzantine,0.3,0.0,0,0.0,1.0,0.0,tile_47.3955_8.5465_47.4010_8.5520.png,tile_47.4065_8.5685_47.4100_8.5700.png,7.0
819,byzantine,0.3,0.0,0,0.0,1.0,0.0,tile_47.3955_8.5410_47.4010_8.5465.png,tile_47.4065_8.5465_47.4100_8.5520.png,7.1
820,byzantine,0.3,0.0,0,0.0,0.0,0.0,tile_47.3900_8.5355_47.3955_8.5410.png,tile_47.3955_8.5575_47.4010_8.5630.png,6.9
821,byzantine,0.3,0.0,0,-15.0,0.0,0.0,tile_47.3955_8.5630_47.4010_8.5685.png,tile_47.4010_8.5575_47.4065_8.5630.png,7.0
822,byzantine,0.3,0.0,0,-15.0,0.0,0.0,tile_47.4065_8.5410_47.4100_8.5465.png,tile_47.4010_8.5300_47.4065_8.5355.png,7.0
823,byzantine,0.3,0.0,0,-15.0,0.0,0.0,tile_47.3955_8.5300_47.4010_8.5355.png,tile_47.4010_8.5575_47.4065_8.5630.png,7.0
824,byzantine,0.3,0.0,0,-15.0,0.0,0.0,tile_47.4010_8.5300_47.4065_8.5355.png,tile_47.4010_8.5520_47.4065_8.5575.png,7.0
825,byzantine,0.3,0.0,0,0.0,1.0,0.0,tile_47.4065_8.5300_47.4100_8.5355.png,tile_47.4065_8.5520_47.4100_8.5575.png,7.0
826,byzantine,0.3,0.0,0,0.0,1.0,0.0,tile_47.3955_8.5575_47.4010_8.5630.png,tile_47.3955_8.5685_47.4010_8.5700.png,7.3
827,byzantine,0.3,0.0,0,0.0,1.0,0.0,tile_47.3900_8.5300_47.3955_8.5355.png,tile_47.4010_8.5355_47.4065_8.5410.png,7.3
828,byzantine,0.3,0.0,0,15.0,1.0,0.0,tile_47.4010_8.5465_47.4065_8.5520.png,tile_47.4010_8.5630_47.4065_8.5685.png,7.2
829,byzantine,0.3,0.0,0,-15.0,1.0,0.0,tile_47.4010_8.5575_47.4065_8.5630.png,tile_47.3955_8.5300_47.4010_8.5355.png,7.2
830,byzantine,0.3,0.0,0,15.0,1.0,0.0,tile_47.4010_8.5300_47.4065_8.5355.png,tile_47.4010_8.5575_47.4065_8.5630.png,7.4
831,byzantine,0.3,0.0,0,15.0,1.0,0.0,tile_47.3955_8.5355_47.4010_8.5410.png,tile_47.4010_8.5355_47.4065_8.5410.png,7.1
832,byzantine,0.3,0.0,0,-15.0,0.0,0.0,tile_47.4010_8.5520_47.4065_8.5575.png,tile_47.4010_8.5630_47.4065_8.5685.png,7.2
833,byzantine,0.3,0.0,0,-15.0,0.0,0.0,tile_47.4010_8.5410_47.4065_8.5465.png,tile_47.3955_8.5300_47.4010_8.5355.png,7.1
834,byzantine,0.3,0.0,0,0.0,1.0,0.0,tile_47.3900_8.5410_47.3955_8.5465.png,tile_47.4010_8.5465_47.4065_8.5520.png,7.1
835,byzantine,0.3,0.0,0,15.0,0.0,0.0,tile_47.3955_8.5630_47.4010_8.5685.png,tile_47.4010_8.5630_47.4065_8.5685.png,7.0
836,byzantine,0.3,0.0,0,15.0,1.0,0.0,tile_47.4010_8.5465_47.4065_8.5520.png,tile_47.4065_8.5520_47.4100_8.5575.png,7.1
837,byzantine,0.3,0.0,0,-15.0,0.0,0.0,tile_47.3900_8.5630_47.3955_8.5685.png,tile_47.4010_8.5300_47.4065_8.5355.png,7.0
838,byzantine,0.3,0.0,0,-15.0,1.0,0.0,tile_47.4010_8.5575_47.4065_8.5630.png,tile_47.4010_8.5520_47.4065_8.5575.png,6.9
839,byzantine,0.3,0.0,0,-15.0,0.0,0.0,tile_47.3955_8.5630_47.4010_8.5685.png,tile_47.4065_8.5300_47.4100_8.5355.png,6.9
840,byzantine,0.3,0.0,0,0.0,1.0,0.0,tile_47.4010_8.5685_47.4065_8.5700.png,tile_47.3955_8.5300_47.4010_8.5355.png,7.0
841,byzantine,0.3,0.0,0,15.0,1.0,0.0,tile_47.3900_8.5685_47.3955_8.5700.png,tile_47.4010_8.5300_47.4065_8.5355.png,7.0
842,byzantine,0.3,0.0,0,-15.0,0.0,0.0,tile_47.3955_8.5520_47.4010_8.5575.png,tile_47.4010_8.5355_47.4065_8.5410.png,6.9
843,byzantine,0.3,0.0,0,-15.0,1.0,0.0,tile_47.4065_8.5410_47.4100_8.5465.png,tile_47.3900_8.5355_47.3955_8.5410.png,6.9
844,byzantine,0.3,0.0,0,-15.0,0.0,0.0,tile_47.4010_8.5575_47.4065_8.5630.png,tile_47.3955_8.5575_47.4010_8.5630.png,6.9
845,byzantine,0.3,0.25,5,15.0,1.0,0.0,tile_47.4010_8.5520_47.4065_8.5575.png,tile_47.4065_8.5520_47.4100_8.5575.png,6.9
846,byzantine,0.3,0.0,0,15.0,0.0,0.0,tile_47.4065_8.5685_47.4100_8.5700.png,tile_47.3955_8.5410_47.4010_8.5465.png,7.0
847,byzantine,0.3,0.0,0,15.0,0.0,0.0,tile_47.3900_8.5465_47.3955_8.5520.png,tile_47.3900_8.5300_47.3955_8.5355.png,6.9
848,byzantine,0.3,0.0,0,0.0,1.0,0.0,tile_47.3955_8.5410_47.4010_8.5465.png,tile_47.4010_8.5465_47.4065_8.5520.png,7.0
849,byzantine,0.3,0.0,0,-15.0,1.0,0.0,tile_47.3955_8.5300_47.4010_8.5355.png,tile_47.4010_8.5520_47.4065_8.5575.png,7.0
850,byzantine,0.3,0.0,0,0.0,1.0,0.0,tile_47.4065_8.5465_47.4100_8.5520.png,tile_47.4065_8.5685_47.4100_8.5700.png,7.0
851,byzantine,0.3,0.0,0,0.0,1.0,0.0,tile_47.3900_8.5410_47.3955_8.5465.png,tile_47.4010_8.5410_47.4065_8.5465.png,7.0
852,byzantine,0.3,0.0,0,-15.0,1.0,0.0,tile_47.4010_8.5520_47.4065_8.5575.png,tile_47.4065_8.5355_47.4100_8.5410.png,7.0
853,byzantine,0.3,0.0,0,15.0,0.0,0.0,tile_47.3900_8.5300_47.3955_8.5355.png,tile_47.4010_8.5575_47.4065_8.5630.png,6.9
854,byzantine,0.3,0.0,0,15.0,0.0,0.0,tile_47.4010_8.5630_47.4065_8.5685.png,tile_47.3955_8.5355_47.4010_8.5410.png,6.9
855,byzantine,0.3,0.0,0,-15.0,0.0,0.0,tile_47.4010_8.5465_47.4065_8.5520.png,tile_47.3900_8.5575_47.3955_8.5630.png,7.0
856,byzantine,0.3,0.0,0,-15.0,0.0,0.0,tile_47.4010_8.5410_47.4065_8.5465.png,tile_47.3955_8.5630_47.4010_8.5685.png,6.9
857,byzantine,0.3,0.0,0,15.0,1.0,0.0,tile_47.3955_8.5300_47.4010_8.5355.png,tile_47.3955_8.5465_47.4010_8.5520.png,6.9
858,byzantine,0.3,0.0,0,0.0,1.0,0.0,tile_47.3955_8.5410_47.4010_8.5465.png,tile_47.4065_8.5685_47.4100_8.5700.png,7.0
859,byzantine,0.3,0.0,0,0.0,0.0,0.0,tile_47.3955_8.5630_47.4010_8.5685.png,tile_47.4065_8.5300_47.4100_8.5355.png,6.9
860,byzantine,0.3,0.0,0,-15.0,0.0,0.0,tile_47.3955_8.5410_47.4010_8.5465.png,tile_47.3900_8.5465_47.3955_8.5520.png,6.9
861,byzantine,0.3,0.0,0,0.0,0.0,0.0,tile_47.4010_8.5300_47.4065_8.5355.png,tile_47.4065_8.5355_47.4100_8.5410.png,6.9
862,byzantine,0.3,0.0,0,15.0,0.0,0.0,tile_47.3900_8.5630_47.3955_8.5685.png,tile_47.4010_8.5575_47.4065_8.5630.png,7.0
863,byzantine,0.3,0.0,0,-15.0,0.0,0.0,tile_47.4065_8.5410_47.4100_8.5465.png,tile_47.3955_8.5630_47.4010_8.5685.png,6.9
864,byzantine,0.3,0.15,3,0.0,0.0,0.0,tile_47.4065_8.5630_47.4100_8.5685.png,tile_47.4010_8.5630_47.4065_8.5685.png,7.0
865,byzantine,0.3,0.0,0,-15.0,0.0,0.0,tile_47.4010_8.5465_47.4065_8.5520.png,tile_47.3955_8.5575_47.4010_8.5630.png,6.9
866,byzantine,0.3,0.0,0,15.0,0.0,0.0,tile_47.3955_8.5300_47.4010_8.5355.png,tile_47.3955_8.5630_47.4010_8.5685.png,7.0
867,byzantine,0.3,0.0,0,-15.0,0.0,0.0,tile_47.3900_8.5685_47.3955_8.5700.png,tile_47.4065_8.5410_47.4100_8.5465.png,6.9
868,byzantine,0.3,0.0,0,-15.0,1.0,0.0,tile_47.3955_8.5520_47.4010_8.5575.png,tile_47.4065_8.5355_47.4100_8.5410.png,6.9
869,byzantine,0.3,0.0,0,0.0,0.0,0.0,tile_47.4065_8.5410_47.4100_8.5465.png,tile_47.3955_8.5355_47.4010_8.5410.png,6.9
870,byzantine,0.3,0.0,0,-15.0,0.0,0.0,tile_47.3955_8.5575_47.4010_8.5630.png,tile_47.4010_8.5685_47.4065_8.5700.png,6.9
871,byzantine,0.3,0.0,0,0.0,1.0,0.0,tile_47.3900_8.5300_47.3955_8.5355.png,tile_47.3900_8.5355_47.3955_8.5410.png,6.9
872,byzantine,0.3,0.0,0,15.0,0.0,0.0,tile_47.4065_8.5685_47.4100_8.5700.png,tile_47.3900_8.5520_47.3955_8.5575.png,6.9
873,byzantine,0.3,0.0,0,-15.0,0.0,0.0,tile_47.4010_8.5300_47.4065_8.5355.png,tile_47.4010_8.5575_47.4065_8.5630.png,6.9
874,byzantine,0.3,0.0,0,-15.0,1.0,0.0,tile_47.4010_8.5300_47.4065_8.5355.png,tile_47.3955_8.5630_47.4010_8.5685.png,7.0
875,byzantine,0.3,0.0,0,-15.0,0.0,0.0,tile_47.3900_8.5410_47.3955_8.5465.png,tile_47.4065_8.5520_47.4100_8.5575.png,6.9
876,byzantine,0.3,0.0,0,0.0,1.0,0.0,tile_47.4065_8.5465_47.4100_8.5520.png,tile_47.4010_8.5685_47.4065_8.5700.png,7.0
877,byzantine,0.3,0.0,0,-15.0,0.0,0.0,tile_47.3900_8.5300_47.3955_8.5355.png,tile_47.4065_8.5520_47.4100_8.5575.png,6.9
878,byzantine,0.3,0.0,0,-15.0,0.0,0.0,tile_47.4010_8.5630_47.4065_8.5685.png,tile_47.4065_8.5575_47.4100_8.5630.png,7.0
879,byzantine,0.3,0.0,0,0.0,1.0,0.0,tile_47.4010_8.5685_47.4065_8.5700.png,tile_47.4065_8.5465_47.4100_8.5520.png,7.0
880,byzantine,0.3,0.0,0,0.0,0.0,0.0,tile_47.4065_8.5355_47.4100_8.5410.png,tile_47.3955_8.5520_47.4010_8.5575.png,7.0
881,byzantine,0.3,0.0,0,0.0,1.0,0.0,tile_47.4065_8.5630_47.4100_8.5685.png,tile_47.4065_8.5355_47.4100_8.5410.png,7.0
882,byzantine,0.3,0.0,0,0.0,0.0,0.0,tile_47.3955_8.5300_47.4010_8.5355.png,tile_47.4010_8.5685_47.4065_8.5700.png,6.9
883,byzantine,0.3,0.0,0,15.0,0.0,0.0,tile_47.3900_8.5630_47.3955_8.5685.png,tile_47.3955_8.5630_47.4010_8.5685.png,6.9
884,byzantine,0.3,0.0,0,15.0,1.0,0.0,tile_47.3955_8.5465_47.4010_8.5520.png,tile_47.4010_8.5520_47.4065_8.5575.png,6.9
885,byzantine,0.3,0.0,0,0.0,1.0,0.0,tile_47.3955_8.5300_47.4010_8.5355.png,tile_47.4010_8.5300_47.4065_8.5355.png,6.9
886,byzantine,0.3,0.0,0,0.0,0.0,0.0,tile_47.4065_8.5520_47.4100_8.5575.png,tile_47.3900_8.5355_47.3955_8.5410.png,7.0
887,byzantine,0.3,0.0,0,-15.0,1.0,0.0,tile_47.3900_8.5300_47.3955_8.5355.png,tile_47.4010_8.5685_47.4065_8.5700.png,6.9
888,byzantine,0.3,0.0,0,15.0,0.0,0.0,tile_47.3900_8.5630_47.3955_8.5685.png,tile_47.3955_8.5630_47.4010_8.5685.png,7.0
889,byzantine,0.3,0.0,0,15.0,0.0,0.0,tile_47.4010_8.5630_47.4065_8.5685.png,tile_47.4010_8.5575_47.4065_8.5630.png,7.0
890,byzantine,0.3,0.0,0,15.0,1.0,0.0,tile_47.3900_8.5465_47.3955_8.5520.png,tile_47.3900_8.5300_47.3955_8.5355.png,6.9
891,byzantine,0.3,0.0,0,15.0,0.0,0.0,tile_47.4065_8.5685_47.4100_8.5700.png,tile_47.4065_8.5465_47.4100_8.5520.png,6.9
892,byzantine,0.3,0.0,0,-15.0,0.0,0.0,tile_47.4010_8.5520_47.4065_8.5575.png,tile_47.3900_8.5685_47.3955_8.5700.png,7.0
893,byzantine,0.3,0.0,0,0.0,1.0,0.0,tile_47.3955_8.5630_47.4010_8.5685.png,tile_47.4010_8.5410_47.4065_8.5465.png,6.9
894,byzantine,0.3,0.0,0,15.0,1.0,0.0,tile_47.3955_8.5685_47.4010_8.5700.png,tile_47.3900_8.5410_47.3955_8.5465.png,6.9
895,byzantine,0.3,0.0,0,0.0,1.0,0.0,tile_47.3900_8.5575_47.3955_8.5630.png,tile_47.4065_8.5520_47.4100_8.5575.png,7.0
896,byzantine,0.3,0.0,0,0.0,1.0,0.0,tile_47.3900_8.5685_47.3955_8.5700.png,tile_47.4010_8.5300_47.4065_8.5355.png,7.1
897,byzantine,0.3,0.0,0,15.0,0.0,0.0,tile_47.4065_8.5355_47.4100_8.5410.png,tile_47.3955_8.5575_47.4010_8.5630.png,6.9
898,byzantine,0.3,0.0,0,-15.0,0.0,0.0,tile_47.4010_8.5465_47.4065_8.5520.png,tile_47.4065_8.5575_47.4100_8.5630.png,7.0
899,byzantine,0.3,0.0,0,15.0,0.0,0.0,tile_47.4010_8.5575_47.4065_8.5630.png,tile_47.3955_8.5465_47.4010_8.5520.png,7.0
900,byzantine,0.3,0.0,0,-15.0,0.0,0.0,tile_47.4010_8.5575_47.4065_8.5630.png,tile_47.4010_8.5355_47.4065_8.5410.png,6.9
901,byzantine,0.3,0.0,0,15.0,1.0,0.0,tile_47.4065_8.5520_47.4100_8.5575.png,tile_47.3900_8.5465_47.3955_8.5520.png,6.9
902,byzantine,0.3,0.0,0,-15.0,0.0,0.0,tile_47.4010_8.5575_47.4065_8.5630.png,tile_47.3955_8.5465_47.4010_8.5520.png,7.0
903,byzantine,0.3,0.0,0,15.0,1.0,0.0,tile_47.3900_8.5630_47.3955_8.5685.png,tile_47.3900_8.5355_47.3955_8.5410.png,7.0
904,byzantine,0.3,0.0,0,-15.0,1.0,0.0,tile_47.4065_8.5410_47.4100_8.5465.png,tile_47.3900_8.5465_47.3955_8.5520.png,7.0
905,byzantine,0.3,0.0,0,0.0,0.0,0.0,tile_47.3900_8.5685_47.3955_8.5700.png,tile_47.4065_8.5630_47.4100_8.5685.png,7.0
906,byzantine,0.3,0.0,0,0.0,0.0,0.0,tile_47.3955_8.5520_47.4010_8.5575.png,tile_47.4010_8.5685_47.4065_8.5700.png,6.9
907,byzantine,0.3,0.0,0,0.0,0.0,0.0,tile_47.3900_8.5410_47.3955_8.5465.png,tile_47.4065_8.5630_47.4100_8.5685.png,6.9
908,byzantine,0.3,0.2,4,15.0,0.0,0.0,tile_47.4065_8.5575_47.4100_8.5630.png,tile_47.4010_8.5575_47.4065_8.5630.png,7.0
909,byzantine,0.3,0.0,0,15.0,0.0,0.0,tile_47.3900_8.5300_47.3955_8.5355.png,tile_47.4010_8.5355_47.4065_8.5410.png,6.9
910,byzantine,0.3,0.0,0,15.0,0.0,0.0,tile_47.4065_8.5630_47.4100_8.5685.png,tile_47.4065_8.5575_47.4100_8.5630.png,7.0
911,byzantine,0.3,0.0,0,15.0,0.0,0.0,tile_47.3955_8.5300_47.4010_8.5355.png,tile_47.3900_8.5465_47.3955_8.5520.png,7.0
912,byzantine,0.3,0.0,0,0.0,1.0,0.0,tile_47.4065_8.5410_47.4100_8.5465.png,tile_47.4010_8.5465_47.4065_8.5520.png,6.9
913,byzantine,0.3,0.0,0,15.0,0.0,0.0,tile_47.4065_8.5355_47.4100_8.5410.png,tile_47.4065_8.5685_47.4100_8.5700.png,7.0
914,byzantine,0.3,0.0,0,0.0,1.0,0.0,tile_47.3955_8.5300_47.4010_8.5355.png,tile_47.3900_8.5520_47.3955_8.5575.png,7.0
915,byzantine,0.3,0.0,0,0.0,1.0,0.0,tile_47.3955_8.5575_47.4010_8.5630.png,tile_47.3900_8.5630_47.3955_8.5685.png,6.9
916,byzantine,0.3,0.0,0,-15.0,1.0,0.0,tile_47.3955_8.5300_47.4010_8.5355.png,tile_47.4010_8.5685_47.4065_8.5700.png,7.0
917,byzantine,0.3,0.0,0,15.0,0.0,0.0,tile_47.3900_8.5685_47.3955_8.5700.png,tile_47.4065_8.5355_47.4100_8.5410.png,7.0
918,byzantine,0.3,0.0,0,0.0,1.0,0.0,tile_47.4010_8.5410_47.4065_8.5465.png,tile_47.4065_8.5575_47.4100_8.5630.png,6.9
919,byzantine,0.3,0.0,0,0.0,0.0,0.0,tile_47.3900_8.5355_47.3955_8.5410.png,tile_47.3955_8.5575_47.4010_8.5630.png,6.9
920,byzantine,0.3,0.0,0,-15.0,0.0,0.0,tile_47.3955_8.5520_47.4010_8.5575.png,tile_47.3955_8.5300_47.4010_8.5355.png,6.9
921,byzantine,0.3,0.05,1,-15.0,1.0,0.0,tile_47.3955_8.5355_47.4010_8.5410.png,tile_47.4065_8.5465_47.4100_8.5520.png,7.0
922,byzantine,0.3,0.0,0,-15.0,1.0,0.0,tile_47.3900_8.5410_47.3955_8.5465.png,tile_47.3955_8.5520_47.4010_8.5575.png,7.0
923,byzantine,0.3,0.0,0,0.0,0.0,0.0,tile_47.4065_8.5300_47.4100_8.5355.png,tile_47.3900_8.5685_47.3955_8.5700.png,6.9
924,byzantine,0.3,0.0,0,15.0,1.0,0.0,tile_47.4065_8.5300_47.4100_8.5355.png,tile_47.3955_8.5520_47.4010_8.5575.png,6.9
925,byzantine,0.3,0.0,0,0.0,1.0,0.0,tile_47.3900_8.5300_47.3955_8.5355.png,tile_47.4065_8.5300_47.4100_8.5355.png,6.9
926,byzantine,0.3,0.0,0,0.0,0.0,0.0,tile_47.3955_8.5630_47.4010_8.5685.png,tile_47.4065_8.5630_47.4100_8.5685.png,6.9
927,byzantine,0.3,0.0,0,15.0,1.0,0.0,tile_47.3955_8.5520_47.4010_8.5575.png,tile_47.3955_8.5355_47.4010_8.5410.png,6.9
928,byzantine,0.3,0.0,0,0.0,0.0,0.0,tile_47.3955_8.5465_47.4010_8.5520.png,tile_47.4065_8.5685_47.4100_8.5700.png,6.9
929,byzantine,0.3,0.0,0,-15.0,0.0,0.0,tile_47.3900_8.5410_47.3955_8.5465.png,tile_47.3955_8.5630_47.4010_8.5685.png,6.9
930,byzantine,0.3,0.0,0,0.0,1.0,0.0,tile_47.3955_8.5410_47.4010_8.5465.png,tile_47.4010_8.5465_47.4065_8.5520.png,7.0
931,byzantine,0.3,0.0,0,0.0,0.0,0.0,tile_47.4065_8.5575_47.4100_8.5630.png,tile_47.4010_8.5630_47.4065_8.5685.png,6.9
932,byzantine,0.3,0.0,0,-15.0,0.0,0.0,tile_47.4010_8.5520_47.4065_8.5575.png,tile_47.4010_8.5465_47.4065_8.5520.png,6.9
933,byzantine,0.3,0.0,0,-15.0,1.0,0.0,tile_47.4010_8.5630_47.4065_8.5685.png,tile_47.3900_8.5410_47.3955_8.5465.png,6.9
934,byzantine,0.3,0.0,0,15.0,1.0,0.0,tile_47.3955_8.5465_47.4010_8.5520.png,tile_47.4010_8.5355_47.4065_8.5410.png,6.9
935,byzantine,0.3,0.0,0,-15.0,0.0,0.0,tile_47.4065_8.5355_47.4100_8.5410.png,tile_47.3900_8.5410_47.3955_8.5465.png,6.9
936,byzantine,0.3,0.0,0,0.0,0.0,0.0,tile_47.4010_8.5575_47.4065_8.5630.png,tile_47.3955_8.5410_47.4010_8.5465.png,6.9
937,byzantine,0.3,0.0,0,0.0,1.0,0.0,tile_47.4065_8.5630_47.4100_8.5685.png,tile_47.4010_8.5355_47.4065_8.5410.png,6.9
938,byzantine,0.3,0.0,0,15.0,0.0,0.0,tile_47.4010_8.5630_47.4065_8.5685.png,tile_47.3955_8.5630_47.4010_8.5685.png,7.0
939,byzantine,0.3,0.0,0,-15.0,0.0,0.0,tile_47.4010_8.5520_47.4065_8.5575.png,tile_47.3955_8.5520_47.4010_8.5575.png,6.9
940,byzantine,0.3,0.0,0,-15.0,1.0,0.0,tile_47.4010_8.5410_47.4065_8.5465.png,tile_47.3900_8.5300_47.3955_8.5355.png,6.9
941,byzantine,0.3,0.0,0,15.0,1.0,0.0,tile_47.4065_8.5685_47.4100_8.5700.png,tile_47.3900_8.5355_47.3955_8.5410.png,7.0
942,byzantine,0.3,0.0,0,0.0,0.0,0.0,tile_47.3900_8.5575_47.3955_8.5630.png,tile_47.4065_8.5685_47.4100_8.5700.png,7.0
943,byzantine,0.3,0.0,0,-15.0,0.0,0.0,tile_47.3900_8.5520_47.3955_8.5575.png,tile_47.3900_8.5685_47.3955_8.5700.png,7.0
944,byzantine,0.3,0.3,6,15.0,0.0,0.0,tile_47.3900_8.5630_47.3955_8.5685.png,tile_47.3900_8.5685_47.3955_8.5700.png,7.0
945,byzantine,0.3,0.0,0,15.0,1.0,0.0,tile_47.3955_8.5355_47.4010_8.5410.png,tile_47.3900_8.5300_47.3955_8.5355.png,6.9
946,byzantine,0.3,0.0,0,0.0,1.0,0.0,tile_47.3900_8.5575_47.3955_8.5630.png,tile_47.3900_8.5410_47.3955_8.5465.png,7.0
947,byzantine,0.3,0.0,0,-15.0,0.0,0.0,tile_47.3900_8.5520_47.3955_8.5575.png,tile_47.4010_8.5465_47.4065_8.5520.png,7.0
948,byzantine,0.3,0.0,0,-15.0,1.0,0.0,tile_47.4065_8.5300_47.4100_8.5355.png,tile_47.3955_8.5630_47.4010_8.5685.png,7.1
949,byzantine,0.3,0.05,1,15.0,1.0,0.0,tile_47.4010_8.5520_47.4065_8.5575.png,tile_47.3900_8.5300_47.3955_8.5355.png,7.0
950,byzantine,0.3,0.0,0,0.0,0.0,0.0,tile_47.3900_8.5520_47.3955_8.5575.png,tile_47.4065_8.5355_47.4100_8.5410.png,7.0
951,byzantine,0.3,0.15,3,15.0,0.0,0.0,tile_47.4010_8.5630_47.4065_8.5685.png,tile_47.4065_8.5630_47.4100_8.5685.png,7.0
952,byzantine,0.3,0.05,1,15.0,0.0,0.0,tile_47.4010_8.5465_47.4065_8.5520.png,tile_47.4010_8.5520_47.4065_8.5575.png,7.0
953,byzantine,0.3,0.0,0,-15.0,1.0,0.0,tile_47.4065_8.5300_47.4100_8.5355.png,tile_47.3955_8.5520_47.4010_8.5575.png,7.3
954,byzantine,0.3,0.0,0,15.0,0.0,0.0,tile_47.3955_8.5410_47.4010_8.5465.png,tile_47.4010_8.5410_47.4065_8.5465.png,7.0
955,byzantine,0.3,0.0,0,-15.0,0.0,0.0,tile_47.4010_8.5410_47.4065_8.5465.png,tile_47.4065_8.5685_47.4100_8.5700.png,7.1
956,byzantine,0.3,0.0,0,15.0,0.0,0.0,tile_47.4010_8.5685_47.4065_8.5700.png,tile_47.4065_8.5685_47.4100_8.5700.png,7.4
957,byzantine,0.3,0.0,0,-15.0,0.0,0.0,tile_47.3900_8.5410_47.3955_8.5465.png,tile_47.3900_8.5300_47.3955_8.5355.png,7.3
958,byzantine,0.3,0.0,0,15.0,1.0,0.0,tile_47.4010_8.5465_47.4065_8.5520.png,tile_47.3900_8.5630_47.3955_8.5685.png,7.2
959,byzantine,0.3,0.0,0,15.0,1.0,0.0,tile_47.4065_8.5410_47.4100_8.5465.png,tile_47.4065_8.5575_47.4100_8.5630.png,7.2
960,byzantine,0.3,0.0,0,15.0,0.0,0.0,tile_47.3955_8.5465_47.4010_8.5520.png,tile_47.3900_8.5685_47.3955_8.5700.png,7.4
961,byzantine,0.3,0.0,0,15.0,1.0,0.0,tile_47.3900_8.5685_47.3955_8.5700.png,tile_47.3900_8.5575_47.3955_8.5630.png,7.7
962,byzantine,0.3,0.0,0,15.0,0.0,0.0,tile_47.3900_8.5520_47.3955_8.5575.png,tile_47.3955_8.5410_47.4010_8.5465.png,7.5
963,byzantine,0.3,0.3,6,15.0,0.0,0.0,tile_47.3900_8.5630_47.3955_8.5685.png,tile_47.3900_8.5685_47.3955_8.5700.png,7.8
964,byzantine,0.3,0.0,0,15.0,1.0,0.0,tile_47.4010_8.5630_47.4065_8.5685.png,tile_47.3900_8.5520_47.3955_8.5575.png,7.6
965,byzantine,0.3,0.0,0,15.0,0.0,0.0,tile_47.4010_8.5410_47.4065_8.5465.png,tile_47.4010_8.5520_47.4065_8.5575.png,7.3
966,byzantine,0.3,0.0,0,-15.0,0.0,0.0,tile_47.4065_8.5685_47.4100_8.5700.png,tile_47.3955_8.5630_47.4010_8.5685.png,7.6
967,byzantine,0.3,0.0,0,0.0,1.0,0.0,tile_47.4010_8.5685_47.4065_8.5700.png,tile_47.4065_8.5410_47.4100_8.5465.png,7.9
968,byzantine,0.3,0.0,0,0.0,1.0,0.0,tile_47.3900_8.5300_47.3955_8.5355.png,tile_47.3955_8.5465_47.4010_8.5520.png,7.5
969,byzantine,0.3,0.0,0,-15.0,0.0,0.0,tile_47.4010_8.5355_47.4065_8.5410.png,tile_47.4065_8.5465_47.4100_8.5520.png,7.4
970,byzantine,0.3,0.0,0,0.0,0.0,0.0,tile_47.4065_8.5630_47.4100_8.5685.png,tile_47.3955_8.5630_47.4010_8.5685.png,7.3
971,byzantine,0.3,0.0,0,0.0,1.0,0.0,tile_47.4065_8.5685_47.4100_8.5700.png,tile_47.4010_8.5355_47.4065_8.5410.png,7.2
972,byzantine,0.3,0.0,0,-15.0,0.0,0.0,tile_47.4010_8.5355_47.4065_8.5410.png,tile_47.4065_8.5520_47.4100_8.5575.png,7.2
973,byzantine,0.3,0.0,0,-15.0,0.0,0.0,tile_47.3900_8.5520_47.3955_8.5575.png,tile_47.4065_8.5300_47.4100_8.5355.png,7.0
974,byzantine,0.3,0.0,0,-15.0,0.0,0.0,tile_47.4065_8.5355_47.4100_8.5410.png,tile_47.4065_8.5300_47.4100_8.5355.png,7.1
975,byzantine,0.3,0.0,0,15.0,0.0,0.0,tile_47.4010_8.5300_47.4065_8.5355.png,tile_47.4010_8.5410_47.4065_8.5465.png,7.1
976,byzantine,0.3,0.0,0,15.0,1.0,0.0,tile_47.4010_8.5685_47.4065_8.5700.png,tile_47.3955_8.5520_47.4010_8.5575.png,7.1
977,byzantine,0.3,0.0,0,-15.0,1.0,0.0,tile_47.4065_8.5575_47.4100_8.5630.png,tile_47.4010_8.5300_47.4065_8.5355.png,7.1
978,byzantine,0.3,0.0,0,15.0,0.0,0.0,tile_47.4010_8.5685_47.4065_8.5700.png,tile_47.4010_8.5300_47.4065_8.5355.png,7.0
979,byzantine,0.3,0.0,0,-15.0,0.0,0.0,tile_47.3955_8.5300_47.4010_8.5355.png,tile_47.3955_8.5685_47.4010_8.5700.png,7.0
980,byzantine,0.3,0.0,0,-15.0,0.0,0.0,tile_47.4065_8.5630_47.4100_8.5685.png,tile_47.4065_8.5685_47.4100_8.5700.png,7.0
981,byzantine,0.3,0.0,0,0.0,0.0,0.0,tile_47.4065_8.5685_47.4100_8.5700.png,tile_47.3900_8.5685_47.3955_8.5700.png,6.9
982,byzantine,0.3,0.0,0,-15.0,1.0,0.0,tile_47.3955_8.5630_47.4010_8.5685.png,tile_47.3900_8.5355_47.3955_8.5410.png,6.9
983,byzantine,0.3,0.0,0,15.0,0.0,0.0,tile_47.4065_8.5300_47.4100_8.5355.png,tile_47.3955_8.5685_47.4010_8.5700.png,7.0
984,byzantine,0.3,0.0,0,0.0,0.0,0.0,tile_47.4010_8.5520_47.4065_8.5575.png,tile_47.3900_8.5465_47.3955_8.5520.png,7.0
985,byzantine,0.3,0.0,0,15.0,1.0,0.0,tile_47.3955_8.5465_47.4010_8.5520.png,tile_47.3955_8.5575_47.4010_8.5630.png,6.9
986,byzantine,0.3,0.0,0,15.0,1.0,0.0,tile_47.3900_8.5520_47.3955_8.5575.png,tile_47.4010_8.5355_47.4065_8.5410.png,6.9
987,byzantine,0.3,0.0,0,0.0,1.0,0.0,tile_47.4065_8.5355_47.4100_8.5410.png,tile_47.3955_8.5465_47.4010_8.5520.png,7.0
988,byzantine,0.3,0.0,0,0.0,1.0,0.0,tile_47.3900_8.5300_47.3955_8.5355.png,tile_47.4010_8.5355_47.4065_8.5410.png,7.0
989,byzantine,0.3,0.0,0,-15.0,1.0,0.0,tile_47.3955_8.5630_47.4010_8.5685.png,tile_47.3900_8.5410_47.3955_8.5465.png,6.9
990,byzantine,0.3,0.0,0,15.0,1.0,0.0,tile_47.3955_8.5355_47.4010_8.5410.png,tile_47.3900_8.5575_47.3955_8.5630.png,6.9
991,byzantine,0.3,0.0,0,-15.0,1.0,0.0,tile_47.3955_8.5630_47.4010_8.5685.png,tile_47.3955_8.5575_47.4010_8.5630.png,7.0
992,byzantine,0.3,0.0,0,0.0,0.0,0.0,tile_47.4065_8.5630_47.4100_8.5685.png,tile_47.3955_8.5685_47.4010_8.5700.png,6.9
993,byzantine,0.3,0.0,0,-15.0,0.0,0.0,tile_47.3900_8.5355_47.3955_8.5410.png,tile_47.3955_8.5300_47.4010_8.5355.png,6.9
994,byzantine,0.3,0.0,0,-15.0,0.0,0.0,tile_47.3955_8.5300_47.4010_8.5355.png,tile_47.4010_8.5575_47.4065_8.5630.png,6.9
995,byzantine,0.3,0.0,0,15.0,0.0,0.0,tile_47.3900_8.5465_47.3955_8.5520.png,tile_47.3900_8.5630_47.3955_8.5685.png,6.9
996,byzantine,0.3,0.0,0,0.0,0.0,0.0,tile_47.3900_8.5355_47.3955_8.5410.png,tile_47.4065_8.5575_47.4100_8.5630.png,7.0
997,byzantine,0.3,0.0,0,15.0,1.0,0.0,tile_47.3955_8.5575_47.4010_8.5630.png,tile_47.3955_8.5685_47.4010_8.5700.png,6.9
998,byzantine,0.3,0.0,0,15.0,1.0,0.0,tile_47.3955_8.5410_47.4010_8.5465.png,tile_47.3900_8.5685_47.3955_8.5700.png,7.0
999,byzantine,0.3,0.0,0,0.0,0.0,0.0,tile_47.4010_8.5300_47.4065_8.5355.png,tile_47.3900_8.5575_47.3955_8.5630.png,7.0
