trial_id,label,t_verify_used,V_score,n_matches,sun_shift,blur_sigma,occl_frac,honest_tile,byzantine_tile,inference_ms
0,honest,0.3,1.0,40,15.0,0.0,0.0,tile_47.4010_8.5355_47.4065_8.5410.png,,261.1
1,honest,0.3,0.975,39,-15.0,0.0,0.0,tile_47.3900_8.5630_47.3955_8.5685.png,,7.2
2,honest,0.3,1.0,40,15.0,0.0,0.0,tile_47.3900_8.5410_47.3955_8.5465.png,,7.0
3,honest,0.3,1.0,40,-15.0,0.0,0.0,tile_47.3955_8.5630_47.4010_8.5685.png,,7.0
4,honest,0.3,1.0,40,15.0,0.0,0.0,tile_47.4065_8.5410_47.4100_8.5465.png,,7.2
5,honest,0.3,0.45,18,-15.0,1.0,0.0,tile_47.3900_8.5300_47.3955_8.5355.png,,7.3
6,honest,0.3,0.375,15,-15.0,1.0,0.0,tile_47.4010_8.5355_47.4065_8.5410.png,,7.1
7,honest,0.3,0.975,39,-15.0,0.0,0.0,tile_47.3900_8.5630_47.3955_8.5685.png,,7.2
8,honest,0.3,0.425,17,-15.0,1.0,0.0,tile_47.4010_8.5630_47.4065_8.5685.png,,7.2
9,honest,0.3,0.15,6,0.0,1.0,0.0,tile_47.4065_8.5575_47.4100_8.5630.png,,7.5
10,honest,0.3,1.0,40,15.0,0.0,0.0,tile_47.3900_8.5575_47.3955_8.5630.png,,7.1
11,honest,0.3,0.6,24,15.0,1.0,0.0,tile_47.3955_8.5520_47.4010_8.5575.png,,7.3
12,honest,0.3,1.0,40,15.0,0.0,0.0,tile_47.3955_8.5630_47.4010_8.5685.png,,7.0
13,honest,0.3,1.0,40,0.0,0.0,0.0,tile_47.3900_8.5630_47.3955_8.5685.png,,7.0
14,honest,0.3,0.4,16,0.0,1.0,0.0,tile_47.4010_8.5685_47.4065_8.5700.png,,7.0
15,honest,0.3,0.6,24,-15.0,1.0,0.0,tile_47.3955_8.5575_47.4010_8.5630.png,,7.1
16,honest,0.3,0.525,21,15.0,1.0,0.0,tile_47.3955_8.5410_47.4010_8.5465.png,,6.9
17,honest,0.3,1.0,40,15.0,0.0,0.0,tile_47.4065_8.5575_47.4100_8.5630.png,,6.9
18,honest,0.3,0.2,8,0.0,1.0,0.0,tile_47.4010_8.5520_47.4065_8.5575.png,,7.0
19,honest,0.3,1.0,40,-15.0,0.0,0.0,tile_47.4010_8.5520_47.4065_8.5575.png,,6.9
20,honest,0.3,0.65,26,0.0,1.0,0.0,tile_47.3955_8.5575_47.4010_8.5630.png,,7.0
21,honest,0.3,0.725,29,15.0,1.0,0.0,tile_47.4065_8.5685_47.4100_8.5700.png,,6.9
22,honest,0.3,0.5,20,0.0,1.0,0.0,tile_47.4010_8.5300_47.4065_8.5355.png,,7.0
23,honest,0.3,0.95,38,-15.0,0.0,0.0,tile_47.4065_8.5465_47.4100_8.5520.png,,6.9
24,honest,0.3,0.75,30,15.0,1.0,0.0,tile_47.3955_8.5630_47.4010_8.5685.png,,6.9
25,honest,0.3,0.275,11,-15.0,1.0,0.0,tile_47.3900_8.5465_47.3955_8.5520.png,,6.9
26,honest,0.3,0.95,38,-15.0,0.0,0.0,tile_47.4065_8.5465_47.4100_8.5520.png,,7.0
27,honest,0.3,1.0,40,15.0,0.0,0.0,tile_47.4065_8.5300_47.4100_8.5355.png,,7.0
28,honest,0.3,0.5,20,15.0,1.0,0.0,tile_47.3900_8.5300_47.3955_8.5355.png,,7.0
29,honest,0.3,1.0,40,15.0,0.0,0.0,tile_47.4010_8.5575_47.4065_8.5630.png,,6.9
30,honest,0.3,0.475,19,-15.0,1.0,0.0,tile_47.3955_8.5410_47.4010_8.5465.png,,6.9
31,honest,0.3,1.0,40,0.0,0.0,0.0,tile_47.3955_8.5465_47.4010_8.5520.png,,6.9
32,honest,0.3,1.0,40,15.0,0.0,0.0,tile_47.3955_8.5520_47.4010_8.5575.png,,6.9
33,honest,0.3,0.45,18,-15.0,1.0,0.0,tile_47.3900_8.5300_47.3955_8.5355.png,,6.9
34,honest,0.3,0.425,17,15.0,1.0,0.0,tile_47.3900_8.5355_47.3955_8.5410.png,,7.0
35,honest,0.3,0.75,30,-15.0,1.0,0.0,tile_47.3955_8.5685_47.4010_8.5700.png,,6.9
36,honest,0.3,1.0,40,-15.0,0.0,0.0,tile_47.3900_8.5575_47.3955_8.5630.png,,6.9
37,honest,0.3,0.4,16,15.0,1.0,0.0,tile_47.3955_8.5300_47.4010_8.5355.png,,6.8
38,honest,0.3,0.5,20,-15.0,1.0,0.0,tile_47.4010_8.5300_47.4065_8.5355.png,,6.8
39,honest,0.3,0.6,24,15.0,1.0,0.0,tile_47.3955_8.5520_47.4010_8.5575.png,,6.8
40,honest,0.3,0.4,16,15.0,1.0,0.0,tile_47.4010_8.5685_47.4065_8.5700.png,,6.9
41,honest,0.3,0.775,31,0.0,1.0,0.0,tile_47.3955_8.5685_47.4010_8.5700.png,,6.8
42,honest,0.3,1.0,40,-15.0,0.0,0.0,tile_47.3900_8.5355_47.3955_8.5410.png,,6.8
43,honest,0.3,1.0,40,15.0,0.0,0.0,tile_47.3900_8.5300_47.3955_8.5355.png,,6.8
44,honest,0.3,1.0,40,-15.0,0.0,0.0,tile_47.3900_8.5520_47.3955_8.5575.png,,7.0
45,honest,0.3,0.75,30,-15.0,1.0,0.0,tile_47.3955_8.5685_47.4010_8.5700.png,,6.9
46,honest,0.3,0.4,16,0.0,1.0,0.0,tile_47.3955_8.5300_47.4010_8.5355.png,,6.8
47,honest,0.3,0.5,20,15.0,1.0,0.0,tile_47.4065_8.5630_47.4100_8.5685.png,,6.8
48,honest,0.3,1.0,40,0.0,0.0,0.0,tile_47.3900_8.5630_47.3955_8.5685.png,,6.8
49,honest,0.3,0.475,19,15.0,1.0,0.0,tile_47.4065_8.5465_47.4100_8.5520.png,,6.8
50,honest,0.3,0.7,28,0.0,1.0,0.0,tile_47.3900_8.5630_47.3955_8.5685.png,,6.9
51,honest,0.3,0.675,27,-15.0,1.0,0.0,tile_47.3900_8.5630_47.3955_8.5685.png,,6.8
52,honest,0.3,0.975,39,-15.0,0.0,0.0,tile_47.4065_8.5520_47.4100_8.5575.png,,6.8
53,honest,0.3,0.375,15,-15.0,1.0,0.0,tile_47.4010_8.5355_47.4065_8.5410.png,,6.8
54,honest,0.3,1.0,40,0.0,0.0,0.0,tile_47.4065_8.5520_47.4100_8.5575.png,,6.8
55,honest,0.3,1.0,40,15.0,0.0,0.0,tile_47.3900_8.5300_47.3955_8.5355.png,,6.8
56,honest,0.3,1.0,40,-15.0,0.0,0.0,tile_47.4065_8.5410_47.4100_8.5465.png,,6.8
57,honest,0.3,0.475,19,0.0,1.0,0.0,tile_47.4065_8.5355_47.4100_8.5410.png,,6.8
58,honest,0.3,1.0,40,-15.0,0.0,0.0,tile_47.3900_8.5300_47.3955_8.5355.png,,6.9
59,honest,0.3,0.525,21,0.0,1.0,0.0,tile_47.4010_8.5410_47.4065_8.5465.png,,6.8
60,honest,0.3,0.6,24,0.0,1.0,0.0,tile_47.3955_8.5520_47.4010_8.5575.png,,6.8
61,honest,0.3,1.0,40,0.0,0.0,0.0,tile_47.3900_8.5465_47.3955_8.5520.png,,6.8
62,honest,0.3,0.3,12,15.0,1.0,0.0,tile_47.3900_8.5465_47.3955_8.5520.png,,6.8
63,honest,0.3,0.3,12,15.0,1.0,0.0,tile_47.3900_8.5465_47.3955_8.5520.png,,6.8
64,honest,0.3,1.0,40,15.0,0.0,0.0,tile_47.3900_8.5520_47.3955_8.5575.png,,6.8
65,honest,0.3,1.0,40,15.0,0.0,0.0,tile_47.4065_8.5355_47.4100_8.5410.png,,6.8
66,honest,0.3,1.0,40,-15.0,0.0,0.0,tile_47.3900_8.5575_47.3955_8.5630.png,,6.8
67,honest,0.3,0.65,26,0.0,1.0,0.0,tile_47.3955_8.5575_47.4010_8.5630.png,,6.7
68,honest,0.3,0.55,22,15.0,1.0,0.0,tile_47.4010_8.5300_47.4065_8.5355.png,,6.8
69,honest,0.3,1.0,40,0.0,0.0,0.0,tile_47.4065_8.5575_47.4100_8.5630.png,,6.7
70,honest,0.3,1.0,40,0.0,0.0,0.0,tile_47.4065_8.5575_47.4100_8.5630.png,,6.7
71,honest,0.3,1.0,40,15.0,0.0,0.0,tile_47.3955_8.5575_47.4010_8.5630.png,,6.7
72,honest,0.3,0.45,18,15.0,1.0,0.0,tile_47.4010_8.5630_47.4065_8.5685.png,,7.1
73,honest,0.3,1.0,40,-15.0,0.0,0.0,tile_47.4010_8.5410_47.4065_8.5465.png,,6.8
74,honest,0.3,0.45,18,-15.0,1.0,0.0,tile_47.3900_8.5300_47.3955_8.5355.png,,6.8
75,honest,0.3,0.4,16,15.0,1.0,0.0,tile_47.3955_8.5300_47.4010_8.5355.png,,6.8
76,honest,0.3,1.0,40,0.0,0.0,0.0,tile_47.3955_8.5355_47.4010_8.5410.png,,6.7
77,honest,0.3,0.45,18,0.0,1.0,0.0,tile_47.4010_8.5575_47.4065_8.5630.png,,6.7
78,honest,0.3,0.5,20,-15.0,1.0,0.0,tile_47.4010_8.5300_47.4065_8.5355.png,,6.7
79,honest,0.3,0.975,39,-15.0,0.0,0.0,tile_47.4010_8.5355_47.4065_8.5410.png,,6.7
80,honest,0.3,0.975,39,-15.0,0.0,0.0,tile_47.3955_8.5300_47.4010_8.5355.png,,6.7
81,honest,0.3,0.425,17,15.0,1.0,0.0,tile_47.4065_8.5520_47.4100_8.5575.png,,6.7
82,honest,0.3,0.425,17,15.0,1.0,0.0,tile_47.3900_8.5685_47.3955_8.5700.png,,6.8
83,honest,0.3,1.0,40,-15.0,0.0,0.0,tile_47.4010_8.5685_47.4065_8.5700.png,,6.7
84,honest,0.3,1.0,40,15.0,0.0,0.0,tile_47.3955_8.5300_47.4010_8.5355.png,,6.8
85,honest,0.3,0.375,15,-15.0,1.0,0.0,tile_47.3900_8.5410_47.3955_8.5465.png,,6.7
86,honest,0.3,1.0,40,0.0,0.0,0.0,tile_47.3900_8.5630_47.3955_8.5685.png,,6.7
87,honest,0.3,0.775,31,0.0,1.0,0.0,tile_47.3955_8.5685_47.4010_8.5700.png,,6.7
88,honest,0.3,1.0,40,-15.0,0.0,0.0,tile_47.3900_8.5355_47.3955_8.5410.png,,6.7
89,honest,0.3,0.75,30,-15.0,1.0,0.0,tile_47.3955_8.5685_47.4010_8.5700.png,,6.7
90,honest,0.3,1.0,40,0.0,0.0,0.0,tile_47.4065_8.5300_47.4100_8.5355.png,,6.7
91,honest,0.3,0.6,24,-15.0,1.0,0.0,tile_47.3955_8.5520_47.4010_8.5575.png,,6.7
92,honest,0.3,0.75,30,0.0,1.0,0.0,tile_47.3955_8.5630_47.4010_8.5685.png,,6.7
93,honest,0.3,0.975,39,-15.0,0.0,0.0,tile_47.4065_8.5355_47.4100_8.5410.png,,6.8
94,honest,0.3,0.375,15,0.0,1.0,0.0,tile_47.4010_8.5355_47.4065_8.5410.png,,6.7
95,honest,0.3,0.425,17,0.0,1.0,0.0,tile_47.3900_8.5355_47.3955_8.5410.png,,6.8
96,honest,0.3,0.5,20,-15.0,1.0,0.0,tile_47.4010_8.5300_47.4065_8.5355.png,,6.7
97,honest,0.3,1.0,40,-15.0,0.0,0.0,tile_47.4010_8.5630_47.4065_8.5685.png,,6.7
98,honest,0.3,0.425,17,15.0,1.0,0.0,tile_47.3900_8.5685_47.3955_8.5700.png,,6.8
99,honest,0.3,1.0,40,0.0,0.0,0.0,tile_47.3900_8.5410_47.3955_8.5465.png,,6.8
100,honest,0.3,0.6,24,15.0,1.0,0.0,tile_47.3955_8.5520_47.4010_8.5575.png,,7.0
101,honest,0.3,0.45,18,0.0,1.0,0.0,tile_47.4010_8.5575_47.4065_8.5630.png,,6.9
102,honest,0.3,0.375,15,15.0,1.0,0.0,tile_47.4010_8.5465_47.4065_8.5520.png,,7.0
103,honest,0.3,0.2,8,15.0,1.0,0.0,tile_47.4010_8.5520_47.4065_8.5575.png,,7.0
104,honest,0.3,0.6,24,0.0,1.0,0.0,tile_47.3955_8.5520_47.4010_8.5575.png,,7.0
105,honest,0.3,0.4,16,0.0,1.0,0.0,tile_47.4010_8.5465_47.4065_8.5520.png,,7.0
106,honest,0.3,1.0,40,0.0,0.0,0.0,tile_47.4010_8.5410_47.4065_8.5465.png,,6.9
107,honest,0.3,0.175,7,-15.0,1.0,0.0,tile_47.4065_8.5575_47.4100_8.5630.png,,6.9
108,honest,0.3,0.525,21,0.0,1.0,0.0,tile_47.4065_8.5630_47.4100_8.5685.png,,7.0
109,honest,0.3,0.975,39,15.0,0.0,0.0,tile_47.4010_8.5410_47.4065_8.5465.png,,7.0
110,honest,0.3,0.75,30,15.0,1.0,0.0,tile_47.3955_8.5685_47.4010_8.5700.png,,7.0
111,honest,0.3,0.6,24,15.0,1.0,0.0,tile_47.3955_8.5520_47.4010_8.5575.png,,6.9
112,honest,0.3,1.0,40,-15.0,0.0,0.0,tile_47.3955_8.5685_47.4010_8.5700.png,,6.8
113,honest,0.3,1.0,40,0.0,0.0,0.0,tile_47.4065_8.5410_47.4100_8.5465.png,,6.8
114,honest,0.3,1.0,40,15.0,0.0,0.0,tile_47.4065_8.5685_47.4100_8.5700.png,,6.7
115,honest,0.3,1.0,40,0.0,0.0,0.0,tile_47.3900_8.5300_47.3955_8.5355.png,,6.8
116,honest,0.3,0.375,15,-15.0,1.0,0.0,tile_47.3955_8.5465_47.4010_8.5520.png,,6.7
117,honest,0.3,0.75,30,15.0,1.0,0.0,tile_47.3955_8.5685_47.4010_8.5700.png,,6.8
118,honest,0.3,0.175,7,-15.0,1.0,0.0,tile_47.4065_8.5575_47.4100_8.5630.png,,6.8
119,honest,0.3,0.475,19,15.0,1.0,0.0,tile_47.4065_8.5465_47.4100_8.5520.png,,6.8
120,honest,0.3,0.5,20,15.0,1.0,0.0,tile_47.4065_8.5630_47.4100_8.5685.png,,7.1
121,honest,0.3,0.375,15,0.0,1.0,0.0,tile_47.4010_8.5355_47.4065_8.5410.png,,6.9
122,honest,0.3,0.4,16,15.0,1.0,0.0,tile_47.4010_8.5355_47.4065_8.5410.png,,6.8
123,honest,0.3,1.0,40,0.0,0.0,0.0,tile_47.3955_8.5685_47.4010_8.5700.png,,6.9
124,honest,0.3,0.6,24,0.0,1.0,0.0,tile_47.3900_8.5575_47.3955_8.5630.png,,7.0
125,honest,0.3,0.975,39,-15.0,0.0,0.0,tile_47.4065_8.5300_47.4100_8.5355.png,,7.0
126,honest,0.3,1.0,40,15.0,0.0,0.0,tile_47.3900_8.5520_47.3955_8.5575.png,,7.0
127,honest,0.3,0.15,6,0.0,1.0,0.0,tile_47.4065_8.5575_47.4100_8.5630.png,,7.1
128,honest,0.3,1.0,40,0.0,0.0,0.0,tile_47.4065_8.5410_47.4100_8.5465.png,,7.0
129,honest,0.3,1.0,40,0.0,0.0,0.0,tile_47.4065_8.5630_47.4100_8.5685.png,,7.0
130,honest,0.3,0.3,12,-15.0,1.0,0.0,tile_47.4065_8.5300_47.4100_8.5355.png,,6.8
131,honest,0.3,1.0,40,0.0,0.0,0.0,tile_47.3955_8.5630_47.4010_8.5685.png,,6.8
132,honest,0.3,0.425,17,0.0,1.0,0.0,tile_47.3900_8.5355_47.3955_8.5410.png,,6.9
133,honest,0.3,0.475,19,0.0,1.0,0.0,tile_47.3955_8.5410_47.4010_8.5465.png,,6.9
134,honest,0.3,1.0,40,0.0,0.0,0.0,tile_47.4065_8.5355_47.4100_8.5410.png,,6.9
135,honest,0.3,0.95,38,15.0,0.0,0.0,tile_47.4065_8.5465_47.4100_8.5520.png,,6.7
136,honest,0.3,0.275,11,-15.0,1.0,0.0,tile_47.3900_8.5465_47.3955_8.5520.png,,6.8
137,honest,0.3,0.65,26,0.0,1.0,0.0,tile_47.3955_8.5575_47.4010_8.5630.png,,6.7
138,honest,0.3,0.375,15,0.0,1.0,0.0,tile_47.4065_8.5300_47.4100_8.5355.png,,6.8
139,honest,0.3,0.6,24,0.0,1.0,0.0,tile_47.3900_8.5575_47.3955_8.5630.png,,6.7
140,honest,0.3,1.0,40,0.0,0.0,0.0,tile_47.4010_8.5630_47.4065_8.5685.png,,6.7
141,honest,0.3,1.0,40,-15.0,0.0,0.0,tile_47.3900_8.5355_47.3955_8.5410.png,,6.7
142,honest,0.3,1.0,40,-15.0,0.0,0.0,tile_47.3955_8.5355_47.4010_8.5410.png,,6.7
143,honest,0.3,1.0,40,-15.0,0.0,0.0,tile_47.3900_8.5685_47.3955_8.5700.png,,6.7
144,honest,0.3,1.0,40,15.0,0.0,0.0,tile_47.4010_8.5300_47.4065_8.5355.png,,6.7
145,honest,0.3,1.0,40,0.0,0.0,0.0,tile_47.3955_8.5410_47.4010_8.5465.png,,6.7
146,honest,0.3,1.0,40,0.0,0.0,0.0,tile_47.4010_8.5465_47.4065_8.5520.png,,6.7
147,honest,0.3,0.6,24,15.0,1.0,0.0,tile_47.3955_8.5520_47.4010_8.5575.png,,6.7
148,honest,0.3,0.975,39,-15.0,0.0,0.0,tile_47.4010_8.5465_47.4065_8.5520.png,,7.0
149,honest,0.3,1.0,40,15.0,0.0,0.0,tile_47.4010_8.5630_47.4065_8.5685.png,,6.7
150,honest,0.3,0.725,29,15.0,1.0,0.0,tile_47.3900_8.5520_47.3955_8.5575.png,,6.7
151,honest,0.3,0.325,13,15.0,1.0,0.0,tile_47.4065_8.5410_47.4100_8.5465.png,,6.7
152,honest,0.3,1.0,40,0.0,0.0,0.0,tile_47.4010_8.5685_47.4065_8.5700.png,,6.7
153,honest,0.3,0.475,19,15.0,1.0,0.0,tile_47.4065_8.5465_47.4100_8.5520.png,,6.7
154,honest,0.3,0.175,7,-15.0,1.0,0.0,tile_47.4065_8.5575_47.4100_8.5630.png,,6.7
155,honest,0.3,0.775,31,0.0,1.0,0.0,tile_47.3955_8.5685_47.4010_8.5700.png,,6.7
156,honest,0.3,0.75,30,-15.0,1.0,0.0,tile_47.3955_8.5685_47.4010_8.5700.png,,6.7
157,honest,0.3,0.425,17,0.0,1.0,0.0,tile_47.3900_8.5355_47.3955_8.5410.png,,6.8
158,honest,0.3,0.7,28,0.0,1.0,0.0,tile_47.4065_8.5685_47.4100_8.5700.png,,6.8
159,honest,0.3,0.425,17,-15.0,1.0,0.0,tile_47.4010_8.5575_47.4065_8.5630.png,,6.7
160,honest,0.3,0.6,24,0.0,1.0,0.0,tile_47.3955_8.5520_47.4010_8.5575.png,,6.7
161,honest,0.3,1.0,40,-15.0,0.0,0.0,tile_47.4065_8.5685_47.4100_8.5700.png,,6.7
162,honest,0.3,1.0,40,15.0,0.0,0.0,tile_47.4065_8.5685_47.4100_8.5700.png,,6.7
163,honest,0.3,1.0,40,0.0,0.0,0.0,tile_47.4010_8.5410_47.4065_8.5465.png,,6.7
164,honest,0.3,0.4,16,-15.0,1.0,0.0,tile_47.4010_8.5465_47.4065_8.5520.png,,6.7
165,honest,0.3,0.45,18,15.0,1.0,0.0,tile_47.4010_8.5630_47.4065_8.5685.png,,6.7
166,honest,0.3,0.15,6,0.0,1.0,0.0,tile_47.4065_8.5575_47.4100_8.5630.png,,6.8
167,honest,0.3,0.75,30,0.0,1.0,0.0,tile_47.3955_8.5630_47.4010_8.5685.png,,6.7
168,honest,0.3,1.0,40,-15.0,0.0,0.0,tile_47.3900_8.5685_47.3955_8.5700.png,,6.7
169,honest,0.3,1.0,40,15.0,0.0,0.0,tile_47.3955_8.5575_47.4010_8.5630.png,,6.7
170,honest,0.3,0.475,19,15.0,1.0,0.0,tile_47.4010_8.5410_47.4065_8.5465.png,,6.7
171,honest,0.3,1.0,40,-15.0,0.0,0.0,tile_47.3955_8.5630_47.4010_8.5685.png,,6.7
172,honest,0.3,1.0,40,0.0,0.0,0.0,tile_47.3900_8.5300_47.3955_8.5355.png,,6.7
173,honest,0.3,1.0,40,15.0,0.0,0.0,tile_47.3900_8.5410_47.3955_8.5465.png,,6.7
174,honest,0.3,0.7,28,-15.0,1.0,0.0,tile_47.4065_8.5685_47.4100_8.5700.png,,6.7
175,honest,0.3,1.0,40,-15.0,0.0,0.0,tile_47.4065_8.5630_47.4100_8.5685.png,,6.7
176,honest,0.3,0.4,16,0.0,1.0,0.0,tile_47.3955_8.5465_47.4010_8.5520.png,,6.7
177,honest,0.3,0.425,17,-15.0,1.0,0.0,tile_47.3900_8.5685_47.3955_8.5700.png,,6.7
178,honest,0.3,0.725,29,-15.0,1.0,0.0,tile_47.3900_8.5520_47.3955_8.5575.png,,6.7
179,honest,0.3,1.0,40,15.0,0.0,0.0,tile_47.3955_8.5355_47.4010_8.5410.png,,6.7
180,honest,0.3,0.75,30,15.0,1.0,0.0,tile_47.3955_8.5685_47.4010_8.5700.png,,6.7
181,honest,0.3,0.3,12,-15.0,1.0,0.0,tile_47.4065_8.5300_47.4100_8.5355.png,,6.7
182,honest,0.3,0.5,20,0.0,1.0,0.0,tile_47.4065_8.5465_47.4100_8.5520.png,,6.7
183,honest,0.3,1.0,40,0.0,0.0,0.0,tile_47.3955_8.5575_47.4010_8.5630.png,,6.6
184,honest,0.3,1.0,40,15.0,0.0,0.0,tile_47.3900_8.5575_47.3955_8.5630.png,,6.7
185,honest,0.3,1.0,40,-15.0,0.0,0.0,tile_47.3900_8.5520_47.3955_8.5575.png,,6.7
186,honest,0.3,0.975,39,-15.0,0.0,0.0,tile_47.4065_8.5520_47.4100_8.5575.png,,6.8
187,honest,0.3,0.375,15,15.0,1.0,0.0,tile_47.3900_8.5410_47.3955_8.5465.png,,6.7
188,honest,0.3,0.175,7,-15.0,1.0,0.0,tile_47.4065_8.5575_47.4100_8.5630.png,,6.7
189,honest,0.3,1.0,40,-15.0,0.0,0.0,tile_47.3955_8.5520_47.4010_8.5575.png,,6.7
190,honest,0.3,1.0,40,0.0,0.0,0.0,tile_47.3955_8.5355_47.4010_8.5410.png,,6.7
191,honest,0.3,1.0,40,0.0,0.0,0.0,tile_47.3900_8.5465_47.3955_8.5520.png,,6.7
192,honest,0.3,0.375,15,-15.0,1.0,0.0,tile_47.4065_8.5520_47.4100_8.5575.png,,6.7
193,honest,0.3,0.475,19,-15.0,1.0,0.0,tile_47.4065_8.5355_47.4100_8.5410.png,,6.7
194,honest,0.3,0.6,24,0.0,1.0,0.0,tile_47.3900_8.5575_47.3955_8.5630.png,,6.7
195,honest,0.3,1.0,40,15.0,0.0,0.0,tile_47.4010_8.5520_47.4065_8.5575.png,,6.7
196,honest,0.3,0.625,25,15.0,1.0,0.0,tile_47.3900_8.5575_47.3955_8.5630.png,,6.7
197,honest,0.3,1.0,40,-15.0,0.0,0.0,tile_47.3900_8.5410_47.3955_8.5465.png,,6.8
198,honest,0.3,0.375,15,-15.0,1.0,0.0,tile_47.4010_8.5355_47.4065_8.5410.png,,6.7
199,honest,0.3,0.65,26,-15.0,1.0,0.0,tile_47.3900_8.5575_47.3955_8.5630.png,,6.6
200,honest,0.3,0.45,18,0.0,1.0,0.0,tile_47.4010_8.5575_47.4065_8.5630.png,,6.7
201,honest,0.3,1.0,40,0.0,0.0,0.0,tile_47.4010_8.5575_47.4065_8.5630.png,,6.7
202,honest,0.3,0.475,19,0.0,1.0,0.0,tile_47.4065_8.5355_47.4100_8.5410.png,,6.7
203,honest,0.3,1.0,40,15.0,0.0,0.0,tile_47.3900_8.5575_47.3955_8.5630.png,,6.7
204,honest,0.3,0.425,17,0.0,1.0,0.0,tile_47.3900_8.5685_47.3955_8.5700.png,,6.7
205,honest,0.3,1.0,40,0.0,0.0,0.0,tile_47.4065_8.5410_47.4100_8.5465.png,,6.8
206,honest,0.3,1.0,40,-15.0,0.0,0.0,tile_47.4065_8.5685_47.4100_8.5700.png,,6.8
207,honest,0.3,0.625,25,15.0,1.0,0.0,tile_47.3955_8.5575_47.4010_8.5630.png,,6.7
208,honest,0.3,1.0,40,0.0,0.0,0.0,tile_47.4065_8.5520_47.4100_8.5575.png,,6.8
209,honest,0.3,0.425,17,15.0,1.0,0.0,tile_47.3900_8.5355_47.3955_8.5410.png,,6.7
210,honest,0.3,1.0,40,15.0,0.0,0.0,tile_47.4010_8.5465_47.4065_8.5520.png,,6.7
211,honest,0.3,1.0,40,15.0,0.0,0.0,tile_47.3900_8.5575_47.3955_8.5630.png,,6.7
212,honest,0.3,1.0,40,-15.0,0.0,0.0,tile_47.3900_8.5685_47.3955_8.5700.png,,6.6
213,honest,0.3,0.975,39,15.0,0.0,0.0,tile_47.4010_8.5410_47.4065_8.5465.png,,6.7
214,honest,0.3,0.5,20,15.0,1.0,0.0,tile_47.4065_8.5630_47.4100_8.5685.png,,6.7
215,honest,0.3,1.0,40,0.0,0.0,0.0,tile_47.3955_8.5355_47.4010_8.5410.png,,6.7
216,honest,0.3,1.0,40,0.0,0.0,0.0,tile_47.3900_8.5520_47.3955_8.5575.png,,6.7
217,honest,0.3,0.375,15,0.0,1.0,0.0,tile_47.4010_8.5355_47.4065_8.5410.png,,6.7
218,honest,0.3,0.7,28,-15.0,1.0,0.0,tile_47.4065_8.5685_47.4100_8.5700.png,,6.7
219,honest,0.3,0.425,17,-15.0,1.0,0.0,tile_47.4010_8.5630_47.4065_8.5685.png,,6.7
220,honest,0.3,0.2,8,0.0,1.0,0.0,tile_47.4010_8.5520_47.4065_8.5575.png,,6.7
221,honest,0.3,1.0,40,-15.0,0.0,0.0,tile_47.3955_8.5630_47.4010_8.5685.png,,6.6
222,honest,0.3,1.0,40,0.0,0.0,0.0,tile_47.4065_8.5630_47.4100_8.5685.png,,6.7
223,honest,0.3,0.5,20,15.0,1.0,0.0,tile_47.3955_8.5355_47.4010_8.5410.png,,6.7
224,honest,0.3,1.0,40,0.0,0.0,0.0,tile_47.4010_8.5575_47.4065_8.5630.png,,6.7
225,honest,0.3,0.175,7,-15.0,1.0,0.0,tile_47.4065_8.5575_47.4100_8.5630.png,,6.7
226,honest,0.3,1.0,40,-15.0,0.0,0.0,tile_47.3955_8.5355_47.4010_8.5410.png,,6.7
227,honest,0.3,0.425,17,-15.0,1.0,0.0,tile_47.4010_8.5575_47.4065_8.5630.png,,6.7
228,honest,0.3,0.475,19,15.0,1.0,0.0,tile_47.4010_8.5575_47.4065_8.5630.png,,6.7
229,honest,0.3,0.725,29,15.0,1.0,0.0,tile_47.4065_8.5685_47.4100_8.5700.png,,6.8
230,honest,0.3,1.0,40,15.0,0.0,0.0,tile_47.3955_8.5685_47.4010_8.5700.png,,6.7
231,honest,0.3,0.625,25,15.0,1.0,0.0,tile_47.3900_8.5575_47.3955_8.5630.png,,6.7
232,honest,0.3,1.0,40,0.0,0.0,0.0,tile_47.4065_8.5520_47.4100_8.5575.png,,6.7
233,honest,0.3,0.375,15,-15.0,1.0,0.0,tile_47.3900_8.5410_47.3955_8.5465.png,,6.7
234,honest,0.3,1.0,40,0.0,0.0,0.0,tile_47.4010_8.5630_47.4065_8.5685.png,,6.7
235,honest,0.3,0.775,31,0.0,1.0,0.0,tile_47.3955_8.5685_47.4010_8.5700.png,,6.7
236,honest,0.3,0.525,21,15.0,1.0,0.0,tile_47.3955_8.5410_47.4010_8.5465.png,,6.7
237,honest,0.3,1.0,40,-15.0,0.0,0.0,tile_47.3955_8.5685_47.4010_8.5700.png,,6.6
238,honest,0.3,1.0,40,0.0,0.0,0.0,tile_47.4065_8.5575_47.4100_8.5630.png,,6.7
239,honest,0.3,0.55,22,15.0,1.0,0.0,tile_47.4010_8.5300_47.4065_8.5355.png,,6.7
240,honest,0.3,0.975,39,15.0,0.0,0.0,tile_47.4010_8.5410_47.4065_8.5465.png,,6.7
241,honest,0.3,1.0,40,15.0,0.0,0.0,tile_47.4065_8.5520_47.4100_8.5575.png,,6.7
242,honest,0.3,0.5,20,0.0,1.0,0.0,tile_47.4010_8.5300_47.4065_8.5355.png,,6.7
243,honest,0.3,0.375,15,0.0,1.0,0.0,tile_47.4065_8.5300_47.4100_8.5355.png,,6.7
244,honest,0.3,1.0,40,0.0,0.0,0.0,tile_47.4065_8.5300_47.4100_8.5355.png,,6.7
245,honest,0.3,0.475,19,15.0,1.0,0.0,tile_47.4010_8.5410_47.4065_8.5465.png,,6.7
246,honest,0.3,0.45,18,-15.0,1.0,0.0,tile_47.3900_8.5300_47.3955_8.5355.png,,6.7
247,honest,0.3,0.975,39,15.0,0.0,0.0,tile_47.4010_8.5410_47.4065_8.5465.png,,6.7
248,honest,0.3,0.6,24,-15.0,1.0,0.0,tile_47.3955_8.5520_47.4010_8.5575.png,,6.7
249,honest,0.3,0.7,28,15.0,1.0,0.0,tile_47.3900_8.5630_47.3955_8.5685.png,,6.6
250,honest,0.3,1.0,40,15.0,0.0,0.0,tile_47.4065_8.5520_47.4100_8.5575.png,,6.7
251,honest,0.3,0.65,26,-15.0,1.0,0.0,tile_47.3900_8.5575_47.3955_8.5630.png,,6.7
252,honest,0.3,0.4,16,0.0,1.0,0.0,tile_47.3955_8.5465_47.4010_8.5520.png,,6.7
253,honest,0.3,0.975,39,-15.0,0.0,0.0,tile_47.4010_8.5355_47.4065_8.5410.png,,6.6
254,honest,0.3,0.525,21,-15.0,1.0,0.0,tile_47.4010_8.5410_47.4065_8.5465.png,,6.6
255,honest,0.3,0.15,6,15.0,1.0,0.0,tile_47.4065_8.5575_47.4100_8.5630.png,,6.7
256,honest,0.3,0.975,39,-15.0,0.0,0.0,tile_47.4065_8.5355_47.4100_8.5410.png,,6.7
257,honest,0.3,0.475,19,15.0,1.0,0.0,tile_47.4065_8.5355_47.4100_8.5410.png,,6.6
258,honest,0.3,0.175,7,-15.0,1.0,0.0,tile_47.4065_8.5575_47.4100_8.5630.png,,6.7
259,honest,0.3,0.4,16,0.0,1.0,0.0,tile_47.4010_8.5685_47.4065_8.5700.png,,6.7
260,honest,0.3,1.0,40,-15.0,0.0,0.0,tile_47.3900_8.5355_47.3955_8.5410.png,,6.7
261,honest,0.3,0.725,29,15.0,1.0,0.0,tile_47.3900_8.5520_47.3955_8.5575.png,,6.6
262,honest,0.3,0.325,13,15.0,1.0,0.0,tile_47.4065_8.5410_47.4100_8.5465.png,,6.7
263,honest,0.3,1.0,40,-15.0,0.0,0.0,tile_47.3900_8.5410_47.3955_8.5465.png,,6.7
264,honest,0.3,0.7,28,0.0,1.0,0.0,tile_47.3900_8.5630_47.3955_8.5685.png,,6.7
265,honest,0.3,1.0,40,-15.0,0.0,0.0,tile_47.4065_8.5575_47.4100_8.5630.png,,6.7
266,honest,0.3,0.3,12,0.0,1.0,0.0,tile_47.4065_8.5410_47.4100_8.5465.png,,6.7
267,honest,0.3,1.0,40,15.0,0.0,0.0,tile_47.4065_8.5410_47.4100_8.5465.png,,6.7
268,honest,0.3,1.0,40,0.0,0.0,0.0,tile_47.3955_8.5575_47.4010_8.5630.png,,6.7
269,honest,0.3,0.4,16,0.0,1.0,0.0,tile_47.4010_8.5685_47.4065_8.5700.png,,6.8
270,honest,0.3,0.275,11,-15.0,1.0,0.0,tile_47.3900_8.5465_47.3955_8.5520.png,,6.8
271,honest,0.3,0.425,17,0.0,1.0,0.0,tile_47.3900_8.5685_47.3955_8.5700.png,,6.7
272,honest,0.3,1.0,40,0.0,0.0,0.0,tile_47.3900_8.5355_47.3955_8.5410.png,,6.7
273,honest,0.3,0.4,16,-15.0,1.0,0.0,tile_47.3955_8.5300_47.4010_8.5355.png,,6.7
274,honest,0.3,1.0,40,15.0,0.0,0.0,tile_47.3955_8.5575_47.4010_8.5630.png,,6.6
275,honest,0.3,1.0,40,15.0,0.0,0.0,tile_47.4010_8.5575_47.4065_8.5630.png,,6.7
276,honest,0.3,1.0,40,-15.0,0.0,0.0,tile_47.3955_8.5355_47.4010_8.5410.png,,6.6
277,honest,0.3,0.425,17,-15.0,1.0,0.0,tile_47.3900_8.5685_47.3955_8.5700.png,,6.7
278,honest,0.3,1.0,40,15.0,0.0,0.0,tile_47.3900_8.5300_47.3955_8.5355.png,,6.6
279,honest,0.3,1.0,40,0.0,0.0,0.0,tile_47.3900_8.5355_47.3955_8.5410.png,,6.7
280,honest,0.3,0.4,16,-15.0,1.0,0.0,tile_47.3955_8.5300_47.4010_8.5355.png,,6.8
281,honest,0.3,0.725,29,15.0,1.0,0.0,tile_47.3900_8.5520_47.3955_8.5575.png,,6.6
282,honest,0.3,0.7,28,0.0,1.0,0.0,tile_47.3900_8.5630_47.3955_8.5685.png,,6.7
283,honest,0.3,1.0,40,0.0,0.0,0.0,tile_47.4010_8.5465_47.4065_8.5520.png,,6.6
284,honest,0.3,1.0,40,0.0,0.0,0.0,tile_47.4065_8.5630_47.4100_8.5685.png,,6.7
285,honest,0.3,0.7,28,0.0,1.0,0.0,tile_47.4065_8.5685_47.4100_8.5700.png,,6.6
286,honest,0.3,0.625,25,15.0,1.0,0.0,tile_47.3900_8.5575_47.3955_8.5630.png,,6.7
287,honest,0.3,1.0,40,0.0,0.0,0.0,tile_47.3955_8.5300_47.4010_8.5355.png,,7.4
288,honest,0.3,0.525,21,0.0,1.0,0.0,tile_47.4010_8.5410_47.4065_8.5465.png,,7.4
289,honest,0.3,0.425,17,0.0,1.0,0.0,tile_47.3900_8.5685_47.3955_8.5700.png,,6.6
290,honest,0.3,1.0,40,15.0,0.0,0.0,tile_47.4065_8.5520_47.4100_8.5575.png,,6.6
291,honest,0.3,0.175,7,-15.0,1.0,0.0,tile_47.4065_8.5575_47.4100_8.5630.png,,6.8
292,honest,0.3,0.2,8,0.0,1.0,0.0,tile_47.4010_8.5520_47.4065_8.5575.png,,6.7
293,honest,0.3,0.4,16,0.0,1.0,0.0,tile_47.4010_8.5685_47.4065_8.5700.png,,6.7
294,honest,0.3,0.65,26,-15.0,1.0,0.0,tile_47.3900_8.5575_47.3955_8.5630.png,,6.6
295,honest,0.3,0.975,39,-15.0,0.0,0.0,tile_47.3900_8.5630_47.3955_8.5685.png,,6.7
296,honest,0.3,0.3,12,15.0,1.0,0.0,tile_47.3900_8.5465_47.3955_8.5520.png,,6.7
297,honest,0.3,0.325,13,15.0,1.0,0.0,tile_47.4065_8.5410_47.4100_8.5465.png,,6.7
298,honest,0.3,0.525,21,0.0,1.0,0.0,tile_47.4010_8.5410_47.4065_8.5465.png,,6.7
299,honest,0.3,0.7,28,15.0,1.0,0.0,tile_47.3900_8.5630_47.3955_8.5685.png,,6.8
300,honest,0.3,1.0,40,15.0,0.0,0.0,tile_47.4065_8.5630_47.4100_8.5685.png,,6.7
301,honest,0.3,1.0,40,-15.0,0.0,0.0,tile_47.4010_8.5685_47.4065_8.5700.png,,6.7
302,honest,0.3,0.5,20,-15.0,1.0,0.0,tile_47.4065_8.5465_47.4100_8.5520.png,,6.7
303,honest,0.3,1.0,40,15.0,0.0,0.0,tile_47.3900_8.5355_47.3955_8.5410.png,,6.7
304,honest,0.3,0.425,17,-15.0,1.0,0.0,tile_47.4010_8.5575_47.4065_8.5630.png,,6.7
305,honest,0.3,1.0,40,0.0,0.0,0.0,tile_47.3955_8.5355_47.4010_8.5410.png,,6.7
306,honest,0.3,0.5,20,15.0,1.0,0.0,tile_47.3955_8.5355_47.4010_8.5410.png,,6.7
307,honest,0.3,1.0,40,15.0,0.0,0.0,tile_47.3955_8.5575_47.4010_8.5630.png,,6.6
308,honest,0.3,0.45,18,0.0,1.0,0.0,tile_47.4010_8.5575_47.4065_8.5630.png,,6.8
309,honest,0.3,0.225,9,-15.0,1.0,0.0,tile_47.4010_8.5520_47.4065_8.5575.png,,6.7
310,honest,0.3,1.0,40,15.0,0.0,0.0,tile_47.3955_8.5355_47.4010_8.5410.png,,6.8
311,honest,0.3,0.975,39,-15.0,0.0,0.0,tile_47.4010_8.5355_47.4065_8.5410.png,,6.8
312,honest,0.3,0.425,17,0.0,1.0,0.0,tile_47.4065_8.5520_47.4100_8.5575.png,,7.1
313,honest,0.3,0.425,17,0.0,1.0,0.0,tile_47.3900_8.5685_47.3955_8.5700.png,,6.8
314,honest,0.3,0.525,21,0.0,1.0,0.0,tile_47.4010_8.5410_47.4065_8.5465.png,,6.8
315,honest,0.3,0.375,15,15.0,1.0,0.0,tile_47.3900_8.5410_47.3955_8.5465.png,,6.6
316,honest,0.3,0.45,18,-15.0,1.0,0.0,tile_47.3900_8.5300_47.3955_8.5355.png,,6.7
317,honest,0.3,0.4,16,-15.0,1.0,0.0,tile_47.3955_8.5300_47.4010_8.5355.png,,6.7
318,honest,0.3,0.425,17,0.0,1.0,0.0,tile_47.3900_8.5685_47.3955_8.5700.png,,6.6
319,honest,0.3,0.375,15,-15.0,1.0,0.0,tile_47.3955_8.5465_47.4010_8.5520.png,,6.7
320,honest,0.3,0.425,17,-15.0,1.0,0.0,tile_47.4010_8.5630_47.4065_8.5685.png,,6.8
321,honest,0.3,0.5,20,-15.0,1.0,0.0,tile_47.4065_8.5465_47.4100_8.5520.png,,6.6
322,honest,0.3,0.225,9,-15.0,1.0,0.0,tile_47.4010_8.5520_47.4065_8.5575.png,,6.6
323,honest,0.3,0.325,13,15.0,1.0,0.0,tile_47.4065_8.5410_47.4100_8.5465.png,,6.6
324,honest,0.3,1.0,40,0.0,0.0,0.0,tile_47.3900_8.5355_47.3955_8.5410.png,,6.6
325,honest,0.3,1.0,40,0.0,0.0,0.0,tile_47.4010_8.5685_47.4065_8.5700.png,,6.6
326,honest,0.3,0.75,30,-15.0,1.0,0.0,tile_47.3955_8.5685_47.4010_8.5700.png,,6.6
327,honest,0.3,0.475,19,0.0,1.0,0.0,tile_47.4065_8.5355_47.4100_8.5410.png,,6.6
328,honest,0.3,0.45,18,0.0,1.0,0.0,tile_47.4010_8.5575_47.4065_8.5630.png,,6.7
329,honest,0.3,1.0,40,-15.0,0.0,0.0,tile_47.3955_8.5520_47.4010_8.5575.png,,6.7
330,honest,0.3,0.775,31,0.0,1.0,0.0,tile_47.3955_8.5685_47.4010_8.5700.png,,6.6
331,honest,0.3,1.0,40,-15.0,0.0,0.0,tile_47.3955_8.5520_47.4010_8.5575.png,,6.6
332,honest,0.3,0.925,37,-15.0,0.0,0.0,tile_47.3955_8.5465_47.4010_8.5520.png,,6.7
333,honest,0.3,0.425,17,15.0,1.0,0.0,tile_47.4065_8.5520_47.4100_8.5575.png,,6.7
334,honest,0.3,0.5,20,15.0,1.0,0.0,tile_47.3955_8.5355_47.4010_8.5410.png,,6.7
335,honest,0.3,1.0,40,0.0,0.0,0.0,tile_47.4065_8.5520_47.4100_8.5575.png,,6.6
336,honest,0.3,0.3,12,15.0,1.0,0.0,tile_47.3900_8.5465_47.3955_8.5520.png,,6.7
337,honest,0.3,1.0,40,0.0,0.0,0.0,tile_47.4065_8.5575_47.4100_8.5630.png,,6.7
338,honest,0.3,1.0,40,0.0,0.0,0.0,tile_47.4010_8.5685_47.4065_8.5700.png,,6.7
339,honest,0.3,1.0,40,0.0,0.0,0.0,tile_47.4065_8.5300_47.4100_8.5355.png,,6.6
340,honest,0.3,1.0,40,0.0,0.0,0.0,tile_47.3955_8.5520_47.4010_8.5575.png,,6.7
341,honest,0.3,0.3,12,0.0,1.0,0.0,tile_47.3900_8.5465_47.3955_8.5520.png,,6.7
342,honest,0.3,1.0,40,0.0,0.0,0.0,tile_47.3900_8.5575_47.3955_8.5630.png,,6.7
343,honest,0.3,1.0,40,15.0,0.0,0.0,tile_47.3955_8.5685_47.4010_8.5700.png,,6.7
344,honest,0.3,0.525,21,15.0,1.0,0.0,tile_47.3955_8.5410_47.4010_8.5465.png,,6.7
345,honest,0.3,0.375,15,0.0,1.0,0.0,tile_47.4065_8.5300_47.4100_8.5355.png,,6.8
346,honest,0.3,0.45,18,0.0,1.0,0.0,tile_47.4010_8.5575_47.4065_8.5630.png,,6.8
347,honest,0.3,0.3,12,-15.0,1.0,0.0,tile_47.4065_8.5300_47.4100_8.5355.png,,6.7
348,honest,0.3,0.45,18,0.0,1.0,0.0,tile_47.4010_8.5575_47.4065_8.5630.png,,7.2
349,honest,0.3,0.975,39,-15.0,0.0,0.0,tile_47.4010_8.5465_47.4065_8.5520.png,,6.9
350,honest,0.3,0.625,25,15.0,1.0,0.0,tile_47.3900_8.5575_47.3955_8.5630.png,,6.8
351,honest,0.3,0.4,16,0.0,1.0,0.0,tile_47.3955_8.5300_47.4010_8.5355.png,,7.1
352,honest,0.3,1.0,40,15.0,0.0,0.0,tile_47.4010_8.5685_47.4065_8.5700.png,,7.1
353,honest,0.3,0.375,15,-15.0,1.0,0.0,tile_47.3955_8.5465_47.4010_8.5520.png,,7.1
354,honest,0.3,0.6,24,-15.0,1.0,0.0,tile_47.3955_8.5520_47.4010_8.5575.png,,6.8
355,honest,0.3,1.0,40,-15.0,0.0,0.0,tile_47.3900_8.5520_47.3955_8.5575.png,,6.8
356,honest,0.3,1.0,40,0.0,0.0,0.0,tile_47.4010_8.5575_47.4065_8.5630.png,,6.9
357,honest,0.3,1.0,40,15.0,0.0,0.0,tile_47.3955_8.5355_47.4010_8.5410.png,,6.9
358,honest,0.3,0.975,39,-15.0,0.0,0.0,tile_47.4065_8.5520_47.4100_8.5575.png,,6.9
359,honest,0.3,0.75,30,-15.0,1.0,0.0,tile_47.3955_8.5685_47.4010_8.5700.png,,6.7
360,honest,0.3,0.75,30,0.0,1.0,0.0,tile_47.3955_8.5630_47.4010_8.5685.png,,6.6
361,honest,0.3,1.0,40,15.0,0.0,0.0,tile_47.4065_8.5630_47.4100_8.5685.png,,6.6
362,honest,0.3,0.175,7,-15.0,1.0,0.0,tile_47.4065_8.5575_47.4100_8.5630.png,,6.7
363,honest,0.3,0.475,19,0.0,1.0,0.0,tile_47.3955_8.5410_47.4010_8.5465.png,,6.6
364,honest,0.3,1.0,40,-15.0,0.0,0.0,tile_47.3900_8.5465_47.3955_8.5520.png,,6.6
365,honest,0.3,0.7,28,15.0,1.0,0.0,tile_47.3900_8.5630_47.3955_8.5685.png,,6.8
366,honest,0.3,1.0,40,15.0,0.0,0.0,tile_47.3900_8.5575_47.3955_8.5630.png,,6.7
367,honest,0.3,0.475,19,-15.0,1.0,0.0,tile_47.3955_8.5355_47.4010_8.5410.png,,6.6
368,honest,0.3,1.0,40,0.0,0.0,0.0,tile_47.4065_8.5520_47.4100_8.5575.png,,6.7
369,honest,0.3,1.0,40,0.0,0.0,0.0,tile_47.3900_8.5465_47.3955_8.5520.png,,6.7
370,honest,0.3,0.375,15,0.0,1.0,0.0,tile_47.4065_8.5300_47.4100_8.5355.png,,6.7
371,honest,0.3,0.4,16,-15.0,1.0,0.0,tile_47.3900_8.5355_47.3955_8.5410.png,,6.7
372,honest,0.3,1.0,40,0.0,0.0,0.0,tile_47.3955_8.5355_47.4010_8.5410.png,,6.7
373,honest,0.3,1.0,40,-15.0,0.0,0.0,tile_47.4065_8.5630_47.4100_8.5685.png,,6.7
374,honest,0.3,1.0,40,15.0,0.0,0.0,tile_47.4065_8.5520_47.4100_8.5575.png,,6.7
375,honest,0.3,1.0,40,15.0,0.0,0.0,tile_47.3900_8.5355_47.3955_8.5410.png,,6.6
376,honest,0.3,1.0,40,0.0,0.0,0.0,tile_47.4065_8.5465_47.4100_8.5520.png,,6.8
377,honest,0.3,0.4,16,-15.0,1.0,0.0,tile_47.4010_8.5465_47.4065_8.5520.png,,6.7
378,honest,0.3,1.0,40,-15.0,0.0,0.0,tile_47.4065_8.5410_47.4100_8.5465.png,,6.7
379,honest,0.3,0.425,17,15.0,1.0,0.0,tile_47.3900_8.5685_47.3955_8.5700.png,,6.7
380,honest,0.3,1.0,40,0.0,0.0,0.0,tile_47.3955_8.5355_47.4010_8.5410.png,,6.6
381,honest,0.3,0.4,16,0.0,1.0,0.0,tile_47.4010_8.5630_47.4065_8.5685.png,,6.7
382,honest,0.3,0.65,26,-15.0,1.0,0.0,tile_47.3900_8.5575_47.3955_8.5630.png,,6.6
383,honest,0.3,0.425,17,15.0,1.0,0.0,tile_47.3900_8.5355_47.3955_8.5410.png,,6.6
384,honest,0.3,0.375,15,0.0,1.0,0.0,tile_47.4065_8.5300_47.4100_8.5355.png,,6.7
385,honest,0.3,0.4,16,0.0,1.0,0.0,tile_47.4010_8.5630_47.4065_8.5685.png,,6.6
386,honest,0.3,0.675,27,-15.0,1.0,0.0,tile_47.3900_8.5630_47.3955_8.5685.png,,6.7
387,honest,0.3,0.375,15,15.0,1.0,0.0,tile_47.3900_8.5410_47.3955_8.5465.png,,6.7
388,honest,0.3,0.15,6,0.0,1.0,0.0,tile_47.4065_8.5575_47.4100_8.5630.png,,6.7
389,honest,0.3,0.4,16,15.0,1.0,0.0,tile_47.3955_8.5300_47.4010_8.5355.png,,6.6
390,honest,0.3,0.525,21,-15.0,1.0,0.0,tile_47.4010_8.5410_47.4065_8.5465.png,,6.7
391,honest,0.3,1.0,40,-15.0,0.0,0.0,tile_47.3900_8.5410_47.3955_8.5465.png,,6.7
392,honest,0.3,0.525,21,0.0,1.0,0.0,tile_47.4065_8.5630_47.4100_8.5685.png,,6.7
393,honest,0.3,1.0,40,0.0,0.0,0.0,tile_47.4010_8.5410_47.4065_8.5465.png,,6.7
394,honest,0.3,1.0,40,0.0,0.0,0.0,tile_47.4010_8.5355_47.4065_8.5410.png,,6.7
395,honest,0.3,0.475,19,-15.0,1.0,0.0,tile_47.4065_8.5355_47.4100_8.5410.png,,6.8
396,honest,0.3,0.475,19,15.0,1.0,0.0,tile_47.4010_8.5575_47.4065_8.5630.png,,6.7
397,honest,0.3,0.425,17,-15.0,1.0,0.0,tile_47.4010_8.5685_47.4065_8.5700.png,,6.8
398,honest,0.3,0.475,19,15.0,1.0,0.0,tile_47.4065_8.5465_47.4100_8.5520.png,,6.7
399,honest,0.3,0.525,21,-15.0,1.0,0.0,tile_47.4010_8.5410_47.4065_8.5465.png,,6.7
400,honest,0.3,1.0,40,0.0,0.0,0.0,tile_47.4010_8.5520_47.4065_8.5575.png,,6.7
401,honest,0.3,0.425,17,15.0,1.0,0.0,tile_47.4065_8.5520_47.4100_8.5575.png,,6.7
402,honest,0.3,0.425,17,15.0,1.0,0.0,tile_47.4065_8.5520_47.4100_8.5575.png,,6.7
403,honest,0.3,0.4,16,0.0,1.0,0.0,tile_47.4010_8.5630_47.4065_8.5685.png,,6.7
404,honest,0.3,0.3,12,15.0,1.0,0.0,tile_47.3900_8.5465_47.3955_8.5520.png,,6.7
405,honest,0.3,0.475,19,-15.0,1.0,0.0,tile_47.3955_8.5410_47.4010_8.5465.png,,6.7
406,honest,0.3,1.0,40,-15.0,0.0,0.0,tile_47.3900_8.5410_47.3955_8.5465.png,,6.7
407,honest,0.3,1.0,40,-15.0,0.0,0.0,tile_47.4010_8.5685_47.4065_8.5700.png,,6.7
408,honest,0.3,0.5,20,0.0,1.0,0.0,tile_47.3955_8.5355_47.4010_8.5410.png,,6.8
409,honest,0.3,0.4,16,15.0,1.0,0.0,tile_47.4010_8.5685_47.4065_8.5700.png,,6.8
410,honest,0.3,1.0,40,0.0,0.0,0.0,tile_47.4010_8.5685_47.4065_8.5700.png,,6.7
411,honest,0.3,0.775,31,0.0,1.0,0.0,tile_47.3955_8.5685_47.4010_8.5700.png,,6.7
412,honest,0.3,1.0,40,-15.0,0.0,0.0,tile_47.4065_8.5685_47.4100_8.5700.png,,6.7
413,honest,0.3,0.55,22,15.0,1.0,0.0,tile_47.4010_8.5300_47.4065_8.5355.png,,6.7
414,honest,0.3,0.525,21,0.0,1.0,0.0,tile_47.4010_8.5410_47.4065_8.5465.png,,6.7
415,honest,0.3,0.425,17,15.0,1.0,0.0,tile_47.3900_8.5685_47.3955_8.5700.png,,6.7
416,honest,0.3,0.925,37,-15.0,0.0,0.0,tile_47.3955_8.5465_47.4010_8.5520.png,,6.7
417,honest,0.3,0.2,8,15.0,1.0,0.0,tile_47.4010_8.5520_47.4065_8.5575.png,,6.8
418,honest,0.3,0.475,19,15.0,1.0,0.0,tile_47.4010_8.5410_47.4065_8.5465.png,,6.7
419,honest,0.3,1.0,40,0.0,0.0,0.0,tile_47.4010_8.5685_47.4065_8.5700.png,,6.8
420,honest,0.3,1.0,40,15.0,0.0,0.0,tile_47.3955_8.5520_47.4010_8.5575.png,,6.7
421,honest,0.3,1.0,40,-15.0,0.0,0.0,tile_47.3900_8.5355_47.3955_8.5410.png,,6.7
422,honest,0.3,0.4,16,0.0,1.0,0.0,tile_47.3955_8.5300_47.4010_8.5355.png,,6.7
423,honest,0.3,1.0,40,15.0,0.0,0.0,tile_47.4010_8.5465_47.4065_8.5520.png,,6.7
424,honest,0.3,0.3,12,0.0,1.0,0.0,tile_47.4065_8.5410_47.4100_8.5465.png,,6.7
425,honest,0.3,1.0,40,15.0,0.0,0.0,tile_47.4010_8.5520_47.4065_8.5575.png,,6.7
426,honest,0.3,1.0,40,15.0,0.0,0.0,tile_47.4065_8.5575_47.4100_8.5630.png,,6.7
427,honest,0.3,0.425,17,15.0,1.0,0.0,tile_47.3955_8.5465_47.4010_8.5520.png,,6.7
428,honest,0.3,0.425,17,-15.0,1.0,0.0,tile_47.3900_8.5685_47.3955_8.5700.png,,6.8
429,honest,0.3,1.0,40,15.0,0.0,0.0,tile_47.3955_8.5410_47.4010_8.5465.png,,6.7
430,honest,0.3,0.425,17,-15.0,1.0,0.0,tile_47.4010_8.5630_47.4065_8.5685.png,,6.7
431,honest,0.3,0.55,22,15.0,1.0,0.0,tile_47.4010_8.5300_47.4065_8.5355.png,,6.7
432,honest,0.3,0.4,16,-15.0,1.0,0.0,tile_47.4010_8.5465_47.4065_8.5520.png,,6.7
433,honest,0.3,1.0,40,15.0,0.0,0.0,tile_47.3955_8.5355_47.4010_8.5410.png,,6.7
434,honest,0.3,0.4,16,-15.0,1.0,0.0,tile_47.3900_8.5355_47.3955_8.5410.png,,6.7
435,honest,0.3,0.975,39,-15.0,0.0,0.0,tile_47.3955_8.5575_47.4010_8.5630.png,,6.6
436,honest,0.3,0.725,29,15.0,1.0,0.0,tile_47.4065_8.5685_47.4100_8.5700.png,,6.7
437,honest,0.3,0.5,20,15.0,1.0,0.0,tile_47.4065_8.5630_47.4100_8.5685.png,,6.7
438,honest,0.3,0.175,7,-15.0,1.0,0.0,tile_47.4065_8.5575_47.4100_8.5630.png,,6.8
439,honest,0.3,0.975,39,-15.0,0.0,0.0,tile_47.4065_8.5520_47.4100_8.5575.png,,6.7
440,honest,0.3,0.65,26,0.0,1.0,0.0,tile_47.3955_8.5575_47.4010_8.5630.png,,6.7
441,honest,0.3,1.0,40,0.0,0.0,0.0,tile_47.4010_8.5520_47.4065_8.5575.png,,6.7
442,honest,0.3,0.4,16,15.0,1.0,0.0,tile_47.3955_8.5300_47.4010_8.5355.png,,6.7
443,honest,0.3,1.0,40,0.0,0.0,0.0,tile_47.3955_8.5685_47.4010_8.5700.png,,6.7
444,honest,0.3,1.0,40,0.0,0.0,0.0,tile_47.4065_8.5520_47.4100_8.5575.png,,6.7
445,honest,0.3,1.0,40,-15.0,0.0,0.0,tile_47.3900_8.5465_47.3955_8.5520.png,,6.8
446,honest,0.3,0.775,31,0.0,1.0,0.0,tile_47.3955_8.5685_47.4010_8.5700.png,,6.8
447,honest,0.3,0.6,24,-15.0,1.0,0.0,tile_47.3955_8.5520_47.4010_8.5575.png,,6.8
448,honest,0.3,0.7,28,-15.0,1.0,0.0,tile_47.4065_8.5685_47.4100_8.5700.png,,6.7
449,honest,0.3,0.6,24,0.0,1.0,0.0,tile_47.3900_8.5575_47.3955_8.5630.png,,6.6
450,honest,0.3,0.65,26,0.0,1.0,0.0,tile_47.3955_8.5575_47.4010_8.5630.png,,6.7
451,honest,0.3,0.3,12,15.0,1.0,0.0,tile_47.3900_8.5465_47.3955_8.5520.png,,6.8
452,honest,0.3,0.525,21,0.0,1.0,0.0,tile_47.4010_8.5410_47.4065_8.5465.png,,6.8
453,honest,0.3,0.95,38,15.0,0.0,0.0,tile_47.4065_8.5465_47.4100_8.5520.png,,6.7
454,honest,0.3,0.475,19,-15.0,1.0,0.0,tile_47.4065_8.5355_47.4100_8.5410.png,,6.7
455,honest,0.3,1.0,40,0.0,0.0,0.0,tile_47.3900_8.5465_47.3955_8.5520.png,,6.8
456,honest,0.3,0.975,39,15.0,0.0,0.0,tile_47.4010_8.5410_47.4065_8.5465.png,,6.7
457,honest,0.3,0.375,15,-15.0,1.0,0.0,tile_47.4010_8.5355_47.4065_8.5410.png,,6.7
458,honest,0.3,1.0,40,15.0,0.0,0.0,tile_47.3900_8.5630_47.3955_8.5685.png,,6.7
459,honest,0.3,0.4,16,0.0,1.0,0.0,tile_47.4010_8.5685_47.4065_8.5700.png,,6.7
460,honest,0.3,1.0,40,-15.0,0.0,0.0,tile_47.3900_8.5410_47.3955_8.5465.png,,6.7
461,honest,0.3,1.0,40,-15.0,0.0,0.0,tile_47.4010_8.5575_47.4065_8.5630.png,,6.7
462,honest,0.3,0.4,16,0.0,1.0,0.0,tile_47.3955_8.5300_47.4010_8.5355.png,,6.7
463,honest,0.3,0.475,19,0.0,1.0,0.0,tile_47.4065_8.5355_47.4100_8.5410.png,,6.7
464,honest,0.3,0.725,29,15.0,1.0,0.0,tile_47.4065_8.5685_47.4100_8.5700.png,,6.8
465,honest,0.3,0.425,17,15.0,1.0,0.0,tile_47.3900_8.5355_47.3955_8.5410.png,,6.7
466,honest,0.3,0.3,12,0.0,1.0,0.0,tile_47.4065_8.5410_47.4100_8.5465.png,,6.7
467,honest,0.3,0.5,20,15.0,1.0,0.0,tile_47.4065_8.5630_47.4100_8.5685.png,,6.7
468,honest,0.3,1.0,40,0.0,0.0,0.0,tile_47.4065_8.5630_47.4100_8.5685.png,,6.7
469,honest,0.3,0.75,30,-15.0,1.0,0.0,tile_47.3955_8.5685_47.4010_8.5700.png,,6.7
470,honest,0.3,1.0,40,-15.0,0.0,0.0,tile_47.3900_8.5355_47.3955_8.5410.png,,6.7
471,honest,0.3,0.5,20,0.0,1.0,0.0,tile_47.3955_8.5355_47.4010_8.5410.png,,6.7
472,honest,0.3,1.0,40,0.0,0.0,0.0,tile_47.4065_8.5630_47.4100_8.5685.png,,6.7
473,honest,0.3,1.0,40,15.0,0.0,0.0,tile_47.3955_8.5575_47.4010_8.5630.png,,6.9
474,honest,0.3,0.375,15,15.0,1.0,0.0,tile_47.4065_8.5300_47.4100_8.5355.png,,6.8
475,honest,0.3,1.0,40,0.0,0.0,0.0,tile_47.4010_8.5575_47.4065_8.5630.png,,6.7
476,honest,0.3,0.5,20,15.0,1.0,0.0,tile_47.4065_8.5630_47.4100_8.5685.png,,6.7
477,honest,0.3,0.975,39,-15.0,0.0,0.0,tile_47.4010_8.5465_47.4065_8.5520.png,,6.7
478,honest,0.3,0.6,24,-15.0,1.0,0.0,tile_47.3955_8.5575_47.4010_8.5630.png,,6.6
479,honest,0.3,0.5,20,15.0,1.0,0.0,tile_47.4065_8.5630_47.4100_8.5685.png,,6.7
480,honest,0.3,0.425,17,0.0,1.0,0.0,tile_47.3900_8.5685_47.3955_8.5700.png,,6.7
481,honest,0.3,0.45,18,15.0,1.0,0.0,tile_47.4010_8.5630_47.4065_8.5685.png,,6.7
482,honest,0.3,0.525,21,-15.0,1.0,0.0,tile_47.4010_8.5410_47.4065_8.5465.png,,6.7
483,honest,0.3,1.0,40,15.0,0.0,0.0,tile_47.4065_8.5520_47.4100_8.5575.png,,6.7
484,honest,0.3,0.625,25,15.0,1.0,0.0,tile_47.3955_8.5575_47.4010_8.5630.png,,6.7
485,honest,0.3,0.4,16,-15.0,1.0,0.0,tile_47.3955_8.5300_47.4010_8.5355.png,,6.7
486,honest,0.3,1.0,40,-15.0,0.0,0.0,tile_47.3900_8.5465_47.3955_8.5520.png,,6.8
487,honest,0.3,1.0,40,15.0,0.0,0.0,tile_47.3900_8.5465_47.3955_8.5520.png,,6.7
488,honest,0.3,0.5,20,-15.0,1.0,0.0,tile_47.4065_8.5630_47.4100_8.5685.png,,6.7
489,honest,0.3,0.975,39,-15.0,0.0,0.0,tile_47.3955_8.5410_47.4010_8.5465.png,,6.7
490,honest,0.3,0.6,24,0.0,1.0,0.0,tile_47.3955_8.5520_47.4010_8.5575.png,,6.7
491,honest,0.3,0.3,12,0.0,1.0,0.0,tile_47.3900_8.5465_47.3955_8.5520.png,,6.8
492,honest,0.3,0.925,37,-15.0,0.0,0.0,tile_47.3955_8.5465_47.4010_8.5520.png,,6.7
493,honest,0.3,1.0,40,0.0,0.0,0.0,tile_47.4065_8.5355_47.4100_8.5410.png,,6.7
494,honest,0.3,1.0,40,0.0,0.0,0.0,tile_47.3900_8.5410_47.3955_8.5465.png,,6.7
495,honest,0.3,0.425,17,-15.0,1.0,0.0,tile_47.4010_8.5575_47.4065_8.5630.png,,6.8
496,honest,0.3,0.4,16,0.0,1.0,0.0,tile_47.3955_8.5300_47.4010_8.5355.png,,6.8
497,honest,0.3,0.6,24,15.0,1.0,0.0,tile_47.3955_8.5520_47.4010_8.5575.png,,6.7
498,honest,0.3,0.175,7,-15.0,1.0,0.0,tile_47.4065_8.5575_47.4100_8.5630.png,,6.7
499,honest,0.3,0.5,20,15.0,1.0,0.0,tile_47.3900_8.5300_47.3955_8.5355.png,,6.7
500,byzantine,0.3,0.0,0,15.0,1.0,0.0,tile_47.3955_8.5520_47.4010_8.5575.png,tile_47.3900_8.5575_47.3955_8.5630.png,6.7
501,byzantine,0.3,0.0,0,15.0,1.0,0.0,tile_47.4010_8.5520_47.4065_8.5575.png,tile_47.3900_8.5410_47.3955_8.5465.png,6.7
502,byzantine,0.3,0.0,0,0.0,0.0,0.0,tile_47.3955_8.5300_47.4010_8.5355.png,tile_47.4010_8.5300_47.4065_8.5355.png,6.7
503,byzantine,0.3,0.0,0,0.0,0.0,0.0,tile_47.4010_8.5300_47.4065_8.5355.png,tile_47.3955_8.5520_47.4010_8.5575.png,6.7
504,byzantine,0.3,0.0,0,-15.0,1.0,0.0,tile_47.4010_8.5575_47.4065_8.5630.png,tile_47.3955_8.5355_47.4010_8.5410.png,6.8
505,byzantine,0.3,0.05,2,15.0,0.0,0.0,tile_47.4010_8.5685_47.4065_8.5700.png,tile_47.4010_8.5630_47.4065_8.5685.png,6.7
506,byzantine,0.3,0.0,0,-15.0,0.0,0.0,tile_47.4065_8.5575_47.4100_8.5630.png,tile_47.3955_8.5355_47.4010_8.5410.png,6.8
507,byzantine,0.3,0.0,0,-15.0,1.0,0.0,tile_47.3900_8.5685_47.3955_8.5700.png,tile_47.4010_8.5575_47.4065_8.5630.png,6.8
508,byzantine,0.3,0.0,0,0.0,1.0,0.0,tile_47.3955_8.5630_47.4010_8.5685.png,tile_47.4065_8.5685_47.4100_8.5700.png,6.8
509,byzantine,0.3,0.0,0,-15.0,1.0,0.0,tile_47.4065_8.5575_47.4100_8.5630.png,tile_47.4010_8.5685_47.4065_8.5700.png,6.8
510,byzantine,0.3,0.0,0,15.0,1.0,0.0,tile_47.4065_8.5630_47.4100_8.5685.png,tile_47.4065_8.5300_47.4100_8.5355.png,6.8
511,byzantine,0.3,0.0,0,15.0,0.0,0.0,tile_47.3900_8.5575_47.3955_8.5630.png,tile_47.4010_8.5355_47.4065_8.5410.png,6.9
512,byzantine,0.3,0.0,0,0.0,1.0,0.0,tile_47.3900_8.5685_47.3955_8.5700.png,tile_47.3900_8.5355_47.3955_8.5410.png,6.9
513,byzantine,0.3,0.025,1,15.0,0.0,0.0,tile_47.3955_8.5410_47.4010_8.5465.png,tile_47.3955_8.5465_47.4010_8.5520.png,6.9
514,byzantine,0.3,0.0,0,15.0,1.0,0.0,tile_47.3955_8.5575_47.4010_8.5630.png,tile_47.4010_8.5685_47.4065_8.5700.png,6.8
515,byzantine,0.3,0.0,0,15.0,1.0,0.0,tile_47.4065_8.5520_47.4100_8.5575.png,tile_47.4065_8.5355_47.4100_8.5410.png,6.8
516,byzantine,0.3,0.0,0,-15.0,1.0,0.0,tile_47.4065_8.5410_47.4100_8.5465.png,tile_47.3955_8.5630_47.4010_8.5685.png,6.9
517,byzantine,0.3,0.0,0,15.0,0.0,0.0,tile_47.4010_8.5465_47.4065_8.5520.png,tile_47.4065_8.5300_47.4100_8.5355.png,6.9
518,byzantine,0.3,0.0,0,-15.0,1.0,0.0,tile_47.3900_8.5300_47.3955_8.5355.png,tile_47.4065_8.5300_47.4100_8.5355.png,6.9
519,byzantine,0.3,0.0,0,-15.0,0.0,0.0,tile_47.4065_8.5465_47.4100_8.5520.png,tile_47.3955_8.5465_47.4010_8.5520.png,6.8
520,byzantine,0.3,0.0,0,15.0,0.0,0.0,tile_47.3900_8.5520_47.3955_8.5575.png,tile_47.4065_8.5630_47.4100_8.5685.png,6.8
521,byzantine,0.3,0.0,0,0.0,0.0,0.0,tile_47.4065_8.5410_47.4100_8.5465.png,tile_47.3900_8.5575_47.3955_8.5630.png,7.0
522,byzantine,0.3,0.0,0,-15.0,1.0,0.0,tile_47.4065_8.5300_47.4100_8.5355.png,tile_47.3955_8.5630_47.4010_8.5685.png,6.9
523,byzantine,0.3,0.0,0,0.0,1.0,0.0,tile_47.3955_8.5300_47.4010_8.5355.png,tile_47.4010_8.5575_47.4065_8.5630.png,7.0
524,byzantine,0.3,0.0,0,0.0,0.0,0.0,tile_47.4065_8.5355_47.4100_8.5410.png,tile_47.4010_8.5300_47.4065_8.5355.png,7.1
525,byzantine,0.3,0.0,0,-15.0,0.0,0.0,tile_47.3900_8.5355_47.3955_8.5410.png,tile_47.3955_8.5410_47.4010_8.5465.png,7.0
526,byzantine,0.3,0.025,1,0.0,1.0,0.0,tile_47.3955_8.5630_47.4010_8.5685.png,tile_47.3900_8.5685_47.3955_8.5700.png,7.0
527,byzantine,0.3,0.0,0,0.0,1.0,0.0,tile_47.4010_8.5355_47.4065_8.5410.png,tile_47.3900_8.5630_47.3955_8.5685.png,7.0
528,byzantine,0.3,0.025,1,15.0,0.0,0.0,tile_47.4065_8.5410_47.4100_8.5465.png,tile_47.4010_8.5465_47.4065_8.5520.png,7.0
529,byzantine,0.3,0.0,0,-15.0,0.0,0.0,tile_47.3900_8.5520_47.3955_8.5575.png,tile_47.3900_8.5465_47.3955_8.5520.png,7.0
530,byzantine,0.3,0.0,0,15.0,0.0,0.0,tile_47.3900_8.5465_47.3955_8.5520.png,tile_47.3955_8.5300_47.4010_8.5355.png,7.0
531,byzantine,0.3,0.0,0,15.0,0.0,0.0,tile_47.4065_8.5520_47.4100_8.5575.png,tile_47.3900_8.5685_47.3955_8.5700.png,7.1
532,byzantine,0.3,0.0,0,15.0,0.0,0.0,tile_47.3955_8.5300_47.4010_8.5355.png,tile_47.4010_8.5355_47.4065_8.5410.png,7.0
533,byzantine,0.3,0.0,0,0.0,0.0,0.0,tile_47.4010_8.5520_47.4065_8.5575.png,tile_47.3900_8.5685_47.3955_8.5700.png,7.3
534,byzantine,0.3,0.0,0,0.0,0.0,0.0,tile_47.4065_8.5410_47.4100_8.5465.png,tile_47.3955_8.5355_47.4010_8.5410.png,7.0
535,byzantine,0.3,0.0,0,0.0,0.0,0.0,tile_47.4065_8.5465_47.4100_8.5520.png,tile_47.4010_8.5355_47.4065_8.5410.png,7.1
536,byzantine,0.3,0.0,0,0.0,0.0,0.0,tile_47.4065_8.5300_47.4100_8.5355.png,tile_47.4065_8.5410_47.4100_8.5465.png,7.4
537,byzantine,0.3,0.0,0,15.0,1.0,0.0,tile_47.4065_8.5410_47.4100_8.5465.png,tile_47.3900_8.5520_47.3955_8.5575.png,7.3
538,byzantine,0.3,0.0,0,0.0,1.0,0.0,tile_47.4065_8.5630_47.4100_8.5685.png,tile_47.3900_8.5685_47.3955_8.5700.png,7.2
539,byzantine,0.3,0.0,0,-15.0,1.0,0.0,tile_47.4065_8.5575_47.4100_8.5630.png,tile_47.4065_8.5630_47.4100_8.5685.png,7.1
540,byzantine,0.3,0.0,0,-15.0,1.0,0.0,tile_47.3955_8.5300_47.4010_8.5355.png,tile_47.3955_8.5575_47.4010_8.5630.png,7.1
541,byzantine,0.3,0.0,0,-15.0,1.0,0.0,tile_47.4010_8.5575_47.4065_8.5630.png,tile_47.4010_8.5520_47.4065_8.5575.png,7.1
542,byzantine,0.3,0.0,0,-15.0,1.0,0.0,tile_47.3900_8.5575_47.3955_8.5630.png,tile_47.4010_8.5410_47.4065_8.5465.png,7.2
543,byzantine,0.3,0.025,1,15.0,0.0,0.0,tile_47.4010_8.5355_47.4065_8.5410.png,tile_47.3955_8.5520_47.4010_8.5575.png,7.7
544,byzantine,0.3,0.0,0,15.0,0.0,0.0,tile_47.3955_8.5520_47.4010_8.5575.png,tile_47.4065_8.5410_47.4100_8.5465.png,7.4
545,byzantine,0.3,0.0,0,15.0,0.0,0.0,tile_47.3955_8.5575_47.4010_8.5630.png,tile_47.4065_8.5520_47.4100_8.5575.png,7.7
546,byzantine,0.3,0.0,0,0.0,1.0,0.0,tile_47.3955_8.5575_47.4010_8.5630.png,tile_47.4065_8.5630_47.4100_8.5685.png,7.7
547,byzantine,0.3,0.0,0,-15.0,0.0,0.0,tile_47.3955_8.5685_47.4010_8.5700.png,tile_47.4010_8.5685_47.4065_8.5700.png,7.2
548,byzantine,0.3,0.0,0,15.0,0.0,0.0,tile_47.3955_8.5685_47.4010_8.5700.png,tile_47.4010_8.5410_47.4065_8.5465.png,7.2
549,byzantine,0.3,0.0,0,0.0,1.0,0.0,tile_47.4065_8.5575_47.4100_8.5630.png,tile_47.4010_8.5355_47.4065_8.5410.png,7.2
550,byzantine,0.3,0.0,0,15.0,1.0,0.0,tile_47.4010_8.5300_47.4065_8.5355.png,tile_47.3955_8.5465_47.4010_8.5520.png,7.2
551,byzantine,0.3,0.0,0,15.0,1.0,0.0,tile_47.3900_8.5630_47.3955_8.5685.png,tile_47.4065_8.5410_47.4100_8.5465.png,7.0
552,byzantine,0.3,0.0,0,15.0,1.0,0.0,tile_47.3955_8.5575_47.4010_8.5630.png,tile_47.3955_8.5465_47.4010_8.5520.png,7.1
553,byzantine,0.3,0.0,0,0.0,1.0,0.0,tile_47.3955_8.5630_47.4010_8.5685.png,tile_47.4065_8.5300_47.4100_8.5355.png,7.1
554,byzantine,0.3,0.0,0,-15.0,0.0,0.0,tile_47.4065_8.5410_47.4100_8.5465.png,tile_47.3955_8.5355_47.4010_8.5410.png,7.1
555,byzantine,0.3,0.0,0,-15.0,0.0,0.0,tile_47.3955_8.5630_47.4010_8.5685.png,tile_47.3955_8.5520_47.4010_8.5575.png,7.1
556,byzantine,0.3,0.0,0,15.0,0.0,0.0,tile_47.4010_8.5575_47.4065_8.5630.png,tile_47.3955_8.5300_47.4010_8.5355.png,6.9
557,byzantine,0.3,0.0,0,0.0,1.0,0.0,tile_47.3955_8.5410_47.4010_8.5465.png,tile_47.4065_8.5300_47.4100_8.5355.png,7.1
558,byzantine,0.3,0.0,0,0.0,0.0,0.0,tile_47.4065_8.5685_47.4100_8.5700.png,tile_47.3900_8.5575_47.3955_8.5630.png,7.0
559,byzantine,0.3,0.0,0,15.0,0.0,0.0,tile_47.3900_8.5520_47.3955_8.5575.png,tile_47.4065_8.5685_47.4100_8.5700.png,7.0
560,byzantine,0.3,0.0,0,15.0,0.0,0.0,tile_47.4065_8.5410_47.4100_8.5465.png,tile_47.3900_8.5520_47.3955_8.5575.png,6.9
561,byzantine,0.3,0.0,0,15.0,0.0,0.0,tile_47.3955_8.5355_47.4010_8.5410.png,tile_47.3900_8.5300_47.3955_8.5355.png,7.0
562,byzantine,0.3,0.0,0,-15.0,1.0,0.0,tile_47.3900_8.5465_47.3955_8.5520.png,tile_47.4010_8.5520_47.4065_8.5575.png,7.0
563,byzantine,0.3,0.0,0,15.0,1.0,0.0,tile_47.3900_8.5355_47.3955_8.5410.png,tile_47.3900_8.5300_47.3955_8.5355.png,7.0
564,byzantine,0.3,0.0,0,15.0,1.0,0.0,tile_47.3900_8.5355_47.3955_8.5410.png,tile_47.4010_8.5355_47.4065_8.5410.png,7.0
565,byzantine,0.3,0.0,0,15.0,1.0,0.0,tile_47.3900_8.5355_47.3955_8.5410.png,tile_47.4010_8.5355_47.4065_8.5410.png,7.0
566,byzantine,0.3,0.0,0,15.0,1.0,0.0,tile_47.3900_8.5630_47.3955_8.5685.png,tile_47.4065_8.5630_47.4100_8.5685.png,7.0
567,byzantine,0.3,0.0,0,-15.0,0.0,0.0,tile_47.3955_8.5520_47.4010_8.5575.png,tile_47.4010_8.5520_47.4065_8.5575.png,7.0
568,byzantine,0.3,0.0,0,15.0,1.0,0.0,tile_47.4010_8.5355_47.4065_8.5410.png,tile_47.4065_8.5410_47.4100_8.5465.png,7.1
569,byzantine,0.3,0.0,0,0.0,0.0,0.0,tile_47.4065_8.5355_47.4100_8.5410.png,tile_47.3955_8.5630_47.4010_8.5685.png,7.0
570,byzantine,0.3,0.0,0,15.0,0.0,0.0,tile_47.4010_8.5465_47.4065_8.5520.png,tile_47.4010_8.5630_47.4065_8.5685.png,7.0
571,byzantine,0.3,0.0,0,-15.0,0.0,0.0,tile_47.4065_8.5355_47.4100_8.5410.png,tile_47.3955_8.5520_47.4010_8.5575.png,7.0
572,byzantine,0.3,0.0,0,0.0,1.0,0.0,tile_47.3900_8.5300_47.3955_8.5355.png,tile_47.4010_8.5685_47.4065_8.5700.png,7.0
573,byzantine,0.3,0.0,0,-15.0,0.0,0.0,tile_47.4065_8.5465_47.4100_8.5520.png,tile_47.4010_8.5520_47.4065_8.5575.png,7.0
574,byzantine,0.3,0.0,0,0.0,0.0,0.0,tile_47.3955_8.5630_47.4010_8.5685.png,tile_47.3900_8.5630_47.3955_8.5685.png,6.9
575,byzantine,0.3,0.0,0,15.0,1.0,0.0,tile_47.3900_8.5410_47.3955_8.5465.png,tile_47.4065_8.5630_47.4100_8.5685.png,7.0
576,byzantine,0.3,0.0,0,-15.0,1.0,0.0,tile_47.3955_8.5465_47.4010_8.5520.png,tile_47.4065_8.5630_47.4100_8.5685.png,7.1
577,byzantine,0.3,0.0,0,0.0,0.0,0.0,tile_47.3955_8.5355_47.4010_8.5410.png,tile_47.4065_8.5355_47.4100_8.5410.png,6.9
578,byzantine,0.3,0.0,0,15.0,1.0,0.0,tile_47.4010_8.5465_47.4065_8.5520.png,tile_47.3900_8.5575_47.3955_8.5630.png,7.0
579,byzantine,0.3,0.0,0,15.0,0.0,0.0,tile_47.4010_8.5575_47.4065_8.5630.png,tile_47.3955_8.5520_47.4010_8.5575.png,6.9
580,byzantine,0.3,0.0,0,15.0,0.0,0.0,tile_47.4010_8.5630_47.4065_8.5685.png,tile_47.3900_8.5355_47.3955_8.5410.png,6.9
581,byzantine,0.3,0.0,0,-15.0,1.0,0.0,tile_47.3900_8.5520_47.3955_8.5575.png,tile_47.3955_8.5465_47.4010_8.5520.png,7.0
582,byzantine,0.3,0.0,0,15.0,1.0,0.0,tile_47.3900_8.5355_47.3955_8.5410.png,tile_47.4010_8.5575_47.4065_8.5630.png,7.0
583,byzantine,0.3,0.0,0,0.0,1.0,0.0,tile_47.3955_8.5630_47.4010_8.5685.png,tile_47.3955_8.5465_47.4010_8.5520.png,7.1
584,byzantine,0.3,0.0,0,15.0,1.0,0.0,tile_47.3955_8.5465_47.4010_8.5520.png,tile_47.4010_8.5630_47.4065_8.5685.png,7.0
585,byzantine,0.3,0.025,1,15.0,1.0,0.0,tile_47.4010_8.5410_47.4065_8.5465.png,tile_47.4065_8.5410_47.4100_8.5465.png,7.0
586,byzantine,0.3,0.0,0,-15.0,0.0,0.0,tile_47.4010_8.5355_47.4065_8.5410.png,tile_47.3900_8.5520_47.3955_8.5575.png,7.0
587,byzantine,0.3,0.0,0,0.0,0.0,0.0,tile_47.4010_8.5520_47.4065_8.5575.png,tile_47.3955_8.5465_47.4010_8.5520.png,7.0
588,byzantine,0.3,0.0,0,-15.0,0.0,0.0,tile_47.4010_8.5465_47.4065_8.5520.png,tile_47.3955_8.5630_47.4010_8.5685.png,6.9
589,byzantine,0.3,0.025,1,0.0,1.0,0.0,tile_47.3955_8.5300_47.4010_8.5355.png,tile_47.3900_8.5410_47.3955_8.5465.png,7.0
590,byzantine,0.3,0.0,0,-15.0,1.0,0.0,tile_47.4065_8.5410_47.4100_8.5465.png,tile_47.3900_8.5465_47.3955_8.5520.png,7.0
591,byzantine,0.3,0.0,0,-15.0,0.0,0.0,tile_47.3900_8.5575_47.3955_8.5630.png,tile_47.4010_8.5520_47.4065_8.5575.png,6.9
592,byzantine,0.3,0.0,0,15.0,1.0,0.0,tile_47.3900_8.5300_47.3955_8.5355.png,tile_47.3955_8.5410_47.4010_8.5465.png,6.9
593,byzantine,0.3,0.0,0,0.0,1.0,0.0,tile_47.3955_8.5685_47.4010_8.5700.png,tile_47.4010_8.5465_47.4065_8.5520.png,7.0
594,byzantine,0.3,0.0,0,15.0,0.0,0.0,tile_47.3955_8.5410_47.4010_8.5465.png,tile_47.3900_8.5520_47.3955_8.5575.png,7.0
595,byzantine,0.3,0.0,0,0.0,1.0,0.0,tile_47.4065_8.5685_47.4100_8.5700.png,tile_47.3900_8.5520_47.3955_8.5575.png,7.0
596,byzantine,0.3,0.0,0,-15.0,0.0,0.0,tile_47.4010_8.5355_47.4065_8.5410.png,tile_47.3955_8.5575_47.4010_8.5630.png,6.9
597,byzantine,0.3,0.0,0,0.0,1.0,0.0,tile_47.4010_8.5685_47.4065_8.5700.png,tile_47.3955_8.5300_47.4010_8.5355.png,7.0
598,byzantine,0.3,0.0,0,-15.0,1.0,0.0,tile_47.4065_8.5575_47.4100_8.5630.png,tile_47.3900_8.5465_47.3955_8.5520.png,6.9
599,byzantine,0.3,0.0,0,-15.0,1.0,0.0,tile_47.4065_8.5355_47.4100_8.5410.png,tile_47.3955_8.5410_47.4010_8.5465.png,7.0
600,byzantine,0.3,0.0,0,15.0,1.0,0.0,tile_47.4065_8.5520_47.4100_8.5575.png,tile_47.3955_8.5410_47.4010_8.5465.png,7.0
601,byzantine,0.3,0.0,0,0.0,0.0,0.0,tile_47.4010_8.5520_47.4065_8.5575.png,tile_47.4010_8.5465_47.4065_8.5520.png,6.9
602,byzantine,0.3,0.0,0,15.0,0.0,0.0,tile_47.4010_8.5520_47.4065_8.5575.png,tile_47.3900_8.5575_47.3955_8.5630.png,6.9
603,byzantine,0.3,0.0,0,0.0,1.0,0.0,tile_47.4065_8.5685_47.4100_8.5700.png,tile_47.4065_8.5630_47.4100_8.5685.png,6.9
604,byzantine,0.3,0.0,0,15.0,0.0,0.0,tile_47.4065_8.5300_47.4100_8.5355.png,tile_47.3955_8.5300_47.4010_8.5355.png,7.0
605,byzantine,0.3,0.0,0,0.0,1.0,0.0,tile_47.3955_8.5520_47.4010_8.5575.png,tile_47.4010_8.5465_47.4065_8.5520.png,7.2
606,byzantine,0.3,0.0,0,15.0,0.0,0.0,tile_47.4065_8.5575_47.4100_8.5630.png,tile_47.4065_8.5685_47.4100_8.5700.png,7.2
607,byzantine,0.3,0.0,0,15.0,0.0,0.0,tile_47.4010_8.5410_47.4065_8.5465.png,tile_47.4065_8.5465_47.4100_8.5520.png,7.2
608,byzantine,0.3,0.0,0,15.0,0.0,0.0,tile_47.4065_8.5685_47.4100_8.5700.png,tile_47.3900_8.5520_47.3955_8.5575.png,7.1
609,byzantine,0.3,0.0,0,15.0,1.0,0.0,tile_47.4010_8.5300_47.4065_8.5355.png,tile_47.4010_8.5630_47.4065_8.5685.png,7.3
610,byzantine,0.3,0.0,0,-15.0,1.0,0.0,tile_47.3900_8.5520_47.3955_8.5575.png,tile_47.3955_8.5685_47.4010_8.5700.png,7.1
611,byzantine,0.3,0.0,0,15.0,1.0,0.0,tile_47.4065_8.5410_47.4100_8.5465.png,tile_47.4010_8.5355_47.4065_8.5410.png,7.0
612,byzantine,0.3,0.0,0,-15.0,1.0,0.0,tile_47.3900_8.5630_47.3955_8.5685.png,tile_47.4065_8.5355_47.4100_8.5410.png,7.0
613,byzantine,0.3,0.0,0,-15.0,1.0,0.0,tile_47.3900_8.5410_47.3955_8.5465.png,tile_47.4010_8.5465_47.4065_8.5520.png,7.1
614,byzantine,0.3,0.0,0,15.0,1.0,0.0,tile_47.4065_8.5465_47.4100_8.5520.png,tile_47.3900_8.5465_47.3955_8.5520.png,7.0
615,byzantine,0.3,0.0,0,-15.0,0.0,0.0,tile_47.3955_8.5630_47.4010_8.5685.png,tile_47.4010_8.5355_47.4065_8.5410.png,7.0
616,byzantine,0.3,0.0,0,15.0,0.0,0.0,tile_47.4010_8.5685_47.4065_8.5700.png,tile_47.3955_8.5520_47.4010_8.5575.png,7.0
617,byzantine,0.3,0.0,0,0.0,0.0,0.0,tile_47.3900_8.5355_47.3955_8.5410.png,tile_47.4010_8.5300_47.4065_8.5355.png,7.0
618,byzantine,0.3,0.0,0,-15.0,1.0,0.0,tile_47.3900_8.5575_47.3955_8.5630.png,tile_47.3900_8.5465_47.3955_8.5520.png,6.9
619,byzantine,0.3,0.0,0,15.0,0.0,0.0,tile_47.4010_8.5465_47.4065_8.5520.png,tile_47.3955_8.5410_47.4010_8.5465.png,7.1
620,byzantine,0.3,0.0,0,0.0,0.0,0.0,tile_47.4010_8.5630_47.4065_8.5685.png,tile_47.3955_8.5685_47.4010_8.5700.png,7.0
621,byzantine,0.3,0.0,0,-15.0,1.0,0.0,tile_47.4010_8.5520_47.4065_8.5575.png,tile_47.3900_8.5410_47.3955_8.5465.png,7.0
622,byzantine,0.3,0.025,1,0.0,0.0,0.0,tile_47.3900_8.5355_47.3955_8.5410.png,tile_47.4065_8.5520_47.4100_8.5575.png,7.0
623,byzantine,0.3,0.0,0,0.0,0.0,0.0,tile_47.3955_8.5685_47.4010_8.5700.png,tile_47.4010_8.5355_47.4065_8.5410.png,7.1
624,byzantine,0.3,0.0,0,-15.0,0.0,0.0,tile_47.4065_8.5465_47.4100_8.5520.png,tile_47.4065_8.5685_47.4100_8.5700.png,7.0
625,byzantine,0.3,0.0,0,0.0,0.0,0.0,tile_47.3955_8.5465_47.4010_8.5520.png,tile_47.3900_8.5575_47.3955_8.5630.png,7.0
626,byzantine,0.3,0.0,0,15.0,1.0,0.0,tile_47.3900_8.5355_47.3955_8.5410.png,tile_47.4065_8.5300_47.4100_8.5355.png,7.1
627,byzantine,0.3,0.0,0,15.0,0.0,0.0,tile_47.4065_8.5465_47.4100_8.5520.png,tile_47.3955_8.5520_47.4010_8.5575.png,7.0
628,byzantine,0.3,0.05,2,-15.0,0.0,0.0,tile_47.4010_8.5355_47.4065_8.5410.png,tile_47.4065_8.5355_47.4100_8.5410.png,7.0
629,byzantine,0.3,0.0,0,15.0,0.0,0.0,tile_47.3955_8.5465_47.4010_8.5520.png,tile_47.3955_8.5520_47.4010_8.5575.png,7.0
630,byzantine,0.3,0.0,0,0.0,0.0,0.0,tile_47.3900_8.5685_47.3955_8.5700.png,tile_47.3955_8.5355_47.4010_8.5410.png,7.0
631,byzantine,0.3,0.0,0,15.0,1.0,0.0,tile_47.4065_8.5300_47.4100_8.5355.png,tile_47.4010_8.5465_47.4065_8.5520.png,7.0
632,byzantine,0.3,0.0,0,0.0,0.0,0.0,tile_47.4010_8.5630_47.4065_8.5685.png,tile_47.4065_8.5520_47.4100_8.5575.png,6.9
633,byzantine,0.3,0.0,0,0.0,0.0,0.0,tile_47.3900_8.5575_47.3955_8.5630.png,tile_47.4010_8.5630_47.4065_8.5685.png,6.9
634,byzantine,0.3,0.0,0,-15.0,1.0,0.0,tile_47.3955_8.5685_47.4010_8.5700.png,tile_47.3955_8.5355_47.4010_8.5410.png,6.9
635,byzantine,0.3,0.0,0,-15.0,0.0,0.0,tile_47.3955_8.5355_47.4010_8.5410.png,tile_47.4010_8.5355_47.4065_8.5410.png,6.9
636,byzantine,0.3,0.0,0,0.0,1.0,0.0,tile_47.4065_8.5300_47.4100_8.5355.png,tile_47.3955_8.5575_47.4010_8.5630.png,6.9
637,byzantine,0.3,0.0,0,-15.0,1.0,0.0,tile_47.3955_8.5410_47.4010_8.5465.png,tile_47.4010_8.5300_47.4065_8.5355.png,7.0
638,byzantine,0.3,0.0,0,0.0,0.0,0.0,tile_47.4010_8.5520_47.4065_8.5575.png,tile_47.4065_8.5465_47.4100_8.5520.png,7.0
639,byzantine,0.3,0.0,0,0.0,0.0,0.0,tile_47.3900_8.5300_47.3955_8.5355.png,tile_47.4010_8.5300_47.4065_8.5355.png,6.9
640,byzantine,0.3,0.0,0,-15.0,0.0,0.0,tile_47.4065_8.5685_47.4100_8.5700.png,tile_47.3955_8.5575_47.4010_8.5630.png,6.9
641,byzantine,0.3,0.0,0,15.0,1.0,0.0,tile_47.4065_8.5520_47.4100_8.5575.png,tile_47.3955_8.5685_47.4010_8.5700.png,7.0
642,byzantine,0.3,0.0,0,-15.0,0.0,0.0,tile_47.3955_8.5630_47.4010_8.5685.png,tile_47.3955_8.5355_47.4010_8.5410.png,7.0
643,byzantine,0.3,0.0,0,-15.0,1.0,0.0,tile_47.4010_8.5410_47.4065_8.5465.png,tile_47.3900_8.5575_47.3955_8.5630.png,7.0
644,byzantine,0.3,0.0,0,0.0,1.0,0.0,tile_47.3900_8.5685_47.3955_8.5700.png,tile_47.3955_8.5355_47.4010_8.5410.png,7.0
645,byzantine,0.3,0.0,0,15.0,1.0,0.0,tile_47.4065_8.5520_47.4100_8.5575.png,tile_47.4010_8.5355_47.4065_8.5410.png,7.5
646,byzantine,0.3,0.0,0,-15.0,1.0,0.0,tile_47.3955_8.5685_47.4010_8.5700.png,tile_47.3955_8.5355_47.4010_8.5410.png,7.4
647,byzantine,0.3,0.0,0,-15.0,1.0,0.0,tile_47.4010_8.5630_47.4065_8.5685.png,tile_47.4065_8.5520_47.4100_8.5575.png,7.0
648,byzantine,0.3,0.0,0,-15.0,1.0,0.0,tile_47.3955_8.5685_47.4010_8.5700.png,tile_47.3900_8.5630_47.3955_8.5685.png,6.9
649,byzantine,0.3,0.0,0,15.0,1.0,0.0,tile_47.3955_8.5410_47.4010_8.5465.png,tile_47.4010_8.5520_47.4065_8.5575.png,6.9
650,byzantine,0.3,0.0,0,-15.0,0.0,0.0,tile_47.3900_8.5465_47.3955_8.5520.png,tile_47.4010_8.5465_47.4065_8.5520.png,7.0
651,byzantine,0.3,0.025,1,0.0,1.0,0.0,tile_47.4010_8.5520_47.4065_8.5575.png,tile_47.4010_8.5685_47.4065_8.5700.png,6.9
652,byzantine,0.3,0.0,0,0.0,1.0,0.0,tile_47.3900_8.5630_47.3955_8.5685.png,tile_47.3900_8.5520_47.3955_8.5575.png,7.0
653,byzantine,0.3,0.0,0,0.0,0.0,0.0,tile_47.3955_8.5300_47.4010_8.5355.png,tile_47.4010_8.5685_47.4065_8.5700.png,6.9
654,byzantine,0.3,0.0,0,-15.0,0.0,0.0,tile_47.4010_8.5520_47.4065_8.5575.png,tile_47.4065_8.5465_47.4100_8.5520.png,6.9
655,byzantine,0.3,0.0,0,-15.0,1.0,0.0,tile_47.3955_8.5355_47.4010_8.5410.png,tile_47.4010_8.5465_47.4065_8.5520.png,7.0
656,byzantine,0.3,0.0,0,15.0,1.0,0.0,tile_47.4065_8.5300_47.4100_8.5355.png,tile_47.3955_8.5630_47.4010_8.5685.png,6.9
657,byzantine,0.3,0.0,0,-15.0,0.0,0.0,tile_47.4010_8.5355_47.4065_8.5410.png,tile_47.4010_8.5685_47.4065_8.5700.png,7.0
658,byzantine,0.3,0.0,0,0.0,1.0,0.0,tile_47.4010_8.5520_47.4065_8.5575.png,tile_47.4010_8.5410_47.4065_8.5465.png,6.9
659,byzantine,0.3,0.0,0,-15.0,0.0,0.0,tile_47.4010_8.5630_47.4065_8.5685.png,tile_47.4065_8.5520_47.4100_8.5575.png,6.9
660,byzantine,0.3,0.0,0,-15.0,1.0,0.0,tile_47.4065_8.5465_47.4100_8.5520.png,tile_47.4065_8.5410_47.4100_8.5465.png,7.0
661,byzantine,0.3,0.0,0,-15.0,1.0,0.0,tile_47.4010_8.5520_47.4065_8.5575.png,tile_47.4065_8.5465_47.4100_8.5520.png,7.0
662,byzantine,0.3,0.0,0,0.0,1.0,0.0,tile_47.4065_8.5685_47.4100_8.5700.png,tile_47.4065_8.5355_47.4100_8.5410.png,6.9
663,byzantine,0.3,0.0,0,0.0,0.0,0.0,tile_47.3900_8.5630_47.3955_8.5685.png,tile_47.4010_8.5575_47.4065_8.5630.png,6.9
664,byzantine,0.3,0.0,0,0.0,0.0,0.0,tile_47.3955_8.5410_47.4010_8.5465.png,tile_47.3955_8.5685_47.4010_8.5700.png,6.9
665,byzantine,0.3,0.0,0,0.0,0.0,0.0,tile_47.3955_8.5520_47.4010_8.5575.png,tile_47.4010_8.5685_47.4065_8.5700.png,6.9
666,byzantine,0.3,0.0,0,-15.0,1.0,0.0,tile_47.4010_8.5355_47.4065_8.5410.png,tile_47.3900_8.5410_47.3955_8.5465.png,7.0
667,byzantine,0.3,0.0,0,15.0,1.0,0.0,tile_47.3900_8.5575_47.3955_8.5630.png,tile_47.3955_8.5520_47.4010_8.5575.png,6.9
668,byzantine,0.3,0.0,0,15.0,0.0,0.0,tile_47.4065_8.5355_47.4100_8.5410.png,tile_47.4010_8.5520_47.4065_8.5575.png,6.9
669,byzantine,0.3,0.0,0,0.0,0.0,0.0,tile_47.3900_8.5575_47.3955_8.5630.png,tile_47.4010_8.5685_47.4065_8.5700.png,6.9
670,byzantine,0.3,0.025,1,-15.0,0.0,0.0,tile_47.4065_8.5630_47.4100_8.5685.png,tile_47.3900_8.5410_47.3955_8.5465.png,7.0
671,byzantine,0.3,0.0,0,-15.0,0.0,0.0,tile_47.3900_8.5300_47.3955_8.5355.png,tile_47.3900_8.5355_47.3955_8.5410.png,7.0
672,byzantine,0.3,0.0,0,15.0,1.0,0.0,tile_47.4065_8.5465_47.4100_8.5520.png,tile_47.4010_8.5630_47.4065_8.5685.png,7.0
673,byzantine,0.3,0.0,0,-15.0,1.0,0.0,tile_47.3955_8.5630_47.4010_8.5685.png,tile_47.3955_8.5520_47.4010_8.5575.png,7.0
674,byzantine,0.3,0.0,0,-15.0,0.0,0.0,tile_47.4010_8.5520_47.4065_8.5575.png,tile_47.3955_8.5465_47.4010_8.5520.png,6.9
675,byzantine,0.3,0.0,0,0.0,0.0,0.0,tile_47.3955_8.5300_47.4010_8.5355.png,tile_47.4010_8.5575_47.4065_8.5630.png,7.0
676,byzantine,0.3,0.0,0,15.0,0.0,0.0,tile_47.3900_8.5300_47.3955_8.5355.png,tile_47.4010_8.5520_47.4065_8.5575.png,6.9
677,byzantine,0.3,0.0,0,15.0,0.0,0.0,tile_47.4010_8.5630_47.4065_8.5685.png,tile_47.4065_8.5300_47.4100_8.5355.png,6.9
678,byzantine,0.3,0.0,0,-15.0,0.0,0.0,tile_47.4065_8.5520_47.4100_8.5575.png,tile_47.4065_8.5465_47.4100_8.5520.png,6.9
679,byzantine,0.3,0.0,0,-15.0,0.0,0.0,tile_47.3955_8.5300_47.4010_8.5355.png,tile_47.4065_8.5355_47.4100_8.5410.png,6.9
680,byzantine,0.3,0.0,0,-15.0,1.0,0.0,tile_47.4065_8.5465_47.4100_8.5520.png,tile_47.3955_8.5410_47.4010_8.5465.png,7.0
681,byzantine,0.3,0.0,0,-15.0,0.0,0.0,tile_47.3900_8.5575_47.3955_8.5630.png,tile_47.3955_8.5300_47.4010_8.5355.png,7.1
682,byzantine,0.3,0.0,0,15.0,1.0,0.0,tile_47.4010_8.5465_47.4065_8.5520.png,tile_47.3900_8.5630_47.3955_8.5685.png,7.0
683,byzantine,0.3,0.0,0,15.0,0.0,0.0,tile_47.4010_8.5410_47.4065_8.5465.png,tile_47.4010_8.5575_47.4065_8.5630.png,6.9
684,byzantine,0.3,0.0,0,-15.0,0.0,0.0,tile_47.4065_8.5300_47.4100_8.5355.png,tile_47.3900_8.5465_47.3955_8.5520.png,6.9
685,byzantine,0.3,0.0,0,-15.0,1.0,0.0,tile_47.3900_8.5300_47.3955_8.5355.png,tile_47.3955_8.5520_47.4010_8.5575.png,7.0
686,byzantine,0.3,0.025,1,0.0,0.0,0.0,tile_47.4065_8.5410_47.4100_8.5465.png,tile_47.3955_8.5465_47.4010_8.5520.png,7.0
687,byzantine,0.3,0.0,0,15.0,0.0,0.0,tile_47.3900_8.5520_47.3955_8.5575.png,tile_47.3900_8.5300_47.3955_8.5355.png,7.0
688,byzantine,0.3,0.0,0,15.0,0.0,0.0,tile_47.4010_8.5300_47.4065_8.5355.png,tile_47.3900_8.5630_47.3955_8.5685.png,7.0
689,byzantine,0.3,0.0,0,-15.0,0.0,0.0,tile_47.4010_8.5410_47.4065_8.5465.png,tile_47.4010_8.5575_47.4065_8.5630.png,7.0
690,byzantine,0.3,0.0,0,15.0,1.0,0.0,tile_47.4065_8.5355_47.4100_8.5410.png,tile_47.3900_8.5410_47.3955_8.5465.png,7.0
691,byzantine,0.3,0.0,0,15.0,0.0,0.0,tile_47.3900_8.5575_47.3955_8.5630.png,tile_47.3955_8.5410_47.4010_8.5465.png,6.9
692,byzantine,0.3,0.0,0,-15.0,0.0,0.0,tile_47.4010_8.5520_47.4065_8.5575.png,tile_47.3955_8.5520_47.4010_8.5575.png,6.9
693,byzantine,0.3,0.0,0,15.0,0.0,0.0,tile_47.4065_8.5465_47.4100_8.5520.png,tile_47.4010_8.5685_47.4065_8.5700.png,7.0
694,byzantine,0.3,0.0,0,-15.0,0.0,0.0,tile_47.3900_8.5575_47.3955_8.5630.png,tile_47.4065_8.5630_47.4100_8.5685.png,7.0
695,byzantine,0.3,0.025,1,0.0,0.0,0.0,tile_47.3900_8.5465_47.3955_8.5520.png,tile_47.3955_8.5410_47.4010_8.5465.png,7.0
696,byzantine,0.3,0.0,0,15.0,0.0,0.0,tile_47.3900_8.5300_47.3955_8.5355.png,tile_47.4010_8.5685_47.4065_8.5700.png,7.0
697,byzantine,0.3,0.0,0,-15.0,0.0,0.0,tile_47.4065_8.5685_47.4100_8.5700.png,tile_47.4065_8.5630_47.4100_8.5685.png,7.0
698,byzantine,0.3,0.0,0,0.0,1.0,0.0,tile_47.4010_8.5685_47.4065_8.5700.png,tile_47.3900_8.5520_47.3955_8.5575.png,7.0
699,byzantine,0.3,0.0,0,15.0,1.0,0.0,tile_47.3900_8.5355_47.3955_8.5410.png,tile_47.3955_8.5465_47.4010_8.5520.png,7.1
700,byzantine,0.3,0.0,0,0.0,1.0,0.0,tile_47.4010_8.5300_47.4065_8.5355.png,tile_47.4010_8.5685_47.4065_8.5700.png,7.1
701,byzantine,0.3,0.0,0,15.0,0.0,0.0,tile_47.4065_8.5575_47.4100_8.5630.png,tile_47.4010_8.5300_47.4065_8.5355.png,7.0
702,byzantine,0.3,0.0,0,0.0,0.0,0.0,tile_47.3955_8.5410_47.4010_8.5465.png,tile_47.3955_8.5520_47.4010_8.5575.png,6.9
703,byzantine,0.3,0.0,0,-15.0,1.0,0.0,tile_47.3900_8.5685_47.3955_8.5700.png,tile_47.3955_8.5300_47.4010_8.5355.png,7.0
704,byzantine,0.3,0.025,1,15.0,0.0,0.0,tile_47.3900_8.5300_47.3955_8.5355.png,tile_47.3955_8.5300_47.4010_8.5355.png,6.9
705,byzantine,0.3,0.025,1,-15.0,1.0,0.0,tile_47.4065_8.5300_47.4100_8.5355.png,tile_47.4065_8.5630_47.4100_8.5685.png,7.0
706,byzantine,0.3,0.0,0,-15.0,0.0,0.0,tile_47.4065_8.5410_47.4100_8.5465.png,tile_47.3900_8.5685_47.3955_8.5700.png,7.0
707,byzantine,0.3,0.0,0,0.0,0.0,0.0,tile_47.4010_8.5520_47.4065_8.5575.png,tile_47.3955_8.5300_47.4010_8.5355.png,7.0
708,byzantine,0.3,0.0,0,-15.0,1.0,0.0,tile_47.3900_8.5465_47.3955_8.5520.png,tile_47.3900_8.5630_47.3955_8.5685.png,7.1
709,byzantine,0.3,0.0,0,-15.0,0.0,0.0,tile_47.3900_8.5520_47.3955_8.5575.png,tile_47.4065_8.5575_47.4100_8.5630.png,7.0
710,byzantine,0.3,0.0,0,0.0,1.0,0.0,tile_47.4010_8.5520_47.4065_8.5575.png,tile_47.3900_8.5410_47.3955_8.5465.png,7.0
711,byzantine,0.3,0.0,0,15.0,1.0,0.0,tile_47.4010_8.5685_47.4065_8.5700.png,tile_47.3900_8.5630_47.3955_8.5685.png,6.9
712,byzantine,0.3,0.0,0,0.0,1.0,0.0,tile_47.4065_8.5575_47.4100_8.5630.png,tile_47.3955_8.5465_47.4010_8.5520.png,7.1
713,byzantine,0.3,0.0,0,15.0,1.0,0.0,tile_47.3955_8.5685_47.4010_8.5700.png,tile_47.3900_8.5520_47.3955_8.5575.png,6.9
714,byzantine,0.3,0.0,0,-15.0,1.0,0.0,tile_47.3955_8.5630_47.4010_8.5685.png,tile_47.4010_8.5410_47.4065_8.5465.png,7.0
715,byzantine,0.3,0.0,0,0.0,0.0,0.0,tile_47.3900_8.5300_47.3955_8.5355.png,tile_47.4065_8.5355_47.4100_8.5410.png,6.9
716,byzantine,0.3,0.175,7,15.0,1.0,0.0,tile_47.3900_8.5630_47.3955_8.5685.png,tile_47.3900_8.5685_47.3955_8.5700.png,7.0
717,byzantine,0.3,0.0,0,15.0,0.0,0.0,tile_47.4065_8.5685_47.4100_8.5700.png,tile_47.4065_8.5630_47.4100_8.5685.png,7.0
718,byzantine,0.3,0.0,0,-15.0,0.0,0.0,tile_47.3900_8.5575_47.3955_8.5630.png,tile_47.3900_8.5355_47.3955_8.5410.png,6.9
719,byzantine,0.3,0.0,0,-15.0,1.0,0.0,tile_47.4065_8.5575_47.4100_8.5630.png,tile_47.4010_8.5685_47.4065_8.5700.png,7.0
720,byzantine,0.3,0.0,0,-15.0,0.0,0.0,tile_47.4065_8.5355_47.4100_8.5410.png,tile_47.3900_8.5410_47.3955_8.5465.png,7.0
721,byzantine,0.3,0.0,0,15.0,0.0,0.0,tile_47.3955_8.5300_47.4010_8.5355.png,tile_47.3900_8.5685_47.3955_8.5700.png,7.0
722,byzantine,0.3,0.0,0,0.0,1.0,0.0,tile_47.4065_8.5355_47.4100_8.5410.png,tile_47.4010_8.5630_47.4065_8.5685.png,7.0
723,byzantine,0.3,0.0,0,15.0,1.0,0.0,tile_47.4065_8.5520_47.4100_8.5575.png,tile_47.3955_8.5300_47.4010_8.5355.png,7.0
724,byzantine,0.3,0.0,0,-15.0,0.0,0.0,tile_47.3955_8.5300_47.4010_8.5355.png,tile_47.4065_8.5355_47.4100_8.5410.png,7.0
725,byzantine,0.3,0.025,1,15.0,0.0,0.0,tile_47.3900_8.5630_47.3955_8.5685.png,tile_47.3900_8.5575_47.3955_8.5630.png,7.0
726,byzantine,0.3,0.0,0,0.0,1.0,0.0,tile_47.4065_8.5410_47.4100_8.5465.png,tile_47.3900_8.5465_47.3955_8.5520.png,7.0
727,byzantine,0.3,0.0,0,15.0,1.0,0.0,tile_47.4065_8.5520_47.4100_8.5575.png,tile_47.3955_8.5355_47.4010_8.5410.png,7.0
728,byzantine,0.3,0.0,0,0.0,1.0,0.0,tile_47.3900_8.5575_47.3955_8.5630.png,tile_47.3900_8.5630_47.3955_8.5685.png,7.0
729,byzantine,0.3,0.0,0,15.0,1.0,0.0,tile_47.3955_8.5575_47.4010_8.5630.png,tile_47.4065_8.5465_47.4100_8.5520.png,6.9
730,byzantine,0.3,0.0,0,0.0,0.0,0.0,tile_47.3955_8.5685_47.4010_8.5700.png,tile_47.4065_8.5685_47.4100_8.5700.png,6.9
731,byzantine,0.3,0.0,0,0.0,1.0,0.0,tile_47.4010_8.5465_47.4065_8.5520.png,tile_47.3955_8.5300_47.4010_8.5355.png,7.0
732,byzantine,0.3,0.0,0,-15.0,0.0,0.0,tile_47.4065_8.5520_47.4100_8.5575.png,tile_47.4010_8.5355_47.4065_8.5410.png,6.9
733,byzantine,0.3,0.0,0,15.0,0.0,0.0,tile_47.4065_8.5575_47.4100_8.5630.png,tile_47.3900_8.5465_47.3955_8.5520.png,7.1
734,byzantine,0.3,0.0,0,-15.0,0.0,0.0,tile_47.3900_8.5465_47.3955_8.5520.png,tile_47.4065_8.5465_47.4100_8.5520.png,6.9
735,byzantine,0.3,0.0,0,-15.0,0.0,0.0,tile_47.4065_8.5355_47.4100_8.5410.png,tile_47.3955_8.5465_47.4010_8.5520.png,7.0
736,byzantine,0.3,0.0,0,15.0,0.0,0.0,tile_47.3900_8.5520_47.3955_8.5575.png,tile_47.3900_8.5300_47.3955_8.5355.png,7.1
737,byzantine,0.3,0.0,0,-15.0,0.0,0.0,tile_47.3955_8.5300_47.4010_8.5355.png,tile_47.3900_8.5410_47.3955_8.5465.png,7.0
738,byzantine,0.3,0.0,0,0.0,0.0,0.0,tile_47.4065_8.5575_47.4100_8.5630.png,tile_47.3900_8.5355_47.3955_8.5410.png,7.0
739,byzantine,0.3,0.0,0,-15.0,1.0,0.0,tile_47.4065_8.5685_47.4100_8.5700.png,tile_47.3900_8.5300_47.3955_8.5355.png,7.1
740,byzantine,0.3,0.0,0,0.0,1.0,0.0,tile_47.4010_8.5630_47.4065_8.5685.png,tile_47.3900_8.5630_47.3955_8.5685.png,7.0
741,byzantine,0.3,0.0,0,-15.0,1.0,0.0,tile_47.4065_8.5520_47.4100_8.5575.png,tile_47.4065_8.5575_47.4100_8.5630.png,7.1
742,byzantine,0.3,0.0,0,-15.0,0.0,0.0,tile_47.4010_8.5410_47.4065_8.5465.png,tile_47.3955_8.5685_47.4010_8.5700.png,7.0
743,byzantine,0.3,0.0,0,0.0,1.0,0.0,tile_47.3900_8.5575_47.3955_8.5630.png,tile_47.3955_8.5355_47.4010_8.5410.png,7.0
744,byzantine,0.3,0.0,0,0.0,0.0,0.0,tile_47.3955_8.5520_47.4010_8.5575.png,tile_47.4010_8.5575_47.4065_8.5630.png,7.0
745,byzantine,0.3,0.0,0,15.0,0.0,0.0,tile_47.4065_8.5300_47.4100_8.5355.png,tile_47.4065_8.5410_47.4100_8.5465.png,6.9
746,byzantine,0.3,0.0,0,15.0,1.0,0.0,tile_47.4065_8.5685_47.4100_8.5700.png,tile_47.3955_8.5465_47.4010_8.5520.png,7.1
747,byzantine,0.3,0.0,0,15.0,1.0,0.0,tile_47.4010_8.5355_47.4065_8.5410.png,tile_47.3900_8.5575_47.3955_8.5630.png,7.0
748,byzantine,0.3,0.0,0,-15.0,1.0,0.0,tile_47.3900_8.5355_47.3955_8.5410.png,tile_47.4065_8.5575_47.4100_8.5630.png,6.9
749,byzantine,0.3,0.0,0,0.0,0.0,0.0,tile_47.4010_8.5630_47.4065_8.5685.png,tile_47.4065_8.5355_47.4100_8.5410.png,7.0
750,byzantine,0.3,0.0,0,15.0,0.0,0.0,tile_47.3900_8.5630_47.3955_8.5685.png,tile_47.3955_8.5300_47.4010_8.5355.png,7.0
751,byzantine,0.3,0.025,1,15.0,0.0,0.0,tile_47.3900_8.5465_47.3955_8.5520.png,tile_47.4065_8.5355_47.4100_8.5410.png,6.9
752,byzantine,0.3,0.0,0,-15.0,1.0,0.0,tile_47.3955_8.5465_47.4010_8.5520.png,tile_47.3900_8.5575_47.3955_8.5630.png,7.0
753,byzantine,0.3,0.0,0,-15.0,1.0,0.0,tile_47.3900_8.5355_47.3955_8.5410.png,tile_47.4010_8.5685_47.4065_8.5700.png,7.0
754,byzantine,0.3,0.0,0,15.0,1.0,0.0,tile_47.3955_8.5520_47.4010_8.5575.png,tile_47.4065_8.5465_47.4100_8.5520.png,6.9
755,byzantine,0.3,0.0,0,0.0,1.0,0.0,tile_47.4065_8.5685_47.4100_8.5700.png,tile_47.3900_8.5355_47.3955_8.5410.png,7.0
756,byzantine,0.3,0.0,0,-15.0,0.0,0.0,tile_47.3955_8.5630_47.4010_8.5685.png,tile_47.3900_8.5300_47.3955_8.5355.png,7.0
757,byzantine,0.3,0.0,0,15.0,1.0,0.0,tile_47.4010_8.5575_47.4065_8.5630.png,tile_47.4065_8.5630_47.4100_8.5685.png,7.0
758,byzantine,0.3,0.0,0,15.0,0.0,0.0,tile_47.4010_8.5575_47.4065_8.5630.png,tile_47.4010_8.5685_47.4065_8.5700.png,6.9
759,byzantine,0.3,0.0,0,-15.0,1.0,0.0,tile_47.3900_8.5355_47.3955_8.5410.png,tile_47.3900_8.5575_47.3955_8.5630.png,7.0
760,byzantine,0.3,0.0,0,15.0,0.0,0.0,tile_47.4010_8.5685_47.4065_8.5700.png,tile_47.4065_8.5685_47.4100_8.5700.png,7.0
761,byzantine,0.3,0.0,0,-15.0,1.0,0.0,tile_47.3900_8.5630_47.3955_8.5685.png,tile_47.3955_8.5465_47.4010_8.5520.png,7.0
762,byzantine,0.3,0.0,0,0.0,1.0,0.0,tile_47.3955_8.5410_47.4010_8.5465.png,tile_47.4065_8.5300_47.4100_8.5355.png,7.0
763,byzantine,0.3,0.0,0,0.0,1.0,0.0,tile_47.3955_8.5465_47.4010_8.5520.png,tile_47.4010_8.5685_47.4065_8.5700.png,7.0
764,byzantine,0.3,0.0,0,15.0,1.0,0.0,tile_47.3955_8.5465_47.4010_8.5520.png,tile_47.3955_8.5575_47.4010_8.5630.png,6.9
765,byzantine,0.3,0.0,0,0.0,1.0,0.0,tile_47.3955_8.5465_47.4010_8.5520.png,tile_47.4065_8.5300_47.4100_8.5355.png,7.1
766,byzantine,0.3,0.0,0,-15.0,1.0,0.0,tile_47.3955_8.5465_47.4010_8.5520.png,tile_47.4010_8.5520_47.4065_8.5575.png,7.1
767,byzantine,0.3,0.0,0,0.0,0.0,0.0,tile_47.4065_8.5685_47.4100_8.5700.png,tile_47.3900_8.5520_47.3955_8.5575.png,7.0
768,byzantine,0.3,0.0,0,0.0,0.0,0.0,tile_47.4010_8.5630_47.4065_8.5685.png,tile_47.3955_8.5410_47.4010_8.5465.png,7.0
769,byzantine,0.3,0.0,0,-15.0,0.0,0.0,tile_47.4065_8.5520_47.4100_8.5575.png,tile_47.3900_8.5300_47.3955_8.5355.png,7.0
770,byzantine,0.3,0.0,0,0.0,0.0,0.0,tile_47.3900_8.5520_47.3955_8.5575.png,tile_47.3955_8.5520_47.4010_8.5575.png,7.0
771,byzantine,0.3,0.0,0,0.0,0.0,0.0,tile_47.3900_8.5465_47.3955_8.5520.png,tile_47.3955_8.5575_47.4010_8.5630.png,6.9
772,byzantine,0.3,0.0,0,0.0,1.0,0.0,tile_47.4065_8.5410_47.4100_8.5465.png,tile_47.3955_8.5685_47.4010_8.5700.png,7.0
773,byzantine,0.3,0.0,0,0.0,1.0,0.0,tile_47.3900_8.5630_47.3955_8.5685.png,tile_47.4065_8.5465_47.4100_8.5520.png,7.0
774,byzantine,0.3,0.0,0,0.0,0.0,0.0,tile_47.4065_8.5520_47.4100_8.5575.png,tile_47.3900_8.5410_47.3955_8.5465.png,6.9
775,byzantine,0.3,0.0,0,-15.0,1.0,0.0,tile_47.4010_8.5520_47.4065_8.5575.png,tile_47.3955_8.5300_47.4010_8.5355.png,7.0
776,byzantine,0.3,0.0,0,-15.0,0.0,0.0,tile_47.3955_8.5410_47.4010_8.5465.png,tile_47.4065_8.5575_47.4100_8.5630.png,7.0
777,byzantine,0.3,0.0,0,0.0,0.0,0.0,tile_47.3900_8.5575_47.3955_8.5630.png,tile_47.3955_8.5465_47.4010_8.5520.png,6.9
778,byzantine,0.3,0.0,0,15.0,1.0,0.0,tile_47.4065_8.5465_47.4100_8.5520.png,tile_47.4065_8.5685_47.4100_8.5700.png,7.0
779,byzantine,0.3,0.0,0,15.0,0.0,0.0,tile_47.3955_8.5410_47.4010_8.5465.png,tile_47.3900_8.5355_47.3955_8.5410.png,7.0
780,byzantine,0.3,0.0,0,-15.0,1.0,0.0,tile_47.3955_8.5520_47.4010_8.5575.png,tile_47.3955_8.5630_47.4010_8.5685.png,6.9
781,byzantine,0.3,0.0,0,15.0,1.0,0.0,tile_47.4010_8.5465_47.4065_8.5520.png,tile_47.3900_8.5685_47.3955_8.5700.png,7.0
782,byzantine,0.3,0.0,0,-15.0,0.0,0.0,tile_47.4065_8.5685_47.4100_8.5700.png,tile_47.3900_8.5520_47.3955_8.5575.png,7.0
783,byzantine,0.3,0.0,0,-15.0,1.0,0.0,tile_47.4065_8.5465_47.4100_8.5520.png,tile_47.3900_8.5410_47.3955_8.5465.png,7.0
784,byzantine,0.3,0.0,0,0.0,1.0,0.0,tile_47.3900_8.5630_47.3955_8.5685.png,tile_47.3900_8.5300_47.3955_8.5355.png,6.9
785,byzantine,0.3,0.0,0,-15.0,0.0,0.0,tile_47.3900_8.5575_47.3955_8.5630.png,tile_47.4010_8.5300_47.4065_8.5355.png,7.0
786,byzantine,0.3,0.0,0,-15.0,1.0,0.0,tile_47.4065_8.5630_47.4100_8.5685.png,tile_47.3955_8.5685_47.4010_8.5700.png,7.0
787,byzantine,0.3,0.0,0,15.0,1.0,0.0,tile_47.4065_8.5300_47.4100_8.5355.png,tile_47.3900_8.5575_47.3955_8.5630.png,7.0
788,byzantine,0.3,0.0,0,0.0,1.0,0.0,tile_47.3955_8.5465_47.4010_8.5520.png,tile_47.3955_8.5685_47.4010_8.5700.png,6.9
789,byzantine,0.3,0.0,0,-15.0,1.0,0.0,tile_47.4065_8.5575_47.4100_8.5630.png,tile_47.3955_8.5300_47.4010_8.5355.png,6.9
790,byzantine,0.3,0.0,0,-15.0,1.0,0.0,tile_47.3955_8.5355_47.4010_8.5410.png,tile_47.4065_8.5355_47.4100_8.5410.png,7.0
791,byzantine,0.3,0.0,0,15.0,0.0,0.0,tile_47.4010_8.5630_47.4065_8.5685.png,tile_47.4065_8.5410_47.4100_8.5465.png,6.9
792,byzantine,0.3,0.0,0,15.0,1.0,0.0,tile_47.3900_8.5465_47.3955_8.5520.png,tile_47.4065_8.5465_47.4100_8.5520.png,7.0
793,byzantine,0.3,0.0,0,0.0,1.0,0.0,tile_47.3955_8.5685_47.4010_8.5700.png,tile_47.4010_8.5300_47.4065_8.5355.png,7.0
794,byzantine,0.3,0.0,0,0.0,0.0,0.0,tile_47.3900_8.5410_47.3955_8.5465.png,tile_47.4010_8.5355_47.4065_8.5410.png,7.0
795,byzantine,0.3,0.0,0,15.0,0.0,0.0,tile_47.4065_8.5520_47.4100_8.5575.png,tile_47.3900_8.5575_47.3955_8.5630.png,7.1
796,byzantine,0.3,0.0,0,-15.0,0.0,0.0,tile_47.3955_8.5300_47.4010_8.5355.png,tile_47.3900_8.5355_47.3955_8.5410.png,7.0
797,byzantine,0.3,0.0,0,0.0,0.0,0.0,tile_47.3955_8.5520_47.4010_8.5575.png,tile_47.4065_8.5465_47.4100_8.5520.png,7.1
798,byzantine,0.3,0.0,0,15.0,0.0,0.0,tile_47.4010_8.5520_47.4065_8.5575.png,tile_47.4065_8.5630_47.4100_8.5685.png,7.1
799,byzantine,0.3,0.0,0,15.0,0.0,0.0,tile_47.4065_8.5300_47.4100_8.5355.png,tile_47.4010_8.5355_47.4065_8.5410.png,7.1
800,byzantine,0.3,0.0,0,0.0,1.0,0.0,tile_47.4065_8.5575_47.4100_8.5630.png,tile_47.4065_8.5630_47.4100_8.5685.png,7.2
801,byzantine,0.3,0.0,0,-15.0,1.0,0.0,tile_47.4065_8.5410_47.4100_8.5465.png,tile_47.3900_8.5520_47.3955_8.5575.png,7.1
802,byzantine,0.3,0.0,0,-15.0,0.0,0.0,tile_47.3900_8.5630_47.3955_8.5685.png,tile_47.4065_8.5410_47.4100_8.5465.png,7.2
803,byzantine,0.3,0.0,0,0.0,1.0,0.0,tile_47.4010_8.5300_47.4065_8.5355.png,tile_47.3955_8.5520_47.4010_8.5575.png,7.4
804,byzantine,0.3,0.0,0,15.0,1.0,0.0,tile_47.3900_8.5410_47.3955_8.5465.png,tile_47.3900_8.5630_47.3955_8.5685.png,7.4
805,byzantine,0.3,0.0,0,0.0,1.0,0.0,tile_47.4065_8.5355_47.4100_8.5410.png,tile_47.3900_8.5355_47.3955_8.5410.png,7.6
806,byzantine,0.3,0.0,0,0.0,1.0,0.0,tile_47.3900_8.5465_47.3955_8.5520.png,tile_47.4065_8.5300_47.4100_8.5355.png,7.4
807,byzantine,0.3,0.0,0,0.0,1.0,0.0,tile_47.3900_8.5355_47.3955_8.5410.png,tile_47.3955_8.5465_47.4010_8.5520.png,7.6
808,byzantine,0.3,0.0,0,0.0,1.0,0.0,tile_47.4065_8.5685_47.4100_8.5700.png,tile_47.4065_8.5465_47.4100_8.5520.png,7.3
809,byzantine,0.3,0.0,0,15.0,0.0,0.0,tile_47.3955_8.5300_47.4010_8.5355.png,tile_47.3955_8.5410_47.4010_8.5465.png,7.4
810,byzantine,0.3,0.0,0,15.0,1.0,0.0,tile_47.4010_8.5355_47.4065_8.5410.png,tile_47.4065_8.5300_47.4100_8.5355.png,7.1
811,byzantine,0.3,0.0,0,0.0,0.0,0.0,tile_47.4065_8.5520_47.4100_8.5575.png,tile_47.3900_8.5630_47.3955_8.5685.png,7.2
812,byzantine,0.3,0.025,1,0.0,1.0,0.0,tile_47.3900_8.5465_47.3955_8.5520.png,tile_47.4010_8.5355_47.4065_8.5410.png,7.5
813,byzantine,0.3,0.0,0,-15.0,0.0,0.0,tile_47.4065_8.5355_47.4100_8.5410.png,tile_47.3900_8.5520_47.3955_8.5575.png,7.1
814,byzantine,0.3,0.0,0,15.0,0.0,0.0,tile_47.3955_8.5520_47.4010_8.5575.png,tile_47.4065_8.5575_47.4100_8.5630.png,7.0
815,byzantine,0.3,0.0,0,-15.0,0.0,0.0,tile_47.3900_8.5410_47.3955_8.5465.png,tile_47.3955_8.5685_47.4010_8.5700.png,7.0
816,byzantine,0.3,0.025,1,-15.0,1.0,0.0,tile_47.4010_8.5355_47.4065_8.5410.png,tile_47.3955_8.5465_47.4010_8.5520.png,7.0
817,byzantine,0.3,0.0,0,0.0,1.0,0.0,tile_47.3900_8.5355_47.3955_8.5410.png,tile_47.3955_8.5300_47.4010_8.5355.png,7.0
818,byzantine,0.3,0.0,0,0.0,1.0,0.0,tile_47.3955_8.5465_47.4010_8.5520.png,tile_47.4065_8.5685_47.4100_8.5700.png,7.1
819,byzantine,0.3,0.0,0,0.0,1.0,0.0,tile_47.3955_8.5410_47.4010_8.5465.png,tile_47.4065_8.5465_47.4100_8.5520.png,7.2
820,byzantine,0.3,0.0,0,0.0,0.0,0.0,tile_47.3900_8.5355_47.3955_8.5410.png,tile_47.3955_8.5575_47.4010_8.5630.png,7.1
821,byzantine,0.3,0.0,0,-15.0,0.0,0.0,tile_47.3955_8.5630_47.4010_8.5685.png,tile_47.4010_8.5575_47.4065_8.5630.png,7.1
822,byzantine,0.3,0.0,0,-15.0,0.0,0.0,tile_47.4065_8.5410_47.4100_8.5465.png,tile_47.4010_8.5300_47.4065_8.5355.png,7.1
823,byzantine,0.3,0.0,0,-15.0,0.0,0.0,tile_47.3955_8.5300_47.4010_8.5355.png,tile_47.4010_8.5575_47.4065_8.5630.png,7.0
824,byzantine,0.3,0.0,0,-15.0,0.0,0.0,tile_47.4010_8.5300_47.4065_8.5355.png,tile_47.4010_8.5520_47.4065_8.5575.png,7.0
825,byzantine,0.3,0.0,0,0.0,1.0,0.0,tile_47.4065_8.5300_47.4100_8.5355.png,tile_47.4065_8.5520_47.4100_8.5575.png,7.0
826,byzantine,0.3,0.0,0,0.0,1.0,0.0,tile_47.3955_8.5575_47.4010_8.5630.png,tile_47.3955_8.5685_47.4010_8.5700.png,7.0
827,byzantine,0.3,0.025,1,0.0,1.0,0.0,tile_47.3900_8.5300_47.3955_8.5355.png,tile_47.4010_8.5355_47.4065_8.5410.png,7.0
828,byzantine,0.3,0.0,0,15.0,1.0,0.0,tile_47.4010_8.5465_47.4065_8.5520.png,tile_47.4010_8.5630_47.4065_8.5685.png,7.0
829,byzantine,0.3,0.0,0,-15.0,1.0,0.0,tile_47.4010_8.5575_47.4065_8.5630.png,tile_47.3955_8.5300_47.4010_8.5355.png,7.0
830,byzantine,0.3,0.0,0,15.0,1.0,0.0,tile_47.4010_8.5300_47.4065_8.5355.png,tile_47.4010_8.5575_47.4065_8.5630.png,7.0
831,byzantine,0.3,0.0,0,15.0,1.0,0.0,tile_47.3955_8.5355_47.4010_8.5410.png,tile_47.4010_8.5355_47.4065_8.5410.png,7.0
832,byzantine,0.3,0.0,0,-15.0,0.0,0.0,tile_47.4010_8.5520_47.4065_8.5575.png,tile_47.4010_8.5630_47.4065_8.5685.png,6.9
833,byzantine,0.3,0.0,0,-15.0,0.0,0.0,tile_47.4010_8.5410_47.4065_8.5465.png,tile_47.3955_8.5300_47.4010_8.5355.png,6.9
834,byzantine,0.3,0.0,0,0.0,1.0,0.0,tile_47.3900_8.5410_47.3955_8.5465.png,tile_47.4010_8.5465_47.4065_8.5520.png,7.0
835,byzantine,0.3,0.0,0,15.0,0.0,0.0,tile_47.3955_8.5630_47.4010_8.5685.png,tile_47.4010_8.5630_47.4065_8.5685.png,7.0
836,byzantine,0.3,0.0,0,15.0,1.0,0.0,tile_47.4010_8.5465_47.4065_8.5520.png,tile_47.4065_8.5520_47.4100_8.5575.png,7.0
837,byzantine,0.3,0.0,0,-15.0,0.0,0.0,tile_47.3900_8.5630_47.3955_8.5685.png,tile_47.4010_8.5300_47.4065_8.5355.png,7.0
838,byzantine,0.3,0.0,0,-15.0,1.0,0.0,tile_47.4010_8.5575_47.4065_8.5630.png,tile_47.4010_8.5520_47.4065_8.5575.png,7.0
839,byzantine,0.3,0.0,0,-15.0,0.0,0.0,tile_47.3955_8.5630_47.4010_8.5685.png,tile_47.4065_8.5300_47.4100_8.5355.png,6.9
840,byzantine,0.3,0.0,0,0.0,1.0,0.0,tile_47.4010_8.5685_47.4065_8.5700.png,tile_47.3955_8.5300_47.4010_8.5355.png,7.0
841,byzantine,0.3,0.0,0,15.0,1.0,0.0,tile_47.3900_8.5685_47.3955_8.5700.png,tile_47.4010_8.5300_47.4065_8.5355.png,7.0
842,byzantine,0.3,0.0,0,-15.0,0.0,0.0,tile_47.3955_8.5520_47.4010_8.5575.png,tile_47.4010_8.5355_47.4065_8.5410.png,7.0
843,byzantine,0.3,0.0,0,-15.0,1.0,0.0,tile_47.4065_8.5410_47.4100_8.5465.png,tile_47.3900_8.5355_47.3955_8.5410.png,7.0
844,byzantine,0.3,0.0,0,-15.0,0.0,0.0,tile_47.4010_8.5575_47.4065_8.5630.png,tile_47.3955_8.5575_47.4010_8.5630.png,6.9
845,byzantine,0.3,0.125,5,15.0,1.0,0.0,tile_47.4010_8.5520_47.4065_8.5575.png,tile_47.4065_8.5520_47.4100_8.5575.png,7.0
846,byzantine,0.3,0.0,0,15.0,0.0,0.0,tile_47.4065_8.5685_47.4100_8.5700.png,tile_47.3955_8.5410_47.4010_8.5465.png,7.0
847,byzantine,0.3,0.0,0,15.0,0.0,0.0,tile_47.3900_8.5465_47.3955_8.5520.png,tile_47.3900_8.5300_47.3955_8.5355.png,7.0
848,byzantine,0.3,0.0,0,0.0,1.0,0.0,tile_47.3955_8.5410_47.4010_8.5465.png,tile_47.4010_8.5465_47.4065_8.5520.png,7.0
849,byzantine,0.3,0.0,0,-15.0,1.0,0.0,tile_47.3955_8.5300_47.4010_8.5355.png,tile_47.4010_8.5520_47.4065_8.5575.png,7.0
850,byzantine,0.3,0.0,0,0.0,1.0,0.0,tile_47.4065_8.5465_47.4100_8.5520.png,tile_47.4065_8.5685_47.4100_8.5700.png,6.9
851,byzantine,0.3,0.0,0,0.0,1.0,0.0,tile_47.3900_8.5410_47.3955_8.5465.png,tile_47.4010_8.5410_47.4065_8.5465.png,7.0
852,byzantine,0.3,0.0,0,-15.0,1.0,0.0,tile_47.4010_8.5520_47.4065_8.5575.png,tile_47.4065_8.5355_47.4100_8.5410.png,7.0
853,byzantine,0.3,0.0,0,15.0,0.0,0.0,tile_47.3900_8.5300_47.3955_8.5355.png,tile_47.4010_8.5575_47.4065_8.5630.png,7.0
854,byzantine,0.3,0.025,1,15.0,0.0,0.0,tile_47.4010_8.5630_47.4065_8.5685.png,tile_47.3955_8.5355_47.4010_8.5410.png,7.0
855,byzantine,0.3,0.0,0,-15.0,0.0,0.0,tile_47.4010_8.5465_47.4065_8.5520.png,tile_47.3900_8.5575_47.3955_8.5630.png,7.0
856,byzantine,0.3,0.0,0,-15.0,0.0,0.0,tile_47.4010_8.5410_47.4065_8.5465.png,tile_47.3955_8.5630_47.4010_8.5685.png,7.0
857,byzantine,0.3,0.0,0,15.0,1.0,0.0,tile_47.3955_8.5300_47.4010_8.5355.png,tile_47.3955_8.5465_47.4010_8.5520.png,7.0
858,byzantine,0.3,0.0,0,0.0,1.0,0.0,tile_47.3955_8.5410_47.4010_8.5465.png,tile_47.4065_8.5685_47.4100_8.5700.png,7.1
859,byzantine,0.3,0.0,0,0.0,0.0,0.0,tile_47.3955_8.5630_47.4010_8.5685.png,tile_47.4065_8.5300_47.4100_8.5355.png,7.0
860,byzantine,0.3,0.0,0,-15.0,0.0,0.0,tile_47.3955_8.5410_47.4010_8.5465.png,tile_47.3900_8.5465_47.3955_8.5520.png,7.0
861,byzantine,0.3,0.0,0,0.0,0.0,0.0,tile_47.4010_8.5300_47.4065_8.5355.png,tile_47.4065_8.5355_47.4100_8.5410.png,7.0
862,byzantine,0.3,0.0,0,15.0,0.0,0.0,tile_47.3900_8.5630_47.3955_8.5685.png,tile_47.4010_8.5575_47.4065_8.5630.png,7.0
863,byzantine,0.3,0.0,0,-15.0,0.0,0.0,tile_47.4065_8.5410_47.4100_8.5465.png,tile_47.3955_8.5630_47.4010_8.5685.png,6.9
864,byzantine,0.3,0.1,4,0.0,0.0,0.0,tile_47.4065_8.5630_47.4100_8.5685.png,tile_47.4010_8.5630_47.4065_8.5685.png,6.9
865,byzantine,0.3,0.0,0,-15.0,0.0,0.0,tile_47.4010_8.5465_47.4065_8.5520.png,tile_47.3955_8.5575_47.4010_8.5630.png,6.9
866,byzantine,0.3,0.0,0,15.0,0.0,0.0,tile_47.3955_8.5300_47.4010_8.5355.png,tile_47.3955_8.5630_47.4010_8.5685.png,7.0
867,byzantine,0.3,0.0,0,-15.0,0.0,0.0,tile_47.3900_8.5685_47.3955_8.5700.png,tile_47.4065_8.5410_47.4100_8.5465.png,7.0
868,byzantine,0.3,0.0,0,-15.0,1.0,0.0,tile_47.3955_8.5520_47.4010_8.5575.png,tile_47.4065_8.5355_47.4100_8.5410.png,7.0
869,byzantine,0.3,0.0,0,0.0,0.0,0.0,tile_47.4065_8.5410_47.4100_8.5465.png,tile_47.3955_8.5355_47.4010_8.5410.png,6.9
870,byzantine,0.3,0.0,0,-15.0,0.0,0.0,tile_47.3955_8.5575_47.4010_8.5630.png,tile_47.4010_8.5685_47.4065_8.5700.png,6.9
871,byzantine,0.3,0.0,0,0.0,1.0,0.0,tile_47.3900_8.5300_47.3955_8.5355.png,tile_47.3900_8.5355_47.3955_8.5410.png,6.9
872,byzantine,0.3,0.0,0,15.0,0.0,0.0,tile_47.4065_8.5685_47.4100_8.5700.png,tile_47.3900_8.5520_47.3955_8.5575.png,6.9
873,byzantine,0.3,0.0,0,-15.0,0.0,0.0,tile_47.4010_8.5300_47.4065_8.5355.png,tile_47.4010_8.5575_47.4065_8.5630.png,7.0
874,byzantine,0.3,0.0,0,-15.0,1.0,0.0,tile_47.4010_8.5300_47.4065_8.5355.png,tile_47.3955_8.5630_47.4010_8.5685.png,7.0
875,byzantine,0.3,0.0,0,-15.0,0.0,0.0,tile_47.3900_8.5410_47.3955_8.5465.png,tile_47.4065_8.5520_47.4100_8.5575.png,7.0
876,byzantine,0.3,0.0,0,0.0,1.0,0.0,tile_47.4065_8.5465_47.4100_8.5520.png,tile_47.4010_8.5685_47.4065_8.5700.png,7.0
877,byzantine,0.3,0.0,0,-15.0,0.0,0.0,tile_47.3900_8.5300_47.3955_8.5355.png,tile_47.4065_8.5520_47.4100_8.5575.png,7.0
878,byzantine,0.3,0.0,0,-15.0,0.0,0.0,tile_47.4010_8.5630_47.4065_8.5685.png,tile_47.4065_8.5575_47.4100_8.5630.png,7.0
879,byzantine,0.3,0.0,0,0.0,1.0,0.0,tile_47.4010_8.5685_47.4065_8.5700.png,tile_47.4065_8.5465_47.4100_8.5520.png,7.0
880,byzantine,0.3,0.0,0,0.0,0.0,0.0,tile_47.4065_8.5355_47.4100_8.5410.png,tile_47.3955_8.5520_47.4010_8.5575.png,7.0
881,byzantine,0.3,0.0,0,0.0,1.0,0.0,tile_47.4065_8.5630_47.4100_8.5685.png,tile_47.4065_8.5355_47.4100_8.5410.png,7.0
882,byzantine,0.3,0.0,0,0.0,0.0,0.0,tile_47.3955_8.5300_47.4010_8.5355.png,tile_47.4010_8.5685_47.4065_8.5700.png,7.0
883,byzantine,0.3,0.0,0,15.0,0.0,0.0,tile_47.3900_8.5630_47.3955_8.5685.png,tile_47.3955_8.5630_47.4010_8.5685.png,7.0
884,byzantine,0.3,0.0,0,15.0,1.0,0.0,tile_47.3955_8.5465_47.4010_8.5520.png,tile_47.4010_8.5520_47.4065_8.5575.png,7.0
885,byzantine,0.3,0.0,0,0.0,1.0,0.0,tile_47.3955_8.5300_47.4010_8.5355.png,tile_47.4010_8.5300_47.4065_8.5355.png,7.0
886,byzantine,0.3,0.0,0,0.0,0.0,0.0,tile_47.4065_8.5520_47.4100_8.5575.png,tile_47.3900_8.5355_47.3955_8.5410.png,7.0
887,byzantine,0.3,0.0,0,-15.0,1.0,0.0,tile_47.3900_8.5300_47.3955_8.5355.png,tile_47.4010_8.5685_47.4065_8.5700.png,7.0
888,byzantine,0.3,0.0,0,15.0,0.0,0.0,tile_47.3900_8.5630_47.3955_8.5685.png,tile_47.3955_8.5630_47.4010_8.5685.png,7.0
889,byzantine,0.3,0.025,1,15.0,0.0,0.0,tile_47.4010_8.5630_47.4065_8.5685.png,tile_47.4010_8.5575_47.4065_8.5630.png,7.0
890,byzantine,0.3,0.0,0,15.0,1.0,0.0,tile_47.3900_8.5465_47.3955_8.5520.png,tile_47.3900_8.5300_47.3955_8.5355.png,7.0
891,byzantine,0.3,0.0,0,15.0,0.0,0.0,tile_47.4065_8.5685_47.4100_8.5700.png,tile_47.4065_8.5465_47.4100_8.5520.png,7.1
892,byzantine,0.3,0.0,0,-15.0,0.0,0.0,tile_47.4010_8.5520_47.4065_8.5575.png,tile_47.3900_8.5685_47.3955_8.5700.png,7.0
893,byzantine,0.3,0.0,0,0.0,1.0,0.0,tile_47.3955_8.5630_47.4010_8.5685.png,tile_47.4010_8.5410_47.4065_8.5465.png,6.9
894,byzantine,0.3,0.0,0,15.0,1.0,0.0,tile_47.3955_8.5685_47.4010_8.5700.png,tile_47.3900_8.5410_47.3955_8.5465.png,7.0
895,byzantine,0.3,0.0,0,0.0,1.0,0.0,tile_47.3900_8.5575_47.3955_8.5630.png,tile_47.4065_8.5520_47.4100_8.5575.png,6.9
896,byzantine,0.3,0.0,0,0.0,1.0,0.0,tile_47.3900_8.5685_47.3955_8.5700.png,tile_47.4010_8.5300_47.4065_8.5355.png,6.9
897,byzantine,0.3,0.0,0,15.0,0.0,0.0,tile_47.4065_8.5355_47.4100_8.5410.png,tile_47.3955_8.5575_47.4010_8.5630.png,7.0
898,byzantine,0.3,0.0,0,-15.0,0.0,0.0,tile_47.4010_8.5465_47.4065_8.5520.png,tile_47.4065_8.5575_47.4100_8.5630.png,6.9
899,byzantine,0.3,0.0,0,15.0,0.0,0.0,tile_47.4010_8.5575_47.4065_8.5630.png,tile_47.3955_8.5465_47.4010_8.5520.png,6.9
900,byzantine,0.3,0.0,0,-15.0,0.0,0.0,tile_47.4010_8.5575_47.4065_8.5630.png,tile_47.4010_8.5355_47.4065_8.5410.png,7.0
901,byzantine,0.3,0.0,0,15.0,1.0,0.0,tile_47.4065_8.5520_47.4100_8.5575.png,tile_47.3900_8.5465_47.3955_8.5520.png,7.0
902,byzantine,0.3,0.0,0,-15.0,0.0,0.0,tile_47.4010_8.5575_47.4065_8.5630.png,tile_47.3955_8.5465_47.4010_8.5520.png,6.9
903,byzantine,0.3,0.0,0,15.0,1.0,0.0,tile_47.3900_8.5630_47.3955_8.5685.png,tile_47.3900_8.5355_47.3955_8.5410.png,7.0
904,byzantine,0.3,0.0,0,-15.0,1.0,0.0,tile_47.4065_8.5410_47.4100_8.5465.png,tile_47.3900_8.5465_47.3955_8.5520.png,7.0
905,byzantine,0.3,0.0,0,0.0,0.0,0.0,tile_47.3900_8.5685_47.3955_8.5700.png,tile_47.4065_8.5630_47.4100_8.5685.png,7.0
906,byzantine,0.3,0.0,0,0.0,0.0,0.0,tile_47.3955_8.5520_47.4010_8.5575.png,tile_47.4010_8.5685_47.4065_8.5700.png,7.6
907,byzantine,0.3,0.0,0,0.0,0.0,0.0,tile_47.3900_8.5410_47.3955_8.5465.png,tile_47.4065_8.5630_47.4100_8.5685.png,7.0
908,byzantine,0.3,0.125,5,15.0,0.0,0.0,tile_47.4065_8.5575_47.4100_8.5630.png,tile_47.4010_8.5575_47.4065_8.5630.png,6.9
909,byzantine,0.3,0.0,0,15.0,0.0,0.0,tile_47.3900_8.5300_47.3955_8.5355.png,tile_47.4010_8.5355_47.4065_8.5410.png,7.0
910,byzantine,0.3,0.025,1,15.0,0.0,0.0,tile_47.4065_8.5630_47.4100_8.5685.png,tile_47.4065_8.5575_47.4100_8.5630.png,7.0
911,byzantine,0.3,0.0,0,15.0,0.0,0.0,tile_47.3955_8.5300_47.4010_8.5355.png,tile_47.3900_8.5465_47.3955_8.5520.png,6.9
912,byzantine,0.3,0.0,0,0.0,1.0,0.0,tile_47.4065_8.5410_47.4100_8.5465.png,tile_47.4010_8.5465_47.4065_8.5520.png,6.9
913,byzantine,0.3,0.0,0,15.0,0.0,0.0,tile_47.4065_8.5355_47.4100_8.5410.png,tile_47.4065_8.5685_47.4100_8.5700.png,6.9
914,byzantine,0.3,0.0,0,0.0,1.0,0.0,tile_47.3955_8.5300_47.4010_8.5355.png,tile_47.3900_8.5520_47.3955_8.5575.png,6.9
915,byzantine,0.3,0.0,0,0.0,1.0,0.0,tile_47.3955_8.5575_47.4010_8.5630.png,tile_47.3900_8.5630_47.3955_8.5685.png,6.9
916,byzantine,0.3,0.0,0,-15.0,1.0,0.0,tile_47.3955_8.5300_47.4010_8.5355.png,tile_47.4010_8.5685_47.4065_8.5700.png,6.9
917,byzantine,0.3,0.0,0,15.0,0.0,0.0,tile_47.3900_8.5685_47.3955_8.5700.png,tile_47.4065_8.5355_47.4100_8.5410.png,6.9
918,byzantine,0.3,0.0,0,0.0,1.0,0.0,tile_47.4010_8.5410_47.4065_8.5465.png,tile_47.4065_8.5575_47.4100_8.5630.png,7.0
919,byzantine,0.3,0.0,0,0.0,0.0,0.0,tile_47.3900_8.5355_47.3955_8.5410.png,tile_47.3955_8.5575_47.4010_8.5630.png,6.9
920,byzantine,0.3,0.0,0,-15.0,0.0,0.0,tile_47.3955_8.5520_47.4010_8.5575.png,tile_47.3955_8.5300_47.4010_8.5355.png,7.0
921,byzantine,0.3,0.025,1,-15.0,1.0,0.0,tile_47.3955_8.5355_47.4010_8.5410.png,tile_47.4065_8.5465_47.4100_8.5520.png,7.0
922,byzantine,0.3,0.025,1,-15.0,1.0,0.0,tile_47.3900_8.5410_47.3955_8.5465.png,tile_47.3955_8.5520_47.4010_8.5575.png,6.9
923,byzantine,0.3,0.0,0,0.0,0.0,0.0,tile_47.4065_8.5300_47.4100_8.5355.png,tile_47.3900_8.5685_47.3955_8.5700.png,6.9
924,byzantine,0.3,0.0,0,15.0,1.0,0.0,tile_47.4065_8.5300_47.4100_8.5355.png,tile_47.3955_8.5520_47.4010_8.5575.png,7.0
925,byzantine,0.3,0.0,0,0.0,1.0,0.0,tile_47.3900_8.5300_47.3955_8.5355.png,tile_47.4065_8.5300_47.4100_8.5355.png,6.9
926,byzantine,0.3,0.0,0,0.0,0.0,0.0,tile_47.3955_8.5630_47.4010_8.5685.png,tile_47.4065_8.5630_47.4100_8.5685.png,6.9
927,byzantine,0.3,0.0,0,15.0,1.0,0.0,tile_47.3955_8.5520_47.4010_8.5575.png,tile_47.3955_8.5355_47.4010_8.5410.png,6.9
928,byzantine,0.3,0.0,0,0.0,0.0,0.0,tile_47.3955_8.5465_47.4010_8.5520.png,tile_47.4065_8.5685_47.4100_8.5700.png,6.9
929,byzantine,0.3,0.0,0,-15.0,0.0,0.0,tile_47.3900_8.5410_47.3955_8.5465.png,tile_47.3955_8.5630_47.4010_8.5685.png,7.0
930,byzantine,0.3,0.0,0,0.0,1.0,0.0,tile_47.3955_8.5410_47.4010_8.5465.png,tile_47.4010_8.5465_47.4065_8.5520.png,6.9
931,byzantine,0.3,0.0,0,0.0,0.0,0.0,tile_47.4065_8.5575_47.4100_8.5630.png,tile_47.4010_8.5630_47.4065_8.5685.png,6.9
932,byzantine,0.3,0.0,0,-15.0,0.0,0.0,tile_47.4010_8.5520_47.4065_8.5575.png,tile_47.4010_8.5465_47.4065_8.5520.png,7.0
933,byzantine,0.3,0.0,0,-15.0,1.0,0.0,tile_47.4010_8.5630_47.4065_8.5685.png,tile_47.3900_8.5410_47.3955_8.5465.png,7.0
934,byzantine,0.3,0.0,0,15.0,1.0,0.0,tile_47.3955_8.5465_47.4010_8.5520.png,tile_47.4010_8.5355_47.4065_8.5410.png,6.9
935,byzantine,0.3,0.0,0,-15.0,0.0,0.0,tile_47.4065_8.5355_47.4100_8.5410.png,tile_47.3900_8.5410_47.3955_8.5465.png,6.9
936,byzantine,0.3,0.0,0,0.0,0.0,0.0,tile_47.4010_8.5575_47.4065_8.5630.png,tile_47.3955_8.5410_47.4010_8.5465.png,7.0
937,byzantine,0.3,0.0,0,0.0,1.0,0.0,tile_47.4065_8.5630_47.4100_8.5685.png,tile_47.4010_8.5355_47.4065_8.5410.png,7.0
938,byzantine,0.3,0.0,0,15.0,0.0,0.0,tile_47.4010_8.5630_47.4065_8.5685.png,tile_47.3955_8.5630_47.4010_8.5685.png,6.9
939,byzantine,0.3,0.0,0,-15.0,0.0,0.0,tile_47.4010_8.5520_47.4065_8.5575.png,tile_47.3955_8.5520_47.4010_8.5575.png,6.9
940,byzantine,0.3,0.0,0,-15.0,1.0,0.0,tile_47.4010_8.5410_47.4065_8.5465.png,tile_47.3900_8.5300_47.3955_8.5355.png,6.9
941,byzantine,0.3,0.0,0,15.0,1.0,0.0,tile_47.4065_8.5685_47.4100_8.5700.png,tile_47.3900_8.5355_47.3955_8.5410.png,6.9
942,byzantine,0.3,0.0,0,0.0,0.0,0.0,tile_47.3900_8.5575_47.3955_8.5630.png,tile_47.4065_8.5685_47.4100_8.5700.png,7.0
943,byzantine,0.3,0.0,0,-15.0,0.0,0.0,tile_47.3900_8.5520_47.3955_8.5575.png,tile_47.3900_8.5685_47.3955_8.5700.png,6.9
944,byzantine,0.3,0.2,8,15.0,0.0,0.0,tile_47.3900_8.5630_47.3955_8.5685.png,tile_47.3900_8.5685_47.3955_8.5700.png,6.9
945,byzantine,0.3,0.0,0,15.0,1.0,0.0,tile_47.3955_8.5355_47.4010_8.5410.png,tile_47.3900_8.5300_47.3955_8.5355.png,7.0
946,byzantine,0.3,0.0,0,0.0,1.0,0.0,tile_47.3900_8.5575_47.3955_8.5630.png,tile_47.3900_8.5410_47.3955_8.5465.png,6.9
947,byzantine,0.3,0.0,0,-15.0,0.0,0.0,tile_47.3900_8.5520_47.3955_8.5575.png,tile_47.4010_8.5465_47.4065_8.5520.png,7.0
948,byzantine,0.3,0.0,0,-15.0,1.0,0.0,tile_47.4065_8.5300_47.4100_8.5355.png,tile_47.3955_8.5630_47.4010_8.5685.png,7.0
949,byzantine,0.3,0.025,1,15.0,1.0,0.0,tile_47.4010_8.5520_47.4065_8.5575.png,tile_47.3900_8.5300_47.3955_8.5355.png,6.9
950,byzantine,0.3,0.0,0,0.0,0.0,0.0,tile_47.3900_8.5520_47.3955_8.5575.png,tile_47.4065_8.5355_47.4100_8.5410.png,7.0
951,byzantine,0.3,0.125,5,15.0,0.0,0.0,tile_47.4010_8.5630_47.4065_8.5685.png,tile_47.4065_8.5630_47.4100_8.5685.png,7.1
952,byzantine,0.3,0.025,1,15.0,0.0,0.0,tile_47.4010_8.5465_47.4065_8.5520.png,tile_47.4010_8.5520_47.4065_8.5575.png,7.1
953,byzantine,0.3,0.0,0,-15.0,1.0,0.0,tile_47.4065_8.5300_47.4100_8.5355.png,tile_47.3955_8.5520_47.4010_8.5575.png,7.0
954,byzantine,0.3,0.0,0,15.0,0.0,0.0,tile_47.3955_8.5410_47.4010_8.5465.png,tile_47.4010_8.5410_47.4065_8.5465.png,7.0
955,byzantine,0.3,0.0,0,-15.0,0.0,0.0,tile_47.4010_8.5410_47.4065_8.5465.png,tile_47.4065_8.5685_47.4100_8.5700.png,6.9
956,byzantine,0.3,0.0,0,15.0,0.0,0.0,tile_47.4010_8.5685_47.4065_8.5700.png,tile_47.4065_8.5685_47.4100_8.5700.png,7.1
957,byzantine,0.3,0.0,0,-15.0,0.0,0.0,tile_47.3900_8.5410_47.3955_8.5465.png,tile_47.3900_8.5300_47.3955_8.5355.png,7.0
958,byzantine,0.3,0.0,0,15.0,1.0,0.0,tile_47.4010_8.5465_47.4065_8.5520.png,tile_47.3900_8.5630_47.3955_8.5685.png,7.0
959,byzantine,0.3,0.0,0,15.0,1.0,0.0,tile_47.4065_8.5410_47.4100_8.5465.png,tile_47.4065_8.5575_47.4100_8.5630.png,7.0
960,byzantine,0.3,0.0,0,15.0,0.0,0.0,tile_47.3955_8.5465_47.4010_8.5520.png,tile_47.3900_8.5685_47.3955_8.5700.png,7.0
961,byzantine,0.3,0.0,0,15.0,1.0,0.0,tile_47.3900_8.5685_47.3955_8.5700.png,tile_47.3900_8.5575_47.3955_8.5630.png,7.0
962,byzantine,0.3,0.0,0,15.0,0.0,0.0,tile_47.3900_8.5520_47.3955_8.5575.png,tile_47.3955_8.5410_47.4010_8.5465.png,7.0
963,byzantine,0.3,0.2,8,15.0,0.0,0.0,tile_47.3900_8.5630_47.3955_8.5685.png,tile_47.3900_8.5685_47.3955_8.5700.png,7.0
964,byzantine,0.3,0.0,0,15.0,1.0,0.0,tile_47.4010_8.5630_47.4065_8.5685.png,tile_47.3900_8.5520_47.3955_8.5575.png,7.0
965,byzantine,0.3,0.0,0,15.0,0.0,0.0,tile_47.4010_8.5410_47.4065_8.5465.png,tile_47.4010_8.5520_47.4065_8.5575.png,6.9
966,byzantine,0.3,0.0,0,-15.0,0.0,0.0,tile_47.4065_8.5685_47.4100_8.5700.png,tile_47.3955_8.5630_47.4010_8.5685.png,6.9
967,byzantine,0.3,0.0,0,0.0,1.0,0.0,tile_47.4010_8.5685_47.4065_8.5700.png,tile_47.4065_8.5410_47.4100_8.5465.png,7.0
968,byzantine,0.3,0.0,0,0.0,1.0,0.0,tile_47.3900_8.5300_47.3955_8.5355.png,tile_47.3955_8.5465_47.4010_8.5520.png,7.0
969,byzantine,0.3,0.0,0,-15.0,0.0,0.0,tile_47.4010_8.5355_47.4065_8.5410.png,tile_47.4065_8.5465_47.4100_8.5520.png,7.0
970,byzantine,0.3,0.0,0,0.0,0.0,0.0,tile_47.4065_8.5630_47.4100_8.5685.png,tile_47.3955_8.5630_47.4010_8.5685.png,7.0
971,byzantine,0.3,0.0,0,0.0,1.0,0.0,tile_47.4065_8.5685_47.4100_8.5700.png,tile_47.4010_8.5355_47.4065_8.5410.png,7.1
972,byzantine,0.3,0.0,0,-15.0,0.0,0.0,tile_47.4010_8.5355_47.4065_8.5410.png,tile_47.4065_8.5520_47.4100_8.5575.png,7.0
973,byzantine,0.3,0.0,0,-15.0,0.0,0.0,tile_47.3900_8.5520_47.3955_8.5575.png,tile_47.4065_8.5300_47.4100_8.5355.png,6.9
974,byzantine,0.3,0.0,0,-15.0,0.0,0.0,tile_47.4065_8.5355_47.4100_8.5410.png,tile_47.4065_8.5300_47.4100_8.5355.png,7.0
975,byzantine,0.3,0.0,0,15.0,0.0,0.0,tile_47.4010_8.5300_47.4065_8.5355.png,tile_47.4010_8.5410_47.4065_8.5465.png,6.9
976,byzantine,0.3,0.0,0,15.0,1.0,0.0,tile_47.4010_8.5685_47.4065_8.5700.png,tile_47.3955_8.5520_47.4010_8.5575.png,7.0
977,byzantine,0.3,0.0,0,-15.0,1.0,0.0,tile_47.4065_8.5575_47.4100_8.5630.png,tile_47.4010_8.5300_47.4065_8.5355.png,7.0
978,byzantine,0.3,0.0,0,15.0,0.0,0.0,tile_47.4010_8.5685_47.4065_8.5700.png,tile_47.4010_8.5300_47.4065_8.5355.png,6.9
979,byzantine,0.3,0.0,0,-15.0,0.0,0.0,tile_47.3955_8.5300_47.4010_8.5355.png,tile_47.3955_8.5685_47.4010_8.5700.png,7.0
980,byzantine,0.3,0.0,0,-15.0,0.0,0.0,tile_47.4065_8.5630_47.4100_8.5685.png,tile_47.4065_8.5685_47.4100_8.5700.png,6.9
981,byzantine,0.3,0.0,0,0.0,0.0,0.0,tile_47.4065_8.5685_47.4100_8.5700.png,tile_47.3900_8.5685_47.3955_8.5700.png,6.9
982,byzantine,0.3,0.0,0,-15.0,1.0,0.0,tile_47.3955_8.5630_47.4010_8.5685.png,tile_47.3900_8.5355_47.3955_8.5410.png,7.0
983,byzantine,0.3,0.0,0,15.0,0.0,0.0,tile_47.4065_8.5300_47.4100_8.5355.png,tile_47.3955_8.5685_47.4010_8.5700.png,6.9
984,byzantine,0.3,0.0,0,0.0,0.0,0.0,tile_47.4010_8.5520_47.4065_8.5575.png,tile_47.3900_8.5465_47.3955_8.5520.png,7.0
985,byzantine,0.3,0.0,0,15.0,1.0,0.0,tile_47.3955_8.5465_47.4010_8.5520.png,tile_47.3955_8.5575_47.4010_8.5630.png,7.0
986,byzantine,0.3,0.025,1,15.0,1.0,0.0,tile_47.3900_8.5520_47.3955_8.5575.png,tile_47.4010_8.5355_47.4065_8.5410.png,7.0
987,byzantine,0.3,0.0,0,0.0,1.0,0.0,tile_47.4065_8.5355_47.4100_8.5410.png,tile_47.3955_8.5465_47.4010_8.5520.png,6.9
988,byzantine,0.3,0.025,1,0.0,1.0,0.0,tile_47.3900_8.5300_47.3955_8.5355.png,tile_47.4010_8.5355_47.4065_8.5410.png,7.0
989,byzantine,0.3,0.0,0,-15.0,1.0,0.0,tile_47.3955_8.5630_47.4010_8.5685.png,tile_47.3900_8.5410_47.3955_8.5465.png,7.0
990,byzantine,0.3,0.0,0,15.0,1.0,0.0,tile_47.3955_8.5355_47.4010_8.5410.png,tile_47.3900_8.5575_47.3955_8.5630.png,7.0
991,byzantine,0.3,0.0,0,-15.0,1.0,0.0,tile_47.3955_8.5630_47.4010_8.5685.png,tile_47.3955_8.5575_47.4010_8.5630.png,6.9
992,byzantine,0.3,0.0,0,0.0,0.0,0.0,tile_47.4065_8.5630_47.4100_8.5685.png,tile_47.3955_8.5685_47.4010_8.5700.png,7.0
993,byzantine,0.3,0.0,0,-15.0,0.0,0.0,tile_47.3900_8.5355_47.3955_8.5410.png,tile_47.3955_8.5300_47.4010_8.5355.png,6.9
994,byzantine,0.3,0.0,0,-15.0,0.0,0.0,tile_47.3955_8.5300_47.4010_8.5355.png,tile_47.4010_8.5575_47.4065_8.5630.png,7.0
995,byzantine,0.3,0.0,0,15.0,0.0,0.0,tile_47.3900_8.5465_47.3955_8.5520.png,tile_47.3900_8.5630_47.3955_8.5685.png,7.0
996,byzantine,0.3,0.0,0,0.0,0.0,0.0,tile_47.3900_8.5355_47.3955_8.5410.png,tile_47.4065_8.5575_47.4100_8.5630.png,6.9
997,byzantine,0.3,0.0,0,15.0,1.0,0.0,tile_47.3955_8.5575_47.4010_8.5630.png,tile_47.3955_8.5685_47.4010_8.5700.png,7.0
998,byzantine,0.3,0.0,0,15.0,1.0,0.0,tile_47.3955_8.5410_47.4010_8.5465.png,tile_47.3900_8.5685_47.3955_8.5700.png,7.0
999,byzantine,0.3,0.0,0,0.0,0.0,0.0,tile_47.4010_8.5300_47.4065_8.5355.png,tile_47.3900_8.5575_47.3955_8.5630.png,7.0
