trial_id,label,t_verify_used,V_score,n_matches,sun_shift,blur_sigma,occl_frac,honest_tile,byzantine_tile,inference_ms
0,honest,0.3,1.0,20,15.0,0.0,0.0,tile_47.4010_8.5355_47.4065_8.5410.png,,261.2
1,honest,0.3,1.0,20,-15.0,0.0,0.0,tile_47.3900_8.5630_47.3955_8.5685.png,,7.2
2,honest,0.3,1.0,20,15.0,0.0,0.0,tile_47.3900_8.5410_47.3955_8.5465.png,,7.0
3,honest,0.3,1.0,20,-15.0,0.0,0.0,tile_47.3955_8.5630_47.4010_8.5685.png,,7.0
4,honest,0.3,1.0,20,15.0,0.0,0.0,tile_47.4065_8.5410_47.4100_8.5465.png,,7.0
5,honest,0.3,0.55,11,-15.0,1.0,0.0,tile_47.3900_8.5300_47.3955_8.5355.png,,7.0
6,honest,0.3,0.4,8,-15.0,1.0,0.0,tile_47.4010_8.5355_47.4065_8.5410.png,,7.0
7,honest,0.3,1.0,20,-15.0,0.0,0.0,tile_47.3900_8.5630_47.3955_8.5685.png,,6.9
8,honest,0.3,0.6,12,-15.0,1.0,0.0,tile_47.4010_8.5630_47.4065_8.5685.png,,6.9
9,honest,0.3,0.15,3,0.0,1.0,0.0,tile_47.4065_8.5575_47.4100_8.5630.png,,7.0
10,honest,0.3,1.0,20,15.0,0.0,0.0,tile_47.3900_8.5575_47.3955_8.5630.png,,7.0
11,honest,0.3,0.75,15,15.0,1.0,0.0,tile_47.3955_8.5520_47.4010_8.5575.png,,7.0
12,honest,0.3,1.0,20,15.0,0.0,0.0,tile_47.3955_8.5630_47.4010_8.5685.png,,7.0
13,honest,0.3,1.0,20,0.0,0.0,0.0,tile_47.3900_8.5630_47.3955_8.5685.png,,7.0
14,honest,0.3,0.5,10,0.0,1.0,0.0,tile_47.4010_8.5685_47.4065_8.5700.png,,7.1
15,honest,0.3,0.75,15,-15.0,1.0,0.0,tile_47.3955_8.5575_47.4010_8.5630.png,,7.1
16,honest,0.3,0.65,13,15.0,1.0,0.0,tile_47.3955_8.5410_47.4010_8.5465.png,,7.0
17,honest,0.3,1.0,20,15.0,0.0,0.0,tile_47.4065_8.5575_47.4100_8.5630.png,,7.0
18,honest,0.3,0.35,7,0.0,1.0,0.0,tile_47.4010_8.5520_47.4065_8.5575.png,,7.1
19,honest,0.3,1.0,20,-15.0,0.0,0.0,tile_47.4010_8.5520_47.4065_8.5575.png,,7.0
20,honest,0.3,0.8,16,0.0,1.0,0.0,tile_47.3955_8.5575_47.4010_8.5630.png,,7.0
21,honest,0.3,0.75,15,15.0,1.0,0.0,tile_47.4065_8.5685_47.4100_8.5700.png,,7.0
22,honest,0.3,0.65,13,0.0,1.0,0.0,tile_47.4010_8.5300_47.4065_8.5355.png,,6.9
23,honest,0.3,1.0,20,-15.0,0.0,0.0,tile_47.4065_8.5465_47.4100_8.5520.png,,7.1
24,honest,0.3,0.75,15,15.0,1.0,0.0,tile_47.3955_8.5630_47.4010_8.5685.png,,7.0
25,honest,0.3,0.35,7,-15.0,1.0,0.0,tile_47.3900_8.5465_47.3955_8.5520.png,,7.0
26,honest,0.3,1.0,20,-15.0,0.0,0.0,tile_47.4065_8.5465_47.4100_8.5520.png,,6.9
27,honest,0.3,1.0,20,15.0,0.0,0.0,tile_47.4065_8.5300_47.4100_8.5355.png,,7.0
28,honest,0.3,0.55,11,15.0,1.0,0.0,tile_47.3900_8.5300_47.3955_8.5355.png,,7.2
29,honest,0.3,1.0,20,15.0,0.0,0.0,tile_47.4010_8.5575_47.4065_8.5630.png,,7.1
30,honest,0.3,0.65,13,-15.0,1.0,0.0,tile_47.3955_8.5410_47.4010_8.5465.png,,7.0
31,honest,0.3,1.0,20,0.0,0.0,0.0,tile_47.3955_8.5465_47.4010_8.5520.png,,6.9
32,honest,0.3,1.0,20,15.0,0.0,0.0,tile_47.3955_8.5520_47.4010_8.5575.png,,6.9
33,honest,0.3,0.55,11,-15.0,1.0,0.0,tile_47.3900_8.5300_47.3955_8.5355.png,,6.9
34,honest,0.3,0.45,9,15.0,1.0,0.0,tile_47.3900_8.5355_47.3955_8.5410.png,,6.9
35,honest,0.3,0.8,16,-15.0,1.0,0.0,tile_47.3955_8.5685_47.4010_8.5700.png,,6.9
36,honest,0.3,1.0,20,-15.0,0.0,0.0,tile_47.3900_8.5575_47.3955_8.5630.png,,6.9
37,honest,0.3,0.4,8,15.0,1.0,0.0,tile_47.3955_8.5300_47.4010_8.5355.png,,6.9
38,honest,0.3,0.65,13,-15.0,1.0,0.0,tile_47.4010_8.5300_47.4065_8.5355.png,,6.9
39,honest,0.3,0.75,15,15.0,1.0,0.0,tile_47.3955_8.5520_47.4010_8.5575.png,,7.1
40,honest,0.3,0.5,10,15.0,1.0,0.0,tile_47.4010_8.5685_47.4065_8.5700.png,,7.0
41,honest,0.3,0.85,17,0.0,1.0,0.0,tile_47.3955_8.5685_47.4010_8.5700.png,,6.9
42,honest,0.3,1.0,20,-15.0,0.0,0.0,tile_47.3900_8.5355_47.3955_8.5410.png,,6.9
43,honest,0.3,1.0,20,15.0,0.0,0.0,tile_47.3900_8.5300_47.3955_8.5355.png,,6.9
44,honest,0.3,1.0,20,-15.0,0.0,0.0,tile_47.3900_8.5520_47.3955_8.5575.png,,7.2
45,honest,0.3,0.8,16,-15.0,1.0,0.0,tile_47.3955_8.5685_47.4010_8.5700.png,,7.1
46,honest,0.3,0.4,8,0.0,1.0,0.0,tile_47.3955_8.5300_47.4010_8.5355.png,,7.0
47,honest,0.3,0.6,12,15.0,1.0,0.0,tile_47.4065_8.5630_47.4100_8.5685.png,,6.9
48,honest,0.3,1.0,20,0.0,0.0,0.0,tile_47.3900_8.5630_47.3955_8.5685.png,,6.9
49,honest,0.3,0.55,11,15.0,1.0,0.0,tile_47.4065_8.5465_47.4100_8.5520.png,,7.0
50,honest,0.3,0.8,16,0.0,1.0,0.0,tile_47.3900_8.5630_47.3955_8.5685.png,,7.0
51,honest,0.3,0.8,16,-15.0,1.0,0.0,tile_47.3900_8.5630_47.3955_8.5685.png,,6.9
52,honest,0.3,1.0,20,-15.0,0.0,0.0,tile_47.4065_8.5520_47.4100_8.5575.png,,6.9
53,honest,0.3,0.4,8,-15.0,1.0,0.0,tile_47.4010_8.5355_47.4065_8.5410.png,,6.9
54,honest,0.3,1.0,20,0.0,0.0,0.0,tile_47.4065_8.5520_47.4100_8.5575.png,,6.9
55,honest,0.3,1.0,20,15.0,0.0,0.0,tile_47.3900_8.5300_47.3955_8.5355.png,,7.0
56,honest,0.3,1.0,20,-15.0,0.0,0.0,tile_47.4065_8.5410_47.4100_8.5465.png,,7.0
57,honest,0.3,0.65,13,0.0,1.0,0.0,tile_47.4065_8.5355_47.4100_8.5410.png,,7.0
58,honest,0.3,1.0,20,-15.0,0.0,0.0,tile_47.3900_8.5300_47.3955_8.5355.png,,7.0
59,honest,0.3,0.7,14,0.0,1.0,0.0,tile_47.4010_8.5410_47.4065_8.5465.png,,7.0
60,honest,0.3,0.75,15,0.0,1.0,0.0,tile_47.3955_8.5520_47.4010_8.5575.png,,7.0
61,honest,0.3,1.0,20,0.0,0.0,0.0,tile_47.3900_8.5465_47.3955_8.5520.png,,6.8
62,honest,0.3,0.35,7,15.0,1.0,0.0,tile_47.3900_8.5465_47.3955_8.5520.png,,6.9
63,honest,0.3,0.35,7,15.0,1.0,0.0,tile_47.3900_8.5465_47.3955_8.5520.png,,6.9
64,honest,0.3,1.0,20,15.0,0.0,0.0,tile_47.3900_8.5520_47.3955_8.5575.png,,6.9
65,honest,0.3,1.0,20,15.0,0.0,0.0,tile_47.4065_8.5355_47.4100_8.5410.png,,6.9
66,honest,0.3,1.0,20,-15.0,0.0,0.0,tile_47.3900_8.5575_47.3955_8.5630.png,,6.8
67,honest,0.3,0.8,16,0.0,1.0,0.0,tile_47.3955_8.5575_47.4010_8.5630.png,,6.8
68,honest,0.3,0.65,13,15.0,1.0,0.0,tile_47.4010_8.5300_47.4065_8.5355.png,,6.9
69,honest,0.3,1.0,20,0.0,0.0,0.0,tile_47.4065_8.5575_47.4100_8.5630.png,,6.8
70,honest,0.3,1.0,20,0.0,0.0,0.0,tile_47.4065_8.5575_47.4100_8.5630.png,,6.8
71,honest,0.3,1.0,20,15.0,0.0,0.0,tile_47.3955_8.5575_47.4010_8.5630.png,,6.8
72,honest,0.3,0.6,12,15.0,1.0,0.0,tile_47.4010_8.5630_47.4065_8.5685.png,,6.8
73,honest,0.3,1.0,20,-15.0,0.0,0.0,tile_47.4010_8.5410_47.4065_8.5465.png,,6.8
74,honest,0.3,0.55,11,-15.0,1.0,0.0,tile_47.3900_8.5300_47.3955_8.5355.png,,6.9
75,honest,0.3,0.4,8,15.0,1.0,0.0,tile_47.3955_8.5300_47.4010_8.5355.png,,6.8
76,honest,0.3,1.0,20,0.0,0.0,0.0,tile_47.3955_8.5355_47.4010_8.5410.png,,6.8
77,honest,0.3,0.6,12,0.0,1.0,0.0,tile_47.4010_8.5575_47.4065_8.5630.png,,6.8
78,honest,0.3,0.65,13,-15.0,1.0,0.0,tile_47.4010_8.5300_47.4065_8.5355.png,,6.8
79,honest,0.3,1.0,20,-15.0,0.0,0.0,tile_47.4010_8.5355_47.4065_8.5410.png,,6.8
80,honest,0.3,1.0,20,-15.0,0.0,0.0,tile_47.3955_8.5300_47.4010_8.5355.png,,6.8
81,honest,0.3,0.6,12,15.0,1.0,0.0,tile_47.4065_8.5520_47.4100_8.5575.png,,6.8
82,honest,0.3,0.5,10,15.0,1.0,0.0,tile_47.3900_8.5685_47.3955_8.5700.png,,6.8
83,honest,0.3,1.0,20,-15.0,0.0,0.0,tile_47.4010_8.5685_47.4065_8.5700.png,,7.0
84,honest,0.3,1.0,20,15.0,0.0,0.0,tile_47.3955_8.5300_47.4010_8.5355.png,,7.0
85,honest,0.3,0.3,6,-15.0,1.0,0.0,tile_47.3900_8.5410_47.3955_8.5465.png,,7.1
86,honest,0.3,1.0,20,0.0,0.0,0.0,tile_47.3900_8.5630_47.3955_8.5685.png,,7.2
87,honest,0.3,0.85,17,0.0,1.0,0.0,tile_47.3955_8.5685_47.4010_8.5700.png,,7.1
88,honest,0.3,1.0,20,-15.0,0.0,0.0,tile_47.3900_8.5355_47.3955_8.5410.png,,7.3
89,honest,0.3,0.8,16,-15.0,1.0,0.0,tile_47.3955_8.5685_47.4010_8.5700.png,,7.1
90,honest,0.3,1.0,20,0.0,0.0,0.0,tile_47.4065_8.5300_47.4100_8.5355.png,,6.9
91,honest,0.3,0.7,14,-15.0,1.0,0.0,tile_47.3955_8.5520_47.4010_8.5575.png,,7.1
92,honest,0.3,0.75,15,0.0,1.0,0.0,tile_47.3955_8.5630_47.4010_8.5685.png,,6.9
93,honest,0.3,1.0,20,-15.0,0.0,0.0,tile_47.4065_8.5355_47.4100_8.5410.png,,6.8
94,honest,0.3,0.45,9,0.0,1.0,0.0,tile_47.4010_8.5355_47.4065_8.5410.png,,7.0
95,honest,0.3,0.45,9,0.0,1.0,0.0,tile_47.3900_8.5355_47.3955_8.5410.png,,6.9
96,honest,0.3,0.65,13,-15.0,1.0,0.0,tile_47.4010_8.5300_47.4065_8.5355.png,,7.0
97,honest,0.3,1.0,20,-15.0,0.0,0.0,tile_47.4010_8.5630_47.4065_8.5685.png,,6.8
98,honest,0.3,0.5,10,15.0,1.0,0.0,tile_47.3900_8.5685_47.3955_8.5700.png,,6.8
99,honest,0.3,1.0,20,0.0,0.0,0.0,tile_47.3900_8.5410_47.3955_8.5465.png,,6.8
100,honest,0.3,0.75,15,15.0,1.0,0.0,tile_47.3955_8.5520_47.4010_8.5575.png,,6.8
101,honest,0.3,0.6,12,0.0,1.0,0.0,tile_47.4010_8.5575_47.4065_8.5630.png,,6.8
102,honest,0.3,0.5,10,15.0,1.0,0.0,tile_47.4010_8.5465_47.4065_8.5520.png,,6.9
103,honest,0.3,0.35,7,15.0,1.0,0.0,tile_47.4010_8.5520_47.4065_8.5575.png,,6.8
104,honest,0.3,0.75,15,0.0,1.0,0.0,tile_47.3955_8.5520_47.4010_8.5575.png,,6.8
105,honest,0.3,0.5,10,0.0,1.0,0.0,tile_47.4010_8.5465_47.4065_8.5520.png,,6.8
106,honest,0.3,1.0,20,0.0,0.0,0.0,tile_47.4010_8.5410_47.4065_8.5465.png,,6.8
107,honest,0.3,0.15,3,-15.0,1.0,0.0,tile_47.4065_8.5575_47.4100_8.5630.png,,6.8
108,honest,0.3,0.65,13,0.0,1.0,0.0,tile_47.4065_8.5630_47.4100_8.5685.png,,6.8
109,honest,0.3,1.0,20,15.0,0.0,0.0,tile_47.4010_8.5410_47.4065_8.5465.png,,6.8
110,honest,0.3,0.85,17,15.0,1.0,0.0,tile_47.3955_8.5685_47.4010_8.5700.png,,6.8
111,honest,0.3,0.75,15,15.0,1.0,0.0,tile_47.3955_8.5520_47.4010_8.5575.png,,6.8
112,honest,0.3,1.0,20,-15.0,0.0,0.0,tile_47.3955_8.5685_47.4010_8.5700.png,,6.8
113,honest,0.3,1.0,20,0.0,0.0,0.0,tile_47.4065_8.5410_47.4100_8.5465.png,,6.8
114,honest,0.3,1.0,20,15.0,0.0,0.0,tile_47.4065_8.5685_47.4100_8.5700.png,,6.8
115,honest,0.3,1.0,20,0.0,0.0,0.0,tile_47.3900_8.5300_47.3955_8.5355.png,,6.8
116,honest,0.3,0.45,9,-15.0,1.0,0.0,tile_47.3955_8.5465_47.4010_8.5520.png,,6.8
117,honest,0.3,0.85,17,15.0,1.0,0.0,tile_47.3955_8.5685_47.4010_8.5700.png,,6.7
118,honest,0.3,0.15,3,-15.0,1.0,0.0,tile_47.4065_8.5575_47.4100_8.5630.png,,6.8
119,honest,0.3,0.55,11,15.0,1.0,0.0,tile_47.4065_8.5465_47.4100_8.5520.png,,6.7
120,honest,0.3,0.6,12,15.0,1.0,0.0,tile_47.4065_8.5630_47.4100_8.5685.png,,6.8
121,honest,0.3,0.45,9,0.0,1.0,0.0,tile_47.4010_8.5355_47.4065_8.5410.png,,7.0
122,honest,0.3,0.45,9,15.0,1.0,0.0,tile_47.4010_8.5355_47.4065_8.5410.png,,6.8
123,honest,0.3,1.0,20,0.0,0.0,0.0,tile_47.3955_8.5685_47.4010_8.5700.png,,6.9
124,honest,0.3,0.65,13,0.0,1.0,0.0,tile_47.3900_8.5575_47.3955_8.5630.png,,6.8
125,honest,0.3,1.0,20,-15.0,0.0,0.0,tile_47.4065_8.5300_47.4100_8.5355.png,,7.0
126,honest,0.3,1.0,20,15.0,0.0,0.0,tile_47.3900_8.5520_47.3955_8.5575.png,,6.9
127,honest,0.3,0.15,3,0.0,1.0,0.0,tile_47.4065_8.5575_47.4100_8.5630.png,,7.0
128,honest,0.3,1.0,20,0.0,0.0,0.0,tile_47.4065_8.5410_47.4100_8.5465.png,,6.9
129,honest,0.3,1.0,20,0.0,0.0,0.0,tile_47.4065_8.5630_47.4100_8.5685.png,,6.9
130,honest,0.3,0.3,6,-15.0,1.0,0.0,tile_47.4065_8.5300_47.4100_8.5355.png,,7.1
131,honest,0.3,1.0,20,0.0,0.0,0.0,tile_47.3955_8.5630_47.4010_8.5685.png,,7.1
132,honest,0.3,0.45,9,0.0,1.0,0.0,tile_47.3900_8.5355_47.3955_8.5410.png,,6.8
133,honest,0.3,0.6,12,0.0,1.0,0.0,tile_47.3955_8.5410_47.4010_8.5465.png,,7.0
134,honest,0.3,1.0,20,0.0,0.0,0.0,tile_47.4065_8.5355_47.4100_8.5410.png,,7.1
135,honest,0.3,1.0,20,15.0,0.0,0.0,tile_47.4065_8.5465_47.4100_8.5520.png,,6.8
136,honest,0.3,0.35,7,-15.0,1.0,0.0,tile_47.3900_8.5465_47.3955_8.5520.png,,6.8
137,honest,0.3,0.8,16,0.0,1.0,0.0,tile_47.3955_8.5575_47.4010_8.5630.png,,6.7
138,honest,0.3,0.35,7,0.0,1.0,0.0,tile_47.4065_8.5300_47.4100_8.5355.png,,6.9
139,honest,0.3,0.65,13,0.0,1.0,0.0,tile_47.3900_8.5575_47.3955_8.5630.png,,6.7
140,honest,0.3,1.0,20,0.0,0.0,0.0,tile_47.4010_8.5630_47.4065_8.5685.png,,6.7
141,honest,0.3,1.0,20,-15.0,0.0,0.0,tile_47.3900_8.5355_47.3955_8.5410.png,,6.7
142,honest,0.3,1.0,20,-15.0,0.0,0.0,tile_47.3955_8.5355_47.4010_8.5410.png,,6.8
143,honest,0.3,1.0,20,-15.0,0.0,0.0,tile_47.3900_8.5685_47.3955_8.5700.png,,6.7
144,honest,0.3,1.0,20,15.0,0.0,0.0,tile_47.4010_8.5300_47.4065_8.5355.png,,6.7
145,honest,0.3,1.0,20,0.0,0.0,0.0,tile_47.3955_8.5410_47.4010_8.5465.png,,6.7
146,honest,0.3,1.0,20,0.0,0.0,0.0,tile_47.4010_8.5465_47.4065_8.5520.png,,6.7
147,honest,0.3,0.75,15,15.0,1.0,0.0,tile_47.3955_8.5520_47.4010_8.5575.png,,6.7
148,honest,0.3,1.0,20,-15.0,0.0,0.0,tile_47.4010_8.5465_47.4065_8.5520.png,,6.7
149,honest,0.3,1.0,20,15.0,0.0,0.0,tile_47.4010_8.5630_47.4065_8.5685.png,,6.7
150,honest,0.3,0.85,17,15.0,1.0,0.0,tile_47.3900_8.5520_47.3955_8.5575.png,,6.7
151,honest,0.3,0.45,9,15.0,1.0,0.0,tile_47.4065_8.5410_47.4100_8.5465.png,,6.7
152,honest,0.3,1.0,20,0.0,0.0,0.0,tile_47.4010_8.5685_47.4065_8.5700.png,,6.7
153,honest,0.3,0.55,11,15.0,1.0,0.0,tile_47.4065_8.5465_47.4100_8.5520.png,,6.8
154,honest,0.3,0.15,3,-15.0,1.0,0.0,tile_47.4065_8.5575_47.4100_8.5630.png,,6.7
155,honest,0.3,0.85,17,0.0,1.0,0.0,tile_47.3955_8.5685_47.4010_8.5700.png,,6.7
156,honest,0.3,0.8,16,-15.0,1.0,0.0,tile_47.3955_8.5685_47.4010_8.5700.png,,6.7
157,honest,0.3,0.45,9,0.0,1.0,0.0,tile_47.3900_8.5355_47.3955_8.5410.png,,6.7
158,honest,0.3,0.7,14,0.0,1.0,0.0,tile_47.4065_8.5685_47.4100_8.5700.png,,6.7
159,honest,0.3,0.5,10,-15.0,1.0,0.0,tile_47.4010_8.5575_47.4065_8.5630.png,,6.7
160,honest,0.3,0.75,15,0.0,1.0,0.0,tile_47.3955_8.5520_47.4010_8.5575.png,,6.8
161,honest,0.3,1.0,20,-15.0,0.0,0.0,tile_47.4065_8.5685_47.4100_8.5700.png,,6.8
162,honest,0.3,1.0,20,15.0,0.0,0.0,tile_47.4065_8.5685_47.4100_8.5700.png,,6.7
163,honest,0.3,1.0,20,0.0,0.0,0.0,tile_47.4010_8.5410_47.4065_8.5465.png,,6.8
164,honest,0.3,0.5,10,-15.0,1.0,0.0,tile_47.4010_8.5465_47.4065_8.5520.png,,6.7
165,honest,0.3,0.6,12,15.0,1.0,0.0,tile_47.4010_8.5630_47.4065_8.5685.png,,6.7
166,honest,0.3,0.15,3,0.0,1.0,0.0,tile_47.4065_8.5575_47.4100_8.5630.png,,6.7
167,honest,0.3,0.75,15,0.0,1.0,0.0,tile_47.3955_8.5630_47.4010_8.5685.png,,6.7
168,honest,0.3,1.0,20,-15.0,0.0,0.0,tile_47.3900_8.5685_47.3955_8.5700.png,,6.7
169,honest,0.3,1.0,20,15.0,0.0,0.0,tile_47.3955_8.5575_47.4010_8.5630.png,,6.7
170,honest,0.3,0.65,13,15.0,1.0,0.0,tile_47.4010_8.5410_47.4065_8.5465.png,,6.8
171,honest,0.3,1.0,20,-15.0,0.0,0.0,tile_47.3955_8.5630_47.4010_8.5685.png,,6.8
172,honest,0.3,1.0,20,0.0,0.0,0.0,tile_47.3900_8.5300_47.3955_8.5355.png,,6.8
173,honest,0.3,1.0,20,15.0,0.0,0.0,tile_47.3900_8.5410_47.3955_8.5465.png,,6.7
174,honest,0.3,0.65,13,-15.0,1.0,0.0,tile_47.4065_8.5685_47.4100_8.5700.png,,6.7
175,honest,0.3,1.0,20,-15.0,0.0,0.0,tile_47.4065_8.5630_47.4100_8.5685.png,,6.7
176,honest,0.3,0.5,10,0.0,1.0,0.0,tile_47.3955_8.5465_47.4010_8.5520.png,,6.8
177,honest,0.3,0.55,11,-15.0,1.0,0.0,tile_47.3900_8.5685_47.3955_8.5700.png,,6.8
178,honest,0.3,0.8,16,-15.0,1.0,0.0,tile_47.3900_8.5520_47.3955_8.5575.png,,6.8
179,honest,0.3,1.0,20,15.0,0.0,0.0,tile_47.3955_8.5355_47.4010_8.5410.png,,6.7
180,honest,0.3,0.85,17,15.0,1.0,0.0,tile_47.3955_8.5685_47.4010_8.5700.png,,6.7
181,honest,0.3,0.3,6,-15.0,1.0,0.0,tile_47.4065_8.5300_47.4100_8.5355.png,,6.8
182,honest,0.3,0.55,11,0.0,1.0,0.0,tile_47.4065_8.5465_47.4100_8.5520.png,,6.7
183,honest,0.3,1.0,20,0.0,0.0,0.0,tile_47.3955_8.5575_47.4010_8.5630.png,,6.7
184,honest,0.3,1.0,20,15.0,0.0,0.0,tile_47.3900_8.5575_47.3955_8.5630.png,,6.7
185,honest,0.3,1.0,20,-15.0,0.0,0.0,tile_47.3900_8.5520_47.3955_8.5575.png,,6.7
186,honest,0.3,1.0,20,-15.0,0.0,0.0,tile_47.4065_8.5520_47.4100_8.5575.png,,6.7
187,honest,0.3,0.3,6,15.0,1.0,0.0,tile_47.3900_8.5410_47.3955_8.5465.png,,6.7
188,honest,0.3,0.15,3,-15.0,1.0,0.0,tile_47.4065_8.5575_47.4100_8.5630.png,,6.7
189,honest,0.3,1.0,20,-15.0,0.0,0.0,tile_47.3955_8.5520_47.4010_8.5575.png,,6.7
190,honest,0.3,1.0,20,0.0,0.0,0.0,tile_47.3955_8.5355_47.4010_8.5410.png,,6.7
191,honest,0.3,1.0,20,0.0,0.0,0.0,tile_47.3900_8.5465_47.3955_8.5520.png,,6.8
192,honest,0.3,0.55,11,-15.0,1.0,0.0,tile_47.4065_8.5520_47.4100_8.5575.png,,6.8
193,honest,0.3,0.65,13,-15.0,1.0,0.0,tile_47.4065_8.5355_47.4100_8.5410.png,,6.8
194,honest,0.3,0.65,13,0.0,1.0,0.0,tile_47.3900_8.5575_47.3955_8.5630.png,,6.7
195,honest,0.3,1.0,20,15.0,0.0,0.0,tile_47.4010_8.5520_47.4065_8.5575.png,,6.7
196,honest,0.3,0.65,13,15.0,1.0,0.0,tile_47.3900_8.5575_47.3955_8.5630.png,,6.7
197,honest,0.3,1.0,20,-15.0,0.0,0.0,tile_47.3900_8.5410_47.3955_8.5465.png,,6.7
198,honest,0.3,0.4,8,-15.0,1.0,0.0,tile_47.4010_8.5355_47.4065_8.5410.png,,6.8
199,honest,0.3,0.7,14,-15.0,1.0,0.0,tile_47.3900_8.5575_47.3955_8.5630.png,,6.7
200,honest,0.3,0.6,12,0.0,1.0,0.0,tile_47.4010_8.5575_47.4065_8.5630.png,,6.8
201,honest,0.3,1.0,20,0.0,0.0,0.0,tile_47.4010_8.5575_47.4065_8.5630.png,,6.7
202,honest,0.3,0.65,13,0.0,1.0,0.0,tile_47.4065_8.5355_47.4100_8.5410.png,,6.8
203,honest,0.3,1.0,20,15.0,0.0,0.0,tile_47.3900_8.5575_47.3955_8.5630.png,,6.7
204,honest,0.3,0.5,10,0.0,1.0,0.0,tile_47.3900_8.5685_47.3955_8.5700.png,,6.7
205,honest,0.3,1.0,20,0.0,0.0,0.0,tile_47.4065_8.5410_47.4100_8.5465.png,,6.7
206,honest,0.3,1.0,20,-15.0,0.0,0.0,tile_47.4065_8.5685_47.4100_8.5700.png,,6.7
207,honest,0.3,0.8,16,15.0,1.0,0.0,tile_47.3955_8.5575_47.4010_8.5630.png,,6.7
208,honest,0.3,1.0,20,0.0,0.0,0.0,tile_47.4065_8.5520_47.4100_8.5575.png,,6.7
209,honest,0.3,0.45,9,15.0,1.0,0.0,tile_47.3900_8.5355_47.3955_8.5410.png,,6.7
210,honest,0.3,1.0,20,15.0,0.0,0.0,tile_47.4010_8.5465_47.4065_8.5520.png,,6.7
211,honest,0.3,1.0,20,15.0,0.0,0.0,tile_47.3900_8.5575_47.3955_8.5630.png,,6.7
212,honest,0.3,1.0,20,-15.0,0.0,0.0,tile_47.3900_8.5685_47.3955_8.5700.png,,6.7
213,honest,0.3,1.0,20,15.0,0.0,0.0,tile_47.4010_8.5410_47.4065_8.5465.png,,6.7
214,honest,0.3,0.6,12,15.0,1.0,0.0,tile_47.4065_8.5630_47.4100_8.5685.png,,6.8
215,honest,0.3,1.0,20,0.0,0.0,0.0,tile_47.3955_8.5355_47.4010_8.5410.png,,6.7
216,honest,0.3,1.0,20,0.0,0.0,0.0,tile_47.3900_8.5520_47.3955_8.5575.png,,6.7
217,honest,0.3,0.45,9,0.0,1.0,0.0,tile_47.4010_8.5355_47.4065_8.5410.png,,6.8
218,honest,0.3,0.65,13,-15.0,1.0,0.0,tile_47.4065_8.5685_47.4100_8.5700.png,,6.8
219,honest,0.3,0.6,12,-15.0,1.0,0.0,tile_47.4010_8.5630_47.4065_8.5685.png,,6.7
220,honest,0.3,0.35,7,0.0,1.0,0.0,tile_47.4010_8.5520_47.4065_8.5575.png,,6.7
221,honest,0.3,1.0,20,-15.0,0.0,0.0,tile_47.3955_8.5630_47.4010_8.5685.png,,6.7
222,honest,0.3,1.0,20,0.0,0.0,0.0,tile_47.4065_8.5630_47.4100_8.5685.png,,6.8
223,honest,0.3,0.45,9,15.0,1.0,0.0,tile_47.3955_8.5355_47.4010_8.5410.png,,6.8
224,honest,0.3,1.0,20,0.0,0.0,0.0,tile_47.4010_8.5575_47.4065_8.5630.png,,6.7
225,honest,0.3,0.15,3,-15.0,1.0,0.0,tile_47.4065_8.5575_47.4100_8.5630.png,,6.7
226,honest,0.3,1.0,20,-15.0,0.0,0.0,tile_47.3955_8.5355_47.4010_8.5410.png,,6.7
227,honest,0.3,0.5,10,-15.0,1.0,0.0,tile_47.4010_8.5575_47.4065_8.5630.png,,6.7
228,honest,0.3,0.6,12,15.0,1.0,0.0,tile_47.4010_8.5575_47.4065_8.5630.png,,6.7
229,honest,0.3,0.75,15,15.0,1.0,0.0,tile_47.4065_8.5685_47.4100_8.5700.png,,6.7
230,honest,0.3,1.0,20,15.0,0.0,0.0,tile_47.3955_8.5685_47.4010_8.5700.png,,6.7
231,honest,0.3,0.65,13,15.0,1.0,0.0,tile_47.3900_8.5575_47.3955_8.5630.png,,6.8
232,honest,0.3,1.0,20,0.0,0.0,0.0,tile_47.4065_8.5520_47.4100_8.5575.png,,6.7
233,honest,0.3,0.3,6,-15.0,1.0,0.0,tile_47.3900_8.5410_47.3955_8.5465.png,,6.7
234,honest,0.3,1.0,20,0.0,0.0,0.0,tile_47.4010_8.5630_47.4065_8.5685.png,,6.7
235,honest,0.3,0.85,17,0.0,1.0,0.0,tile_47.3955_8.5685_47.4010_8.5700.png,,6.7
236,honest,0.3,0.65,13,15.0,1.0,0.0,tile_47.3955_8.5410_47.4010_8.5465.png,,6.8
237,honest,0.3,1.0,20,-15.0,0.0,0.0,tile_47.3955_8.5685_47.4010_8.5700.png,,6.7
238,honest,0.3,1.0,20,0.0,0.0,0.0,tile_47.4065_8.5575_47.4100_8.5630.png,,6.7
239,honest,0.3,0.65,13,15.0,1.0,0.0,tile_47.4010_8.5300_47.4065_8.5355.png,,6.7
240,honest,0.3,1.0,20,15.0,0.0,0.0,tile_47.4010_8.5410_47.4065_8.5465.png,,6.7
241,honest,0.3,1.0,20,15.0,0.0,0.0,tile_47.4065_8.5520_47.4100_8.5575.png,,6.7
242,honest,0.3,0.65,13,0.0,1.0,0.0,tile_47.4010_8.5300_47.4065_8.5355.png,,6.7
243,honest,0.3,0.35,7,0.0,1.0,0.0,tile_47.4065_8.5300_47.4100_8.5355.png,,6.7
244,honest,0.3,1.0,20,0.0,0.0,0.0,tile_47.4065_8.5300_47.4100_8.5355.png,,6.7
245,honest,0.3,0.65,13,15.0,1.0,0.0,tile_47.4010_8.5410_47.4065_8.5465.png,,6.7
246,honest,0.3,0.55,11,-15.0,1.0,0.0,tile_47.3900_8.5300_47.3955_8.5355.png,,6.7
247,honest,0.3,1.0,20,15.0,0.0,0.0,tile_47.4010_8.5410_47.4065_8.5465.png,,6.7
248,honest,0.3,0.7,14,-15.0,1.0,0.0,tile_47.3955_8.5520_47.4010_8.5575.png,,6.7
249,honest,0.3,0.8,16,15.0,1.0,0.0,tile_47.3900_8.5630_47.3955_8.5685.png,,6.8
250,honest,0.3,1.0,20,15.0,0.0,0.0,tile_47.4065_8.5520_47.4100_8.5575.png,,6.7
251,honest,0.3,0.7,14,-15.0,1.0,0.0,tile_47.3900_8.5575_47.3955_8.5630.png,,6.7
252,honest,0.3,0.5,10,0.0,1.0,0.0,tile_47.3955_8.5465_47.4010_8.5520.png,,6.7
253,honest,0.3,1.0,20,-15.0,0.0,0.0,tile_47.4010_8.5355_47.4065_8.5410.png,,6.7
254,honest,0.3,0.7,14,-15.0,1.0,0.0,tile_47.4010_8.5410_47.4065_8.5465.png,,6.8
255,honest,0.3,0.15,3,15.0,1.0,0.0,tile_47.4065_8.5575_47.4100_8.5630.png,,6.7
256,honest,0.3,1.0,20,-15.0,0.0,0.0,tile_47.4065_8.5355_47.4100_8.5410.png,,6.7
257,honest,0.3,0.65,13,15.0,1.0,0.0,tile_47.4065_8.5355_47.4100_8.5410.png,,6.8
258,honest,0.3,0.15,3,-15.0,1.0,0.0,tile_47.4065_8.5575_47.4100_8.5630.png,,6.7
259,honest,0.3,0.5,10,0.0,1.0,0.0,tile_47.4010_8.5685_47.4065_8.5700.png,,6.7
260,honest,0.3,1.0,20,-15.0,0.0,0.0,tile_47.3900_8.5355_47.3955_8.5410.png,,6.7
261,honest,0.3,0.85,17,15.0,1.0,0.0,tile_47.3900_8.5520_47.3955_8.5575.png,,6.7
262,honest,0.3,0.45,9,15.0,1.0,0.0,tile_47.4065_8.5410_47.4100_8.5465.png,,6.8
263,honest,0.3,1.0,20,-15.0,0.0,0.0,tile_47.3900_8.5410_47.3955_8.5465.png,,6.7
264,honest,0.3,0.8,16,0.0,1.0,0.0,tile_47.3900_8.5630_47.3955_8.5685.png,,6.7
265,honest,0.3,1.0,20,-15.0,0.0,0.0,tile_47.4065_8.5575_47.4100_8.5630.png,,6.8
266,honest,0.3,0.45,9,0.0,1.0,0.0,tile_47.4065_8.5410_47.4100_8.5465.png,,6.7
267,honest,0.3,1.0,20,15.0,0.0,0.0,tile_47.4065_8.5410_47.4100_8.5465.png,,6.7
268,honest,0.3,1.0,20,0.0,0.0,0.0,tile_47.3955_8.5575_47.4010_8.5630.png,,6.8
269,honest,0.3,0.5,10,0.0,1.0,0.0,tile_47.4010_8.5685_47.4065_8.5700.png,,6.8
270,honest,0.3,0.35,7,-15.0,1.0,0.0,tile_47.3900_8.5465_47.3955_8.5520.png,,6.8
271,honest,0.3,0.5,10,0.0,1.0,0.0,tile_47.3900_8.5685_47.3955_8.5700.png,,6.7
272,honest,0.3,1.0,20,0.0,0.0,0.0,tile_47.3900_8.5355_47.3955_8.5410.png,,6.7
273,honest,0.3,0.4,8,-15.0,1.0,0.0,tile_47.3955_8.5300_47.4010_8.5355.png,,6.7
274,honest,0.3,1.0,20,15.0,0.0,0.0,tile_47.3955_8.5575_47.4010_8.5630.png,,6.6
275,honest,0.3,1.0,20,15.0,0.0,0.0,tile_47.4010_8.5575_47.4065_8.5630.png,,6.7
276,honest,0.3,1.0,20,-15.0,0.0,0.0,tile_47.3955_8.5355_47.4010_8.5410.png,,6.7
277,honest,0.3,0.55,11,-15.0,1.0,0.0,tile_47.3900_8.5685_47.3955_8.5700.png,,6.8
278,honest,0.3,1.0,20,15.0,0.0,0.0,tile_47.3900_8.5300_47.3955_8.5355.png,,6.7
279,honest,0.3,1.0,20,0.0,0.0,0.0,tile_47.3900_8.5355_47.3955_8.5410.png,,6.7
280,honest,0.3,0.4,8,-15.0,1.0,0.0,tile_47.3955_8.5300_47.4010_8.5355.png,,6.8
281,honest,0.3,0.85,17,15.0,1.0,0.0,tile_47.3900_8.5520_47.3955_8.5575.png,,6.7
282,honest,0.3,0.8,16,0.0,1.0,0.0,tile_47.3900_8.5630_47.3955_8.5685.png,,6.7
283,honest,0.3,1.0,20,0.0,0.0,0.0,tile_47.4010_8.5465_47.4065_8.5520.png,,6.7
284,honest,0.3,1.0,20,0.0,0.0,0.0,tile_47.4065_8.5630_47.4100_8.5685.png,,6.7
285,honest,0.3,0.7,14,0.0,1.0,0.0,tile_47.4065_8.5685_47.4100_8.5700.png,,6.8
286,honest,0.3,0.65,13,15.0,1.0,0.0,tile_47.3900_8.5575_47.3955_8.5630.png,,6.7
287,honest,0.3,1.0,20,0.0,0.0,0.0,tile_47.3955_8.5300_47.4010_8.5355.png,,6.7
288,honest,0.3,0.7,14,0.0,1.0,0.0,tile_47.4010_8.5410_47.4065_8.5465.png,,6.7
289,honest,0.3,0.5,10,0.0,1.0,0.0,tile_47.3900_8.5685_47.3955_8.5700.png,,6.7
290,honest,0.3,1.0,20,15.0,0.0,0.0,tile_47.4065_8.5520_47.4100_8.5575.png,,6.7
291,honest,0.3,0.15,3,-15.0,1.0,0.0,tile_47.4065_8.5575_47.4100_8.5630.png,,6.8
292,honest,0.3,0.35,7,0.0,1.0,0.0,tile_47.4010_8.5520_47.4065_8.5575.png,,6.7
293,honest,0.3,0.5,10,0.0,1.0,0.0,tile_47.4010_8.5685_47.4065_8.5700.png,,6.7
294,honest,0.3,0.7,14,-15.0,1.0,0.0,tile_47.3900_8.5575_47.3955_8.5630.png,,6.7
295,honest,0.3,1.0,20,-15.0,0.0,0.0,tile_47.3900_8.5630_47.3955_8.5685.png,,6.8
296,honest,0.3,0.35,7,15.0,1.0,0.0,tile_47.3900_8.5465_47.3955_8.5520.png,,6.7
297,honest,0.3,0.45,9,15.0,1.0,0.0,tile_47.4065_8.5410_47.4100_8.5465.png,,6.7
298,honest,0.3,0.7,14,0.0,1.0,0.0,tile_47.4010_8.5410_47.4065_8.5465.png,,6.7
299,honest,0.3,0.8,16,15.0,1.0,0.0,tile_47.3900_8.5630_47.3955_8.5685.png,,6.7
300,honest,0.3,1.0,20,15.0,0.0,0.0,tile_47.4065_8.5630_47.4100_8.5685.png,,6.7
301,honest,0.3,1.0,20,-15.0,0.0,0.0,tile_47.4010_8.5685_47.4065_8.5700.png,,6.7
302,honest,0.3,0.55,11,-15.0,1.0,0.0,tile_47.4065_8.5465_47.4100_8.5520.png,,6.7
303,honest,0.3,1.0,20,15.0,0.0,0.0,tile_47.3900_8.5355_47.3955_8.5410.png,,6.7
304,honest,0.3,0.5,10,-15.0,1.0,0.0,tile_47.4010_8.5575_47.4065_8.5630.png,,6.8
305,honest,0.3,1.0,20,0.0,0.0,0.0,tile_47.3955_8.5355_47.4010_8.5410.png,,6.6
306,honest,0.3,0.45,9,15.0,1.0,0.0,tile_47.3955_8.5355_47.4010_8.5410.png,,6.8
307,honest,0.3,1.0,20,15.0,0.0,0.0,tile_47.3955_8.5575_47.4010_8.5630.png,,6.6
308,honest,0.3,0.6,12,0.0,1.0,0.0,tile_47.4010_8.5575_47.4065_8.5630.png,,6.8
309,honest,0.3,0.4,8,-15.0,1.0,0.0,tile_47.4010_8.5520_47.4065_8.5575.png,,6.7
310,honest,0.3,1.0,20,15.0,0.0,0.0,tile_47.3955_8.5355_47.4010_8.5410.png,,6.7
311,honest,0.3,1.0,20,-15.0,0.0,0.0,tile_47.4010_8.5355_47.4065_8.5410.png,,6.7
312,honest,0.3,0.6,12,0.0,1.0,0.0,tile_47.4065_8.5520_47.4100_8.5575.png,,6.7
313,honest,0.3,0.5,10,0.0,1.0,0.0,tile_47.3900_8.5685_47.3955_8.5700.png,,6.7
314,honest,0.3,0.7,14,0.0,1.0,0.0,tile_47.4010_8.5410_47.4065_8.5465.png,,6.7
315,honest,0.3,0.3,6,15.0,1.0,0.0,tile_47.3900_8.5410_47.3955_8.5465.png,,6.7
316,honest,0.3,0.55,11,-15.0,1.0,0.0,tile_47.3900_8.5300_47.3955_8.5355.png,,6.7
317,honest,0.3,0.4,8,-15.0,1.0,0.0,tile_47.3955_8.5300_47.4010_8.5355.png,,6.7
318,honest,0.3,0.5,10,0.0,1.0,0.0,tile_47.3900_8.5685_47.3955_8.5700.png,,6.7
319,honest,0.3,0.45,9,-15.0,1.0,0.0,tile_47.3955_8.5465_47.4010_8.5520.png,,6.7
320,honest,0.3,0.6,12,-15.0,1.0,0.0,tile_47.4010_8.5630_47.4065_8.5685.png,,6.7
321,honest,0.3,0.55,11,-15.0,1.0,0.0,tile_47.4065_8.5465_47.4100_8.5520.png,,6.8
322,honest,0.3,0.4,8,-15.0,1.0,0.0,tile_47.4010_8.5520_47.4065_8.5575.png,,6.8
323,honest,0.3,0.45,9,15.0,1.0,0.0,tile_47.4065_8.5410_47.4100_8.5465.png,,6.8
324,honest,0.3,1.0,20,0.0,0.0,0.0,tile_47.3900_8.5355_47.3955_8.5410.png,,6.7
325,honest,0.3,1.0,20,0.0,0.0,0.0,tile_47.4010_8.5685_47.4065_8.5700.png,,6.8
326,honest,0.3,0.8,16,-15.0,1.0,0.0,tile_47.3955_8.5685_47.4010_8.5700.png,,6.7
327,honest,0.3,0.65,13,0.0,1.0,0.0,tile_47.4065_8.5355_47.4100_8.5410.png,,6.7
328,honest,0.3,0.6,12,0.0,1.0,0.0,tile_47.4010_8.5575_47.4065_8.5630.png,,6.7
329,honest,0.3,1.0,20,-15.0,0.0,0.0,tile_47.3955_8.5520_47.4010_8.5575.png,,6.7
330,honest,0.3,0.85,17,0.0,1.0,0.0,tile_47.3955_8.5685_47.4010_8.5700.png,,6.8
331,honest,0.3,1.0,20,-15.0,0.0,0.0,tile_47.3955_8.5520_47.4010_8.5575.png,,6.7
332,honest,0.3,1.0,20,-15.0,0.0,0.0,tile_47.3955_8.5465_47.4010_8.5520.png,,6.8
333,honest,0.3,0.6,12,15.0,1.0,0.0,tile_47.4065_8.5520_47.4100_8.5575.png,,6.8
334,honest,0.3,0.45,9,15.0,1.0,0.0,tile_47.3955_8.5355_47.4010_8.5410.png,,6.7
335,honest,0.3,1.0,20,0.0,0.0,0.0,tile_47.4065_8.5520_47.4100_8.5575.png,,6.8
336,honest,0.3,0.35,7,15.0,1.0,0.0,tile_47.3900_8.5465_47.3955_8.5520.png,,6.8
337,honest,0.3,1.0,20,0.0,0.0,0.0,tile_47.4065_8.5575_47.4100_8.5630.png,,6.7
338,honest,0.3,1.0,20,0.0,0.0,0.0,tile_47.4010_8.5685_47.4065_8.5700.png,,6.8
339,honest,0.3,1.0,20,0.0,0.0,0.0,tile_47.4065_8.5300_47.4100_8.5355.png,,6.7
340,honest,0.3,1.0,20,0.0,0.0,0.0,tile_47.3955_8.5520_47.4010_8.5575.png,,6.8
341,honest,0.3,0.35,7,0.0,1.0,0.0,tile_47.3900_8.5465_47.3955_8.5520.png,,6.8
342,honest,0.3,1.0,20,0.0,0.0,0.0,tile_47.3900_8.5575_47.3955_8.5630.png,,6.7
343,honest,0.3,1.0,20,15.0,0.0,0.0,tile_47.3955_8.5685_47.4010_8.5700.png,,6.7
344,honest,0.3,0.65,13,15.0,1.0,0.0,tile_47.3955_8.5410_47.4010_8.5465.png,,6.8
345,honest,0.3,0.35,7,0.0,1.0,0.0,tile_47.4065_8.5300_47.4100_8.5355.png,,6.8
346,honest,0.3,0.6,12,0.0,1.0,0.0,tile_47.4010_8.5575_47.4065_8.5630.png,,6.8
347,honest,0.3,0.3,6,-15.0,1.0,0.0,tile_47.4065_8.5300_47.4100_8.5355.png,,6.8
348,honest,0.3,0.6,12,0.0,1.0,0.0,tile_47.4010_8.5575_47.4065_8.5630.png,,6.8
349,honest,0.3,1.0,20,-15.0,0.0,0.0,tile_47.4010_8.5465_47.4065_8.5520.png,,6.8
350,honest,0.3,0.65,13,15.0,1.0,0.0,tile_47.3900_8.5575_47.3955_8.5630.png,,6.7
351,honest,0.3,0.4,8,0.0,1.0,0.0,tile_47.3955_8.5300_47.4010_8.5355.png,,6.8
352,honest,0.3,1.0,20,15.0,0.0,0.0,tile_47.4010_8.5685_47.4065_8.5700.png,,6.7
353,honest,0.3,0.45,9,-15.0,1.0,0.0,tile_47.3955_8.5465_47.4010_8.5520.png,,6.8
354,honest,0.3,0.7,14,-15.0,1.0,0.0,tile_47.3955_8.5520_47.4010_8.5575.png,,6.8
355,honest,0.3,1.0,20,-15.0,0.0,0.0,tile_47.3900_8.5520_47.3955_8.5575.png,,6.7
356,honest,0.3,1.0,20,0.0,0.0,0.0,tile_47.4010_8.5575_47.4065_8.5630.png,,6.7
357,honest,0.3,1.0,20,15.0,0.0,0.0,tile_47.3955_8.5355_47.4010_8.5410.png,,6.7
358,honest,0.3,1.0,20,-15.0,0.0,0.0,tile_47.4065_8.5520_47.4100_8.5575.png,,6.7
359,honest,0.3,0.8,16,-15.0,1.0,0.0,tile_47.3955_8.5685_47.4010_8.5700.png,,6.7
360,honest,0.3,0.75,15,0.0,1.0,0.0,tile_47.3955_8.5630_47.4010_8.5685.png,,6.7
361,honest,0.3,1.0,20,15.0,0.0,0.0,tile_47.4065_8.5630_47.4100_8.5685.png,,6.7
362,honest,0.3,0.15,3,-15.0,1.0,0.0,tile_47.4065_8.5575_47.4100_8.5630.png,,6.8
363,honest,0.3,0.6,12,0.0,1.0,0.0,tile_47.3955_8.5410_47.4010_8.5465.png,,6.7
364,honest,0.3,1.0,20,-15.0,0.0,0.0,tile_47.3900_8.5465_47.3955_8.5520.png,,6.8
365,honest,0.3,0.8,16,15.0,1.0,0.0,tile_47.3900_8.5630_47.3955_8.5685.png,,6.8
366,honest,0.3,1.0,20,15.0,0.0,0.0,tile_47.3900_8.5575_47.3955_8.5630.png,,6.7
367,honest,0.3,0.45,9,-15.0,1.0,0.0,tile_47.3955_8.5355_47.4010_8.5410.png,,6.7
368,honest,0.3,1.0,20,0.0,0.0,0.0,tile_47.4065_8.5520_47.4100_8.5575.png,,6.7
369,honest,0.3,1.0,20,0.0,0.0,0.0,tile_47.3900_8.5465_47.3955_8.5520.png,,6.8
370,honest,0.3,0.35,7,0.0,1.0,0.0,tile_47.4065_8.5300_47.4100_8.5355.png,,6.8
371,honest,0.3,0.4,8,-15.0,1.0,0.0,tile_47.3900_8.5355_47.3955_8.5410.png,,6.7
372,honest,0.3,1.0,20,0.0,0.0,0.0,tile_47.3955_8.5355_47.4010_8.5410.png,,6.7
373,honest,0.3,1.0,20,-15.0,0.0,0.0,tile_47.4065_8.5630_47.4100_8.5685.png,,6.7
374,honest,0.3,1.0,20,15.0,0.0,0.0,tile_47.4065_8.5520_47.4100_8.5575.png,,6.8
375,honest,0.3,1.0,20,15.0,0.0,0.0,tile_47.3900_8.5355_47.3955_8.5410.png,,6.8
376,honest,0.3,1.0,20,0.0,0.0,0.0,tile_47.4065_8.5465_47.4100_8.5520.png,,6.8
377,honest,0.3,0.5,10,-15.0,1.0,0.0,tile_47.4010_8.5465_47.4065_8.5520.png,,6.9
378,honest,0.3,1.0,20,-15.0,0.0,0.0,tile_47.4065_8.5410_47.4100_8.5465.png,,6.8
379,honest,0.3,0.5,10,15.0,1.0,0.0,tile_47.3900_8.5685_47.3955_8.5700.png,,6.7
380,honest,0.3,1.0,20,0.0,0.0,0.0,tile_47.3955_8.5355_47.4010_8.5410.png,,6.7
381,honest,0.3,0.55,11,0.0,1.0,0.0,tile_47.4010_8.5630_47.4065_8.5685.png,,6.8
382,honest,0.3,0.7,14,-15.0,1.0,0.0,tile_47.3900_8.5575_47.3955_8.5630.png,,6.7
383,honest,0.3,0.45,9,15.0,1.0,0.0,tile_47.3900_8.5355_47.3955_8.5410.png,,6.8
384,honest,0.3,0.35,7,0.0,1.0,0.0,tile_47.4065_8.5300_47.4100_8.5355.png,,6.8
385,honest,0.3,0.55,11,0.0,1.0,0.0,tile_47.4010_8.5630_47.4065_8.5685.png,,6.8
386,honest,0.3,0.8,16,-15.0,1.0,0.0,tile_47.3900_8.5630_47.3955_8.5685.png,,6.8
387,honest,0.3,0.3,6,15.0,1.0,0.0,tile_47.3900_8.5410_47.3955_8.5465.png,,6.7
388,honest,0.3,0.15,3,0.0,1.0,0.0,tile_47.4065_8.5575_47.4100_8.5630.png,,6.7
389,honest,0.3,0.4,8,15.0,1.0,0.0,tile_47.3955_8.5300_47.4010_8.5355.png,,6.8
390,honest,0.3,0.7,14,-15.0,1.0,0.0,tile_47.4010_8.5410_47.4065_8.5465.png,,6.8
391,honest,0.3,1.0,20,-15.0,0.0,0.0,tile_47.3900_8.5410_47.3955_8.5465.png,,6.8
392,honest,0.3,0.65,13,0.0,1.0,0.0,tile_47.4065_8.5630_47.4100_8.5685.png,,6.8
393,honest,0.3,1.0,20,0.0,0.0,0.0,tile_47.4010_8.5410_47.4065_8.5465.png,,6.9
394,honest,0.3,1.0,20,0.0,0.0,0.0,tile_47.4010_8.5355_47.4065_8.5410.png,,6.8
395,honest,0.3,0.65,13,-15.0,1.0,0.0,tile_47.4065_8.5355_47.4100_8.5410.png,,6.7
396,honest,0.3,0.6,12,15.0,1.0,0.0,tile_47.4010_8.5575_47.4065_8.5630.png,,6.7
397,honest,0.3,0.5,10,-15.0,1.0,0.0,tile_47.4010_8.5685_47.4065_8.5700.png,,6.7
398,honest,0.3,0.55,11,15.0,1.0,0.0,tile_47.4065_8.5465_47.4100_8.5520.png,,6.8
399,honest,0.3,0.7,14,-15.0,1.0,0.0,tile_47.4010_8.5410_47.4065_8.5465.png,,6.8
400,honest,0.3,1.0,20,0.0,0.0,0.0,tile_47.4010_8.5520_47.4065_8.5575.png,,6.7
401,honest,0.3,0.6,12,15.0,1.0,0.0,tile_47.4065_8.5520_47.4100_8.5575.png,,6.8
402,honest,0.3,0.6,12,15.0,1.0,0.0,tile_47.4065_8.5520_47.4100_8.5575.png,,6.7
403,honest,0.3,0.55,11,0.0,1.0,0.0,tile_47.4010_8.5630_47.4065_8.5685.png,,6.7
404,honest,0.3,0.35,7,15.0,1.0,0.0,tile_47.3900_8.5465_47.3955_8.5520.png,,6.7
405,honest,0.3,0.65,13,-15.0,1.0,0.0,tile_47.3955_8.5410_47.4010_8.5465.png,,6.7
406,honest,0.3,1.0,20,-15.0,0.0,0.0,tile_47.3900_8.5410_47.3955_8.5465.png,,6.7
407,honest,0.3,1.0,20,-15.0,0.0,0.0,tile_47.4010_8.5685_47.4065_8.5700.png,,6.7
408,honest,0.3,0.5,10,0.0,1.0,0.0,tile_47.3955_8.5355_47.4010_8.5410.png,,6.8
409,honest,0.3,0.5,10,15.0,1.0,0.0,tile_47.4010_8.5685_47.4065_8.5700.png,,6.8
410,honest,0.3,1.0,20,0.0,0.0,0.0,tile_47.4010_8.5685_47.4065_8.5700.png,,6.7
411,honest,0.3,0.85,17,0.0,1.0,0.0,tile_47.3955_8.5685_47.4010_8.5700.png,,6.8
412,honest,0.3,1.0,20,-15.0,0.0,0.0,tile_47.4065_8.5685_47.4100_8.5700.png,,6.8
413,honest,0.3,0.65,13,15.0,1.0,0.0,tile_47.4010_8.5300_47.4065_8.5355.png,,6.7
414,honest,0.3,0.7,14,0.0,1.0,0.0,tile_47.4010_8.5410_47.4065_8.5465.png,,6.8
415,honest,0.3,0.5,10,15.0,1.0,0.0,tile_47.3900_8.5685_47.3955_8.5700.png,,6.7
416,honest,0.3,1.0,20,-15.0,0.0,0.0,tile_47.3955_8.5465_47.4010_8.5520.png,,6.7
417,honest,0.3,0.35,7,15.0,1.0,0.0,tile_47.4010_8.5520_47.4065_8.5575.png,,6.8
418,honest,0.3,0.65,13,15.0,1.0,0.0,tile_47.4010_8.5410_47.4065_8.5465.png,,6.7
419,honest,0.3,1.0,20,0.0,0.0,0.0,tile_47.4010_8.5685_47.4065_8.5700.png,,6.7
420,honest,0.3,1.0,20,15.0,0.0,0.0,tile_47.3955_8.5520_47.4010_8.5575.png,,6.8
421,honest,0.3,1.0,20,-15.0,0.0,0.0,tile_47.3900_8.5355_47.3955_8.5410.png,,6.7
422,honest,0.3,0.4,8,0.0,1.0,0.0,tile_47.3955_8.5300_47.4010_8.5355.png,,6.7
423,honest,0.3,1.0,20,15.0,0.0,0.0,tile_47.4010_8.5465_47.4065_8.5520.png,,6.7
424,honest,0.3,0.45,9,0.0,1.0,0.0,tile_47.4065_8.5410_47.4100_8.5465.png,,6.8
425,honest,0.3,1.0,20,15.0,0.0,0.0,tile_47.4010_8.5520_47.4065_8.5575.png,,6.8
426,honest,0.3,1.0,20,15.0,0.0,0.0,tile_47.4065_8.5575_47.4100_8.5630.png,,6.7
427,honest,0.3,0.5,10,15.0,1.0,0.0,tile_47.3955_8.5465_47.4010_8.5520.png,,6.7
428,honest,0.3,0.55,11,-15.0,1.0,0.0,tile_47.3900_8.5685_47.3955_8.5700.png,,6.8
429,honest,0.3,1.0,20,15.0,0.0,0.0,tile_47.3955_8.5410_47.4010_8.5465.png,,6.8
430,honest,0.3,0.6,12,-15.0,1.0,0.0,tile_47.4010_8.5630_47.4065_8.5685.png,,6.7
431,honest,0.3,0.65,13,15.0,1.0,0.0,tile_47.4010_8.5300_47.4065_8.5355.png,,6.8
432,honest,0.3,0.5,10,-15.0,1.0,0.0,tile_47.4010_8.5465_47.4065_8.5520.png,,6.7
433,honest,0.3,1.0,20,15.0,0.0,0.0,tile_47.3955_8.5355_47.4010_8.5410.png,,6.8
434,honest,0.3,0.4,8,-15.0,1.0,0.0,tile_47.3900_8.5355_47.3955_8.5410.png,,6.7
435,honest,0.3,1.0,20,-15.0,0.0,0.0,tile_47.3955_8.5575_47.4010_8.5630.png,,6.7
436,honest,0.3,0.75,15,15.0,1.0,0.0,tile_47.4065_8.5685_47.4100_8.5700.png,,6.8
437,honest,0.3,0.6,12,15.0,1.0,0.0,tile_47.4065_8.5630_47.4100_8.5685.png,,6.7
438,honest,0.3,0.15,3,-15.0,1.0,0.0,tile_47.4065_8.5575_47.4100_8.5630.png,,6.7
439,honest,0.3,1.0,20,-15.0,0.0,0.0,tile_47.4065_8.5520_47.4100_8.5575.png,,6.7
440,honest,0.3,0.8,16,0.0,1.0,0.0,tile_47.3955_8.5575_47.4010_8.5630.png,,6.6
441,honest,0.3,1.0,20,0.0,0.0,0.0,tile_47.4010_8.5520_47.4065_8.5575.png,,6.7
442,honest,0.3,0.4,8,15.0,1.0,0.0,tile_47.3955_8.5300_47.4010_8.5355.png,,6.7
443,honest,0.3,1.0,20,0.0,0.0,0.0,tile_47.3955_8.5685_47.4010_8.5700.png,,6.8
444,honest,0.3,1.0,20,0.0,0.0,0.0,tile_47.4065_8.5520_47.4100_8.5575.png,,6.7
445,honest,0.3,1.0,20,-15.0,0.0,0.0,tile_47.3900_8.5465_47.3955_8.5520.png,,6.7
446,honest,0.3,0.85,17,0.0,1.0,0.0,tile_47.3955_8.5685_47.4010_8.5700.png,,6.7
447,honest,0.3,0.7,14,-15.0,1.0,0.0,tile_47.3955_8.5520_47.4010_8.5575.png,,6.7
448,honest,0.3,0.65,13,-15.0,1.0,0.0,tile_47.4065_8.5685_47.4100_8.5700.png,,6.7
449,honest,0.3,0.65,13,0.0,1.0,0.0,tile_47.3900_8.5575_47.3955_8.5630.png,,6.7
450,honest,0.3,0.8,16,0.0,1.0,0.0,tile_47.3955_8.5575_47.4010_8.5630.png,,6.6
451,honest,0.3,0.35,7,15.0,1.0,0.0,tile_47.3900_8.5465_47.3955_8.5520.png,,6.8
452,honest,0.3,0.7,14,0.0,1.0,0.0,tile_47.4010_8.5410_47.4065_8.5465.png,,6.8
453,honest,0.3,1.0,20,15.0,0.0,0.0,tile_47.4065_8.5465_47.4100_8.5520.png,,6.7
454,honest,0.3,0.65,13,-15.0,1.0,0.0,tile_47.4065_8.5355_47.4100_8.5410.png,,6.7
455,honest,0.3,1.0,20,0.0,0.0,0.0,tile_47.3900_8.5465_47.3955_8.5520.png,,6.7
456,honest,0.3,1.0,20,15.0,0.0,0.0,tile_47.4010_8.5410_47.4065_8.5465.png,,6.7
457,honest,0.3,0.4,8,-15.0,1.0,0.0,tile_47.4010_8.5355_47.4065_8.5410.png,,6.7
458,honest,0.3,1.0,20,15.0,0.0,0.0,tile_47.3900_8.5630_47.3955_8.5685.png,,6.7
459,honest,0.3,0.5,10,0.0,1.0,0.0,tile_47.4010_8.5685_47.4065_8.5700.png,,6.8
460,honest,0.3,1.0,20,-15.0,0.0,0.0,tile_47.3900_8.5410_47.3955_8.5465.png,,6.8
461,honest,0.3,1.0,20,-15.0,0.0,0.0,tile_47.4010_8.5575_47.4065_8.5630.png,,6.8
462,honest,0.3,0.4,8,0.0,1.0,0.0,tile_47.3955_8.5300_47.4010_8.5355.png,,6.8
463,honest,0.3,0.65,13,0.0,1.0,0.0,tile_47.4065_8.5355_47.4100_8.5410.png,,6.9
464,honest,0.3,0.75,15,15.0,1.0,0.0,tile_47.4065_8.5685_47.4100_8.5700.png,,7.0
465,honest,0.3,0.45,9,15.0,1.0,0.0,tile_47.3900_8.5355_47.3955_8.5410.png,,7.0
466,honest,0.3,0.45,9,0.0,1.0,0.0,tile_47.4065_8.5410_47.4100_8.5465.png,,7.0
467,honest,0.3,0.6,12,15.0,1.0,0.0,tile_47.4065_8.5630_47.4100_8.5685.png,,7.1
468,honest,0.3,1.0,20,0.0,0.0,0.0,tile_47.4065_8.5630_47.4100_8.5685.png,,7.2
469,honest,0.3,0.8,16,-15.0,1.0,0.0,tile_47.3955_8.5685_47.4010_8.5700.png,,7.0
470,honest,0.3,1.0,20,-15.0,0.0,0.0,tile_47.3900_8.5355_47.3955_8.5410.png,,6.9
471,honest,0.3,0.5,10,0.0,1.0,0.0,tile_47.3955_8.5355_47.4010_8.5410.png,,6.9
472,honest,0.3,1.0,20,0.0,0.0,0.0,tile_47.4065_8.5630_47.4100_8.5685.png,,6.9
473,honest,0.3,1.0,20,15.0,0.0,0.0,tile_47.3955_8.5575_47.4010_8.5630.png,,6.7
474,honest,0.3,0.35,7,15.0,1.0,0.0,tile_47.4065_8.5300_47.4100_8.5355.png,,6.8
475,honest,0.3,1.0,20,0.0,0.0,0.0,tile_47.4010_8.5575_47.4065_8.5630.png,,6.7
476,honest,0.3,0.6,12,15.0,1.0,0.0,tile_47.4065_8.5630_47.4100_8.5685.png,,6.8
477,honest,0.3,1.0,20,-15.0,0.0,0.0,tile_47.4010_8.5465_47.4065_8.5520.png,,6.8
478,honest,0.3,0.75,15,-15.0,1.0,0.0,tile_47.3955_8.5575_47.4010_8.5630.png,,6.6
479,honest,0.3,0.6,12,15.0,1.0,0.0,tile_47.4065_8.5630_47.4100_8.5685.png,,6.9
480,honest,0.3,0.5,10,0.0,1.0,0.0,tile_47.3900_8.5685_47.3955_8.5700.png,,6.9
481,honest,0.3,0.6,12,15.0,1.0,0.0,tile_47.4010_8.5630_47.4065_8.5685.png,,6.8
482,honest,0.3,0.7,14,-15.0,1.0,0.0,tile_47.4010_8.5410_47.4065_8.5465.png,,6.7
483,honest,0.3,1.0,20,15.0,0.0,0.0,tile_47.4065_8.5520_47.4100_8.5575.png,,6.7
484,honest,0.3,0.8,16,15.0,1.0,0.0,tile_47.3955_8.5575_47.4010_8.5630.png,,6.5
485,honest,0.3,0.4,8,-15.0,1.0,0.0,tile_47.3955_8.5300_47.4010_8.5355.png,,6.7
486,honest,0.3,1.0,20,-15.0,0.0,0.0,tile_47.3900_8.5465_47.3955_8.5520.png,,6.6
487,honest,0.3,1.0,20,15.0,0.0,0.0,tile_47.3900_8.5465_47.3955_8.5520.png,,6.6
488,honest,0.3,0.65,13,-15.0,1.0,0.0,tile_47.4065_8.5630_47.4100_8.5685.png,,6.6
489,honest,0.3,1.0,20,-15.0,0.0,0.0,tile_47.3955_8.5410_47.4010_8.5465.png,,6.6
490,honest,0.3,0.75,15,0.0,1.0,0.0,tile_47.3955_8.5520_47.4010_8.5575.png,,6.7
491,honest,0.3,0.35,7,0.0,1.0,0.0,tile_47.3900_8.5465_47.3955_8.5520.png,,6.8
492,honest,0.3,1.0,20,-15.0,0.0,0.0,tile_47.3955_8.5465_47.4010_8.5520.png,,6.7
493,honest,0.3,1.0,20,0.0,0.0,0.0,tile_47.4065_8.5355_47.4100_8.5410.png,,6.6
494,honest,0.3,1.0,20,0.0,0.0,0.0,tile_47.3900_8.5410_47.3955_8.5465.png,,6.6
495,honest,0.3,0.5,10,-15.0,1.0,0.0,tile_47.4010_8.5575_47.4065_8.5630.png,,6.7
496,honest,0.3,0.4,8,0.0,1.0,0.0,tile_47.3955_8.5300_47.4010_8.5355.png,,6.6
497,honest,0.3,0.75,15,15.0,1.0,0.0,tile_47.3955_8.5520_47.4010_8.5575.png,,6.9
498,honest,0.3,0.15,3,-15.0,1.0,0.0,tile_47.4065_8.5575_47.4100_8.5630.png,,6.8
499,honest,0.3,0.55,11,15.0,1.0,0.0,tile_47.3900_8.5300_47.3955_8.5355.png,,6.7
500,byzantine,0.3,0.0,0,15.0,1.0,0.0,tile_47.3955_8.5520_47.4010_8.5575.png,tile_47.3900_8.5575_47.3955_8.5630.png,6.7
501,byzantine,0.3,0.0,0,15.0,1.0,0.0,tile_47.4010_8.5520_47.4065_8.5575.png,tile_47.3900_8.5410_47.3955_8.5465.png,6.9
502,byzantine,0.3,0.0,0,0.0,0.0,0.0,tile_47.3955_8.5300_47.4010_8.5355.png,tile_47.4010_8.5300_47.4065_8.5355.png,6.8
503,byzantine,0.3,0.0,0,0.0,0.0,0.0,tile_47.4010_8.5300_47.4065_8.5355.png,tile_47.3955_8.5520_47.4010_8.5575.png,6.7
504,byzantine,0.3,0.0,0,-15.0,1.0,0.0,tile_47.4010_8.5575_47.4065_8.5630.png,tile_47.3955_8.5355_47.4010_8.5410.png,6.8
505,byzantine,0.3,0.05,1,15.0,0.0,0.0,tile_47.4010_8.5685_47.4065_8.5700.png,tile_47.4010_8.5630_47.4065_8.5685.png,7.0
506,byzantine,0.3,0.0,0,-15.0,0.0,0.0,tile_47.4065_8.5575_47.4100_8.5630.png,tile_47.3955_8.5355_47.4010_8.5410.png,6.9
507,byzantine,0.3,0.0,0,-15.0,1.0,0.0,tile_47.3900_8.5685_47.3955_8.5700.png,tile_47.4010_8.5575_47.4065_8.5630.png,6.9
508,byzantine,0.3,0.0,0,0.0,1.0,0.0,tile_47.3955_8.5630_47.4010_8.5685.png,tile_47.4065_8.5685_47.4100_8.5700.png,6.8
509,byzantine,0.3,0.0,0,-15.0,1.0,0.0,tile_47.4065_8.5575_47.4100_8.5630.png,tile_47.4010_8.5685_47.4065_8.5700.png,6.8
510,byzantine,0.3,0.0,0,15.0,1.0,0.0,tile_47.4065_8.5630_47.4100_8.5685.png,tile_47.4065_8.5300_47.4100_8.5355.png,6.8
511,byzantine,0.3,0.0,0,15.0,0.0,0.0,tile_47.3900_8.5575_47.3955_8.5630.png,tile_47.4010_8.5355_47.4065_8.5410.png,6.7
512,byzantine,0.3,0.0,0,0.0,1.0,0.0,tile_47.3900_8.5685_47.3955_8.5700.png,tile_47.3900_8.5355_47.3955_8.5410.png,6.8
513,byzantine,0.3,0.05,1,15.0,0.0,0.0,tile_47.3955_8.5410_47.4010_8.5465.png,tile_47.3955_8.5465_47.4010_8.5520.png,6.8
514,byzantine,0.3,0.0,0,15.0,1.0,0.0,tile_47.3955_8.5575_47.4010_8.5630.png,tile_47.4010_8.5685_47.4065_8.5700.png,6.7
515,byzantine,0.3,0.0,0,15.0,1.0,0.0,tile_47.4065_8.5520_47.4100_8.5575.png,tile_47.4065_8.5355_47.4100_8.5410.png,6.7
516,byzantine,0.3,0.0,0,-15.0,1.0,0.0,tile_47.4065_8.5410_47.4100_8.5465.png,tile_47.3955_8.5630_47.4010_8.5685.png,6.7
517,byzantine,0.3,0.0,0,15.0,0.0,0.0,tile_47.4010_8.5465_47.4065_8.5520.png,tile_47.4065_8.5300_47.4100_8.5355.png,6.7
518,byzantine,0.3,0.0,0,-15.0,1.0,0.0,tile_47.3900_8.5300_47.3955_8.5355.png,tile_47.4065_8.5300_47.4100_8.5355.png,6.8
519,byzantine,0.3,0.0,0,-15.0,0.0,0.0,tile_47.4065_8.5465_47.4100_8.5520.png,tile_47.3955_8.5465_47.4010_8.5520.png,6.7
520,byzantine,0.3,0.0,0,15.0,0.0,0.0,tile_47.3900_8.5520_47.3955_8.5575.png,tile_47.4065_8.5630_47.4100_8.5685.png,6.7
521,byzantine,0.3,0.0,0,0.0,0.0,0.0,tile_47.4065_8.5410_47.4100_8.5465.png,tile_47.3900_8.5575_47.3955_8.5630.png,6.8
522,byzantine,0.3,0.0,0,-15.0,1.0,0.0,tile_47.4065_8.5300_47.4100_8.5355.png,tile_47.3955_8.5630_47.4010_8.5685.png,6.7
523,byzantine,0.3,0.0,0,0.0,1.0,0.0,tile_47.3955_8.5300_47.4010_8.5355.png,tile_47.4010_8.5575_47.4065_8.5630.png,6.7
524,byzantine,0.3,0.0,0,0.0,0.0,0.0,tile_47.4065_8.5355_47.4100_8.5410.png,tile_47.4010_8.5300_47.4065_8.5355.png,6.7
525,byzantine,0.3,0.0,0,-15.0,0.0,0.0,tile_47.3900_8.5355_47.3955_8.5410.png,tile_47.3955_8.5410_47.4010_8.5465.png,6.7
526,byzantine,0.3,0.05,1,0.0,1.0,0.0,tile_47.3955_8.5630_47.4010_8.5685.png,tile_47.3900_8.5685_47.3955_8.5700.png,6.7
527,byzantine,0.3,0.0,0,0.0,1.0,0.0,tile_47.4010_8.5355_47.4065_8.5410.png,tile_47.3900_8.5630_47.3955_8.5685.png,6.8
528,byzantine,0.3,0.05,1,15.0,0.0,0.0,tile_47.4065_8.5410_47.4100_8.5465.png,tile_47.4010_8.5465_47.4065_8.5520.png,6.7
529,byzantine,0.3,0.0,0,-15.0,0.0,0.0,tile_47.3900_8.5520_47.3955_8.5575.png,tile_47.3900_8.5465_47.3955_8.5520.png,6.7
530,byzantine,0.3,0.0,0,15.0,0.0,0.0,tile_47.3900_8.5465_47.3955_8.5520.png,tile_47.3955_8.5300_47.4010_8.5355.png,6.7
531,byzantine,0.3,0.0,0,15.0,0.0,0.0,tile_47.4065_8.5520_47.4100_8.5575.png,tile_47.3900_8.5685_47.3955_8.5700.png,6.7
532,byzantine,0.3,0.0,0,15.0,0.0,0.0,tile_47.3955_8.5300_47.4010_8.5355.png,tile_47.4010_8.5355_47.4065_8.5410.png,6.7
533,byzantine,0.3,0.0,0,0.0,0.0,0.0,tile_47.4010_8.5520_47.4065_8.5575.png,tile_47.3900_8.5685_47.3955_8.5700.png,6.7
534,byzantine,0.3,0.0,0,0.0,0.0,0.0,tile_47.4065_8.5410_47.4100_8.5465.png,tile_47.3955_8.5355_47.4010_8.5410.png,6.7
535,byzantine,0.3,0.0,0,0.0,0.0,0.0,tile_47.4065_8.5465_47.4100_8.5520.png,tile_47.4010_8.5355_47.4065_8.5410.png,6.7
536,byzantine,0.3,0.0,0,0.0,0.0,0.0,tile_47.4065_8.5300_47.4100_8.5355.png,tile_47.4065_8.5410_47.4100_8.5465.png,6.7
537,byzantine,0.3,0.0,0,15.0,1.0,0.0,tile_47.4065_8.5410_47.4100_8.5465.png,tile_47.3900_8.5520_47.3955_8.5575.png,6.8
538,byzantine,0.3,0.0,0,0.0,1.0,0.0,tile_47.4065_8.5630_47.4100_8.5685.png,tile_47.3900_8.5685_47.3955_8.5700.png,6.7
539,byzantine,0.3,0.0,0,-15.0,1.0,0.0,tile_47.4065_8.5575_47.4100_8.5630.png,tile_47.4065_8.5630_47.4100_8.5685.png,7.1
540,byzantine,0.3,0.0,0,-15.0,1.0,0.0,tile_47.3955_8.5300_47.4010_8.5355.png,tile_47.3955_8.5575_47.4010_8.5630.png,7.0
541,byzantine,0.3,0.0,0,-15.0,1.0,0.0,tile_47.4010_8.5575_47.4065_8.5630.png,tile_47.4010_8.5520_47.4065_8.5575.png,7.0
542,byzantine,0.3,0.0,0,-15.0,1.0,0.0,tile_47.3900_8.5575_47.3955_8.5630.png,tile_47.4010_8.5410_47.4065_8.5465.png,7.0
543,byzantine,0.3,0.05,1,15.0,0.0,0.0,tile_47.4010_8.5355_47.4065_8.5410.png,tile_47.3955_8.5520_47.4010_8.5575.png,7.0
544,byzantine,0.3,0.0,0,15.0,0.0,0.0,tile_47.3955_8.5520_47.4010_8.5575.png,tile_47.4065_8.5410_47.4100_8.5465.png,7.0
545,byzantine,0.3,0.0,0,15.0,0.0,0.0,tile_47.3955_8.5575_47.4010_8.5630.png,tile_47.4065_8.5520_47.4100_8.5575.png,6.9
546,byzantine,0.3,0.0,0,0.0,1.0,0.0,tile_47.3955_8.5575_47.4010_8.5630.png,tile_47.4065_8.5630_47.4100_8.5685.png,7.1
547,byzantine,0.3,0.0,0,-15.0,0.0,0.0,tile_47.3955_8.5685_47.4010_8.5700.png,tile_47.4010_8.5685_47.4065_8.5700.png,7.0
548,byzantine,0.3,0.0,0,15.0,0.0,0.0,tile_47.3955_8.5685_47.4010_8.5700.png,tile_47.4010_8.5410_47.4065_8.5465.png,7.0
549,byzantine,0.3,0.0,0,0.0,1.0,0.0,tile_47.4065_8.5575_47.4100_8.5630.png,tile_47.4010_8.5355_47.4065_8.5410.png,7.0
550,byzantine,0.3,0.0,0,15.0,1.0,0.0,tile_47.4010_8.5300_47.4065_8.5355.png,tile_47.3955_8.5465_47.4010_8.5520.png,7.1
551,byzantine,0.3,0.0,0,15.0,1.0,0.0,tile_47.3900_8.5630_47.3955_8.5685.png,tile_47.4065_8.5410_47.4100_8.5465.png,7.0
552,byzantine,0.3,0.0,0,15.0,1.0,0.0,tile_47.3955_8.5575_47.4010_8.5630.png,tile_47.3955_8.5465_47.4010_8.5520.png,7.0
553,byzantine,0.3,0.0,0,0.0,1.0,0.0,tile_47.3955_8.5630_47.4010_8.5685.png,tile_47.4065_8.5300_47.4100_8.5355.png,7.0
554,byzantine,0.3,0.0,0,-15.0,0.0,0.0,tile_47.4065_8.5410_47.4100_8.5465.png,tile_47.3955_8.5355_47.4010_8.5410.png,7.0
555,byzantine,0.3,0.0,0,-15.0,0.0,0.0,tile_47.3955_8.5630_47.4010_8.5685.png,tile_47.3955_8.5520_47.4010_8.5575.png,7.0
556,byzantine,0.3,0.0,0,15.0,0.0,0.0,tile_47.4010_8.5575_47.4065_8.5630.png,tile_47.3955_8.5300_47.4010_8.5355.png,7.0
557,byzantine,0.3,0.0,0,0.0,1.0,0.0,tile_47.3955_8.5410_47.4010_8.5465.png,tile_47.4065_8.5300_47.4100_8.5355.png,7.1
558,byzantine,0.3,0.0,0,0.0,0.0,0.0,tile_47.4065_8.5685_47.4100_8.5700.png,tile_47.3900_8.5575_47.3955_8.5630.png,7.0
559,byzantine,0.3,0.0,0,15.0,0.0,0.0,tile_47.3900_8.5520_47.3955_8.5575.png,tile_47.4065_8.5685_47.4100_8.5700.png,7.1
560,byzantine,0.3,0.0,0,15.0,0.0,0.0,tile_47.4065_8.5410_47.4100_8.5465.png,tile_47.3900_8.5520_47.3955_8.5575.png,7.0
561,byzantine,0.3,0.0,0,15.0,0.0,0.0,tile_47.3955_8.5355_47.4010_8.5410.png,tile_47.3900_8.5300_47.3955_8.5355.png,7.2
562,byzantine,0.3,0.0,0,-15.0,1.0,0.0,tile_47.3900_8.5465_47.3955_8.5520.png,tile_47.4010_8.5520_47.4065_8.5575.png,7.2
563,byzantine,0.3,0.0,0,15.0,1.0,0.0,tile_47.3900_8.5355_47.3955_8.5410.png,tile_47.3900_8.5300_47.3955_8.5355.png,7.2
564,byzantine,0.3,0.0,0,15.0,1.0,0.0,tile_47.3900_8.5355_47.3955_8.5410.png,tile_47.4010_8.5355_47.4065_8.5410.png,7.0
565,byzantine,0.3,0.0,0,15.0,1.0,0.0,tile_47.3900_8.5355_47.3955_8.5410.png,tile_47.4010_8.5355_47.4065_8.5410.png,7.2
566,byzantine,0.3,0.0,0,15.0,1.0,0.0,tile_47.3900_8.5630_47.3955_8.5685.png,tile_47.4065_8.5630_47.4100_8.5685.png,7.1
567,byzantine,0.3,0.0,0,-15.0,0.0,0.0,tile_47.3955_8.5520_47.4010_8.5575.png,tile_47.4010_8.5520_47.4065_8.5575.png,7.0
568,byzantine,0.3,0.0,0,15.0,1.0,0.0,tile_47.4010_8.5355_47.4065_8.5410.png,tile_47.4065_8.5410_47.4100_8.5465.png,7.0
569,byzantine,0.3,0.0,0,0.0,0.0,0.0,tile_47.4065_8.5355_47.4100_8.5410.png,tile_47.3955_8.5630_47.4010_8.5685.png,7.0
570,byzantine,0.3,0.0,0,15.0,0.0,0.0,tile_47.4010_8.5465_47.4065_8.5520.png,tile_47.4010_8.5630_47.4065_8.5685.png,7.0
571,byzantine,0.3,0.0,0,-15.0,0.0,0.0,tile_47.4065_8.5355_47.4100_8.5410.png,tile_47.3955_8.5520_47.4010_8.5575.png,7.0
572,byzantine,0.3,0.0,0,0.0,1.0,0.0,tile_47.3900_8.5300_47.3955_8.5355.png,tile_47.4010_8.5685_47.4065_8.5700.png,7.0
573,byzantine,0.3,0.0,0,-15.0,0.0,0.0,tile_47.4065_8.5465_47.4100_8.5520.png,tile_47.4010_8.5520_47.4065_8.5575.png,7.0
574,byzantine,0.3,0.0,0,0.0,0.0,0.0,tile_47.3955_8.5630_47.4010_8.5685.png,tile_47.3900_8.5630_47.3955_8.5685.png,7.0
575,byzantine,0.3,0.0,0,15.0,1.0,0.0,tile_47.3900_8.5410_47.3955_8.5465.png,tile_47.4065_8.5630_47.4100_8.5685.png,7.1
576,byzantine,0.3,0.0,0,-15.0,1.0,0.0,tile_47.3955_8.5465_47.4010_8.5520.png,tile_47.4065_8.5630_47.4100_8.5685.png,7.1
577,byzantine,0.3,0.0,0,0.0,0.0,0.0,tile_47.3955_8.5355_47.4010_8.5410.png,tile_47.4065_8.5355_47.4100_8.5410.png,7.0
578,byzantine,0.3,0.0,0,15.0,1.0,0.0,tile_47.4010_8.5465_47.4065_8.5520.png,tile_47.3900_8.5575_47.3955_8.5630.png,7.0
579,byzantine,0.3,0.0,0,15.0,0.0,0.0,tile_47.4010_8.5575_47.4065_8.5630.png,tile_47.3955_8.5520_47.4010_8.5575.png,7.0
580,byzantine,0.3,0.0,0,15.0,0.0,0.0,tile_47.4010_8.5630_47.4065_8.5685.png,tile_47.3900_8.5355_47.3955_8.5410.png,7.0
581,byzantine,0.3,0.0,0,-15.0,1.0,0.0,tile_47.3900_8.5520_47.3955_8.5575.png,tile_47.3955_8.5465_47.4010_8.5520.png,7.0
582,byzantine,0.3,0.0,0,15.0,1.0,0.0,tile_47.3900_8.5355_47.3955_8.5410.png,tile_47.4010_8.5575_47.4065_8.5630.png,7.0
583,byzantine,0.3,0.0,0,0.0,1.0,0.0,tile_47.3955_8.5630_47.4010_8.5685.png,tile_47.3955_8.5465_47.4010_8.5520.png,7.1
584,byzantine,0.3,0.0,0,15.0,1.0,0.0,tile_47.3955_8.5465_47.4010_8.5520.png,tile_47.4010_8.5630_47.4065_8.5685.png,7.0
585,byzantine,0.3,0.05,1,15.0,1.0,0.0,tile_47.4010_8.5410_47.4065_8.5465.png,tile_47.4065_8.5410_47.4100_8.5465.png,7.1
586,byzantine,0.3,0.0,0,-15.0,0.0,0.0,tile_47.4010_8.5355_47.4065_8.5410.png,tile_47.3900_8.5520_47.3955_8.5575.png,7.0
587,byzantine,0.3,0.0,0,0.0,0.0,0.0,tile_47.4010_8.5520_47.4065_8.5575.png,tile_47.3955_8.5465_47.4010_8.5520.png,7.0
588,byzantine,0.3,0.0,0,-15.0,0.0,0.0,tile_47.4010_8.5465_47.4065_8.5520.png,tile_47.3955_8.5630_47.4010_8.5685.png,7.0
589,byzantine,0.3,0.0,0,0.0,1.0,0.0,tile_47.3955_8.5300_47.4010_8.5355.png,tile_47.3900_8.5410_47.3955_8.5465.png,7.1
590,byzantine,0.3,0.0,0,-15.0,1.0,0.0,tile_47.4065_8.5410_47.4100_8.5465.png,tile_47.3900_8.5465_47.3955_8.5520.png,7.1
591,byzantine,0.3,0.0,0,-15.0,0.0,0.0,tile_47.3900_8.5575_47.3955_8.5630.png,tile_47.4010_8.5520_47.4065_8.5575.png,7.4
592,byzantine,0.3,0.0,0,15.0,1.0,0.0,tile_47.3900_8.5300_47.3955_8.5355.png,tile_47.3955_8.5410_47.4010_8.5465.png,7.0
593,byzantine,0.3,0.0,0,0.0,1.0,0.0,tile_47.3955_8.5685_47.4010_8.5700.png,tile_47.4010_8.5465_47.4065_8.5520.png,7.0
594,byzantine,0.3,0.0,0,15.0,0.0,0.0,tile_47.3955_8.5410_47.4010_8.5465.png,tile_47.3900_8.5520_47.3955_8.5575.png,7.0
595,byzantine,0.3,0.0,0,0.0,1.0,0.0,tile_47.4065_8.5685_47.4100_8.5700.png,tile_47.3900_8.5520_47.3955_8.5575.png,7.0
596,byzantine,0.3,0.0,0,-15.0,0.0,0.0,tile_47.4010_8.5355_47.4065_8.5410.png,tile_47.3955_8.5575_47.4010_8.5630.png,6.9
597,byzantine,0.3,0.0,0,0.0,1.0,0.0,tile_47.4010_8.5685_47.4065_8.5700.png,tile_47.3955_8.5300_47.4010_8.5355.png,7.1
598,byzantine,0.3,0.0,0,-15.0,1.0,0.0,tile_47.4065_8.5575_47.4100_8.5630.png,tile_47.3900_8.5465_47.3955_8.5520.png,7.0
599,byzantine,0.3,0.0,0,-15.0,1.0,0.0,tile_47.4065_8.5355_47.4100_8.5410.png,tile_47.3955_8.5410_47.4010_8.5465.png,7.0
600,byzantine,0.3,0.0,0,15.0,1.0,0.0,tile_47.4065_8.5520_47.4100_8.5575.png,tile_47.3955_8.5410_47.4010_8.5465.png,7.0
601,byzantine,0.3,0.0,0,0.0,0.0,0.0,tile_47.4010_8.5520_47.4065_8.5575.png,tile_47.4010_8.5465_47.4065_8.5520.png,7.0
602,byzantine,0.3,0.0,0,15.0,0.0,0.0,tile_47.4010_8.5520_47.4065_8.5575.png,tile_47.3900_8.5575_47.3955_8.5630.png,7.0
603,byzantine,0.3,0.0,0,0.0,1.0,0.0,tile_47.4065_8.5685_47.4100_8.5700.png,tile_47.4065_8.5630_47.4100_8.5685.png,7.0
604,byzantine,0.3,0.0,0,15.0,0.0,0.0,tile_47.4065_8.5300_47.4100_8.5355.png,tile_47.3955_8.5300_47.4010_8.5355.png,7.0
605,byzantine,0.3,0.0,0,0.0,1.0,0.0,tile_47.3955_8.5520_47.4010_8.5575.png,tile_47.4010_8.5465_47.4065_8.5520.png,7.3
606,byzantine,0.3,0.0,0,15.0,0.0,0.0,tile_47.4065_8.5575_47.4100_8.5630.png,tile_47.4065_8.5685_47.4100_8.5700.png,7.6
607,byzantine,0.3,0.0,0,15.0,0.0,0.0,tile_47.4010_8.5410_47.4065_8.5465.png,tile_47.4065_8.5465_47.4100_8.5520.png,7.0
608,byzantine,0.3,0.0,0,15.0,0.0,0.0,tile_47.4065_8.5685_47.4100_8.5700.png,tile_47.3900_8.5520_47.3955_8.5575.png,7.0
609,byzantine,0.3,0.0,0,15.0,1.0,0.0,tile_47.4010_8.5300_47.4065_8.5355.png,tile_47.4010_8.5630_47.4065_8.5685.png,7.1
610,byzantine,0.3,0.0,0,-15.0,1.0,0.0,tile_47.3900_8.5520_47.3955_8.5575.png,tile_47.3955_8.5685_47.4010_8.5700.png,6.9
611,byzantine,0.3,0.0,0,15.0,1.0,0.0,tile_47.4065_8.5410_47.4100_8.5465.png,tile_47.4010_8.5355_47.4065_8.5410.png,7.0
612,byzantine,0.3,0.0,0,-15.0,1.0,0.0,tile_47.3900_8.5630_47.3955_8.5685.png,tile_47.4065_8.5355_47.4100_8.5410.png,7.0
613,byzantine,0.3,0.0,0,-15.0,1.0,0.0,tile_47.3900_8.5410_47.3955_8.5465.png,tile_47.4010_8.5465_47.4065_8.5520.png,7.0
614,byzantine,0.3,0.0,0,15.0,1.0,0.0,tile_47.4065_8.5465_47.4100_8.5520.png,tile_47.3900_8.5465_47.3955_8.5520.png,7.0
615,byzantine,0.3,0.0,0,-15.0,0.0,0.0,tile_47.3955_8.5630_47.4010_8.5685.png,tile_47.4010_8.5355_47.4065_8.5410.png,7.0
616,byzantine,0.3,0.0,0,15.0,0.0,0.0,tile_47.4010_8.5685_47.4065_8.5700.png,tile_47.3955_8.5520_47.4010_8.5575.png,7.0
617,byzantine,0.3,0.0,0,0.0,0.0,0.0,tile_47.3900_8.5355_47.3955_8.5410.png,tile_47.4010_8.5300_47.4065_8.5355.png,7.0
618,byzantine,0.3,0.0,0,-15.0,1.0,0.0,tile_47.3900_8.5575_47.3955_8.5630.png,tile_47.3900_8.5465_47.3955_8.5520.png,7.0
619,byzantine,0.3,0.0,0,15.0,0.0,0.0,tile_47.4010_8.5465_47.4065_8.5520.png,tile_47.3955_8.5410_47.4010_8.5465.png,7.0
620,byzantine,0.3,0.0,0,0.0,0.0,0.0,tile_47.4010_8.5630_47.4065_8.5685.png,tile_47.3955_8.5685_47.4010_8.5700.png,7.1
621,byzantine,0.3,0.0,0,-15.0,1.0,0.0,tile_47.4010_8.5520_47.4065_8.5575.png,tile_47.3900_8.5410_47.3955_8.5465.png,7.3
622,byzantine,0.3,0.0,0,0.0,0.0,0.0,tile_47.3900_8.5355_47.3955_8.5410.png,tile_47.4065_8.5520_47.4100_8.5575.png,7.3
623,byzantine,0.3,0.0,0,0.0,0.0,0.0,tile_47.3955_8.5685_47.4010_8.5700.png,tile_47.4010_8.5355_47.4065_8.5410.png,7.3
624,byzantine,0.3,0.0,0,-15.0,0.0,0.0,tile_47.4065_8.5465_47.4100_8.5520.png,tile_47.4065_8.5685_47.4100_8.5700.png,7.1
625,byzantine,0.3,0.0,0,0.0,0.0,0.0,tile_47.3955_8.5465_47.4010_8.5520.png,tile_47.3900_8.5575_47.3955_8.5630.png,7.1
626,byzantine,0.3,0.0,0,15.0,1.0,0.0,tile_47.3900_8.5355_47.3955_8.5410.png,tile_47.4065_8.5300_47.4100_8.5355.png,7.3
627,byzantine,0.3,0.0,0,15.0,0.0,0.0,tile_47.4065_8.5465_47.4100_8.5520.png,tile_47.3955_8.5520_47.4010_8.5575.png,7.5
628,byzantine,0.3,0.0,0,-15.0,0.0,0.0,tile_47.4010_8.5355_47.4065_8.5410.png,tile_47.4065_8.5355_47.4100_8.5410.png,7.8
629,byzantine,0.3,0.0,0,15.0,0.0,0.0,tile_47.3955_8.5465_47.4010_8.5520.png,tile_47.3955_8.5520_47.4010_8.5575.png,7.5
630,byzantine,0.3,0.0,0,0.0,0.0,0.0,tile_47.3900_8.5685_47.3955_8.5700.png,tile_47.3955_8.5355_47.4010_8.5410.png,7.4
631,byzantine,0.3,0.0,0,15.0,1.0,0.0,tile_47.4065_8.5300_47.4100_8.5355.png,tile_47.4010_8.5465_47.4065_8.5520.png,7.0
632,byzantine,0.3,0.0,0,0.0,0.0,0.0,tile_47.4010_8.5630_47.4065_8.5685.png,tile_47.4065_8.5520_47.4100_8.5575.png,7.1
633,byzantine,0.3,0.0,0,0.0,0.0,0.0,tile_47.3900_8.5575_47.3955_8.5630.png,tile_47.4010_8.5630_47.4065_8.5685.png,7.0
634,byzantine,0.3,0.0,0,-15.0,1.0,0.0,tile_47.3955_8.5685_47.4010_8.5700.png,tile_47.3955_8.5355_47.4010_8.5410.png,7.0
635,byzantine,0.3,0.0,0,-15.0,0.0,0.0,tile_47.3955_8.5355_47.4010_8.5410.png,tile_47.4010_8.5355_47.4065_8.5410.png,6.9
636,byzantine,0.3,0.0,0,0.0,1.0,0.0,tile_47.4065_8.5300_47.4100_8.5355.png,tile_47.3955_8.5575_47.4010_8.5630.png,7.0
637,byzantine,0.3,0.0,0,-15.0,1.0,0.0,tile_47.3955_8.5410_47.4010_8.5465.png,tile_47.4010_8.5300_47.4065_8.5355.png,7.0
638,byzantine,0.3,0.0,0,0.0,0.0,0.0,tile_47.4010_8.5520_47.4065_8.5575.png,tile_47.4065_8.5465_47.4100_8.5520.png,7.0
639,byzantine,0.3,0.0,0,0.0,0.0,0.0,tile_47.3900_8.5300_47.3955_8.5355.png,tile_47.4010_8.5300_47.4065_8.5355.png,7.0
640,byzantine,0.3,0.0,0,-15.0,0.0,0.0,tile_47.4065_8.5685_47.4100_8.5700.png,tile_47.3955_8.5575_47.4010_8.5630.png,6.9
641,byzantine,0.3,0.0,0,15.0,1.0,0.0,tile_47.4065_8.5520_47.4100_8.5575.png,tile_47.3955_8.5685_47.4010_8.5700.png,7.0
642,byzantine,0.3,0.0,0,-15.0,0.0,0.0,tile_47.3955_8.5630_47.4010_8.5685.png,tile_47.3955_8.5355_47.4010_8.5410.png,7.0
643,byzantine,0.3,0.0,0,-15.0,1.0,0.0,tile_47.4010_8.5410_47.4065_8.5465.png,tile_47.3900_8.5575_47.3955_8.5630.png,7.0
644,byzantine,0.3,0.0,0,0.0,1.0,0.0,tile_47.3900_8.5685_47.3955_8.5700.png,tile_47.3955_8.5355_47.4010_8.5410.png,7.0
645,byzantine,0.3,0.0,0,15.0,1.0,0.0,tile_47.4065_8.5520_47.4100_8.5575.png,tile_47.4010_8.5355_47.4065_8.5410.png,7.0
646,byzantine,0.3,0.0,0,-15.0,1.0,0.0,tile_47.3955_8.5685_47.4010_8.5700.png,tile_47.3955_8.5355_47.4010_8.5410.png,6.9
647,byzantine,0.3,0.0,0,-15.0,1.0,0.0,tile_47.4010_8.5630_47.4065_8.5685.png,tile_47.4065_8.5520_47.4100_8.5575.png,7.0
648,byzantine,0.3,0.0,0,-15.0,1.0,0.0,tile_47.3955_8.5685_47.4010_8.5700.png,tile_47.3900_8.5630_47.3955_8.5685.png,7.0
649,byzantine,0.3,0.0,0,15.0,1.0,0.0,tile_47.3955_8.5410_47.4010_8.5465.png,tile_47.4010_8.5520_47.4065_8.5575.png,7.0
650,byzantine,0.3,0.0,0,-15.0,0.0,0.0,tile_47.3900_8.5465_47.3955_8.5520.png,tile_47.4010_8.5465_47.4065_8.5520.png,7.0
651,byzantine,0.3,0.0,0,0.0,1.0,0.0,tile_47.4010_8.5520_47.4065_8.5575.png,tile_47.4010_8.5685_47.4065_8.5700.png,7.0
652,byzantine,0.3,0.0,0,0.0,1.0,0.0,tile_47.3900_8.5630_47.3955_8.5685.png,tile_47.3900_8.5520_47.3955_8.5575.png,7.0
653,byzantine,0.3,0.0,0,0.0,0.0,0.0,tile_47.3955_8.5300_47.4010_8.5355.png,tile_47.4010_8.5685_47.4065_8.5700.png,7.0
654,byzantine,0.3,0.0,0,-15.0,0.0,0.0,tile_47.4010_8.5520_47.4065_8.5575.png,tile_47.4065_8.5465_47.4100_8.5520.png,7.0
655,byzantine,0.3,0.0,0,-15.0,1.0,0.0,tile_47.3955_8.5355_47.4010_8.5410.png,tile_47.4010_8.5465_47.4065_8.5520.png,7.0
656,byzantine,0.3,0.0,0,15.0,1.0,0.0,tile_47.4065_8.5300_47.4100_8.5355.png,tile_47.3955_8.5630_47.4010_8.5685.png,7.1
657,byzantine,0.3,0.0,0,-15.0,0.0,0.0,tile_47.4010_8.5355_47.4065_8.5410.png,tile_47.4010_8.5685_47.4065_8.5700.png,7.0
658,byzantine,0.3,0.0,0,0.0,1.0,0.0,tile_47.4010_8.5520_47.4065_8.5575.png,tile_47.4010_8.5410_47.4065_8.5465.png,7.0
659,byzantine,0.3,0.0,0,-15.0,0.0,0.0,tile_47.4010_8.5630_47.4065_8.5685.png,tile_47.4065_8.5520_47.4100_8.5575.png,7.0
660,byzantine,0.3,0.0,0,-15.0,1.0,0.0,tile_47.4065_8.5465_47.4100_8.5520.png,tile_47.4065_8.5410_47.4100_8.5465.png,7.0
661,byzantine,0.3,0.0,0,-15.0,1.0,0.0,tile_47.4010_8.5520_47.4065_8.5575.png,tile_47.4065_8.5465_47.4100_8.5520.png,7.0
662,byzantine,0.3,0.0,0,0.0,1.0,0.0,tile_47.4065_8.5685_47.4100_8.5700.png,tile_47.4065_8.5355_47.4100_8.5410.png,7.0
663,byzantine,0.3,0.0,0,0.0,0.0,0.0,tile_47.3900_8.5630_47.3955_8.5685.png,tile_47.4010_8.5575_47.4065_8.5630.png,7.0
664,byzantine,0.3,0.0,0,0.0,0.0,0.0,tile_47.3955_8.5410_47.4010_8.5465.png,tile_47.3955_8.5685_47.4010_8.5700.png,6.9
665,byzantine,0.3,0.0,0,0.0,0.0,0.0,tile_47.3955_8.5520_47.4010_8.5575.png,tile_47.4010_8.5685_47.4065_8.5700.png,7.0
666,byzantine,0.3,0.0,0,-15.0,1.0,0.0,tile_47.4010_8.5355_47.4065_8.5410.png,tile_47.3900_8.5410_47.3955_8.5465.png,7.1
667,byzantine,0.3,0.0,0,15.0,1.0,0.0,tile_47.3900_8.5575_47.3955_8.5630.png,tile_47.3955_8.5520_47.4010_8.5575.png,7.0
668,byzantine,0.3,0.0,0,15.0,0.0,0.0,tile_47.4065_8.5355_47.4100_8.5410.png,tile_47.4010_8.5520_47.4065_8.5575.png,7.0
669,byzantine,0.3,0.0,0,0.0,0.0,0.0,tile_47.3900_8.5575_47.3955_8.5630.png,tile_47.4010_8.5685_47.4065_8.5700.png,7.0
670,byzantine,0.3,0.05,1,-15.0,0.0,0.0,tile_47.4065_8.5630_47.4100_8.5685.png,tile_47.3900_8.5410_47.3955_8.5465.png,7.0
671,byzantine,0.3,0.0,0,-15.0,0.0,0.0,tile_47.3900_8.5300_47.3955_8.5355.png,tile_47.3900_8.5355_47.3955_8.5410.png,6.9
672,byzantine,0.3,0.0,0,15.0,1.0,0.0,tile_47.4065_8.5465_47.4100_8.5520.png,tile_47.4010_8.5630_47.4065_8.5685.png,7.0
673,byzantine,0.3,0.0,0,-15.0,1.0,0.0,tile_47.3955_8.5630_47.4010_8.5685.png,tile_47.3955_8.5520_47.4010_8.5575.png,7.0
674,byzantine,0.3,0.0,0,-15.0,0.0,0.0,tile_47.4010_8.5520_47.4065_8.5575.png,tile_47.3955_8.5465_47.4010_8.5520.png,7.1
675,byzantine,0.3,0.0,0,0.0,0.0,0.0,tile_47.3955_8.5300_47.4010_8.5355.png,tile_47.4010_8.5575_47.4065_8.5630.png,7.0
676,byzantine,0.3,0.0,0,15.0,0.0,0.0,tile_47.3900_8.5300_47.3955_8.5355.png,tile_47.4010_8.5520_47.4065_8.5575.png,7.0
677,byzantine,0.3,0.0,0,15.0,0.0,0.0,tile_47.4010_8.5630_47.4065_8.5685.png,tile_47.4065_8.5300_47.4100_8.5355.png,7.1
678,byzantine,0.3,0.0,0,-15.0,0.0,0.0,tile_47.4065_8.5520_47.4100_8.5575.png,tile_47.4065_8.5465_47.4100_8.5520.png,7.1
679,byzantine,0.3,0.0,0,-15.0,0.0,0.0,tile_47.3955_8.5300_47.4010_8.5355.png,tile_47.4065_8.5355_47.4100_8.5410.png,7.4
680,byzantine,0.3,0.0,0,-15.0,1.0,0.0,tile_47.4065_8.5465_47.4100_8.5520.png,tile_47.3955_8.5410_47.4010_8.5465.png,7.1
681,byzantine,0.3,0.0,0,-15.0,0.0,0.0,tile_47.3900_8.5575_47.3955_8.5630.png,tile_47.3955_8.5300_47.4010_8.5355.png,7.4
682,byzantine,0.3,0.0,0,15.0,1.0,0.0,tile_47.4010_8.5465_47.4065_8.5520.png,tile_47.3900_8.5630_47.3955_8.5685.png,7.1
683,byzantine,0.3,0.0,0,15.0,0.0,0.0,tile_47.4010_8.5410_47.4065_8.5465.png,tile_47.4010_8.5575_47.4065_8.5630.png,7.2
684,byzantine,0.3,0.0,0,-15.0,0.0,0.0,tile_47.4065_8.5300_47.4100_8.5355.png,tile_47.3900_8.5465_47.3955_8.5520.png,7.1
685,byzantine,0.3,0.0,0,-15.0,1.0,0.0,tile_47.3900_8.5300_47.3955_8.5355.png,tile_47.3955_8.5520_47.4010_8.5575.png,7.0
686,byzantine,0.3,0.05,1,0.0,0.0,0.0,tile_47.4065_8.5410_47.4100_8.5465.png,tile_47.3955_8.5465_47.4010_8.5520.png,7.0
687,byzantine,0.3,0.0,0,15.0,0.0,0.0,tile_47.3900_8.5520_47.3955_8.5575.png,tile_47.3900_8.5300_47.3955_8.5355.png,7.0
688,byzantine,0.3,0.0,0,15.0,0.0,0.0,tile_47.4010_8.5300_47.4065_8.5355.png,tile_47.3900_8.5630_47.3955_8.5685.png,6.9
689,byzantine,0.3,0.0,0,-15.0,0.0,0.0,tile_47.4010_8.5410_47.4065_8.5465.png,tile_47.4010_8.5575_47.4065_8.5630.png,7.0
690,byzantine,0.3,0.0,0,15.0,1.0,0.0,tile_47.4065_8.5355_47.4100_8.5410.png,tile_47.3900_8.5410_47.3955_8.5465.png,7.0
691,byzantine,0.3,0.0,0,15.0,0.0,0.0,tile_47.3900_8.5575_47.3955_8.5630.png,tile_47.3955_8.5410_47.4010_8.5465.png,6.9
692,byzantine,0.3,0.0,0,-15.0,0.0,0.0,tile_47.4010_8.5520_47.4065_8.5575.png,tile_47.3955_8.5520_47.4010_8.5575.png,7.0
693,byzantine,0.3,0.0,0,15.0,0.0,0.0,tile_47.4065_8.5465_47.4100_8.5520.png,tile_47.4010_8.5685_47.4065_8.5700.png,7.0
694,byzantine,0.3,0.0,0,-15.0,0.0,0.0,tile_47.3900_8.5575_47.3955_8.5630.png,tile_47.4065_8.5630_47.4100_8.5685.png,7.0
695,byzantine,0.3,0.0,0,0.0,0.0,0.0,tile_47.3900_8.5465_47.3955_8.5520.png,tile_47.3955_8.5410_47.4010_8.5465.png,6.9
696,byzantine,0.3,0.0,0,15.0,0.0,0.0,tile_47.3900_8.5300_47.3955_8.5355.png,tile_47.4010_8.5685_47.4065_8.5700.png,7.0
697,byzantine,0.3,0.0,0,-15.0,0.0,0.0,tile_47.4065_8.5685_47.4100_8.5700.png,tile_47.4065_8.5630_47.4100_8.5685.png,7.0
698,byzantine,0.3,0.0,0,0.0,1.0,0.0,tile_47.4010_8.5685_47.4065_8.5700.png,tile_47.3900_8.5520_47.3955_8.5575.png,7.0
699,byzantine,0.3,0.0,0,15.0,1.0,0.0,tile_47.3900_8.5355_47.3955_8.5410.png,tile_47.3955_8.5465_47.4010_8.5520.png,6.9
700,byzantine,0.3,0.0,0,0.0,1.0,0.0,tile_47.4010_8.5300_47.4065_8.5355.png,tile_47.4010_8.5685_47.4065_8.5700.png,6.9
701,byzantine,0.3,0.0,0,15.0,0.0,0.0,tile_47.4065_8.5575_47.4100_8.5630.png,tile_47.4010_8.5300_47.4065_8.5355.png,7.4
702,byzantine,0.3,0.0,0,0.0,0.0,0.0,tile_47.3955_8.5410_47.4010_8.5465.png,tile_47.3955_8.5520_47.4010_8.5575.png,7.4
703,byzantine,0.3,0.0,0,-15.0,1.0,0.0,tile_47.3900_8.5685_47.3955_8.5700.png,tile_47.3955_8.5300_47.4010_8.5355.png,7.4
704,byzantine,0.3,0.05,1,15.0,0.0,0.0,tile_47.3900_8.5300_47.3955_8.5355.png,tile_47.3955_8.5300_47.4010_8.5355.png,7.4
705,byzantine,0.3,0.0,0,-15.0,1.0,0.0,tile_47.4065_8.5300_47.4100_8.5355.png,tile_47.4065_8.5630_47.4100_8.5685.png,7.1
706,byzantine,0.3,0.0,0,-15.0,0.0,0.0,tile_47.4065_8.5410_47.4100_8.5465.png,tile_47.3900_8.5685_47.3955_8.5700.png,6.9
707,byzantine,0.3,0.0,0,0.0,0.0,0.0,tile_47.4010_8.5520_47.4065_8.5575.png,tile_47.3955_8.5300_47.4010_8.5355.png,7.0
708,byzantine,0.3,0.0,0,-15.0,1.0,0.0,tile_47.3900_8.5465_47.3955_8.5520.png,tile_47.3900_8.5630_47.3955_8.5685.png,7.0
709,byzantine,0.3,0.0,0,-15.0,0.0,0.0,tile_47.3900_8.5520_47.3955_8.5575.png,tile_47.4065_8.5575_47.4100_8.5630.png,7.0
710,byzantine,0.3,0.0,0,0.0,1.0,0.0,tile_47.4010_8.5520_47.4065_8.5575.png,tile_47.3900_8.5410_47.3955_8.5465.png,7.0
711,byzantine,0.3,0.0,0,15.0,1.0,0.0,tile_47.4010_8.5685_47.4065_8.5700.png,tile_47.3900_8.5630_47.3955_8.5685.png,7.0
712,byzantine,0.3,0.0,0,0.0,1.0,0.0,tile_47.4065_8.5575_47.4100_8.5630.png,tile_47.3955_8.5465_47.4010_8.5520.png,7.0
713,byzantine,0.3,0.0,0,15.0,1.0,0.0,tile_47.3955_8.5685_47.4010_8.5700.png,tile_47.3900_8.5520_47.3955_8.5575.png,7.0
714,byzantine,0.3,0.0,0,-15.0,1.0,0.0,tile_47.3955_8.5630_47.4010_8.5685.png,tile_47.4010_8.5410_47.4065_8.5465.png,7.0
715,byzantine,0.3,0.0,0,0.0,0.0,0.0,tile_47.3900_8.5300_47.3955_8.5355.png,tile_47.4065_8.5355_47.4100_8.5410.png,7.0
716,byzantine,0.3,0.15,3,15.0,1.0,0.0,tile_47.3900_8.5630_47.3955_8.5685.png,tile_47.3900_8.5685_47.3955_8.5700.png,7.0
717,byzantine,0.3,0.0,0,15.0,0.0,0.0,tile_47.4065_8.5685_47.4100_8.5700.png,tile_47.4065_8.5630_47.4100_8.5685.png,7.0
718,byzantine,0.3,0.0,0,-15.0,0.0,0.0,tile_47.3900_8.5575_47.3955_8.5630.png,tile_47.3900_8.5355_47.3955_8.5410.png,6.9
719,byzantine,0.3,0.0,0,-15.0,1.0,0.0,tile_47.4065_8.5575_47.4100_8.5630.png,tile_47.4010_8.5685_47.4065_8.5700.png,7.0
720,byzantine,0.3,0.0,0,-15.0,0.0,0.0,tile_47.4065_8.5355_47.4100_8.5410.png,tile_47.3900_8.5410_47.3955_8.5465.png,7.0
721,byzantine,0.3,0.0,0,15.0,0.0,0.0,tile_47.3955_8.5300_47.4010_8.5355.png,tile_47.3900_8.5685_47.3955_8.5700.png,6.9
722,byzantine,0.3,0.0,0,0.0,1.0,0.0,tile_47.4065_8.5355_47.4100_8.5410.png,tile_47.4010_8.5630_47.4065_8.5685.png,7.0
723,byzantine,0.3,0.0,0,15.0,1.0,0.0,tile_47.4065_8.5520_47.4100_8.5575.png,tile_47.3955_8.5300_47.4010_8.5355.png,7.0
724,byzantine,0.3,0.0,0,-15.0,0.0,0.0,tile_47.3955_8.5300_47.4010_8.5355.png,tile_47.4065_8.5355_47.4100_8.5410.png,7.2
725,byzantine,0.3,0.0,0,15.0,0.0,0.0,tile_47.3900_8.5630_47.3955_8.5685.png,tile_47.3900_8.5575_47.3955_8.5630.png,7.1
726,byzantine,0.3,0.0,0,0.0,1.0,0.0,tile_47.4065_8.5410_47.4100_8.5465.png,tile_47.3900_8.5465_47.3955_8.5520.png,7.0
727,byzantine,0.3,0.0,0,15.0,1.0,0.0,tile_47.4065_8.5520_47.4100_8.5575.png,tile_47.3955_8.5355_47.4010_8.5410.png,7.0
728,byzantine,0.3,0.0,0,0.0,1.0,0.0,tile_47.3900_8.5575_47.3955_8.5630.png,tile_47.3900_8.5630_47.3955_8.5685.png,6.9
729,byzantine,0.3,0.0,0,15.0,1.0,0.0,tile_47.3955_8.5575_47.4010_8.5630.png,tile_47.4065_8.5465_47.4100_8.5520.png,7.0
730,byzantine,0.3,0.0,0,0.0,0.0,0.0,tile_47.3955_8.5685_47.4010_8.5700.png,tile_47.4065_8.5685_47.4100_8.5700.png,7.0
731,byzantine,0.3,0.0,0,0.0,1.0,0.0,tile_47.4010_8.5465_47.4065_8.5520.png,tile_47.3955_8.5300_47.4010_8.5355.png,7.0
732,byzantine,0.3,0.0,0,-15.0,0.0,0.0,tile_47.4065_8.5520_47.4100_8.5575.png,tile_47.4010_8.5355_47.4065_8.5410.png,6.9
733,byzantine,0.3,0.0,0,15.0,0.0,0.0,tile_47.4065_8.5575_47.4100_8.5630.png,tile_47.3900_8.5465_47.3955_8.5520.png,7.0
734,byzantine,0.3,0.0,0,-15.0,0.0,0.0,tile_47.3900_8.5465_47.3955_8.5520.png,tile_47.4065_8.5465_47.4100_8.5520.png,7.0
735,byzantine,0.3,0.0,0,-15.0,0.0,0.0,tile_47.4065_8.5355_47.4100_8.5410.png,tile_47.3955_8.5465_47.4010_8.5520.png,7.0
736,byzantine,0.3,0.0,0,15.0,0.0,0.0,tile_47.3900_8.5520_47.3955_8.5575.png,tile_47.3900_8.5300_47.3955_8.5355.png,7.0
737,byzantine,0.3,0.0,0,-15.0,0.0,0.0,tile_47.3955_8.5300_47.4010_8.5355.png,tile_47.3900_8.5410_47.3955_8.5465.png,7.0
738,byzantine,0.3,0.0,0,0.0,0.0,0.0,tile_47.4065_8.5575_47.4100_8.5630.png,tile_47.3900_8.5355_47.3955_8.5410.png,7.0
739,byzantine,0.3,0.0,0,-15.0,1.0,0.0,tile_47.4065_8.5685_47.4100_8.5700.png,tile_47.3900_8.5300_47.3955_8.5355.png,7.0
740,byzantine,0.3,0.0,0,0.0,1.0,0.0,tile_47.4010_8.5630_47.4065_8.5685.png,tile_47.3900_8.5630_47.3955_8.5685.png,7.0
741,byzantine,0.3,0.0,0,-15.0,1.0,0.0,tile_47.4065_8.5520_47.4100_8.5575.png,tile_47.4065_8.5575_47.4100_8.5630.png,7.1
742,byzantine,0.3,0.0,0,-15.0,0.0,0.0,tile_47.4010_8.5410_47.4065_8.5465.png,tile_47.3955_8.5685_47.4010_8.5700.png,7.1
743,byzantine,0.3,0.0,0,0.0,1.0,0.0,tile_47.3900_8.5575_47.3955_8.5630.png,tile_47.3955_8.5355_47.4010_8.5410.png,7.0
744,byzantine,0.3,0.0,0,0.0,0.0,0.0,tile_47.3955_8.5520_47.4010_8.5575.png,tile_47.4010_8.5575_47.4065_8.5630.png,7.1
745,byzantine,0.3,0.0,0,15.0,0.0,0.0,tile_47.4065_8.5300_47.4100_8.5355.png,tile_47.4065_8.5410_47.4100_8.5465.png,7.0
746,byzantine,0.3,0.0,0,15.0,1.0,0.0,tile_47.4065_8.5685_47.4100_8.5700.png,tile_47.3955_8.5465_47.4010_8.5520.png,7.1
747,byzantine,0.3,0.0,0,15.0,1.0,0.0,tile_47.4010_8.5355_47.4065_8.5410.png,tile_47.3900_8.5575_47.3955_8.5630.png,7.1
748,byzantine,0.3,0.0,0,-15.0,1.0,0.0,tile_47.3900_8.5355_47.3955_8.5410.png,tile_47.4065_8.5575_47.4100_8.5630.png,7.4
749,byzantine,0.3,0.0,0,0.0,0.0,0.0,tile_47.4010_8.5630_47.4065_8.5685.png,tile_47.4065_8.5355_47.4100_8.5410.png,7.5
750,byzantine,0.3,0.0,0,15.0,0.0,0.0,tile_47.3900_8.5630_47.3955_8.5685.png,tile_47.3955_8.5300_47.4010_8.5355.png,7.7
751,byzantine,0.3,0.0,0,15.0,0.0,0.0,tile_47.3900_8.5465_47.3955_8.5520.png,tile_47.4065_8.5355_47.4100_8.5410.png,7.4
752,byzantine,0.3,0.0,0,-15.0,1.0,0.0,tile_47.3955_8.5465_47.4010_8.5520.png,tile_47.3900_8.5575_47.3955_8.5630.png,7.4
753,byzantine,0.3,0.0,0,-15.0,1.0,0.0,tile_47.3900_8.5355_47.3955_8.5410.png,tile_47.4010_8.5685_47.4065_8.5700.png,7.2
754,byzantine,0.3,0.0,0,15.0,1.0,0.0,tile_47.3955_8.5520_47.4010_8.5575.png,tile_47.4065_8.5465_47.4100_8.5520.png,7.5
755,byzantine,0.3,0.0,0,0.0,1.0,0.0,tile_47.4065_8.5685_47.4100_8.5700.png,tile_47.3900_8.5355_47.3955_8.5410.png,7.4
756,byzantine,0.3,0.0,0,-15.0,0.0,0.0,tile_47.3955_8.5630_47.4010_8.5685.png,tile_47.3900_8.5300_47.3955_8.5355.png,7.2
757,byzantine,0.3,0.0,0,15.0,1.0,0.0,tile_47.4010_8.5575_47.4065_8.5630.png,tile_47.4065_8.5630_47.4100_8.5685.png,7.2
758,byzantine,0.3,0.0,0,15.0,0.0,0.0,tile_47.4010_8.5575_47.4065_8.5630.png,tile_47.4010_8.5685_47.4065_8.5700.png,7.1
759,byzantine,0.3,0.0,0,-15.0,1.0,0.0,tile_47.3900_8.5355_47.3955_8.5410.png,tile_47.3900_8.5575_47.3955_8.5630.png,7.1
760,byzantine,0.3,0.0,0,15.0,0.0,0.0,tile_47.4010_8.5685_47.4065_8.5700.png,tile_47.4065_8.5685_47.4100_8.5700.png,7.0
761,byzantine,0.3,0.0,0,-15.0,1.0,0.0,tile_47.3900_8.5630_47.3955_8.5685.png,tile_47.3955_8.5465_47.4010_8.5520.png,7.5
762,byzantine,0.3,0.0,0,0.0,1.0,0.0,tile_47.3955_8.5410_47.4010_8.5465.png,tile_47.4065_8.5300_47.4100_8.5355.png,7.2
763,byzantine,0.3,0.0,0,0.0,1.0,0.0,tile_47.3955_8.5465_47.4010_8.5520.png,tile_47.4010_8.5685_47.4065_8.5700.png,7.3
764,byzantine,0.3,0.0,0,15.0,1.0,0.0,tile_47.3955_8.5465_47.4010_8.5520.png,tile_47.3955_8.5575_47.4010_8.5630.png,7.4
765,byzantine,0.3,0.0,0,0.0,1.0,0.0,tile_47.3955_8.5465_47.4010_8.5520.png,tile_47.4065_8.5300_47.4100_8.5355.png,7.3
766,byzantine,0.3,0.0,0,-15.0,1.0,0.0,tile_47.3955_8.5465_47.4010_8.5520.png,tile_47.4010_8.5520_47.4065_8.5575.png,7.1
767,byzantine,0.3,0.0,0,0.0,0.0,0.0,tile_47.4065_8.5685_47.4100_8.5700.png,tile_47.3900_8.5520_47.3955_8.5575.png,7.1
768,byzantine,0.3,0.0,0,0.0,0.0,0.0,tile_47.4010_8.5630_47.4065_8.5685.png,tile_47.3955_8.5410_47.4010_8.5465.png,7.0
769,byzantine,0.3,0.0,0,-15.0,0.0,0.0,tile_47.4065_8.5520_47.4100_8.5575.png,tile_47.3900_8.5300_47.3955_8.5355.png,7.1
770,byzantine,0.3,0.0,0,0.0,0.0,0.0,tile_47.3900_8.5520_47.3955_8.5575.png,tile_47.3955_8.5520_47.4010_8.5575.png,7.1
771,byzantine,0.3,0.0,0,0.0,0.0,0.0,tile_47.3900_8.5465_47.3955_8.5520.png,tile_47.3955_8.5575_47.4010_8.5630.png,7.1
772,byzantine,0.3,0.0,0,0.0,1.0,0.0,tile_47.4065_8.5410_47.4100_8.5465.png,tile_47.3955_8.5685_47.4010_8.5700.png,7.2
773,byzantine,0.3,0.0,0,0.0,1.0,0.0,tile_47.3900_8.5630_47.3955_8.5685.png,tile_47.4065_8.5465_47.4100_8.5520.png,7.2
774,byzantine,0.3,0.0,0,0.0,0.0,0.0,tile_47.4065_8.5520_47.4100_8.5575.png,tile_47.3900_8.5410_47.3955_8.5465.png,7.1
775,byzantine,0.3,0.0,0,-15.0,1.0,0.0,tile_47.4010_8.5520_47.4065_8.5575.png,tile_47.3955_8.5300_47.4010_8.5355.png,7.0
776,byzantine,0.3,0.0,0,-15.0,0.0,0.0,tile_47.3955_8.5410_47.4010_8.5465.png,tile_47.4065_8.5575_47.4100_8.5630.png,7.1
777,byzantine,0.3,0.0,0,0.0,0.0,0.0,tile_47.3900_8.5575_47.3955_8.5630.png,tile_47.3955_8.5465_47.4010_8.5520.png,7.0
778,byzantine,0.3,0.0,0,15.0,1.0,0.0,tile_47.4065_8.5465_47.4100_8.5520.png,tile_47.4065_8.5685_47.4100_8.5700.png,7.0
779,byzantine,0.3,0.0,0,15.0,0.0,0.0,tile_47.3955_8.5410_47.4010_8.5465.png,tile_47.3900_8.5355_47.3955_8.5410.png,7.0
780,byzantine,0.3,0.0,0,-15.0,1.0,0.0,tile_47.3955_8.5520_47.4010_8.5575.png,tile_47.3955_8.5630_47.4010_8.5685.png,7.1
781,byzantine,0.3,0.0,0,15.0,1.0,0.0,tile_47.4010_8.5465_47.4065_8.5520.png,tile_47.3900_8.5685_47.3955_8.5700.png,7.0
782,byzantine,0.3,0.0,0,-15.0,0.0,0.0,tile_47.4065_8.5685_47.4100_8.5700.png,tile_47.3900_8.5520_47.3955_8.5575.png,7.1
783,byzantine,0.3,0.0,0,-15.0,1.0,0.0,tile_47.4065_8.5465_47.4100_8.5520.png,tile_47.3900_8.5410_47.3955_8.5465.png,7.0
784,byzantine,0.3,0.0,0,0.0,1.0,0.0,tile_47.3900_8.5630_47.3955_8.5685.png,tile_47.3900_8.5300_47.3955_8.5355.png,7.0
785,byzantine,0.3,0.0,0,-15.0,0.0,0.0,tile_47.3900_8.5575_47.3955_8.5630.png,tile_47.4010_8.5300_47.4065_8.5355.png,7.0
786,byzantine,0.3,0.0,0,-15.0,1.0,0.0,tile_47.4065_8.5630_47.4100_8.5685.png,tile_47.3955_8.5685_47.4010_8.5700.png,7.0
787,byzantine,0.3,0.0,0,15.0,1.0,0.0,tile_47.4065_8.5300_47.4100_8.5355.png,tile_47.3900_8.5575_47.3955_8.5630.png,7.0
788,byzantine,0.3,0.0,0,0.0,1.0,0.0,tile_47.3955_8.5465_47.4010_8.5520.png,tile_47.3955_8.5685_47.4010_8.5700.png,7.0
789,byzantine,0.3,0.0,0,-15.0,1.0,0.0,tile_47.4065_8.5575_47.4100_8.5630.png,tile_47.3955_8.5300_47.4010_8.5355.png,7.1
790,byzantine,0.3,0.0,0,-15.0,1.0,0.0,tile_47.3955_8.5355_47.4010_8.5410.png,tile_47.4065_8.5355_47.4100_8.5410.png,7.4
791,byzantine,0.3,0.0,0,15.0,0.0,0.0,tile_47.4010_8.5630_47.4065_8.5685.png,tile_47.4065_8.5410_47.4100_8.5465.png,7.7
792,byzantine,0.3,0.0,0,15.0,1.0,0.0,tile_47.3900_8.5465_47.3955_8.5520.png,tile_47.4065_8.5465_47.4100_8.5520.png,7.5
793,byzantine,0.3,0.0,0,0.0,1.0,0.0,tile_47.3955_8.5685_47.4010_8.5700.png,tile_47.4010_8.5300_47.4065_8.5355.png,7.6
794,byzantine,0.3,0.0,0,0.0,0.0,0.0,tile_47.3900_8.5410_47.3955_8.5465.png,tile_47.4010_8.5355_47.4065_8.5410.png,7.4
795,byzantine,0.3,0.0,0,15.0,0.0,0.0,tile_47.4065_8.5520_47.4100_8.5575.png,tile_47.3900_8.5575_47.3955_8.5630.png,7.3
796,byzantine,0.3,0.0,0,-15.0,0.0,0.0,tile_47.3955_8.5300_47.4010_8.5355.png,tile_47.3900_8.5355_47.3955_8.5410.png,7.0
797,byzantine,0.3,0.0,0,0.0,0.0,0.0,tile_47.3955_8.5520_47.4010_8.5575.png,tile_47.4065_8.5465_47.4100_8.5520.png,7.1
798,byzantine,0.3,0.0,0,15.0,0.0,0.0,tile_47.4010_8.5520_47.4065_8.5575.png,tile_47.4065_8.5630_47.4100_8.5685.png,7.0
799,byzantine,0.3,0.0,0,15.0,0.0,0.0,tile_47.4065_8.5300_47.4100_8.5355.png,tile_47.4010_8.5355_47.4065_8.5410.png,7.0
800,byzantine,0.3,0.0,0,0.0,1.0,0.0,tile_47.4065_8.5575_47.4100_8.5630.png,tile_47.4065_8.5630_47.4100_8.5685.png,7.0
801,byzantine,0.3,0.0,0,-15.0,1.0,0.0,tile_47.4065_8.5410_47.4100_8.5465.png,tile_47.3900_8.5520_47.3955_8.5575.png,7.0
802,byzantine,0.3,0.0,0,-15.0,0.0,0.0,tile_47.3900_8.5630_47.3955_8.5685.png,tile_47.4065_8.5410_47.4100_8.5465.png,7.0
803,byzantine,0.3,0.0,0,0.0,1.0,0.0,tile_47.4010_8.5300_47.4065_8.5355.png,tile_47.3955_8.5520_47.4010_8.5575.png,7.0
804,byzantine,0.3,0.0,0,15.0,1.0,0.0,tile_47.3900_8.5410_47.3955_8.5465.png,tile_47.3900_8.5630_47.3955_8.5685.png,7.0
805,byzantine,0.3,0.0,0,0.0,1.0,0.0,tile_47.4065_8.5355_47.4100_8.5410.png,tile_47.3900_8.5355_47.3955_8.5410.png,7.0
806,byzantine,0.3,0.0,0,0.0,1.0,0.0,tile_47.3900_8.5465_47.3955_8.5520.png,tile_47.4065_8.5300_47.4100_8.5355.png,7.1
807,byzantine,0.3,0.0,0,0.0,1.0,0.0,tile_47.3900_8.5355_47.3955_8.5410.png,tile_47.3955_8.5465_47.4010_8.5520.png,7.4
808,byzantine,0.3,0.0,0,0.0,1.0,0.0,tile_47.4065_8.5685_47.4100_8.5700.png,tile_47.4065_8.5465_47.4100_8.5520.png,7.1
809,byzantine,0.3,0.0,0,15.0,0.0,0.0,tile_47.3955_8.5300_47.4010_8.5355.png,tile_47.3955_8.5410_47.4010_8.5465.png,7.2
810,byzantine,0.3,0.0,0,15.0,1.0,0.0,tile_47.4010_8.5355_47.4065_8.5410.png,tile_47.4065_8.5300_47.4100_8.5355.png,7.4
811,byzantine,0.3,0.0,0,0.0,0.0,0.0,tile_47.4065_8.5520_47.4100_8.5575.png,tile_47.3900_8.5630_47.3955_8.5685.png,7.2
812,byzantine,0.3,0.05,1,0.0,1.0,0.0,tile_47.3900_8.5465_47.3955_8.5520.png,tile_47.4010_8.5355_47.4065_8.5410.png,7.0
813,byzantine,0.3,0.0,0,-15.0,0.0,0.0,tile_47.4065_8.5355_47.4100_8.5410.png,tile_47.3900_8.5520_47.3955_8.5575.png,7.2
814,byzantine,0.3,0.0,0,15.0,0.0,0.0,tile_47.3955_8.5520_47.4010_8.5575.png,tile_47.4065_8.5575_47.4100_8.5630.png,7.0
815,byzantine,0.3,0.0,0,-15.0,0.0,0.0,tile_47.3900_8.5410_47.3955_8.5465.png,tile_47.3955_8.5685_47.4010_8.5700.png,7.0
816,byzantine,0.3,0.05,1,-15.0,1.0,0.0,tile_47.4010_8.5355_47.4065_8.5410.png,tile_47.3955_8.5465_47.4010_8.5520.png,7.1
817,byzantine,0.3,0.0,0,0.0,1.0,0.0,tile_47.3900_8.5355_47.3955_8.5410.png,tile_47.3955_8.5300_47.4010_8.5355.png,7.0
818,byzantine,0.3,0.0,0,0.0,1.0,0.0,tile_47.3955_8.5465_47.4010_8.5520.png,tile_47.4065_8.5685_47.4100_8.5700.png,7.0
819,byzantine,0.3,0.0,0,0.0,1.0,0.0,tile_47.3955_8.5410_47.4010_8.5465.png,tile_47.4065_8.5465_47.4100_8.5520.png,7.0
820,byzantine,0.3,0.0,0,0.0,0.0,0.0,tile_47.3900_8.5355_47.3955_8.5410.png,tile_47.3955_8.5575_47.4010_8.5630.png,7.0
821,byzantine,0.3,0.0,0,-15.0,0.0,0.0,tile_47.3955_8.5630_47.4010_8.5685.png,tile_47.4010_8.5575_47.4065_8.5630.png,7.0
822,byzantine,0.3,0.0,0,-15.0,0.0,0.0,tile_47.4065_8.5410_47.4100_8.5465.png,tile_47.4010_8.5300_47.4065_8.5355.png,7.0
823,byzantine,0.3,0.0,0,-15.0,0.0,0.0,tile_47.3955_8.5300_47.4010_8.5355.png,tile_47.4010_8.5575_47.4065_8.5630.png,7.1
824,byzantine,0.3,0.0,0,-15.0,0.0,0.0,tile_47.4010_8.5300_47.4065_8.5355.png,tile_47.4010_8.5520_47.4065_8.5575.png,7.0
825,byzantine,0.3,0.0,0,0.0,1.0,0.0,tile_47.4065_8.5300_47.4100_8.5355.png,tile_47.4065_8.5520_47.4100_8.5575.png,7.1
826,byzantine,0.3,0.0,0,0.0,1.0,0.0,tile_47.3955_8.5575_47.4010_8.5630.png,tile_47.3955_8.5685_47.4010_8.5700.png,7.0
827,byzantine,0.3,0.0,0,0.0,1.0,0.0,tile_47.3900_8.5300_47.3955_8.5355.png,tile_47.4010_8.5355_47.4065_8.5410.png,7.0
828,byzantine,0.3,0.0,0,15.0,1.0,0.0,tile_47.4010_8.5465_47.4065_8.5520.png,tile_47.4010_8.5630_47.4065_8.5685.png,7.0
829,byzantine,0.3,0.0,0,-15.0,1.0,0.0,tile_47.4010_8.5575_47.4065_8.5630.png,tile_47.3955_8.5300_47.4010_8.5355.png,7.0
830,byzantine,0.3,0.0,0,15.0,1.0,0.0,tile_47.4010_8.5300_47.4065_8.5355.png,tile_47.4010_8.5575_47.4065_8.5630.png,7.1
831,byzantine,0.3,0.0,0,15.0,1.0,0.0,tile_47.3955_8.5355_47.4010_8.5410.png,tile_47.4010_8.5355_47.4065_8.5410.png,7.0
832,byzantine,0.3,0.0,0,-15.0,0.0,0.0,tile_47.4010_8.5520_47.4065_8.5575.png,tile_47.4010_8.5630_47.4065_8.5685.png,7.0
833,byzantine,0.3,0.0,0,-15.0,0.0,0.0,tile_47.4010_8.5410_47.4065_8.5465.png,tile_47.3955_8.5300_47.4010_8.5355.png,7.0
834,byzantine,0.3,0.0,0,0.0,1.0,0.0,tile_47.3900_8.5410_47.3955_8.5465.png,tile_47.4010_8.5465_47.4065_8.5520.png,7.0
835,byzantine,0.3,0.0,0,15.0,0.0,0.0,tile_47.3955_8.5630_47.4010_8.5685.png,tile_47.4010_8.5630_47.4065_8.5685.png,7.0
836,byzantine,0.3,0.0,0,15.0,1.0,0.0,tile_47.4010_8.5465_47.4065_8.5520.png,tile_47.4065_8.5520_47.4100_8.5575.png,7.1
837,byzantine,0.3,0.0,0,-15.0,0.0,0.0,tile_47.3900_8.5630_47.3955_8.5685.png,tile_47.4010_8.5300_47.4065_8.5355.png,7.0
838,byzantine,0.3,0.0,0,-15.0,1.0,0.0,tile_47.4010_8.5575_47.4065_8.5630.png,tile_47.4010_8.5520_47.4065_8.5575.png,7.0
839,byzantine,0.3,0.0,0,-15.0,0.0,0.0,tile_47.3955_8.5630_47.4010_8.5685.png,tile_47.4065_8.5300_47.4100_8.5355.png,7.0
840,byzantine,0.3,0.0,0,0.0,1.0,0.0,tile_47.4010_8.5685_47.4065_8.5700.png,tile_47.3955_8.5300_47.4010_8.5355.png,7.0
841,byzantine,0.3,0.0,0,15.0,1.0,0.0,tile_47.3900_8.5685_47.3955_8.5700.png,tile_47.4010_8.5300_47.4065_8.5355.png,7.1
842,byzantine,0.3,0.0,0,-15.0,0.0,0.0,tile_47.3955_8.5520_47.4010_8.5575.png,tile_47.4010_8.5355_47.4065_8.5410.png,7.0
843,byzantine,0.3,0.0,0,-15.0,1.0,0.0,tile_47.4065_8.5410_47.4100_8.5465.png,tile_47.3900_8.5355_47.3955_8.5410.png,7.0
844,byzantine,0.3,0.0,0,-15.0,0.0,0.0,tile_47.4010_8.5575_47.4065_8.5630.png,tile_47.3955_8.5575_47.4010_8.5630.png,7.0
845,byzantine,0.3,0.25,5,15.0,1.0,0.0,tile_47.4010_8.5520_47.4065_8.5575.png,tile_47.4065_8.5520_47.4100_8.5575.png,7.0
846,byzantine,0.3,0.0,0,15.0,0.0,0.0,tile_47.4065_8.5685_47.4100_8.5700.png,tile_47.3955_8.5410_47.4010_8.5465.png,7.0
847,byzantine,0.3,0.0,0,15.0,0.0,0.0,tile_47.3900_8.5465_47.3955_8.5520.png,tile_47.3900_8.5300_47.3955_8.5355.png,7.0
848,byzantine,0.3,0.0,0,0.0,1.0,0.0,tile_47.3955_8.5410_47.4010_8.5465.png,tile_47.4010_8.5465_47.4065_8.5520.png,7.0
849,byzantine,0.3,0.0,0,-15.0,1.0,0.0,tile_47.3955_8.5300_47.4010_8.5355.png,tile_47.4010_8.5520_47.4065_8.5575.png,7.0
850,byzantine,0.3,0.0,0,0.0,1.0,0.0,tile_47.4065_8.5465_47.4100_8.5520.png,tile_47.4065_8.5685_47.4100_8.5700.png,7.0
851,byzantine,0.3,0.0,0,0.0,1.0,0.0,tile_47.3900_8.5410_47.3955_8.5465.png,tile_47.4010_8.5410_47.4065_8.5465.png,7.0
852,byzantine,0.3,0.0,0,-15.0,1.0,0.0,tile_47.4010_8.5520_47.4065_8.5575.png,tile_47.4065_8.5355_47.4100_8.5410.png,7.0
853,byzantine,0.3,0.0,0,15.0,0.0,0.0,tile_47.3900_8.5300_47.3955_8.5355.png,tile_47.4010_8.5575_47.4065_8.5630.png,7.0
854,byzantine,0.3,0.0,0,15.0,0.0,0.0,tile_47.4010_8.5630_47.4065_8.5685.png,tile_47.3955_8.5355_47.4010_8.5410.png,7.0
855,byzantine,0.3,0.0,0,-15.0,0.0,0.0,tile_47.4010_8.5465_47.4065_8.5520.png,tile_47.3900_8.5575_47.3955_8.5630.png,7.0
856,byzantine,0.3,0.0,0,-15.0,0.0,0.0,tile_47.4010_8.5410_47.4065_8.5465.png,tile_47.3955_8.5630_47.4010_8.5685.png,7.0
857,byzantine,0.3,0.0,0,15.0,1.0,0.0,tile_47.3955_8.5300_47.4010_8.5355.png,tile_47.3955_8.5465_47.4010_8.5520.png,7.0
858,byzantine,0.3,0.0,0,0.0,1.0,0.0,tile_47.3955_8.5410_47.4010_8.5465.png,tile_47.4065_8.5685_47.4100_8.5700.png,7.1
859,byzantine,0.3,0.0,0,0.0,0.0,0.0,tile_47.3955_8.5630_47.4010_8.5685.png,tile_47.4065_8.5300_47.4100_8.5355.png,7.0
860,byzantine,0.3,0.0,0,-15.0,0.0,0.0,tile_47.3955_8.5410_47.4010_8.5465.png,tile_47.3900_8.5465_47.3955_8.5520.png,7.0
861,byzantine,0.3,0.0,0,0.0,0.0,0.0,tile_47.4010_8.5300_47.4065_8.5355.png,tile_47.4065_8.5355_47.4100_8.5410.png,7.0
862,byzantine,0.3,0.0,0,15.0,0.0,0.0,tile_47.3900_8.5630_47.3955_8.5685.png,tile_47.4010_8.5575_47.4065_8.5630.png,7.0
863,byzantine,0.3,0.0,0,-15.0,0.0,0.0,tile_47.4065_8.5410_47.4100_8.5465.png,tile_47.3955_8.5630_47.4010_8.5685.png,7.0
864,byzantine,0.3,0.15,3,0.0,0.0,0.0,tile_47.4065_8.5630_47.4100_8.5685.png,tile_47.4010_8.5630_47.4065_8.5685.png,7.0
865,byzantine,0.3,0.0,0,-15.0,0.0,0.0,tile_47.4010_8.5465_47.4065_8.5520.png,tile_47.3955_8.5575_47.4010_8.5630.png,7.0
866,byzantine,0.3,0.0,0,15.0,0.0,0.0,tile_47.3955_8.5300_47.4010_8.5355.png,tile_47.3955_8.5630_47.4010_8.5685.png,7.1
867,byzantine,0.3,0.0,0,-15.0,0.0,0.0,tile_47.3900_8.5685_47.3955_8.5700.png,tile_47.4065_8.5410_47.4100_8.5465.png,6.9
868,byzantine,0.3,0.0,0,-15.0,1.0,0.0,tile_47.3955_8.5520_47.4010_8.5575.png,tile_47.4065_8.5355_47.4100_8.5410.png,7.0
869,byzantine,0.3,0.0,0,0.0,0.0,0.0,tile_47.4065_8.5410_47.4100_8.5465.png,tile_47.3955_8.5355_47.4010_8.5410.png,7.0
870,byzantine,0.3,0.0,0,-15.0,0.0,0.0,tile_47.3955_8.5575_47.4010_8.5630.png,tile_47.4010_8.5685_47.4065_8.5700.png,7.0
871,byzantine,0.3,0.0,0,0.0,1.0,0.0,tile_47.3900_8.5300_47.3955_8.5355.png,tile_47.3900_8.5355_47.3955_8.5410.png,7.2
872,byzantine,0.3,0.0,0,15.0,0.0,0.0,tile_47.4065_8.5685_47.4100_8.5700.png,tile_47.3900_8.5520_47.3955_8.5575.png,7.3
873,byzantine,0.3,0.0,0,-15.0,0.0,0.0,tile_47.4010_8.5300_47.4065_8.5355.png,tile_47.4010_8.5575_47.4065_8.5630.png,7.4
874,byzantine,0.3,0.0,0,-15.0,1.0,0.0,tile_47.4010_8.5300_47.4065_8.5355.png,tile_47.3955_8.5630_47.4010_8.5685.png,7.5
875,byzantine,0.3,0.0,0,-15.0,0.0,0.0,tile_47.3900_8.5410_47.3955_8.5465.png,tile_47.4065_8.5520_47.4100_8.5575.png,7.4
876,byzantine,0.3,0.0,0,0.0,1.0,0.0,tile_47.4065_8.5465_47.4100_8.5520.png,tile_47.4010_8.5685_47.4065_8.5700.png,7.1
877,byzantine,0.3,0.0,0,-15.0,0.0,0.0,tile_47.3900_8.5300_47.3955_8.5355.png,tile_47.4065_8.5520_47.4100_8.5575.png,7.2
878,byzantine,0.3,0.0,0,-15.0,0.0,0.0,tile_47.4010_8.5630_47.4065_8.5685.png,tile_47.4065_8.5575_47.4100_8.5630.png,7.0
879,byzantine,0.3,0.0,0,0.0,1.0,0.0,tile_47.4010_8.5685_47.4065_8.5700.png,tile_47.4065_8.5465_47.4100_8.5520.png,7.1
880,byzantine,0.3,0.0,0,0.0,0.0,0.0,tile_47.4065_8.5355_47.4100_8.5410.png,tile_47.3955_8.5520_47.4010_8.5575.png,7.3
881,byzantine,0.3,0.0,0,0.0,1.0,0.0,tile_47.4065_8.5630_47.4100_8.5685.png,tile_47.4065_8.5355_47.4100_8.5410.png,7.1
882,byzantine,0.3,0.0,0,0.0,0.0,0.0,tile_47.3955_8.5300_47.4010_8.5355.png,tile_47.4010_8.5685_47.4065_8.5700.png,7.0
883,byzantine,0.3,0.0,0,15.0,0.0,0.0,tile_47.3900_8.5630_47.3955_8.5685.png,tile_47.3955_8.5630_47.4010_8.5685.png,7.0
884,byzantine,0.3,0.0,0,15.0,1.0,0.0,tile_47.3955_8.5465_47.4010_8.5520.png,tile_47.4010_8.5520_47.4065_8.5575.png,7.1
885,byzantine,0.3,0.0,0,0.0,1.0,0.0,tile_47.3955_8.5300_47.4010_8.5355.png,tile_47.4010_8.5300_47.4065_8.5355.png,7.0
886,byzantine,0.3,0.0,0,0.0,0.0,0.0,tile_47.4065_8.5520_47.4100_8.5575.png,tile_47.3900_8.5355_47.3955_8.5410.png,7.0
887,byzantine,0.3,0.0,0,-15.0,1.0,0.0,tile_47.3900_8.5300_47.3955_8.5355.png,tile_47.4010_8.5685_47.4065_8.5700.png,7.0
888,byzantine,0.3,0.0,0,15.0,0.0,0.0,tile_47.3900_8.5630_47.3955_8.5685.png,tile_47.3955_8.5630_47.4010_8.5685.png,7.0
889,byzantine,0.3,0.0,0,15.0,0.0,0.0,tile_47.4010_8.5630_47.4065_8.5685.png,tile_47.4010_8.5575_47.4065_8.5630.png,7.1
890,byzantine,0.3,0.0,0,15.0,1.0,0.0,tile_47.3900_8.5465_47.3955_8.5520.png,tile_47.3900_8.5300_47.3955_8.5355.png,7.0
891,byzantine,0.3,0.0,0,15.0,0.0,0.0,tile_47.4065_8.5685_47.4100_8.5700.png,tile_47.4065_8.5465_47.4100_8.5520.png,7.0
892,byzantine,0.3,0.0,0,-15.0,0.0,0.0,tile_47.4010_8.5520_47.4065_8.5575.png,tile_47.3900_8.5685_47.3955_8.5700.png,7.1
893,byzantine,0.3,0.0,0,0.0,1.0,0.0,tile_47.3955_8.5630_47.4010_8.5685.png,tile_47.4010_8.5410_47.4065_8.5465.png,7.2
894,byzantine,0.3,0.0,0,15.0,1.0,0.0,tile_47.3955_8.5685_47.4010_8.5700.png,tile_47.3900_8.5410_47.3955_8.5465.png,6.9
895,byzantine,0.3,0.0,0,0.0,1.0,0.0,tile_47.3900_8.5575_47.3955_8.5630.png,tile_47.4065_8.5520_47.4100_8.5575.png,7.0
896,byzantine,0.3,0.0,0,0.0,1.0,0.0,tile_47.3900_8.5685_47.3955_8.5700.png,tile_47.4010_8.5300_47.4065_8.5355.png,7.1
897,byzantine,0.3,0.0,0,15.0,0.0,0.0,tile_47.4065_8.5355_47.4100_8.5410.png,tile_47.3955_8.5575_47.4010_8.5630.png,6.9
898,byzantine,0.3,0.0,0,-15.0,0.0,0.0,tile_47.4010_8.5465_47.4065_8.5520.png,tile_47.4065_8.5575_47.4100_8.5630.png,7.0
899,byzantine,0.3,0.0,0,15.0,0.0,0.0,tile_47.4010_8.5575_47.4065_8.5630.png,tile_47.3955_8.5465_47.4010_8.5520.png,7.0
900,byzantine,0.3,0.0,0,-15.0,0.0,0.0,tile_47.4010_8.5575_47.4065_8.5630.png,tile_47.4010_8.5355_47.4065_8.5410.png,6.9
901,byzantine,0.3,0.0,0,15.0,1.0,0.0,tile_47.4065_8.5520_47.4100_8.5575.png,tile_47.3900_8.5465_47.3955_8.5520.png,7.1
902,byzantine,0.3,0.0,0,-15.0,0.0,0.0,tile_47.4010_8.5575_47.4065_8.5630.png,tile_47.3955_8.5465_47.4010_8.5520.png,7.0
903,byzantine,0.3,0.0,0,15.0,1.0,0.0,tile_47.3900_8.5630_47.3955_8.5685.png,tile_47.3900_8.5355_47.3955_8.5410.png,7.1
904,byzantine,0.3,0.0,0,-15.0,1.0,0.0,tile_47.4065_8.5410_47.4100_8.5465.png,tile_47.3900_8.5465_47.3955_8.5520.png,7.1
905,byzantine,0.3,0.0,0,0.0,0.0,0.0,tile_47.3900_8.5685_47.3955_8.5700.png,tile_47.4065_8.5630_47.4100_8.5685.png,7.0
906,byzantine,0.3,0.0,0,0.0,0.0,0.0,tile_47.3955_8.5520_47.4010_8.5575.png,tile_47.4010_8.5685_47.4065_8.5700.png,7.0
907,byzantine,0.3,0.0,0,0.0,0.0,0.0,tile_47.3900_8.5410_47.3955_8.5465.png,tile_47.4065_8.5630_47.4100_8.5685.png,7.0
908,byzantine,0.3,0.2,4,15.0,0.0,0.0,tile_47.4065_8.5575_47.4100_8.5630.png,tile_47.4010_8.5575_47.4065_8.5630.png,7.1
909,byzantine,0.3,0.0,0,15.0,0.0,0.0,tile_47.3900_8.5300_47.3955_8.5355.png,tile_47.4010_8.5355_47.4065_8.5410.png,7.1
910,byzantine,0.3,0.0,0,15.0,0.0,0.0,tile_47.4065_8.5630_47.4100_8.5685.png,tile_47.4065_8.5575_47.4100_8.5630.png,7.0
911,byzantine,0.3,0.0,0,15.0,0.0,0.0,tile_47.3955_8.5300_47.4010_8.5355.png,tile_47.3900_8.5465_47.3955_8.5520.png,7.0
912,byzantine,0.3,0.0,0,0.0,1.0,0.0,tile_47.4065_8.5410_47.4100_8.5465.png,tile_47.4010_8.5465_47.4065_8.5520.png,7.0
913,byzantine,0.3,0.0,0,15.0,0.0,0.0,tile_47.4065_8.5355_47.4100_8.5410.png,tile_47.4065_8.5685_47.4100_8.5700.png,7.0
914,byzantine,0.3,0.0,0,0.0,1.0,0.0,tile_47.3955_8.5300_47.4010_8.5355.png,tile_47.3900_8.5520_47.3955_8.5575.png,7.0
915,byzantine,0.3,0.0,0,0.0,1.0,0.0,tile_47.3955_8.5575_47.4010_8.5630.png,tile_47.3900_8.5630_47.3955_8.5685.png,7.1
916,byzantine,0.3,0.0,0,-15.0,1.0,0.0,tile_47.3955_8.5300_47.4010_8.5355.png,tile_47.4010_8.5685_47.4065_8.5700.png,7.1
917,byzantine,0.3,0.0,0,15.0,0.0,0.0,tile_47.3900_8.5685_47.3955_8.5700.png,tile_47.4065_8.5355_47.4100_8.5410.png,7.0
918,byzantine,0.3,0.0,0,0.0,1.0,0.0,tile_47.4010_8.5410_47.4065_8.5465.png,tile_47.4065_8.5575_47.4100_8.5630.png,7.1
919,byzantine,0.3,0.0,0,0.0,0.0,0.0,tile_47.3900_8.5355_47.3955_8.5410.png,tile_47.3955_8.5575_47.4010_8.5630.png,7.0
920,byzantine,0.3,0.0,0,-15.0,0.0,0.0,tile_47.3955_8.5520_47.4010_8.5575.png,tile_47.3955_8.5300_47.4010_8.5355.png,7.0
921,byzantine,0.3,0.05,1,-15.0,1.0,0.0,tile_47.3955_8.5355_47.4010_8.5410.png,tile_47.4065_8.5465_47.4100_8.5520.png,7.0
922,byzantine,0.3,0.0,0,-15.0,1.0,0.0,tile_47.3900_8.5410_47.3955_8.5465.png,tile_47.3955_8.5520_47.4010_8.5575.png,7.0
923,byzantine,0.3,0.0,0,0.0,0.0,0.0,tile_47.4065_8.5300_47.4100_8.5355.png,tile_47.3900_8.5685_47.3955_8.5700.png,7.0
924,byzantine,0.3,0.0,0,15.0,1.0,0.0,tile_47.4065_8.5300_47.4100_8.5355.png,tile_47.3955_8.5520_47.4010_8.5575.png,7.0
925,byzantine,0.3,0.0,0,0.0,1.0,0.0,tile_47.3900_8.5300_47.3955_8.5355.png,tile_47.4065_8.5300_47.4100_8.5355.png,7.1
926,byzantine,0.3,0.0,0,0.0,0.0,0.0,tile_47.3955_8.5630_47.4010_8.5685.png,tile_47.4065_8.5630_47.4100_8.5685.png,7.0
927,byzantine,0.3,0.0,0,15.0,1.0,0.0,tile_47.3955_8.5520_47.4010_8.5575.png,tile_47.3955_8.5355_47.4010_8.5410.png,7.0
928,byzantine,0.3,0.0,0,0.0,0.0,0.0,tile_47.3955_8.5465_47.4010_8.5520.png,tile_47.4065_8.5685_47.4100_8.5700.png,7.0
929,byzantine,0.3,0.0,0,-15.0,0.0,0.0,tile_47.3900_8.5410_47.3955_8.5465.png,tile_47.3955_8.5630_47.4010_8.5685.png,7.0
930,byzantine,0.3,0.0,0,0.0,1.0,0.0,tile_47.3955_8.5410_47.4010_8.5465.png,tile_47.4010_8.5465_47.4065_8.5520.png,7.7
931,byzantine,0.3,0.0,0,0.0,0.0,0.0,tile_47.4065_8.5575_47.4100_8.5630.png,tile_47.4010_8.5630_47.4065_8.5685.png,7.2
932,byzantine,0.3,0.0,0,-15.0,0.0,0.0,tile_47.4010_8.5520_47.4065_8.5575.png,tile_47.4010_8.5465_47.4065_8.5520.png,7.1
933,byzantine,0.3,0.0,0,-15.0,1.0,0.0,tile_47.4010_8.5630_47.4065_8.5685.png,tile_47.3900_8.5410_47.3955_8.5465.png,7.0
934,byzantine,0.3,0.0,0,15.0,1.0,0.0,tile_47.3955_8.5465_47.4010_8.5520.png,tile_47.4010_8.5355_47.4065_8.5410.png,7.0
935,byzantine,0.3,0.0,0,-15.0,0.0,0.0,tile_47.4065_8.5355_47.4100_8.5410.png,tile_47.3900_8.5410_47.3955_8.5465.png,7.0
936,byzantine,0.3,0.0,0,0.0,0.0,0.0,tile_47.4010_8.5575_47.4065_8.5630.png,tile_47.3955_8.5410_47.4010_8.5465.png,7.0
937,byzantine,0.3,0.0,0,0.0,1.0,0.0,tile_47.4065_8.5630_47.4100_8.5685.png,tile_47.4010_8.5355_47.4065_8.5410.png,7.0
938,byzantine,0.3,0.0,0,15.0,0.0,0.0,tile_47.4010_8.5630_47.4065_8.5685.png,tile_47.3955_8.5630_47.4010_8.5685.png,6.9
939,byzantine,0.3,0.0,0,-15.0,0.0,0.0,tile_47.4010_8.5520_47.4065_8.5575.png,tile_47.3955_8.5520_47.4010_8.5575.png,6.9
940,byzantine,0.3,0.0,0,-15.0,1.0,0.0,tile_47.4010_8.5410_47.4065_8.5465.png,tile_47.3900_8.5300_47.3955_8.5355.png,7.0
941,byzantine,0.3,0.0,0,15.0,1.0,0.0,tile_47.4065_8.5685_47.4100_8.5700.png,tile_47.3900_8.5355_47.3955_8.5410.png,7.0
942,byzantine,0.3,0.0,0,0.0,0.0,0.0,tile_47.3900_8.5575_47.3955_8.5630.png,tile_47.4065_8.5685_47.4100_8.5700.png,7.0
943,byzantine,0.3,0.0,0,-15.0,0.0,0.0,tile_47.3900_8.5520_47.3955_8.5575.png,tile_47.3900_8.5685_47.3955_8.5700.png,6.9
944,byzantine,0.3,0.3,6,15.0,0.0,0.0,tile_47.3900_8.5630_47.3955_8.5685.png,tile_47.3900_8.5685_47.3955_8.5700.png,6.9
945,byzantine,0.3,0.0,0,15.0,1.0,0.0,tile_47.3955_8.5355_47.4010_8.5410.png,tile_47.3900_8.5300_47.3955_8.5355.png,7.0
946,byzantine,0.3,0.0,0,0.0,1.0,0.0,tile_47.3900_8.5575_47.3955_8.5630.png,tile_47.3900_8.5410_47.3955_8.5465.png,6.9
947,byzantine,0.3,0.0,0,-15.0,0.0,0.0,tile_47.3900_8.5520_47.3955_8.5575.png,tile_47.4010_8.5465_47.4065_8.5520.png,6.9
948,byzantine,0.3,0.0,0,-15.0,1.0,0.0,tile_47.4065_8.5300_47.4100_8.5355.png,tile_47.3955_8.5630_47.4010_8.5685.png,7.0
949,byzantine,0.3,0.05,1,15.0,1.0,0.0,tile_47.4010_8.5520_47.4065_8.5575.png,tile_47.3900_8.5300_47.3955_8.5355.png,7.1
950,byzantine,0.3,0.0,0,0.0,0.0,0.0,tile_47.3900_8.5520_47.3955_8.5575.png,tile_47.4065_8.5355_47.4100_8.5410.png,7.0
951,byzantine,0.3,0.15,3,15.0,0.0,0.0,tile_47.4010_8.5630_47.4065_8.5685.png,tile_47.4065_8.5630_47.4100_8.5685.png,7.0
952,byzantine,0.3,0.05,1,15.0,0.0,0.0,tile_47.4010_8.5465_47.4065_8.5520.png,tile_47.4010_8.5520_47.4065_8.5575.png,7.0
953,byzantine,0.3,0.0,0,-15.0,1.0,0.0,tile_47.4065_8.5300_47.4100_8.5355.png,tile_47.3955_8.5520_47.4010_8.5575.png,7.0
954,byzantine,0.3,0.0,0,15.0,0.0,0.0,tile_47.3955_8.5410_47.4010_8.5465.png,tile_47.4010_8.5410_47.4065_8.5465.png,7.0
955,byzantine,0.3,0.0,0,-15.0,0.0,0.0,tile_47.4010_8.5410_47.4065_8.5465.png,tile_47.4065_8.5685_47.4100_8.5700.png,7.1
956,byzantine,0.3,0.0,0,15.0,0.0,0.0,tile_47.4010_8.5685_47.4065_8.5700.png,tile_47.4065_8.5685_47.4100_8.5700.png,7.0
957,byzantine,0.3,0.0,0,-15.0,0.0,0.0,tile_47.3900_8.5410_47.3955_8.5465.png,tile_47.3900_8.5300_47.3955_8.5355.png,7.0
958,byzantine,0.3,0.0,0,15.0,1.0,0.0,tile_47.4010_8.5465_47.4065_8.5520.png,tile_47.3900_8.5630_47.3955_8.5685.png,7.0
959,byzantine,0.3,0.0,0,15.0,1.0,0.0,tile_47.4065_8.5410_47.4100_8.5465.png,tile_47.4065_8.5575_47.4100_8.5630.png,7.0
960,byzantine,0.3,0.0,0,15.0,0.0,0.0,tile_47.3955_8.5465_47.4010_8.5520.png,tile_47.3900_8.5685_47.3955_8.5700.png,7.0
961,byzantine,0.3,0.0,0,15.0,1.0,0.0,tile_47.3900_8.5685_47.3955_8.5700.png,tile_47.3900_8.5575_47.3955_8.5630.png,7.0
962,byzantine,0.3,0.0,0,15.0,0.0,0.0,tile_47.3900_8.5520_47.3955_8.5575.png,tile_47.3955_8.5410_47.4010_8.5465.png,7.0
963,byzantine,0.3,0.3,6,15.0,0.0,0.0,tile_47.3900_8.5630_47.3955_8.5685.png,tile_47.3900_8.5685_47.3955_8.5700.png,6.9
964,byzantine,0.3,0.0,0,15.0,1.0,0.0,tile_47.4010_8.5630_47.4065_8.5685.png,tile_47.3900_8.5520_47.3955_8.5575.png,7.0
965,byzantine,0.3,0.0,0,15.0,0.0,0.0,tile_47.4010_8.5410_47.4065_8.5465.png,tile_47.4010_8.5520_47.4065_8.5575.png,6.9
966,byzantine,0.3,0.0,0,-15.0,0.0,0.0,tile_47.4065_8.5685_47.4100_8.5700.png,tile_47.3955_8.5630_47.4010_8.5685.png,7.0
967,byzantine,0.3,0.0,0,0.0,1.0,0.0,tile_47.4010_8.5685_47.4065_8.5700.png,tile_47.4065_8.5410_47.4100_8.5465.png,7.0
968,byzantine,0.3,0.0,0,0.0,1.0,0.0,tile_47.3900_8.5300_47.3955_8.5355.png,tile_47.3955_8.5465_47.4010_8.5520.png,7.3
969,byzantine,0.3,0.0,0,-15.0,0.0,0.0,tile_47.4010_8.5355_47.4065_8.5410.png,tile_47.4065_8.5465_47.4100_8.5520.png,7.0
970,byzantine,0.3,0.0,0,0.0,0.0,0.0,tile_47.4065_8.5630_47.4100_8.5685.png,tile_47.3955_8.5630_47.4010_8.5685.png,7.1
971,byzantine,0.3,0.0,0,0.0,1.0,0.0,tile_47.4065_8.5685_47.4100_8.5700.png,tile_47.4010_8.5355_47.4065_8.5410.png,7.0
972,byzantine,0.3,0.0,0,-15.0,0.0,0.0,tile_47.4010_8.5355_47.4065_8.5410.png,tile_47.4065_8.5520_47.4100_8.5575.png,7.0
973,byzantine,0.3,0.0,0,-15.0,0.0,0.0,tile_47.3900_8.5520_47.3955_8.5575.png,tile_47.4065_8.5300_47.4100_8.5355.png,6.9
974,byzantine,0.3,0.0,0,-15.0,0.0,0.0,tile_47.4065_8.5355_47.4100_8.5410.png,tile_47.4065_8.5300_47.4100_8.5355.png,6.9
975,byzantine,0.3,0.0,0,15.0,0.0,0.0,tile_47.4010_8.5300_47.4065_8.5355.png,tile_47.4010_8.5410_47.4065_8.5465.png,6.9
976,byzantine,0.3,0.0,0,15.0,1.0,0.0,tile_47.4010_8.5685_47.4065_8.5700.png,tile_47.3955_8.5520_47.4010_8.5575.png,7.0
977,byzantine,0.3,0.0,0,-15.0,1.0,0.0,tile_47.4065_8.5575_47.4100_8.5630.png,tile_47.4010_8.5300_47.4065_8.5355.png,7.0
978,byzantine,0.3,0.0,0,15.0,0.0,0.0,tile_47.4010_8.5685_47.4065_8.5700.png,tile_47.4010_8.5300_47.4065_8.5355.png,7.0
979,byzantine,0.3,0.0,0,-15.0,0.0,0.0,tile_47.3955_8.5300_47.4010_8.5355.png,tile_47.3955_8.5685_47.4010_8.5700.png,7.0
980,byzantine,0.3,0.0,0,-15.0,0.0,0.0,tile_47.4065_8.5630_47.4100_8.5685.png,tile_47.4065_8.5685_47.4100_8.5700.png,7.0
981,byzantine,0.3,0.0,0,0.0,0.0,0.0,tile_47.4065_8.5685_47.4100_8.5700.png,tile_47.3900_8.5685_47.3955_8.5700.png,7.0
982,byzantine,0.3,0.0,0,-15.0,1.0,0.0,tile_47.3955_8.5630_47.4010_8.5685.png,tile_47.3900_8.5355_47.3955_8.5410.png,6.9
983,byzantine,0.3,0.0,0,15.0,0.0,0.0,tile_47.4065_8.5300_47.4100_8.5355.png,tile_47.3955_8.5685_47.4010_8.5700.png,7.0
984,byzantine,0.3,0.0,0,0.0,0.0,0.0,tile_47.4010_8.5520_47.4065_8.5575.png,tile_47.3900_8.5465_47.3955_8.5520.png,6.9
985,byzantine,0.3,0.0,0,15.0,1.0,0.0,tile_47.3955_8.5465_47.4010_8.5520.png,tile_47.3955_8.5575_47.4010_8.5630.png,7.0
986,byzantine,0.3,0.0,0,15.0,1.0,0.0,tile_47.3900_8.5520_47.3955_8.5575.png,tile_47.4010_8.5355_47.4065_8.5410.png,6.9
987,byzantine,0.3,0.0,0,0.0,1.0,0.0,tile_47.4065_8.5355_47.4100_8.5410.png,tile_47.3955_8.5465_47.4010_8.5520.png,6.9
988,byzantine,0.3,0.0,0,0.0,1.0,0.0,tile_47.3900_8.5300_47.3955_8.5355.png,tile_47.4010_8.5355_47.4065_8.5410.png,7.0
989,byzantine,0.3,0.0,0,-15.0,1.0,0.0,tile_47.3955_8.5630_47.4010_8.5685.png,tile_47.3900_8.5410_47.3955_8.5465.png,6.9
990,byzantine,0.3,0.0,0,15.0,1.0,0.0,tile_47.3955_8.5355_47.4010_8.5410.png,tile_47.3900_8.5575_47.3955_8.5630.png,7.0
991,byzantine,0.3,0.0,0,-15.0,1.0,0.0,tile_47.3955_8.5630_47.4010_8.5685.png,tile_47.3955_8.5575_47.4010_8.5630.png,6.9
992,byzantine,0.3,0.0,0,0.0,0.0,0.0,tile_47.4065_8.5630_47.4100_8.5685.png,tile_47.3955_8.5685_47.4010_8.5700.png,6.9
993,byzantine,0.3,0.0,0,-15.0,0.0,0.0,tile_47.3900_8.5355_47.3955_8.5410.png,tile_47.3955_8.5300_47.4010_8.5355.png,7.0
994,byzantine,0.3,0.0,0,-15.0,0.0,0.0,tile_47.3955_8.5300_47.4010_8.5355.png,tile_47.4010_8.5575_47.4065_8.5630.png,7.0
995,byzantine,0.3,0.0,0,15.0,0.0,0.0,tile_47.3900_8.5465_47.3955_8.5520.png,tile_47.3900_8.5630_47.3955_8.5685.png,6.9
996,byzantine,0.3,0.0,0,0.0,0.0,0.0,tile_47.3900_8.5355_47.3955_8.5410.png,tile_47.4065_8.5575_47.4100_8.5630.png,6.9
997,byzantine,0.3,0.0,0,15.0,1.0,0.0,tile_47.3955_8.5575_47.4010_8.5630.png,tile_47.3955_8.5685_47.4010_8.5700.png,7.1
998,byzantine,0.3,0.0,0,15.0,1.0,0.0,tile_47.3955_8.5410_47.4010_8.5465.png,tile_47.3900_8.5685_47.3955_8.5700.png,7.0
999,byzantine,0.3,0.0,0,0.0,0.0,0.0,tile_47.4010_8.5300_47.4065_8.5355.png,tile_47.3900_8.5575_47.3955_8.5630.png,7.0
