trial_id,label,t_verify_used,V_score,n_matches,sun_shift,blur_sigma,occl_frac,honest_tile,byzantine_tile,inference_ms
0,honest,0.3,1.0,20,15.0,0.0,0.0,tile_47.4010_8.5355_47.4065_8.5410.png,,276.9
1,honest,0.3,1.0,20,-15.0,0.0,0.0,tile_47.3900_8.5630_47.3955_8.5685.png,,7.2
2,honest,0.3,1.0,20,15.0,0.0,0.0,tile_47.3900_8.5410_47.3955_8.5465.png,,6.9
3,honest,0.3,1.0,20,-15.0,0.0,0.0,tile_47.3955_8.5630_47.4010_8.5685.png,,7.0
4,honest,0.3,1.0,20,15.0,0.0,0.0,tile_47.4065_8.5410_47.4100_8.5465.png,,6.9
5,honest,0.3,0.55,11,-15.0,1.0,0.0,tile_47.3900_8.5300_47.3955_8.5355.png,,7.0
6,honest,0.3,0.4,8,-15.0,1.0,0.0,tile_47.4010_8.5355_47.4065_8.5410.png,,7.0
7,honest,0.3,1.0,20,-15.0,0.0,0.0,tile_47.3900_8.5630_47.3955_8.5685.png,,7.1
8,honest,0.3,0.6,12,-15.0,1.0,0.0,tile_47.4010_8.5630_47.4065_8.5685.png,,7.2
9,honest,0.3,0.15,3,0.0,1.0,0.0,tile_47.4065_8.5575_47.4100_8.5630.png,,7.2
10,honest,0.3,1.0,20,15.0,0.0,0.0,tile_47.3900_8.5575_47.3955_8.5630.png,,7.1
11,honest,0.3,0.75,15,15.0,1.0,0.0,tile_47.3955_8.5520_47.4010_8.5575.png,,7.2
12,honest,0.3,1.0,20,15.0,0.0,0.0,tile_47.3955_8.5630_47.4010_8.5685.png,,7.0
13,honest,0.3,1.0,20,0.0,0.0,0.0,tile_47.3900_8.5630_47.3955_8.5685.png,,7.2
14,honest,0.3,0.55,11,0.0,1.0,0.0,tile_47.4010_8.5685_47.4065_8.5700.png,,7.3
15,honest,0.3,0.75,15,-15.0,1.0,0.0,tile_47.3955_8.5575_47.4010_8.5630.png,,7.5
16,honest,0.3,0.7,14,15.0,1.0,0.0,tile_47.3955_8.5410_47.4010_8.5465.png,,7.5
17,honest,0.3,1.0,20,15.0,0.0,0.0,tile_47.4065_8.5575_47.4100_8.5630.png,,7.2
18,honest,0.3,0.4,8,0.0,1.0,0.0,tile_47.4010_8.5520_47.4065_8.5575.png,,7.1
19,honest,0.3,1.0,20,-15.0,0.0,0.0,tile_47.4010_8.5520_47.4065_8.5575.png,,7.2
20,honest,0.3,0.8,16,0.0,1.0,0.0,tile_47.3955_8.5575_47.4010_8.5630.png,,7.3
21,honest,0.3,0.75,15,15.0,1.0,0.0,tile_47.4065_8.5685_47.4100_8.5700.png,,7.3
22,honest,0.3,0.65,13,0.0,1.0,0.0,tile_47.4010_8.5300_47.4065_8.5355.png,,7.4
23,honest,0.3,1.0,20,-15.0,0.0,0.0,tile_47.4065_8.5465_47.4100_8.5520.png,,7.2
24,honest,0.3,0.75,15,15.0,1.0,0.0,tile_47.3955_8.5630_47.4010_8.5685.png,,7.2
25,honest,0.3,0.35,7,-15.0,1.0,0.0,tile_47.3900_8.5465_47.3955_8.5520.png,,7.2
26,honest,0.3,1.0,20,-15.0,0.0,0.0,tile_47.4065_8.5465_47.4100_8.5520.png,,7.3
27,honest,0.3,1.0,20,15.0,0.0,0.0,tile_47.4065_8.5300_47.4100_8.5355.png,,7.2
28,honest,0.3,0.55,11,15.0,1.0,0.0,tile_47.3900_8.5300_47.3955_8.5355.png,,7.1
29,honest,0.3,1.0,20,15.0,0.0,0.0,tile_47.4010_8.5575_47.4065_8.5630.png,,7.3
30,honest,0.3,0.7,14,-15.0,1.0,0.0,tile_47.3955_8.5410_47.4010_8.5465.png,,7.2
31,honest,0.3,1.0,20,0.0,0.0,0.0,tile_47.3955_8.5465_47.4010_8.5520.png,,7.5
32,honest,0.3,1.0,20,15.0,0.0,0.0,tile_47.3955_8.5520_47.4010_8.5575.png,,7.1
33,honest,0.3,0.55,11,-15.0,1.0,0.0,tile_47.3900_8.5300_47.3955_8.5355.png,,7.0
34,honest,0.3,0.45,9,15.0,1.0,0.0,tile_47.3900_8.5355_47.3955_8.5410.png,,7.3
35,honest,0.3,0.85,17,-15.0,1.0,0.0,tile_47.3955_8.5685_47.4010_8.5700.png,,7.2
36,honest,0.3,1.0,20,-15.0,0.0,0.0,tile_47.3900_8.5575_47.3955_8.5630.png,,7.3
37,honest,0.3,0.4,8,15.0,1.0,0.0,tile_47.3955_8.5300_47.4010_8.5355.png,,7.1
38,honest,0.3,0.65,13,-15.0,1.0,0.0,tile_47.4010_8.5300_47.4065_8.5355.png,,7.1
39,honest,0.3,0.75,15,15.0,1.0,0.0,tile_47.3955_8.5520_47.4010_8.5575.png,,7.3
40,honest,0.3,0.55,11,15.0,1.0,0.0,tile_47.4010_8.5685_47.4065_8.5700.png,,7.5
41,honest,0.3,0.9,18,0.0,1.0,0.0,tile_47.3955_8.5685_47.4010_8.5700.png,,7.0
42,honest,0.3,1.0,20,-15.0,0.0,0.0,tile_47.3900_8.5355_47.3955_8.5410.png,,7.3
43,honest,0.3,1.0,20,15.0,0.0,0.0,tile_47.3900_8.5300_47.3955_8.5355.png,,7.2
44,honest,0.3,1.0,20,-15.0,0.0,0.0,tile_47.3900_8.5520_47.3955_8.5575.png,,7.3
45,honest,0.3,0.85,17,-15.0,1.0,0.0,tile_47.3955_8.5685_47.4010_8.5700.png,,7.2
46,honest,0.3,0.4,8,0.0,1.0,0.0,tile_47.3955_8.5300_47.4010_8.5355.png,,7.0
47,honest,0.3,0.6,12,15.0,1.0,0.0,tile_47.4065_8.5630_47.4100_8.5685.png,,7.1
48,honest,0.3,1.0,20,0.0,0.0,0.0,tile_47.3900_8.5630_47.3955_8.5685.png,,7.2
49,honest,0.3,0.55,11,15.0,1.0,0.0,tile_47.4065_8.5465_47.4100_8.5520.png,,7.2
50,honest,0.3,0.8,16,0.0,1.0,0.0,tile_47.3900_8.5630_47.3955_8.5685.png,,7.2
51,honest,0.3,0.8,16,-15.0,1.0,0.0,tile_47.3900_8.5630_47.3955_8.5685.png,,7.3
52,honest,0.3,1.0,20,-15.0,0.0,0.0,tile_47.4065_8.5520_47.4100_8.5575.png,,7.4
53,honest,0.3,0.4,8,-15.0,1.0,0.0,tile_47.4010_8.5355_47.4065_8.5410.png,,7.4
54,honest,0.3,1.0,20,0.0,0.0,0.0,tile_47.4065_8.5520_47.4100_8.5575.png,,7.4
55,honest,0.3,1.0,20,15.0,0.0,0.0,tile_47.3900_8.5300_47.3955_8.5355.png,,7.3
56,honest,0.3,1.0,20,-15.0,0.0,0.0,tile_47.4065_8.5410_47.4100_8.5465.png,,7.3
57,honest,0.3,0.65,13,0.0,1.0,0.0,tile_47.4065_8.5355_47.4100_8.5410.png,,7.6
58,honest,0.3,1.0,20,-15.0,0.0,0.0,tile_47.3900_8.5300_47.3955_8.5355.png,,7.2
59,honest,0.3,0.7,14,0.0,1.0,0.0,tile_47.4010_8.5410_47.4065_8.5465.png,,7.2
60,honest,0.3,0.75,15,0.0,1.0,0.0,tile_47.3955_8.5520_47.4010_8.5575.png,,7.2
61,honest,0.3,1.0,20,0.0,0.0,0.0,tile_47.3900_8.5465_47.3955_8.5520.png,,7.3
62,honest,0.3,0.35,7,15.0,1.0,0.0,tile_47.3900_8.5465_47.3955_8.5520.png,,7.4
63,honest,0.3,0.35,7,15.0,1.0,0.0,tile_47.3900_8.5465_47.3955_8.5520.png,,7.2
64,honest,0.3,1.0,20,15.0,0.0,0.0,tile_47.3900_8.5520_47.3955_8.5575.png,,7.2
65,honest,0.3,1.0,20,15.0,0.0,0.0,tile_47.4065_8.5355_47.4100_8.5410.png,,7.1
66,honest,0.3,1.0,20,-15.0,0.0,0.0,tile_47.3900_8.5575_47.3955_8.5630.png,,7.4
67,honest,0.3,0.8,16,0.0,1.0,0.0,tile_47.3955_8.5575_47.4010_8.5630.png,,7.3
68,honest,0.3,0.65,13,15.0,1.0,0.0,tile_47.4010_8.5300_47.4065_8.5355.png,,7.2
69,honest,0.3,1.0,20,0.0,0.0,0.0,tile_47.4065_8.5575_47.4100_8.5630.png,,7.2
70,honest,0.3,1.0,20,0.0,0.0,0.0,tile_47.4065_8.5575_47.4100_8.5630.png,,7.2
71,honest,0.3,1.0,20,15.0,0.0,0.0,tile_47.3955_8.5575_47.4010_8.5630.png,,7.0
72,honest,0.3,0.6,12,15.0,1.0,0.0,tile_47.4010_8.5630_47.4065_8.5685.png,,7.5
73,honest,0.3,1.0,20,-15.0,0.0,0.0,tile_47.4010_8.5410_47.4065_8.5465.png,,7.2
74,honest,0.3,0.55,11,-15.0,1.0,0.0,tile_47.3900_8.5300_47.3955_8.5355.png,,7.1
75,honest,0.3,0.4,8,15.0,1.0,0.0,tile_47.3955_8.5300_47.4010_8.5355.png,,7.2
76,honest,0.3,1.0,20,0.0,0.0,0.0,tile_47.3955_8.5355_47.4010_8.5410.png,,7.1
77,honest,0.3,0.6,12,0.0,1.0,0.0,tile_47.4010_8.5575_47.4065_8.5630.png,,7.4
78,honest,0.3,0.65,13,-15.0,1.0,0.0,tile_47.4010_8.5300_47.4065_8.5355.png,,7.2
79,honest,0.3,1.0,20,-15.0,0.0,0.0,tile_47.4010_8.5355_47.4065_8.5410.png,,7.1
80,honest,0.3,1.0,20,-15.0,0.0,0.0,tile_47.3955_8.5300_47.4010_8.5355.png,,7.0
81,honest,0.3,0.7,14,15.0,1.0,0.0,tile_47.4065_8.5520_47.4100_8.5575.png,,7.2
82,honest,0.3,0.5,10,15.0,1.0,0.0,tile_47.3900_8.5685_47.3955_8.5700.png,,7.2
83,honest,0.3,1.0,20,-15.0,0.0,0.0,tile_47.4010_8.5685_47.4065_8.5700.png,,7.2
84,honest,0.3,1.0,20,15.0,0.0,0.0,tile_47.3955_8.5300_47.4010_8.5355.png,,7.1
85,honest,0.3,0.35,7,-15.0,1.0,0.0,tile_47.3900_8.5410_47.3955_8.5465.png,,7.3
86,honest,0.3,1.0,20,0.0,0.0,0.0,tile_47.3900_8.5630_47.3955_8.5685.png,,6.9
87,honest,0.3,0.9,18,0.0,1.0,0.0,tile_47.3955_8.5685_47.4010_8.5700.png,,6.9
88,honest,0.3,1.0,20,-15.0,0.0,0.0,tile_47.3900_8.5355_47.3955_8.5410.png,,7.0
89,honest,0.3,0.85,17,-15.0,1.0,0.0,tile_47.3955_8.5685_47.4010_8.5700.png,,7.1
90,honest,0.3,1.0,20,0.0,0.0,0.0,tile_47.4065_8.5300_47.4100_8.5355.png,,6.9
91,honest,0.3,0.7,14,-15.0,1.0,0.0,tile_47.3955_8.5520_47.4010_8.5575.png,,7.0
92,honest,0.3,0.75,15,0.0,1.0,0.0,tile_47.3955_8.5630_47.4010_8.5685.png,,6.9
93,honest,0.3,1.0,20,-15.0,0.0,0.0,tile_47.4065_8.5355_47.4100_8.5410.png,,7.2
94,honest,0.3,0.45,9,0.0,1.0,0.0,tile_47.4010_8.5355_47.4065_8.5410.png,,7.0
95,honest,0.3,0.45,9,0.0,1.0,0.0,tile_47.3900_8.5355_47.3955_8.5410.png,,7.0
96,honest,0.3,0.65,13,-15.0,1.0,0.0,tile_47.4010_8.5300_47.4065_8.5355.png,,7.0
97,honest,0.3,1.0,20,-15.0,0.0,0.0,tile_47.4010_8.5630_47.4065_8.5685.png,,7.1
98,honest,0.3,0.5,10,15.0,1.0,0.0,tile_47.3900_8.5685_47.3955_8.5700.png,,7.1
99,honest,0.3,1.0,20,0.0,0.0,0.0,tile_47.3900_8.5410_47.3955_8.5465.png,,7.0
100,honest,0.3,0.75,15,15.0,1.0,0.0,tile_47.3955_8.5520_47.4010_8.5575.png,,7.0
101,honest,0.3,0.6,12,0.0,1.0,0.0,tile_47.4010_8.5575_47.4065_8.5630.png,,7.0
102,honest,0.3,0.5,10,15.0,1.0,0.0,tile_47.4010_8.5465_47.4065_8.5520.png,,7.0
103,honest,0.3,0.4,8,15.0,1.0,0.0,tile_47.4010_8.5520_47.4065_8.5575.png,,6.9
104,honest,0.3,0.75,15,0.0,1.0,0.0,tile_47.3955_8.5520_47.4010_8.5575.png,,6.9
105,honest,0.3,0.5,10,0.0,1.0,0.0,tile_47.4010_8.5465_47.4065_8.5520.png,,7.0
106,honest,0.3,1.0,20,0.0,0.0,0.0,tile_47.4010_8.5410_47.4065_8.5465.png,,7.1
107,honest,0.3,0.15,3,-15.0,1.0,0.0,tile_47.4065_8.5575_47.4100_8.5630.png,,7.0
108,honest,0.3,0.65,13,0.0,1.0,0.0,tile_47.4065_8.5630_47.4100_8.5685.png,,6.9
109,honest,0.3,1.0,20,15.0,0.0,0.0,tile_47.4010_8.5410_47.4065_8.5465.png,,6.9
110,honest,0.3,0.9,18,15.0,1.0,0.0,tile_47.3955_8.5685_47.4010_8.5700.png,,6.9
111,honest,0.3,0.75,15,15.0,1.0,0.0,tile_47.3955_8.5520_47.4010_8.5575.png,,7.2
112,honest,0.3,1.0,20,-15.0,0.0,0.0,tile_47.3955_8.5685_47.4010_8.5700.png,,7.0
113,honest,0.3,1.0,20,0.0,0.0,0.0,tile_47.4065_8.5410_47.4100_8.5465.png,,6.9
114,honest,0.3,1.0,20,15.0,0.0,0.0,tile_47.4065_8.5685_47.4100_8.5700.png,,6.9
115,honest,0.3,1.0,20,0.0,0.0,0.0,tile_47.3900_8.5300_47.3955_8.5355.png,,6.9
116,honest,0.3,0.5,10,-15.0,1.0,0.0,tile_47.3955_8.5465_47.4010_8.5520.png,,7.0
117,honest,0.3,0.9,18,15.0,1.0,0.0,tile_47.3955_8.5685_47.4010_8.5700.png,,7.0
118,honest,0.3,0.15,3,-15.0,1.0,0.0,tile_47.4065_8.5575_47.4100_8.5630.png,,6.9
119,honest,0.3,0.55,11,15.0,1.0,0.0,tile_47.4065_8.5465_47.4100_8.5520.png,,7.0
120,honest,0.3,0.6,12,15.0,1.0,0.0,tile_47.4065_8.5630_47.4100_8.5685.png,,7.0
121,honest,0.3,0.45,9,0.0,1.0,0.0,tile_47.4010_8.5355_47.4065_8.5410.png,,6.9
122,honest,0.3,0.5,10,15.0,1.0,0.0,tile_47.4010_8.5355_47.4065_8.5410.png,,7.0
123,honest,0.3,1.0,20,0.0,0.0,0.0,tile_47.3955_8.5685_47.4010_8.5700.png,,6.9
124,honest,0.3,0.65,13,0.0,1.0,0.0,tile_47.3900_8.5575_47.3955_8.5630.png,,6.9
125,honest,0.3,1.0,20,-15.0,0.0,0.0,tile_47.4065_8.5300_47.4100_8.5355.png,,7.0
126,honest,0.3,1.0,20,15.0,0.0,0.0,tile_47.3900_8.5520_47.3955_8.5575.png,,6.9
127,honest,0.3,0.15,3,0.0,1.0,0.0,tile_47.4065_8.5575_47.4100_8.5630.png,,7.3
128,honest,0.3,1.0,20,0.0,0.0,0.0,tile_47.4065_8.5410_47.4100_8.5465.png,,7.0
129,honest,0.3,1.0,20,0.0,0.0,0.0,tile_47.4065_8.5630_47.4100_8.5685.png,,7.1
130,honest,0.3,0.3,6,-15.0,1.0,0.0,tile_47.4065_8.5300_47.4100_8.5355.png,,6.9
131,honest,0.3,1.0,20,0.0,0.0,0.0,tile_47.3955_8.5630_47.4010_8.5685.png,,6.9
132,honest,0.3,0.45,9,0.0,1.0,0.0,tile_47.3900_8.5355_47.3955_8.5410.png,,7.0
133,honest,0.3,0.65,13,0.0,1.0,0.0,tile_47.3955_8.5410_47.4010_8.5465.png,,7.0
134,honest,0.3,1.0,20,0.0,0.0,0.0,tile_47.4065_8.5355_47.4100_8.5410.png,,6.9
135,honest,0.3,1.0,20,15.0,0.0,0.0,tile_47.4065_8.5465_47.4100_8.5520.png,,6.9
136,honest,0.3,0.35,7,-15.0,1.0,0.0,tile_47.3900_8.5465_47.3955_8.5520.png,,7.0
137,honest,0.3,0.8,16,0.0,1.0,0.0,tile_47.3955_8.5575_47.4010_8.5630.png,,6.8
138,honest,0.3,0.35,7,0.0,1.0,0.0,tile_47.4065_8.5300_47.4100_8.5355.png,,7.0
139,honest,0.3,0.65,13,0.0,1.0,0.0,tile_47.3900_8.5575_47.3955_8.5630.png,,6.8
140,honest,0.3,1.0,20,0.0,0.0,0.0,tile_47.4010_8.5630_47.4065_8.5685.png,,6.8
141,honest,0.3,1.0,20,-15.0,0.0,0.0,tile_47.3900_8.5355_47.3955_8.5410.png,,7.0
142,honest,0.3,1.0,20,-15.0,0.0,0.0,tile_47.3955_8.5355_47.4010_8.5410.png,,7.0
143,honest,0.3,1.0,20,-15.0,0.0,0.0,tile_47.3900_8.5685_47.3955_8.5700.png,,6.9
144,honest,0.3,1.0,20,15.0,0.0,0.0,tile_47.4010_8.5300_47.4065_8.5355.png,,6.9
145,honest,0.3,1.0,20,0.0,0.0,0.0,tile_47.3955_8.5410_47.4010_8.5465.png,,6.8
146,honest,0.3,1.0,20,0.0,0.0,0.0,tile_47.4010_8.5465_47.4065_8.5520.png,,6.8
147,honest,0.3,0.75,15,15.0,1.0,0.0,tile_47.3955_8.5520_47.4010_8.5575.png,,6.9
148,honest,0.3,1.0,20,-15.0,0.0,0.0,tile_47.4010_8.5465_47.4065_8.5520.png,,6.9
149,honest,0.3,1.0,20,15.0,0.0,0.0,tile_47.4010_8.5630_47.4065_8.5685.png,,6.9
150,honest,0.3,0.85,17,15.0,1.0,0.0,tile_47.3900_8.5520_47.3955_8.5575.png,,6.8
151,honest,0.3,0.45,9,15.0,1.0,0.0,tile_47.4065_8.5410_47.4100_8.5465.png,,6.9
152,honest,0.3,1.0,20,0.0,0.0,0.0,tile_47.4010_8.5685_47.4065_8.5700.png,,6.8
153,honest,0.3,0.55,11,15.0,1.0,0.0,tile_47.4065_8.5465_47.4100_8.5520.png,,6.8
154,honest,0.3,0.15,3,-15.0,1.0,0.0,tile_47.4065_8.5575_47.4100_8.5630.png,,6.9
155,honest,0.3,0.9,18,0.0,1.0,0.0,tile_47.3955_8.5685_47.4010_8.5700.png,,7.6
156,honest,0.3,0.85,17,-15.0,1.0,0.0,tile_47.3955_8.5685_47.4010_8.5700.png,,7.3
157,honest,0.3,0.45,9,0.0,1.0,0.0,tile_47.3900_8.5355_47.3955_8.5410.png,,6.9
158,honest,0.3,0.7,14,0.0,1.0,0.0,tile_47.4065_8.5685_47.4100_8.5700.png,,6.8
159,honest,0.3,0.55,11,-15.0,1.0,0.0,tile_47.4010_8.5575_47.4065_8.5630.png,,7.0
160,honest,0.3,0.75,15,0.0,1.0,0.0,tile_47.3955_8.5520_47.4010_8.5575.png,,6.8
161,honest,0.3,1.0,20,-15.0,0.0,0.0,tile_47.4065_8.5685_47.4100_8.5700.png,,6.8
162,honest,0.3,1.0,20,15.0,0.0,0.0,tile_47.4065_8.5685_47.4100_8.5700.png,,6.8
163,honest,0.3,1.0,20,0.0,0.0,0.0,tile_47.4010_8.5410_47.4065_8.5465.png,,6.9
164,honest,0.3,0.6,12,-15.0,1.0,0.0,tile_47.4010_8.5465_47.4065_8.5520.png,,6.8
165,honest,0.3,0.6,12,15.0,1.0,0.0,tile_47.4010_8.5630_47.4065_8.5685.png,,6.8
166,honest,0.3,0.15,3,0.0,1.0,0.0,tile_47.4065_8.5575_47.4100_8.5630.png,,6.8
167,honest,0.3,0.75,15,0.0,1.0,0.0,tile_47.3955_8.5630_47.4010_8.5685.png,,6.8
168,honest,0.3,1.0,20,-15.0,0.0,0.0,tile_47.3900_8.5685_47.3955_8.5700.png,,6.9
169,honest,0.3,1.0,20,15.0,0.0,0.0,tile_47.3955_8.5575_47.4010_8.5630.png,,6.7
170,honest,0.3,0.65,13,15.0,1.0,0.0,tile_47.4010_8.5410_47.4065_8.5465.png,,6.8
171,honest,0.3,1.0,20,-15.0,0.0,0.0,tile_47.3955_8.5630_47.4010_8.5685.png,,6.8
172,honest,0.3,1.0,20,0.0,0.0,0.0,tile_47.3900_8.5300_47.3955_8.5355.png,,6.9
173,honest,0.3,1.0,20,15.0,0.0,0.0,tile_47.3900_8.5410_47.3955_8.5465.png,,6.8
174,honest,0.3,0.65,13,-15.0,1.0,0.0,tile_47.4065_8.5685_47.4100_8.5700.png,,6.8
175,honest,0.3,1.0,20,-15.0,0.0,0.0,tile_47.4065_8.5630_47.4100_8.5685.png,,6.8
176,honest,0.3,0.5,10,0.0,1.0,0.0,tile_47.3955_8.5465_47.4010_8.5520.png,,6.8
177,honest,0.3,0.55,11,-15.0,1.0,0.0,tile_47.3900_8.5685_47.3955_8.5700.png,,6.8
178,honest,0.3,0.8,16,-15.0,1.0,0.0,tile_47.3900_8.5520_47.3955_8.5575.png,,6.7
179,honest,0.3,1.0,20,15.0,0.0,0.0,tile_47.3955_8.5355_47.4010_8.5410.png,,6.7
180,honest,0.3,0.9,18,15.0,1.0,0.0,tile_47.3955_8.5685_47.4010_8.5700.png,,6.8
181,honest,0.3,0.3,6,-15.0,1.0,0.0,tile_47.4065_8.5300_47.4100_8.5355.png,,6.8
182,honest,0.3,0.55,11,0.0,1.0,0.0,tile_47.4065_8.5465_47.4100_8.5520.png,,6.7
183,honest,0.3,1.0,20,0.0,0.0,0.0,tile_47.3955_8.5575_47.4010_8.5630.png,,6.7
184,honest,0.3,1.0,20,15.0,0.0,0.0,tile_47.3900_8.5575_47.3955_8.5630.png,,6.7
185,honest,0.3,1.0,20,-15.0,0.0,0.0,tile_47.3900_8.5520_47.3955_8.5575.png,,6.8
186,honest,0.3,1.0,20,-15.0,0.0,0.0,tile_47.4065_8.5520_47.4100_8.5575.png,,6.8
187,honest,0.3,0.4,8,15.0,1.0,0.0,tile_47.3900_8.5410_47.3955_8.5465.png,,6.8
188,honest,0.3,0.15,3,-15.0,1.0,0.0,tile_47.4065_8.5575_47.4100_8.5630.png,,6.7
189,honest,0.3,1.0,20,-15.0,0.0,0.0,tile_47.3955_8.5520_47.4010_8.5575.png,,6.8
190,honest,0.3,1.0,20,0.0,0.0,0.0,tile_47.3955_8.5355_47.4010_8.5410.png,,6.7
191,honest,0.3,1.0,20,0.0,0.0,0.0,tile_47.3900_8.5465_47.3955_8.5520.png,,6.8
192,honest,0.3,0.6,12,-15.0,1.0,0.0,tile_47.4065_8.5520_47.4100_8.5575.png,,6.8
193,honest,0.3,0.65,13,-15.0,1.0,0.0,tile_47.4065_8.5355_47.4100_8.5410.png,,6.8
194,honest,0.3,0.65,13,0.0,1.0,0.0,tile_47.3900_8.5575_47.3955_8.5630.png,,6.7
195,honest,0.3,1.0,20,15.0,0.0,0.0,tile_47.4010_8.5520_47.4065_8.5575.png,,6.8
196,honest,0.3,0.65,13,15.0,1.0,0.0,tile_47.3900_8.5575_47.3955_8.5630.png,,6.7
197,honest,0.3,1.0,20,-15.0,0.0,0.0,tile_47.3900_8.5410_47.3955_8.5465.png,,6.7
198,honest,0.3,0.4,8,-15.0,1.0,0.0,tile_47.4010_8.5355_47.4065_8.5410.png,,6.7
199,honest,0.3,0.7,14,-15.0,1.0,0.0,tile_47.3900_8.5575_47.3955_8.5630.png,,6.7
200,honest,0.3,0.6,12,0.0,1.0,0.0,tile_47.4010_8.5575_47.4065_8.5630.png,,6.9
201,honest,0.3,1.0,20,0.0,0.0,0.0,tile_47.4010_8.5575_47.4065_8.5630.png,,6.7
202,honest,0.3,0.65,13,0.0,1.0,0.0,tile_47.4065_8.5355_47.4100_8.5410.png,,6.8
203,honest,0.3,1.0,20,15.0,0.0,0.0,tile_47.3900_8.5575_47.3955_8.5630.png,,6.8
204,honest,0.3,0.5,10,0.0,1.0,0.0,tile_47.3900_8.5685_47.3955_8.5700.png,,6.8
205,honest,0.3,1.0,20,0.0,0.0,0.0,tile_47.4065_8.5410_47.4100_8.5465.png,,6.8
206,honest,0.3,1.0,20,-15.0,0.0,0.0,tile_47.4065_8.5685_47.4100_8.5700.png,,6.8
207,honest,0.3,0.8,16,15.0,1.0,0.0,tile_47.3955_8.5575_47.4010_8.5630.png,,6.7
208,honest,0.3,1.0,20,0.0,0.0,0.0,tile_47.4065_8.5520_47.4100_8.5575.png,,6.8
209,honest,0.3,0.45,9,15.0,1.0,0.0,tile_47.3900_8.5355_47.3955_8.5410.png,,6.8
210,honest,0.3,1.0,20,15.0,0.0,0.0,tile_47.4010_8.5465_47.4065_8.5520.png,,6.7
211,honest,0.3,1.0,20,15.0,0.0,0.0,tile_47.3900_8.5575_47.3955_8.5630.png,,6.7
212,honest,0.3,1.0,20,-15.0,0.0,0.0,tile_47.3900_8.5685_47.3955_8.5700.png,,6.7
213,honest,0.3,1.0,20,15.0,0.0,0.0,tile_47.4010_8.5410_47.4065_8.5465.png,,6.8
214,honest,0.3,0.6,12,15.0,1.0,0.0,tile_47.4065_8.5630_47.4100_8.5685.png,,6.8
215,honest,0.3,1.0,20,0.0,0.0,0.0,tile_47.3955_8.5355_47.4010_8.5410.png,,6.7
216,honest,0.3,1.0,20,0.0,0.0,0.0,tile_47.3900_8.5520_47.3955_8.5575.png,,6.7
217,honest,0.3,0.45,9,0.0,1.0,0.0,tile_47.4010_8.5355_47.4065_8.5410.png,,6.7
218,honest,0.3,0.65,13,-15.0,1.0,0.0,tile_47.4065_8.5685_47.4100_8.5700.png,,6.8
219,honest,0.3,0.6,12,-15.0,1.0,0.0,tile_47.4010_8.5630_47.4065_8.5685.png,,6.8
220,honest,0.3,0.4,8,0.0,1.0,0.0,tile_47.4010_8.5520_47.4065_8.5575.png,,6.8
221,honest,0.3,1.0,20,-15.0,0.0,0.0,tile_47.3955_8.5630_47.4010_8.5685.png,,6.8
222,honest,0.3,1.0,20,0.0,0.0,0.0,tile_47.4065_8.5630_47.4100_8.5685.png,,6.8
223,honest,0.3,0.45,9,15.0,1.0,0.0,tile_47.3955_8.5355_47.4010_8.5410.png,,6.8
224,honest,0.3,1.0,20,0.0,0.0,0.0,tile_47.4010_8.5575_47.4065_8.5630.png,,6.7
225,honest,0.3,0.15,3,-15.0,1.0,0.0,tile_47.4065_8.5575_47.4100_8.5630.png,,6.7
226,honest,0.3,1.0,20,-15.0,0.0,0.0,tile_47.3955_8.5355_47.4010_8.5410.png,,6.6
227,honest,0.3,0.55,11,-15.0,1.0,0.0,tile_47.4010_8.5575_47.4065_8.5630.png,,6.7
228,honest,0.3,0.65,13,15.0,1.0,0.0,tile_47.4010_8.5575_47.4065_8.5630.png,,6.6
229,honest,0.3,0.75,15,15.0,1.0,0.0,tile_47.4065_8.5685_47.4100_8.5700.png,,6.6
230,honest,0.3,1.0,20,15.0,0.0,0.0,tile_47.3955_8.5685_47.4010_8.5700.png,,6.6
231,honest,0.3,0.65,13,15.0,1.0,0.0,tile_47.3900_8.5575_47.3955_8.5630.png,,6.6
232,honest,0.3,1.0,20,0.0,0.0,0.0,tile_47.4065_8.5520_47.4100_8.5575.png,,6.8
233,honest,0.3,0.35,7,-15.0,1.0,0.0,tile_47.3900_8.5410_47.3955_8.5465.png,,6.7
234,honest,0.3,1.0,20,0.0,0.0,0.0,tile_47.4010_8.5630_47.4065_8.5685.png,,6.7
235,honest,0.3,0.9,18,0.0,1.0,0.0,tile_47.3955_8.5685_47.4010_8.5700.png,,6.6
236,honest,0.3,0.7,14,15.0,1.0,0.0,tile_47.3955_8.5410_47.4010_8.5465.png,,6.8
237,honest,0.3,1.0,20,-15.0,0.0,0.0,tile_47.3955_8.5685_47.4010_8.5700.png,,6.6
238,honest,0.3,1.0,20,0.0,0.0,0.0,tile_47.4065_8.5575_47.4100_8.5630.png,,6.6
239,honest,0.3,0.65,13,15.0,1.0,0.0,tile_47.4010_8.5300_47.4065_8.5355.png,,6.7
240,honest,0.3,1.0,20,15.0,0.0,0.0,tile_47.4010_8.5410_47.4065_8.5465.png,,6.7
241,honest,0.3,1.0,20,15.0,0.0,0.0,tile_47.4065_8.5520_47.4100_8.5575.png,,6.7
242,honest,0.3,0.65,13,0.0,1.0,0.0,tile_47.4010_8.5300_47.4065_8.5355.png,,6.7
243,honest,0.3,0.35,7,0.0,1.0,0.0,tile_47.4065_8.5300_47.4100_8.5355.png,,6.7
244,honest,0.3,1.0,20,0.0,0.0,0.0,tile_47.4065_8.5300_47.4100_8.5355.png,,6.8
245,honest,0.3,0.65,13,15.0,1.0,0.0,tile_47.4010_8.5410_47.4065_8.5465.png,,6.9
246,honest,0.3,0.55,11,-15.0,1.0,0.0,tile_47.3900_8.5300_47.3955_8.5355.png,,6.7
247,honest,0.3,1.0,20,15.0,0.0,0.0,tile_47.4010_8.5410_47.4065_8.5465.png,,6.6
248,honest,0.3,0.7,14,-15.0,1.0,0.0,tile_47.3955_8.5520_47.4010_8.5575.png,,6.7
249,honest,0.3,0.8,16,15.0,1.0,0.0,tile_47.3900_8.5630_47.3955_8.5685.png,,6.7
250,honest,0.3,1.0,20,15.0,0.0,0.0,tile_47.4065_8.5520_47.4100_8.5575.png,,6.8
251,honest,0.3,0.7,14,-15.0,1.0,0.0,tile_47.3900_8.5575_47.3955_8.5630.png,,6.8
252,honest,0.3,0.5,10,0.0,1.0,0.0,tile_47.3955_8.5465_47.4010_8.5520.png,,7.1
253,honest,0.3,1.0,20,-15.0,0.0,0.0,tile_47.4010_8.5355_47.4065_8.5410.png,,7.0
254,honest,0.3,0.7,14,-15.0,1.0,0.0,tile_47.4010_8.5410_47.4065_8.5465.png,,6.9
255,honest,0.3,0.15,3,15.0,1.0,0.0,tile_47.4065_8.5575_47.4100_8.5630.png,,6.9
256,honest,0.3,1.0,20,-15.0,0.0,0.0,tile_47.4065_8.5355_47.4100_8.5410.png,,7.0
257,honest,0.3,0.65,13,15.0,1.0,0.0,tile_47.4065_8.5355_47.4100_8.5410.png,,7.1
258,honest,0.3,0.15,3,-15.0,1.0,0.0,tile_47.4065_8.5575_47.4100_8.5630.png,,7.1
259,honest,0.3,0.55,11,0.0,1.0,0.0,tile_47.4010_8.5685_47.4065_8.5700.png,,6.8
260,honest,0.3,1.0,20,-15.0,0.0,0.0,tile_47.3900_8.5355_47.3955_8.5410.png,,6.8
261,honest,0.3,0.85,17,15.0,1.0,0.0,tile_47.3900_8.5520_47.3955_8.5575.png,,6.9
262,honest,0.3,0.45,9,15.0,1.0,0.0,tile_47.4065_8.5410_47.4100_8.5465.png,,6.8
263,honest,0.3,1.0,20,-15.0,0.0,0.0,tile_47.3900_8.5410_47.3955_8.5465.png,,6.8
264,honest,0.3,0.8,16,0.0,1.0,0.0,tile_47.3900_8.5630_47.3955_8.5685.png,,6.8
265,honest,0.3,1.0,20,-15.0,0.0,0.0,tile_47.4065_8.5575_47.4100_8.5630.png,,6.7
266,honest,0.3,0.5,10,0.0,1.0,0.0,tile_47.4065_8.5410_47.4100_8.5465.png,,6.8
267,honest,0.3,1.0,20,15.0,0.0,0.0,tile_47.4065_8.5410_47.4100_8.5465.png,,6.8
268,honest,0.3,1.0,20,0.0,0.0,0.0,tile_47.3955_8.5575_47.4010_8.5630.png,,6.7
269,honest,0.3,0.55,11,0.0,1.0,0.0,tile_47.4010_8.5685_47.4065_8.5700.png,,6.7
270,honest,0.3,0.35,7,-15.0,1.0,0.0,tile_47.3900_8.5465_47.3955_8.5520.png,,6.7
271,honest,0.3,0.5,10,0.0,1.0,0.0,tile_47.3900_8.5685_47.3955_8.5700.png,,6.7
272,honest,0.3,1.0,20,0.0,0.0,0.0,tile_47.3900_8.5355_47.3955_8.5410.png,,6.8
273,honest,0.3,0.4,8,-15.0,1.0,0.0,tile_47.3955_8.5300_47.4010_8.5355.png,,6.7
274,honest,0.3,1.0,20,15.0,0.0,0.0,tile_47.3955_8.5575_47.4010_8.5630.png,,6.6
275,honest,0.3,1.0,20,15.0,0.0,0.0,tile_47.4010_8.5575_47.4065_8.5630.png,,6.7
276,honest,0.3,1.0,20,-15.0,0.0,0.0,tile_47.3955_8.5355_47.4010_8.5410.png,,6.7
277,honest,0.3,0.55,11,-15.0,1.0,0.0,tile_47.3900_8.5685_47.3955_8.5700.png,,6.8
278,honest,0.3,1.0,20,15.0,0.0,0.0,tile_47.3900_8.5300_47.3955_8.5355.png,,6.6
279,honest,0.3,1.0,20,0.0,0.0,0.0,tile_47.3900_8.5355_47.3955_8.5410.png,,6.7
280,honest,0.3,0.4,8,-15.0,1.0,0.0,tile_47.3955_8.5300_47.4010_8.5355.png,,6.7
281,honest,0.3,0.85,17,15.0,1.0,0.0,tile_47.3900_8.5520_47.3955_8.5575.png,,6.7
282,honest,0.3,0.8,16,0.0,1.0,0.0,tile_47.3900_8.5630_47.3955_8.5685.png,,6.8
283,honest,0.3,1.0,20,0.0,0.0,0.0,tile_47.4010_8.5465_47.4065_8.5520.png,,6.7
284,honest,0.3,1.0,20,0.0,0.0,0.0,tile_47.4065_8.5630_47.4100_8.5685.png,,6.7
285,honest,0.3,0.7,14,0.0,1.0,0.0,tile_47.4065_8.5685_47.4100_8.5700.png,,6.7
286,honest,0.3,0.65,13,15.0,1.0,0.0,tile_47.3900_8.5575_47.3955_8.5630.png,,6.8
287,honest,0.3,1.0,20,0.0,0.0,0.0,tile_47.3955_8.5300_47.4010_8.5355.png,,6.7
288,honest,0.3,0.7,14,0.0,1.0,0.0,tile_47.4010_8.5410_47.4065_8.5465.png,,6.8
289,honest,0.3,0.5,10,0.0,1.0,0.0,tile_47.3900_8.5685_47.3955_8.5700.png,,6.7
290,honest,0.3,1.0,20,15.0,0.0,0.0,tile_47.4065_8.5520_47.4100_8.5575.png,,6.7
291,honest,0.3,0.15,3,-15.0,1.0,0.0,tile_47.4065_8.5575_47.4100_8.5630.png,,6.7
292,honest,0.3,0.4,8,0.0,1.0,0.0,tile_47.4010_8.5520_47.4065_8.5575.png,,6.7
293,honest,0.3,0.55,11,0.0,1.0,0.0,tile_47.4010_8.5685_47.4065_8.5700.png,,6.7
294,honest,0.3,0.7,14,-15.0,1.0,0.0,tile_47.3900_8.5575_47.3955_8.5630.png,,6.6
295,honest,0.3,1.0,20,-15.0,0.0,0.0,tile_47.3900_8.5630_47.3955_8.5685.png,,6.7
296,honest,0.3,0.35,7,15.0,1.0,0.0,tile_47.3900_8.5465_47.3955_8.5520.png,,6.7
297,honest,0.3,0.45,9,15.0,1.0,0.0,tile_47.4065_8.5410_47.4100_8.5465.png,,6.7
298,honest,0.3,0.7,14,0.0,1.0,0.0,tile_47.4010_8.5410_47.4065_8.5465.png,,6.7
299,honest,0.3,0.8,16,15.0,1.0,0.0,tile_47.3900_8.5630_47.3955_8.5685.png,,6.7
300,honest,0.3,1.0,20,15.0,0.0,0.0,tile_47.4065_8.5630_47.4100_8.5685.png,,6.8
301,honest,0.3,1.0,20,-15.0,0.0,0.0,tile_47.4010_8.5685_47.4065_8.5700.png,,6.7
302,honest,0.3,0.55,11,-15.0,1.0,0.0,tile_47.4065_8.5465_47.4100_8.5520.png,,6.7
303,honest,0.3,1.0,20,15.0,0.0,0.0,tile_47.3900_8.5355_47.3955_8.5410.png,,6.6
304,honest,0.3,0.55,11,-15.0,1.0,0.0,tile_47.4010_8.5575_47.4065_8.5630.png,,6.8
305,honest,0.3,1.0,20,0.0,0.0,0.0,tile_47.3955_8.5355_47.4010_8.5410.png,,6.7
306,honest,0.3,0.45,9,15.0,1.0,0.0,tile_47.3955_8.5355_47.4010_8.5410.png,,6.7
307,honest,0.3,1.0,20,15.0,0.0,0.0,tile_47.3955_8.5575_47.4010_8.5630.png,,6.6
308,honest,0.3,0.6,12,0.0,1.0,0.0,tile_47.4010_8.5575_47.4065_8.5630.png,,6.8
309,honest,0.3,0.45,9,-15.0,1.0,0.0,tile_47.4010_8.5520_47.4065_8.5575.png,,6.8
310,honest,0.3,1.0,20,15.0,0.0,0.0,tile_47.3955_8.5355_47.4010_8.5410.png,,6.7
311,honest,0.3,1.0,20,-15.0,0.0,0.0,tile_47.4010_8.5355_47.4065_8.5410.png,,6.6
312,honest,0.3,0.65,13,0.0,1.0,0.0,tile_47.4065_8.5520_47.4100_8.5575.png,,6.7
313,honest,0.3,0.5,10,0.0,1.0,0.0,tile_47.3900_8.5685_47.3955_8.5700.png,,6.9
314,honest,0.3,0.7,14,0.0,1.0,0.0,tile_47.4010_8.5410_47.4065_8.5465.png,,6.7
315,honest,0.3,0.4,8,15.0,1.0,0.0,tile_47.3900_8.5410_47.3955_8.5465.png,,6.7
316,honest,0.3,0.55,11,-15.0,1.0,0.0,tile_47.3900_8.5300_47.3955_8.5355.png,,6.7
317,honest,0.3,0.4,8,-15.0,1.0,0.0,tile_47.3955_8.5300_47.4010_8.5355.png,,6.7
318,honest,0.3,0.5,10,0.0,1.0,0.0,tile_47.3900_8.5685_47.3955_8.5700.png,,6.7
319,honest,0.3,0.5,10,-15.0,1.0,0.0,tile_47.3955_8.5465_47.4010_8.5520.png,,6.7
320,honest,0.3,0.6,12,-15.0,1.0,0.0,tile_47.4010_8.5630_47.4065_8.5685.png,,6.7
321,honest,0.3,0.55,11,-15.0,1.0,0.0,tile_47.4065_8.5465_47.4100_8.5520.png,,6.7
322,honest,0.3,0.45,9,-15.0,1.0,0.0,tile_47.4010_8.5520_47.4065_8.5575.png,,6.8
323,honest,0.3,0.45,9,15.0,1.0,0.0,tile_47.4065_8.5410_47.4100_8.5465.png,,6.8
324,honest,0.3,1.0,20,0.0,0.0,0.0,tile_47.3900_8.5355_47.3955_8.5410.png,,6.7
325,honest,0.3,1.0,20,0.0,0.0,0.0,tile_47.4010_8.5685_47.4065_8.5700.png,,6.8
326,honest,0.3,0.85,17,-15.0,1.0,0.0,tile_47.3955_8.5685_47.4010_8.5700.png,,6.8
327,honest,0.3,0.65,13,0.0,1.0,0.0,tile_47.4065_8.5355_47.4100_8.5410.png,,6.8
328,honest,0.3,0.6,12,0.0,1.0,0.0,tile_47.4010_8.5575_47.4065_8.5630.png,,6.7
329,honest,0.3,1.0,20,-15.0,0.0,0.0,tile_47.3955_8.5520_47.4010_8.5575.png,,6.7
330,honest,0.3,0.9,18,0.0,1.0,0.0,tile_47.3955_8.5685_47.4010_8.5700.png,,6.7
331,honest,0.3,1.0,20,-15.0,0.0,0.0,tile_47.3955_8.5520_47.4010_8.5575.png,,6.7
332,honest,0.3,1.0,20,-15.0,0.0,0.0,tile_47.3955_8.5465_47.4010_8.5520.png,,6.7
333,honest,0.3,0.7,14,15.0,1.0,0.0,tile_47.4065_8.5520_47.4100_8.5575.png,,6.7
334,honest,0.3,0.45,9,15.0,1.0,0.0,tile_47.3955_8.5355_47.4010_8.5410.png,,6.7
335,honest,0.3,1.0,20,0.0,0.0,0.0,tile_47.4065_8.5520_47.4100_8.5575.png,,6.7
336,honest,0.3,0.35,7,15.0,1.0,0.0,tile_47.3900_8.5465_47.3955_8.5520.png,,6.7
337,honest,0.3,1.0,20,0.0,0.0,0.0,tile_47.4065_8.5575_47.4100_8.5630.png,,6.6
338,honest,0.3,1.0,20,0.0,0.0,0.0,tile_47.4010_8.5685_47.4065_8.5700.png,,6.7
339,honest,0.3,1.0,20,0.0,0.0,0.0,tile_47.4065_8.5300_47.4100_8.5355.png,,6.7
340,honest,0.3,1.0,20,0.0,0.0,0.0,tile_47.3955_8.5520_47.4010_8.5575.png,,6.8
341,honest,0.3,0.35,7,0.0,1.0,0.0,tile_47.3900_8.5465_47.3955_8.5520.png,,6.7
342,honest,0.3,1.0,20,0.0,0.0,0.0,tile_47.3900_8.5575_47.3955_8.5630.png,,6.6
343,honest,0.3,1.0,20,15.0,0.0,0.0,tile_47.3955_8.5685_47.4010_8.5700.png,,6.7
344,honest,0.3,0.7,14,15.0,1.0,0.0,tile_47.3955_8.5410_47.4010_8.5465.png,,6.7
345,honest,0.3,0.35,7,0.0,1.0,0.0,tile_47.4065_8.5300_47.4100_8.5355.png,,6.7
346,honest,0.3,0.6,12,0.0,1.0,0.0,tile_47.4010_8.5575_47.4065_8.5630.png,,6.7
347,honest,0.3,0.3,6,-15.0,1.0,0.0,tile_47.4065_8.5300_47.4100_8.5355.png,,6.7
348,honest,0.3,0.6,12,0.0,1.0,0.0,tile_47.4010_8.5575_47.4065_8.5630.png,,6.7
349,honest,0.3,1.0,20,-15.0,0.0,0.0,tile_47.4010_8.5465_47.4065_8.5520.png,,6.7
350,honest,0.3,0.65,13,15.0,1.0,0.0,tile_47.3900_8.5575_47.3955_8.5630.png,,6.6
351,honest,0.3,0.4,8,0.0,1.0,0.0,tile_47.3955_8.5300_47.4010_8.5355.png,,6.8
352,honest,0.3,1.0,20,15.0,0.0,0.0,tile_47.4010_8.5685_47.4065_8.5700.png,,6.8
353,honest,0.3,0.5,10,-15.0,1.0,0.0,tile_47.3955_8.5465_47.4010_8.5520.png,,6.7
354,honest,0.3,0.7,14,-15.0,1.0,0.0,tile_47.3955_8.5520_47.4010_8.5575.png,,6.8
355,honest,0.3,1.0,20,-15.0,0.0,0.0,tile_47.3900_8.5520_47.3955_8.5575.png,,6.7
356,honest,0.3,1.0,20,0.0,0.0,0.0,tile_47.4010_8.5575_47.4065_8.5630.png,,6.7
357,honest,0.3,1.0,20,15.0,0.0,0.0,tile_47.3955_8.5355_47.4010_8.5410.png,,6.7
358,honest,0.3,1.0,20,-15.0,0.0,0.0,tile_47.4065_8.5520_47.4100_8.5575.png,,6.7
359,honest,0.3,0.85,17,-15.0,1.0,0.0,tile_47.3955_8.5685_47.4010_8.5700.png,,6.7
360,honest,0.3,0.75,15,0.0,1.0,0.0,tile_47.3955_8.5630_47.4010_8.5685.png,,6.7
361,honest,0.3,1.0,20,15.0,0.0,0.0,tile_47.4065_8.5630_47.4100_8.5685.png,,6.7
362,honest,0.3,0.15,3,-15.0,1.0,0.0,tile_47.4065_8.5575_47.4100_8.5630.png,,6.7
363,honest,0.3,0.65,13,0.0,1.0,0.0,tile_47.3955_8.5410_47.4010_8.5465.png,,6.8
364,honest,0.3,1.0,20,-15.0,0.0,0.0,tile_47.3900_8.5465_47.3955_8.5520.png,,6.7
365,honest,0.3,0.8,16,15.0,1.0,0.0,tile_47.3900_8.5630_47.3955_8.5685.png,,6.7
366,honest,0.3,1.0,20,15.0,0.0,0.0,tile_47.3900_8.5575_47.3955_8.5630.png,,6.8
367,honest,0.3,0.45,9,-15.0,1.0,0.0,tile_47.3955_8.5355_47.4010_8.5410.png,,6.8
368,honest,0.3,1.0,20,0.0,0.0,0.0,tile_47.4065_8.5520_47.4100_8.5575.png,,6.7
369,honest,0.3,1.0,20,0.0,0.0,0.0,tile_47.3900_8.5465_47.3955_8.5520.png,,6.7
370,honest,0.3,0.35,7,0.0,1.0,0.0,tile_47.4065_8.5300_47.4100_8.5355.png,,6.8
371,honest,0.3,0.4,8,-15.0,1.0,0.0,tile_47.3900_8.5355_47.3955_8.5410.png,,6.8
372,honest,0.3,1.0,20,0.0,0.0,0.0,tile_47.3955_8.5355_47.4010_8.5410.png,,6.8
373,honest,0.3,1.0,20,-15.0,0.0,0.0,tile_47.4065_8.5630_47.4100_8.5685.png,,6.7
374,honest,0.3,1.0,20,15.0,0.0,0.0,tile_47.4065_8.5520_47.4100_8.5575.png,,6.7
375,honest,0.3,1.0,20,15.0,0.0,0.0,tile_47.3900_8.5355_47.3955_8.5410.png,,6.7
376,honest,0.3,1.0,20,0.0,0.0,0.0,tile_47.4065_8.5465_47.4100_8.5520.png,,6.8
377,honest,0.3,0.6,12,-15.0,1.0,0.0,tile_47.4010_8.5465_47.4065_8.5520.png,,6.8
378,honest,0.3,1.0,20,-15.0,0.0,0.0,tile_47.4065_8.5410_47.4100_8.5465.png,,6.7
379,honest,0.3,0.5,10,15.0,1.0,0.0,tile_47.3900_8.5685_47.3955_8.5700.png,,6.7
380,honest,0.3,1.0,20,0.0,0.0,0.0,tile_47.3955_8.5355_47.4010_8.5410.png,,6.7
381,honest,0.3,0.55,11,0.0,1.0,0.0,tile_47.4010_8.5630_47.4065_8.5685.png,,6.9
382,honest,0.3,0.7,14,-15.0,1.0,0.0,tile_47.3900_8.5575_47.3955_8.5630.png,,6.7
383,honest,0.3,0.45,9,15.0,1.0,0.0,tile_47.3900_8.5355_47.3955_8.5410.png,,6.7
384,honest,0.3,0.35,7,0.0,1.0,0.0,tile_47.4065_8.5300_47.4100_8.5355.png,,6.7
385,honest,0.3,0.55,11,0.0,1.0,0.0,tile_47.4010_8.5630_47.4065_8.5685.png,,6.8
386,honest,0.3,0.8,16,-15.0,1.0,0.0,tile_47.3900_8.5630_47.3955_8.5685.png,,6.8
387,honest,0.3,0.4,8,15.0,1.0,0.0,tile_47.3900_8.5410_47.3955_8.5465.png,,6.7
388,honest,0.3,0.15,3,0.0,1.0,0.0,tile_47.4065_8.5575_47.4100_8.5630.png,,6.7
389,honest,0.3,0.4,8,15.0,1.0,0.0,tile_47.3955_8.5300_47.4010_8.5355.png,,6.7
390,honest,0.3,0.7,14,-15.0,1.0,0.0,tile_47.4010_8.5410_47.4065_8.5465.png,,6.8
391,honest,0.3,1.0,20,-15.0,0.0,0.0,tile_47.3900_8.5410_47.3955_8.5465.png,,6.7
392,honest,0.3,0.65,13,0.0,1.0,0.0,tile_47.4065_8.5630_47.4100_8.5685.png,,6.8
393,honest,0.3,1.0,20,0.0,0.0,0.0,tile_47.4010_8.5410_47.4065_8.5465.png,,6.7
394,honest,0.3,1.0,20,0.0,0.0,0.0,tile_47.4010_8.5355_47.4065_8.5410.png,,6.8
395,honest,0.3,0.65,13,-15.0,1.0,0.0,tile_47.4065_8.5355_47.4100_8.5410.png,,6.8
396,honest,0.3,0.65,13,15.0,1.0,0.0,tile_47.4010_8.5575_47.4065_8.5630.png,,6.8
397,honest,0.3,0.55,11,-15.0,1.0,0.0,tile_47.4010_8.5685_47.4065_8.5700.png,,6.7
398,honest,0.3,0.55,11,15.0,1.0,0.0,tile_47.4065_8.5465_47.4100_8.5520.png,,6.8
399,honest,0.3,0.7,14,-15.0,1.0,0.0,tile_47.4010_8.5410_47.4065_8.5465.png,,6.8
400,honest,0.3,1.0,20,0.0,0.0,0.0,tile_47.4010_8.5520_47.4065_8.5575.png,,6.7
401,honest,0.3,0.7,14,15.0,1.0,0.0,tile_47.4065_8.5520_47.4100_8.5575.png,,6.7
402,honest,0.3,0.7,14,15.0,1.0,0.0,tile_47.4065_8.5520_47.4100_8.5575.png,,6.7
403,honest,0.3,0.55,11,0.0,1.0,0.0,tile_47.4010_8.5630_47.4065_8.5685.png,,6.9
404,honest,0.3,0.35,7,15.0,1.0,0.0,tile_47.3900_8.5465_47.3955_8.5520.png,,6.8
405,honest,0.3,0.7,14,-15.0,1.0,0.0,tile_47.3955_8.5410_47.4010_8.5465.png,,6.7
406,honest,0.3,1.0,20,-15.0,0.0,0.0,tile_47.3900_8.5410_47.3955_8.5465.png,,6.7
407,honest,0.3,1.0,20,-15.0,0.0,0.0,tile_47.4010_8.5685_47.4065_8.5700.png,,6.8
408,honest,0.3,0.5,10,0.0,1.0,0.0,tile_47.3955_8.5355_47.4010_8.5410.png,,6.8
409,honest,0.3,0.55,11,15.0,1.0,0.0,tile_47.4010_8.5685_47.4065_8.5700.png,,6.8
410,honest,0.3,1.0,20,0.0,0.0,0.0,tile_47.4010_8.5685_47.4065_8.5700.png,,6.7
411,honest,0.3,0.9,18,0.0,1.0,0.0,tile_47.3955_8.5685_47.4010_8.5700.png,,6.8
412,honest,0.3,1.0,20,-15.0,0.0,0.0,tile_47.4065_8.5685_47.4100_8.5700.png,,6.8
413,honest,0.3,0.65,13,15.0,1.0,0.0,tile_47.4010_8.5300_47.4065_8.5355.png,,6.8
414,honest,0.3,0.7,14,0.0,1.0,0.0,tile_47.4010_8.5410_47.4065_8.5465.png,,6.7
415,honest,0.3,0.5,10,15.0,1.0,0.0,tile_47.3900_8.5685_47.3955_8.5700.png,,6.8
416,honest,0.3,1.0,20,-15.0,0.0,0.0,tile_47.3955_8.5465_47.4010_8.5520.png,,6.7
417,honest,0.3,0.4,8,15.0,1.0,0.0,tile_47.4010_8.5520_47.4065_8.5575.png,,6.9
418,honest,0.3,0.65,13,15.0,1.0,0.0,tile_47.4010_8.5410_47.4065_8.5465.png,,6.7
419,honest,0.3,1.0,20,0.0,0.0,0.0,tile_47.4010_8.5685_47.4065_8.5700.png,,6.7
420,honest,0.3,1.0,20,15.0,0.0,0.0,tile_47.3955_8.5520_47.4010_8.5575.png,,6.7
421,honest,0.3,1.0,20,-15.0,0.0,0.0,tile_47.3900_8.5355_47.3955_8.5410.png,,6.8
422,honest,0.3,0.4,8,0.0,1.0,0.0,tile_47.3955_8.5300_47.4010_8.5355.png,,6.7
423,honest,0.3,1.0,20,15.0,0.0,0.0,tile_47.4010_8.5465_47.4065_8.5520.png,,6.7
424,honest,0.3,0.5,10,0.0,1.0,0.0,tile_47.4065_8.5410_47.4100_8.5465.png,,6.7
425,honest,0.3,1.0,20,15.0,0.0,0.0,tile_47.4010_8.5520_47.4065_8.5575.png,,6.7
426,honest,0.3,1.0,20,15.0,0.0,0.0,tile_47.4065_8.5575_47.4100_8.5630.png,,6.8
427,honest,0.3,0.55,11,15.0,1.0,0.0,tile_47.3955_8.5465_47.4010_8.5520.png,,6.7
428,honest,0.3,0.55,11,-15.0,1.0,0.0,tile_47.3900_8.5685_47.3955_8.5700.png,,6.7
429,honest,0.3,1.0,20,15.0,0.0,0.0,tile_47.3955_8.5410_47.4010_8.5465.png,,6.7
430,honest,0.3,0.6,12,-15.0,1.0,0.0,tile_47.4010_8.5630_47.4065_8.5685.png,,6.8
431,honest,0.3,0.65,13,15.0,1.0,0.0,tile_47.4010_8.5300_47.4065_8.5355.png,,6.7
432,honest,0.3,0.6,12,-15.0,1.0,0.0,tile_47.4010_8.5465_47.4065_8.5520.png,,6.7
433,honest,0.3,1.0,20,15.0,0.0,0.0,tile_47.3955_8.5355_47.4010_8.5410.png,,6.7
434,honest,0.3,0.4,8,-15.0,1.0,0.0,tile_47.3900_8.5355_47.3955_8.5410.png,,6.8
435,honest,0.3,1.0,20,-15.0,0.0,0.0,tile_47.3955_8.5575_47.4010_8.5630.png,,6.8
436,honest,0.3,0.75,15,15.0,1.0,0.0,tile_47.4065_8.5685_47.4100_8.5700.png,,6.8
437,honest,0.3,0.6,12,15.0,1.0,0.0,tile_47.4065_8.5630_47.4100_8.5685.png,,6.8
438,honest,0.3,0.15,3,-15.0,1.0,0.0,tile_47.4065_8.5575_47.4100_8.5630.png,,6.8
439,honest,0.3,1.0,20,-15.0,0.0,0.0,tile_47.4065_8.5520_47.4100_8.5575.png,,6.7
440,honest,0.3,0.8,16,0.0,1.0,0.0,tile_47.3955_8.5575_47.4010_8.5630.png,,6.7
441,honest,0.3,1.0,20,0.0,0.0,0.0,tile_47.4010_8.5520_47.4065_8.5575.png,,6.7
442,honest,0.3,0.4,8,15.0,1.0,0.0,tile_47.3955_8.5300_47.4010_8.5355.png,,6.7
443,honest,0.3,1.0,20,0.0,0.0,0.0,tile_47.3955_8.5685_47.4010_8.5700.png,,6.7
444,honest,0.3,1.0,20,0.0,0.0,0.0,tile_47.4065_8.5520_47.4100_8.5575.png,,6.8
445,honest,0.3,1.0,20,-15.0,0.0,0.0,tile_47.3900_8.5465_47.3955_8.5520.png,,6.7
446,honest,0.3,0.9,18,0.0,1.0,0.0,tile_47.3955_8.5685_47.4010_8.5700.png,,6.7
447,honest,0.3,0.7,14,-15.0,1.0,0.0,tile_47.3955_8.5520_47.4010_8.5575.png,,6.7
448,honest,0.3,0.65,13,-15.0,1.0,0.0,tile_47.4065_8.5685_47.4100_8.5700.png,,6.8
449,honest,0.3,0.65,13,0.0,1.0,0.0,tile_47.3900_8.5575_47.3955_8.5630.png,,6.8
450,honest,0.3,0.8,16,0.0,1.0,0.0,tile_47.3955_8.5575_47.4010_8.5630.png,,6.7
451,honest,0.3,0.35,7,15.0,1.0,0.0,tile_47.3900_8.5465_47.3955_8.5520.png,,6.7
452,honest,0.3,0.7,14,0.0,1.0,0.0,tile_47.4010_8.5410_47.4065_8.5465.png,,6.7
453,honest,0.3,1.0,20,15.0,0.0,0.0,tile_47.4065_8.5465_47.4100_8.5520.png,,6.9
454,honest,0.3,0.65,13,-15.0,1.0,0.0,tile_47.4065_8.5355_47.4100_8.5410.png,,6.8
455,honest,0.3,1.0,20,0.0,0.0,0.0,tile_47.3900_8.5465_47.3955_8.5520.png,,6.7
456,honest,0.3,1.0,20,15.0,0.0,0.0,tile_47.4010_8.5410_47.4065_8.5465.png,,6.7
457,honest,0.3,0.4,8,-15.0,1.0,0.0,tile_47.4010_8.5355_47.4065_8.5410.png,,6.8
458,honest,0.3,1.0,20,15.0,0.0,0.0,tile_47.3900_8.5630_47.3955_8.5685.png,,6.8
459,honest,0.3,0.55,11,0.0,1.0,0.0,tile_47.4010_8.5685_47.4065_8.5700.png,,6.8
460,honest,0.3,1.0,20,-15.0,0.0,0.0,tile_47.3900_8.5410_47.3955_8.5465.png,,6.7
461,honest,0.3,1.0,20,-15.0,0.0,0.0,tile_47.4010_8.5575_47.4065_8.5630.png,,6.7
462,honest,0.3,0.4,8,0.0,1.0,0.0,tile_47.3955_8.5300_47.4010_8.5355.png,,6.8
463,honest,0.3,0.65,13,0.0,1.0,0.0,tile_47.4065_8.5355_47.4100_8.5410.png,,6.8
464,honest,0.3,0.75,15,15.0,1.0,0.0,tile_47.4065_8.5685_47.4100_8.5700.png,,6.8
465,honest,0.3,0.45,9,15.0,1.0,0.0,tile_47.3900_8.5355_47.3955_8.5410.png,,6.8
466,honest,0.3,0.5,10,0.0,1.0,0.0,tile_47.4065_8.5410_47.4100_8.5465.png,,6.9
467,honest,0.3,0.6,12,15.0,1.0,0.0,tile_47.4065_8.5630_47.4100_8.5685.png,,6.7
468,honest,0.3,1.0,20,0.0,0.0,0.0,tile_47.4065_8.5630_47.4100_8.5685.png,,6.7
469,honest,0.3,0.85,17,-15.0,1.0,0.0,tile_47.3955_8.5685_47.4010_8.5700.png,,6.7
470,honest,0.3,1.0,20,-15.0,0.0,0.0,tile_47.3900_8.5355_47.3955_8.5410.png,,6.7
471,honest,0.3,0.5,10,0.0,1.0,0.0,tile_47.3955_8.5355_47.4010_8.5410.png,,6.9
472,honest,0.3,1.0,20,0.0,0.0,0.0,tile_47.4065_8.5630_47.4100_8.5685.png,,6.8
473,honest,0.3,1.0,20,15.0,0.0,0.0,tile_47.3955_8.5575_47.4010_8.5630.png,,6.7
474,honest,0.3,0.35,7,15.0,1.0,0.0,tile_47.4065_8.5300_47.4100_8.5355.png,,6.8
475,honest,0.3,1.0,20,0.0,0.0,0.0,tile_47.4010_8.5575_47.4065_8.5630.png,,6.9
476,honest,0.3,0.6,12,15.0,1.0,0.0,tile_47.4065_8.5630_47.4100_8.5685.png,,6.8
477,honest,0.3,1.0,20,-15.0,0.0,0.0,tile_47.4010_8.5465_47.4065_8.5520.png,,6.8
478,honest,0.3,0.75,15,-15.0,1.0,0.0,tile_47.3955_8.5575_47.4010_8.5630.png,,6.7
479,honest,0.3,0.6,12,15.0,1.0,0.0,tile_47.4065_8.5630_47.4100_8.5685.png,,6.8
480,honest,0.3,0.5,10,0.0,1.0,0.0,tile_47.3900_8.5685_47.3955_8.5700.png,,6.9
481,honest,0.3,0.6,12,15.0,1.0,0.0,tile_47.4010_8.5630_47.4065_8.5685.png,,6.8
482,honest,0.3,0.7,14,-15.0,1.0,0.0,tile_47.4010_8.5410_47.4065_8.5465.png,,6.7
483,honest,0.3,1.0,20,15.0,0.0,0.0,tile_47.4065_8.5520_47.4100_8.5575.png,,6.8
484,honest,0.3,0.8,16,15.0,1.0,0.0,tile_47.3955_8.5575_47.4010_8.5630.png,,6.7
485,honest,0.3,0.4,8,-15.0,1.0,0.0,tile_47.3955_8.5300_47.4010_8.5355.png,,6.8
486,honest,0.3,1.0,20,-15.0,0.0,0.0,tile_47.3900_8.5465_47.3955_8.5520.png,,6.7
487,honest,0.3,1.0,20,15.0,0.0,0.0,tile_47.3900_8.5465_47.3955_8.5520.png,,6.7
488,honest,0.3,0.65,13,-15.0,1.0,0.0,tile_47.4065_8.5630_47.4100_8.5685.png,,6.8
489,honest,0.3,1.0,20,-15.0,0.0,0.0,tile_47.3955_8.5410_47.4010_8.5465.png,,6.8
490,honest,0.3,0.75,15,0.0,1.0,0.0,tile_47.3955_8.5520_47.4010_8.5575.png,,6.7
491,honest,0.3,0.35,7,0.0,1.0,0.0,tile_47.3900_8.5465_47.3955_8.5520.png,,6.8
492,honest,0.3,1.0,20,-15.0,0.0,0.0,tile_47.3955_8.5465_47.4010_8.5520.png,,6.7
493,honest,0.3,1.0,20,0.0,0.0,0.0,tile_47.4065_8.5355_47.4100_8.5410.png,,6.8
494,honest,0.3,1.0,20,0.0,0.0,0.0,tile_47.3900_8.5410_47.3955_8.5465.png,,6.7
495,honest,0.3,0.55,11,-15.0,1.0,0.0,tile_47.4010_8.5575_47.4065_8.5630.png,,6.8
496,honest,0.3,0.4,8,0.0,1.0,0.0,tile_47.3955_8.5300_47.4010_8.5355.png,,6.7
497,honest,0.3,0.75,15,15.0,1.0,0.0,tile_47.3955_8.5520_47.4010_8.5575.png,,6.8
498,honest,0.3,0.15,3,-15.0,1.0,0.0,tile_47.4065_8.5575_47.4100_8.5630.png,,7.0
499,honest,0.3,0.55,11,15.0,1.0,0.0,tile_47.3900_8.5300_47.3955_8.5355.png,,6.8
500,byzantine,0.3,0.0,0,15.0,1.0,0.0,tile_47.3955_8.5520_47.4010_8.5575.png,tile_47.3900_8.5575_47.3955_8.5630.png,6.8
501,byzantine,0.3,0.05,1,15.0,1.0,0.0,tile_47.4010_8.5520_47.4065_8.5575.png,tile_47.3900_8.5410_47.3955_8.5465.png,7.1
502,byzantine,0.3,0.0,0,0.0,0.0,0.0,tile_47.3955_8.5300_47.4010_8.5355.png,tile_47.4010_8.5300_47.4065_8.5355.png,6.8
503,byzantine,0.3,0.0,0,0.0,0.0,0.0,tile_47.4010_8.5300_47.4065_8.5355.png,tile_47.3955_8.5520_47.4010_8.5575.png,6.9
504,byzantine,0.3,0.0,0,-15.0,1.0,0.0,tile_47.4010_8.5575_47.4065_8.5630.png,tile_47.3955_8.5355_47.4010_8.5410.png,7.0
505,byzantine,0.3,0.05,1,15.0,0.0,0.0,tile_47.4010_8.5685_47.4065_8.5700.png,tile_47.4010_8.5630_47.4065_8.5685.png,6.9
506,byzantine,0.3,0.0,0,-15.0,0.0,0.0,tile_47.4065_8.5575_47.4100_8.5630.png,tile_47.3955_8.5355_47.4010_8.5410.png,7.1
507,byzantine,0.3,0.0,0,-15.0,1.0,0.0,tile_47.3900_8.5685_47.3955_8.5700.png,tile_47.4010_8.5575_47.4065_8.5630.png,7.1
508,byzantine,0.3,0.0,0,0.0,1.0,0.0,tile_47.3955_8.5630_47.4010_8.5685.png,tile_47.4065_8.5685_47.4100_8.5700.png,6.9
509,byzantine,0.3,0.0,0,-15.0,1.0,0.0,tile_47.4065_8.5575_47.4100_8.5630.png,tile_47.4010_8.5685_47.4065_8.5700.png,7.0
510,byzantine,0.3,0.0,0,15.0,1.0,0.0,tile_47.4065_8.5630_47.4100_8.5685.png,tile_47.4065_8.5300_47.4100_8.5355.png,6.9
511,byzantine,0.3,0.0,0,15.0,0.0,0.0,tile_47.3900_8.5575_47.3955_8.5630.png,tile_47.4010_8.5355_47.4065_8.5410.png,6.9
512,byzantine,0.3,0.0,0,0.0,1.0,0.0,tile_47.3900_8.5685_47.3955_8.5700.png,tile_47.3900_8.5355_47.3955_8.5410.png,7.0
513,byzantine,0.3,0.05,1,15.0,0.0,0.0,tile_47.3955_8.5410_47.4010_8.5465.png,tile_47.3955_8.5465_47.4010_8.5520.png,7.2
514,byzantine,0.3,0.0,0,15.0,1.0,0.0,tile_47.3955_8.5575_47.4010_8.5630.png,tile_47.4010_8.5685_47.4065_8.5700.png,7.0
515,byzantine,0.3,0.0,0,15.0,1.0,0.0,tile_47.4065_8.5520_47.4100_8.5575.png,tile_47.4065_8.5355_47.4100_8.5410.png,7.0
516,byzantine,0.3,0.0,0,-15.0,1.0,0.0,tile_47.4065_8.5410_47.4100_8.5465.png,tile_47.3955_8.5630_47.4010_8.5685.png,7.2
517,byzantine,0.3,0.05,1,15.0,0.0,0.0,tile_47.4010_8.5465_47.4065_8.5520.png,tile_47.4065_8.5300_47.4100_8.5355.png,7.2
518,byzantine,0.3,0.0,0,-15.0,1.0,0.0,tile_47.3900_8.5300_47.3955_8.5355.png,tile_47.4065_8.5300_47.4100_8.5355.png,6.9
519,byzantine,0.3,0.0,0,-15.0,0.0,0.0,tile_47.4065_8.5465_47.4100_8.5520.png,tile_47.3955_8.5465_47.4010_8.5520.png,6.9
520,byzantine,0.3,0.05,1,15.0,0.0,0.0,tile_47.3900_8.5520_47.3955_8.5575.png,tile_47.4065_8.5630_47.4100_8.5685.png,7.0
521,byzantine,0.3,0.0,0,0.0,0.0,0.0,tile_47.4065_8.5410_47.4100_8.5465.png,tile_47.3900_8.5575_47.3955_8.5630.png,6.8
522,byzantine,0.3,0.0,0,-15.0,1.0,0.0,tile_47.4065_8.5300_47.4100_8.5355.png,tile_47.3955_8.5630_47.4010_8.5685.png,6.9
523,byzantine,0.3,0.05,1,0.0,1.0,0.0,tile_47.3955_8.5300_47.4010_8.5355.png,tile_47.4010_8.5575_47.4065_8.5630.png,6.9
524,byzantine,0.3,0.0,0,0.0,0.0,0.0,tile_47.4065_8.5355_47.4100_8.5410.png,tile_47.4010_8.5300_47.4065_8.5355.png,6.8
525,byzantine,0.3,0.0,0,-15.0,0.0,0.0,tile_47.3900_8.5355_47.3955_8.5410.png,tile_47.3955_8.5410_47.4010_8.5465.png,7.0
526,byzantine,0.3,0.05,1,0.0,1.0,0.0,tile_47.3955_8.5630_47.4010_8.5685.png,tile_47.3900_8.5685_47.3955_8.5700.png,6.8
527,byzantine,0.3,0.0,0,0.0,1.0,0.0,tile_47.4010_8.5355_47.4065_8.5410.png,tile_47.3900_8.5630_47.3955_8.5685.png,6.8
528,byzantine,0.3,0.05,1,15.0,0.0,0.0,tile_47.4065_8.5410_47.4100_8.5465.png,tile_47.4010_8.5465_47.4065_8.5520.png,6.7
529,byzantine,0.3,0.05,1,-15.0,0.0,0.0,tile_47.3900_8.5520_47.3955_8.5575.png,tile_47.3900_8.5465_47.3955_8.5520.png,6.7
530,byzantine,0.3,0.0,0,15.0,0.0,0.0,tile_47.3900_8.5465_47.3955_8.5520.png,tile_47.3955_8.5300_47.4010_8.5355.png,6.8
531,byzantine,0.3,0.0,0,15.0,0.0,0.0,tile_47.4065_8.5520_47.4100_8.5575.png,tile_47.3900_8.5685_47.3955_8.5700.png,6.7
532,byzantine,0.3,0.1,2,15.0,0.0,0.0,tile_47.3955_8.5300_47.4010_8.5355.png,tile_47.4010_8.5355_47.4065_8.5410.png,6.8
533,byzantine,0.3,0.0,0,0.0,0.0,0.0,tile_47.4010_8.5520_47.4065_8.5575.png,tile_47.3900_8.5685_47.3955_8.5700.png,6.8
534,byzantine,0.3,0.05,1,0.0,0.0,0.0,tile_47.4065_8.5410_47.4100_8.5465.png,tile_47.3955_8.5355_47.4010_8.5410.png,6.8
535,byzantine,0.3,0.0,0,0.0,0.0,0.0,tile_47.4065_8.5465_47.4100_8.5520.png,tile_47.4010_8.5355_47.4065_8.5410.png,6.8
536,byzantine,0.3,0.05,1,0.0,0.0,0.0,tile_47.4065_8.5300_47.4100_8.5355.png,tile_47.4065_8.5410_47.4100_8.5465.png,6.8
537,byzantine,0.3,0.0,0,15.0,1.0,0.0,tile_47.4065_8.5410_47.4100_8.5465.png,tile_47.3900_8.5520_47.3955_8.5575.png,6.8
538,byzantine,0.3,0.0,0,0.0,1.0,0.0,tile_47.4065_8.5630_47.4100_8.5685.png,tile_47.3900_8.5685_47.3955_8.5700.png,6.9
539,byzantine,0.3,0.0,0,-15.0,1.0,0.0,tile_47.4065_8.5575_47.4100_8.5630.png,tile_47.4065_8.5630_47.4100_8.5685.png,6.8
540,byzantine,0.3,0.0,0,-15.0,1.0,0.0,tile_47.3955_8.5300_47.4010_8.5355.png,tile_47.3955_8.5575_47.4010_8.5630.png,6.7
541,byzantine,0.3,0.0,0,-15.0,1.0,0.0,tile_47.4010_8.5575_47.4065_8.5630.png,tile_47.4010_8.5520_47.4065_8.5575.png,6.9
542,byzantine,0.3,0.05,1,-15.0,1.0,0.0,tile_47.3900_8.5575_47.3955_8.5630.png,tile_47.4010_8.5410_47.4065_8.5465.png,6.7
543,byzantine,0.3,0.1,2,15.0,0.0,0.0,tile_47.4010_8.5355_47.4065_8.5410.png,tile_47.3955_8.5520_47.4010_8.5575.png,6.7
544,byzantine,0.3,0.0,0,15.0,0.0,0.0,tile_47.3955_8.5520_47.4010_8.5575.png,tile_47.4065_8.5410_47.4100_8.5465.png,6.9
545,byzantine,0.3,0.0,0,15.0,0.0,0.0,tile_47.3955_8.5575_47.4010_8.5630.png,tile_47.4065_8.5520_47.4100_8.5575.png,6.7
546,byzantine,0.3,0.0,0,0.0,1.0,0.0,tile_47.3955_8.5575_47.4010_8.5630.png,tile_47.4065_8.5630_47.4100_8.5685.png,6.9
547,byzantine,0.3,0.0,0,-15.0,0.0,0.0,tile_47.3955_8.5685_47.4010_8.5700.png,tile_47.4010_8.5685_47.4065_8.5700.png,6.7
548,byzantine,0.3,0.0,0,15.0,0.0,0.0,tile_47.3955_8.5685_47.4010_8.5700.png,tile_47.4010_8.5410_47.4065_8.5465.png,6.7
549,byzantine,0.3,0.0,0,0.0,1.0,0.0,tile_47.4065_8.5575_47.4100_8.5630.png,tile_47.4010_8.5355_47.4065_8.5410.png,7.0
550,byzantine,0.3,0.0,0,15.0,1.0,0.0,tile_47.4010_8.5300_47.4065_8.5355.png,tile_47.3955_8.5465_47.4010_8.5520.png,7.2
551,byzantine,0.3,0.0,0,15.0,1.0,0.0,tile_47.3900_8.5630_47.3955_8.5685.png,tile_47.4065_8.5410_47.4100_8.5465.png,7.3
552,byzantine,0.3,0.0,0,15.0,1.0,0.0,tile_47.3955_8.5575_47.4010_8.5630.png,tile_47.3955_8.5465_47.4010_8.5520.png,7.2
553,byzantine,0.3,0.0,0,0.0,1.0,0.0,tile_47.3955_8.5630_47.4010_8.5685.png,tile_47.4065_8.5300_47.4100_8.5355.png,7.1
554,byzantine,0.3,0.0,0,-15.0,0.0,0.0,tile_47.4065_8.5410_47.4100_8.5465.png,tile_47.3955_8.5355_47.4010_8.5410.png,6.9
555,byzantine,0.3,0.0,0,-15.0,0.0,0.0,tile_47.3955_8.5630_47.4010_8.5685.png,tile_47.3955_8.5520_47.4010_8.5575.png,7.0
556,byzantine,0.3,0.0,0,15.0,0.0,0.0,tile_47.4010_8.5575_47.4065_8.5630.png,tile_47.3955_8.5300_47.4010_8.5355.png,6.8
557,byzantine,0.3,0.05,1,0.0,1.0,0.0,tile_47.3955_8.5410_47.4010_8.5465.png,tile_47.4065_8.5300_47.4100_8.5355.png,6.9
558,byzantine,0.3,0.0,0,0.0,0.0,0.0,tile_47.4065_8.5685_47.4100_8.5700.png,tile_47.3900_8.5575_47.3955_8.5630.png,6.7
559,byzantine,0.3,0.0,0,15.0,0.0,0.0,tile_47.3900_8.5520_47.3955_8.5575.png,tile_47.4065_8.5685_47.4100_8.5700.png,6.9
560,byzantine,0.3,0.0,0,15.0,0.0,0.0,tile_47.4065_8.5410_47.4100_8.5465.png,tile_47.3900_8.5520_47.3955_8.5575.png,6.7
561,byzantine,0.3,0.0,0,15.0,0.0,0.0,tile_47.3955_8.5355_47.4010_8.5410.png,tile_47.3900_8.5300_47.3955_8.5355.png,6.7
562,byzantine,0.3,0.05,1,-15.0,1.0,0.0,tile_47.3900_8.5465_47.3955_8.5520.png,tile_47.4010_8.5520_47.4065_8.5575.png,7.4
563,byzantine,0.3,0.0,0,15.0,1.0,0.0,tile_47.3900_8.5355_47.3955_8.5410.png,tile_47.3900_8.5300_47.3955_8.5355.png,7.2
564,byzantine,0.3,0.05,1,15.0,1.0,0.0,tile_47.3900_8.5355_47.3955_8.5410.png,tile_47.4010_8.5355_47.4065_8.5410.png,6.8
565,byzantine,0.3,0.05,1,15.0,1.0,0.0,tile_47.3900_8.5355_47.3955_8.5410.png,tile_47.4010_8.5355_47.4065_8.5410.png,6.7
566,byzantine,0.3,0.0,0,15.0,1.0,0.0,tile_47.3900_8.5630_47.3955_8.5685.png,tile_47.4065_8.5630_47.4100_8.5685.png,6.8
567,byzantine,0.3,0.0,0,-15.0,0.0,0.0,tile_47.3955_8.5520_47.4010_8.5575.png,tile_47.4010_8.5520_47.4065_8.5575.png,6.8
568,byzantine,0.3,0.0,0,15.0,1.0,0.0,tile_47.4010_8.5355_47.4065_8.5410.png,tile_47.4065_8.5410_47.4100_8.5465.png,6.8
569,byzantine,0.3,0.05,1,0.0,0.0,0.0,tile_47.4065_8.5355_47.4100_8.5410.png,tile_47.3955_8.5630_47.4010_8.5685.png,6.7
570,byzantine,0.3,0.0,0,15.0,0.0,0.0,tile_47.4010_8.5465_47.4065_8.5520.png,tile_47.4010_8.5630_47.4065_8.5685.png,6.8
571,byzantine,0.3,0.0,0,-15.0,0.0,0.0,tile_47.4065_8.5355_47.4100_8.5410.png,tile_47.3955_8.5520_47.4010_8.5575.png,6.9
572,byzantine,0.3,0.0,0,0.0,1.0,0.0,tile_47.3900_8.5300_47.3955_8.5355.png,tile_47.4010_8.5685_47.4065_8.5700.png,6.9
573,byzantine,0.3,0.05,1,-15.0,0.0,0.0,tile_47.4065_8.5465_47.4100_8.5520.png,tile_47.4010_8.5520_47.4065_8.5575.png,7.0
574,byzantine,0.3,0.0,0,0.0,0.0,0.0,tile_47.3955_8.5630_47.4010_8.5685.png,tile_47.3900_8.5630_47.3955_8.5685.png,6.9
575,byzantine,0.3,0.0,0,15.0,1.0,0.0,tile_47.3900_8.5410_47.3955_8.5465.png,tile_47.4065_8.5630_47.4100_8.5685.png,7.0
576,byzantine,0.3,0.0,0,-15.0,1.0,0.0,tile_47.3955_8.5465_47.4010_8.5520.png,tile_47.4065_8.5630_47.4100_8.5685.png,6.9
577,byzantine,0.3,0.05,1,0.0,0.0,0.0,tile_47.3955_8.5355_47.4010_8.5410.png,tile_47.4065_8.5355_47.4100_8.5410.png,6.9
578,byzantine,0.3,0.0,0,15.0,1.0,0.0,tile_47.4010_8.5465_47.4065_8.5520.png,tile_47.3900_8.5575_47.3955_8.5630.png,7.4
579,byzantine,0.3,0.05,1,15.0,0.0,0.0,tile_47.4010_8.5575_47.4065_8.5630.png,tile_47.3955_8.5520_47.4010_8.5575.png,7.2
580,byzantine,0.3,0.0,0,15.0,0.0,0.0,tile_47.4010_8.5630_47.4065_8.5685.png,tile_47.3900_8.5355_47.3955_8.5410.png,7.2
581,byzantine,0.3,0.0,0,-15.0,1.0,0.0,tile_47.3900_8.5520_47.3955_8.5575.png,tile_47.3955_8.5465_47.4010_8.5520.png,7.4
582,byzantine,0.3,0.0,0,15.0,1.0,0.0,tile_47.3900_8.5355_47.3955_8.5410.png,tile_47.4010_8.5575_47.4065_8.5630.png,7.3
583,byzantine,0.3,0.0,0,0.0,1.0,0.0,tile_47.3955_8.5630_47.4010_8.5685.png,tile_47.3955_8.5465_47.4010_8.5520.png,7.4
584,byzantine,0.3,0.05,1,15.0,1.0,0.0,tile_47.3955_8.5465_47.4010_8.5520.png,tile_47.4010_8.5630_47.4065_8.5685.png,6.9
585,byzantine,0.3,0.15,3,15.0,1.0,0.0,tile_47.4010_8.5410_47.4065_8.5465.png,tile_47.4065_8.5410_47.4100_8.5465.png,6.9
586,byzantine,0.3,0.0,0,-15.0,0.0,0.0,tile_47.4010_8.5355_47.4065_8.5410.png,tile_47.3900_8.5520_47.3955_8.5575.png,7.1
587,byzantine,0.3,0.0,0,0.0,0.0,0.0,tile_47.4010_8.5520_47.4065_8.5575.png,tile_47.3955_8.5465_47.4010_8.5520.png,7.0
588,byzantine,0.3,0.0,0,-15.0,0.0,0.0,tile_47.4010_8.5465_47.4065_8.5520.png,tile_47.3955_8.5630_47.4010_8.5685.png,7.0
589,byzantine,0.3,0.05,1,0.0,1.0,0.0,tile_47.3955_8.5300_47.4010_8.5355.png,tile_47.3900_8.5410_47.3955_8.5465.png,7.0
590,byzantine,0.3,0.0,0,-15.0,1.0,0.0,tile_47.4065_8.5410_47.4100_8.5465.png,tile_47.3900_8.5465_47.3955_8.5520.png,6.9
591,byzantine,0.3,0.0,0,-15.0,0.0,0.0,tile_47.3900_8.5575_47.3955_8.5630.png,tile_47.4010_8.5520_47.4065_8.5575.png,7.0
592,byzantine,0.3,0.0,0,15.0,1.0,0.0,tile_47.3900_8.5300_47.3955_8.5355.png,tile_47.3955_8.5410_47.4010_8.5465.png,7.0
593,byzantine,0.3,0.0,0,0.0,1.0,0.0,tile_47.3955_8.5685_47.4010_8.5700.png,tile_47.4010_8.5465_47.4065_8.5520.png,7.0
594,byzantine,0.3,0.0,0,15.0,0.0,0.0,tile_47.3955_8.5410_47.4010_8.5465.png,tile_47.3900_8.5520_47.3955_8.5575.png,7.0
595,byzantine,0.3,0.0,0,0.0,1.0,0.0,tile_47.4065_8.5685_47.4100_8.5700.png,tile_47.3900_8.5520_47.3955_8.5575.png,6.9
596,byzantine,0.3,0.0,0,-15.0,0.0,0.0,tile_47.4010_8.5355_47.4065_8.5410.png,tile_47.3955_8.5575_47.4010_8.5630.png,7.0
597,byzantine,0.3,0.0,0,0.0,1.0,0.0,tile_47.4010_8.5685_47.4065_8.5700.png,tile_47.3955_8.5300_47.4010_8.5355.png,6.9
598,byzantine,0.3,0.0,0,-15.0,1.0,0.0,tile_47.4065_8.5575_47.4100_8.5630.png,tile_47.3900_8.5465_47.3955_8.5520.png,7.0
599,byzantine,0.3,0.0,0,-15.0,1.0,0.0,tile_47.4065_8.5355_47.4100_8.5410.png,tile_47.3955_8.5410_47.4010_8.5465.png,7.0
600,byzantine,0.3,0.0,0,15.0,1.0,0.0,tile_47.4065_8.5520_47.4100_8.5575.png,tile_47.3955_8.5410_47.4010_8.5465.png,6.9
601,byzantine,0.3,0.0,0,0.0,0.0,0.0,tile_47.4010_8.5520_47.4065_8.5575.png,tile_47.4010_8.5465_47.4065_8.5520.png,7.0
602,byzantine,0.3,0.0,0,15.0,0.0,0.0,tile_47.4010_8.5520_47.4065_8.5575.png,tile_47.3900_8.5575_47.3955_8.5630.png,7.0
603,byzantine,0.3,0.0,0,0.0,1.0,0.0,tile_47.4065_8.5685_47.4100_8.5700.png,tile_47.4065_8.5630_47.4100_8.5685.png,7.0
604,byzantine,0.3,0.0,0,15.0,0.0,0.0,tile_47.4065_8.5300_47.4100_8.5355.png,tile_47.3955_8.5300_47.4010_8.5355.png,7.0
605,byzantine,0.3,0.0,0,0.0,1.0,0.0,tile_47.3955_8.5520_47.4010_8.5575.png,tile_47.4010_8.5465_47.4065_8.5520.png,6.9
606,byzantine,0.3,0.0,0,15.0,0.0,0.0,tile_47.4065_8.5575_47.4100_8.5630.png,tile_47.4065_8.5685_47.4100_8.5700.png,6.9
607,byzantine,0.3,0.0,0,15.0,0.0,0.0,tile_47.4010_8.5410_47.4065_8.5465.png,tile_47.4065_8.5465_47.4100_8.5520.png,7.1
608,byzantine,0.3,0.0,0,15.0,0.0,0.0,tile_47.4065_8.5685_47.4100_8.5700.png,tile_47.3900_8.5520_47.3955_8.5575.png,6.9
609,byzantine,0.3,0.05,1,15.0,1.0,0.0,tile_47.4010_8.5300_47.4065_8.5355.png,tile_47.4010_8.5630_47.4065_8.5685.png,6.9
610,byzantine,0.3,0.0,0,-15.0,1.0,0.0,tile_47.3900_8.5520_47.3955_8.5575.png,tile_47.3955_8.5685_47.4010_8.5700.png,7.0
611,byzantine,0.3,0.0,0,15.0,1.0,0.0,tile_47.4065_8.5410_47.4100_8.5465.png,tile_47.4010_8.5355_47.4065_8.5410.png,7.0
612,byzantine,0.3,0.0,0,-15.0,1.0,0.0,tile_47.3900_8.5630_47.3955_8.5685.png,tile_47.4065_8.5355_47.4100_8.5410.png,6.9
613,byzantine,0.3,0.0,0,-15.0,1.0,0.0,tile_47.3900_8.5410_47.3955_8.5465.png,tile_47.4010_8.5465_47.4065_8.5520.png,7.0
614,byzantine,0.3,0.0,0,15.0,1.0,0.0,tile_47.4065_8.5465_47.4100_8.5520.png,tile_47.3900_8.5465_47.3955_8.5520.png,6.9
615,byzantine,0.3,0.0,0,-15.0,0.0,0.0,tile_47.3955_8.5630_47.4010_8.5685.png,tile_47.4010_8.5355_47.4065_8.5410.png,7.1
616,byzantine,0.3,0.0,0,15.0,0.0,0.0,tile_47.4010_8.5685_47.4065_8.5700.png,tile_47.3955_8.5520_47.4010_8.5575.png,6.9
617,byzantine,0.3,0.0,0,0.0,0.0,0.0,tile_47.3900_8.5355_47.3955_8.5410.png,tile_47.4010_8.5300_47.4065_8.5355.png,7.0
618,byzantine,0.3,0.05,1,-15.0,1.0,0.0,tile_47.3900_8.5575_47.3955_8.5630.png,tile_47.3900_8.5465_47.3955_8.5520.png,7.0
619,byzantine,0.3,0.0,0,15.0,0.0,0.0,tile_47.4010_8.5465_47.4065_8.5520.png,tile_47.3955_8.5410_47.4010_8.5465.png,6.9
620,byzantine,0.3,0.0,0,0.0,0.0,0.0,tile_47.4010_8.5630_47.4065_8.5685.png,tile_47.3955_8.5685_47.4010_8.5700.png,7.1
621,byzantine,0.3,0.05,1,-15.0,1.0,0.0,tile_47.4010_8.5520_47.4065_8.5575.png,tile_47.3900_8.5410_47.3955_8.5465.png,7.1
622,byzantine,0.3,0.0,0,0.0,0.0,0.0,tile_47.3900_8.5355_47.3955_8.5410.png,tile_47.4065_8.5520_47.4100_8.5575.png,6.9
623,byzantine,0.3,0.0,0,0.0,0.0,0.0,tile_47.3955_8.5685_47.4010_8.5700.png,tile_47.4010_8.5355_47.4065_8.5410.png,7.0
624,byzantine,0.3,0.0,0,-15.0,0.0,0.0,tile_47.4065_8.5465_47.4100_8.5520.png,tile_47.4065_8.5685_47.4100_8.5700.png,7.0
625,byzantine,0.3,0.0,0,0.0,0.0,0.0,tile_47.3955_8.5465_47.4010_8.5520.png,tile_47.3900_8.5575_47.3955_8.5630.png,6.9
626,byzantine,0.3,0.05,1,15.0,1.0,0.0,tile_47.3900_8.5355_47.3955_8.5410.png,tile_47.4065_8.5300_47.4100_8.5355.png,7.0
627,byzantine,0.3,0.0,0,15.0,0.0,0.0,tile_47.4065_8.5465_47.4100_8.5520.png,tile_47.3955_8.5520_47.4010_8.5575.png,7.0
628,byzantine,0.3,0.0,0,-15.0,0.0,0.0,tile_47.4010_8.5355_47.4065_8.5410.png,tile_47.4065_8.5355_47.4100_8.5410.png,7.0
629,byzantine,0.3,0.0,0,15.0,0.0,0.0,tile_47.3955_8.5465_47.4010_8.5520.png,tile_47.3955_8.5520_47.4010_8.5575.png,6.9
630,byzantine,0.3,0.0,0,0.0,0.0,0.0,tile_47.3900_8.5685_47.3955_8.5700.png,tile_47.3955_8.5355_47.4010_8.5410.png,6.9
631,byzantine,0.3,0.0,0,15.0,1.0,0.0,tile_47.4065_8.5300_47.4100_8.5355.png,tile_47.4010_8.5465_47.4065_8.5520.png,7.1
632,byzantine,0.3,0.05,1,0.0,0.0,0.0,tile_47.4010_8.5630_47.4065_8.5685.png,tile_47.4065_8.5520_47.4100_8.5575.png,7.1
633,byzantine,0.3,0.0,0,0.0,0.0,0.0,tile_47.3900_8.5575_47.3955_8.5630.png,tile_47.4010_8.5630_47.4065_8.5685.png,6.9
634,byzantine,0.3,0.0,0,-15.0,1.0,0.0,tile_47.3955_8.5685_47.4010_8.5700.png,tile_47.3955_8.5355_47.4010_8.5410.png,7.0
635,byzantine,0.3,0.0,0,-15.0,0.0,0.0,tile_47.3955_8.5355_47.4010_8.5410.png,tile_47.4010_8.5355_47.4065_8.5410.png,6.9
636,byzantine,0.3,0.0,0,0.0,1.0,0.0,tile_47.4065_8.5300_47.4100_8.5355.png,tile_47.3955_8.5575_47.4010_8.5630.png,6.9
637,byzantine,0.3,0.0,0,-15.0,1.0,0.0,tile_47.3955_8.5410_47.4010_8.5465.png,tile_47.4010_8.5300_47.4065_8.5355.png,7.1
638,byzantine,0.3,0.05,1,0.0,0.0,0.0,tile_47.4010_8.5520_47.4065_8.5575.png,tile_47.4065_8.5465_47.4100_8.5520.png,7.0
639,byzantine,0.3,0.05,1,0.0,0.0,0.0,tile_47.3900_8.5300_47.3955_8.5355.png,tile_47.4010_8.5300_47.4065_8.5355.png,7.0
640,byzantine,0.3,0.0,0,-15.0,0.0,0.0,tile_47.4065_8.5685_47.4100_8.5700.png,tile_47.3955_8.5575_47.4010_8.5630.png,7.1
641,byzantine,0.3,0.0,0,15.0,1.0,0.0,tile_47.4065_8.5520_47.4100_8.5575.png,tile_47.3955_8.5685_47.4010_8.5700.png,6.9
642,byzantine,0.3,0.0,0,-15.0,0.0,0.0,tile_47.3955_8.5630_47.4010_8.5685.png,tile_47.3955_8.5355_47.4010_8.5410.png,6.9
643,byzantine,0.3,0.05,1,-15.0,1.0,0.0,tile_47.4010_8.5410_47.4065_8.5465.png,tile_47.3900_8.5575_47.3955_8.5630.png,6.9
644,byzantine,0.3,0.05,1,0.0,1.0,0.0,tile_47.3900_8.5685_47.3955_8.5700.png,tile_47.3955_8.5355_47.4010_8.5410.png,7.0
645,byzantine,0.3,0.05,1,15.0,1.0,0.0,tile_47.4065_8.5520_47.4100_8.5575.png,tile_47.4010_8.5355_47.4065_8.5410.png,7.1
646,byzantine,0.3,0.0,0,-15.0,1.0,0.0,tile_47.3955_8.5685_47.4010_8.5700.png,tile_47.3955_8.5355_47.4010_8.5410.png,6.9
647,byzantine,0.3,0.0,0,-15.0,1.0,0.0,tile_47.4010_8.5630_47.4065_8.5685.png,tile_47.4065_8.5520_47.4100_8.5575.png,6.9
648,byzantine,0.3,0.0,0,-15.0,1.0,0.0,tile_47.3955_8.5685_47.4010_8.5700.png,tile_47.3900_8.5630_47.3955_8.5685.png,7.0
649,byzantine,0.3,0.0,0,15.0,1.0,0.0,tile_47.3955_8.5410_47.4010_8.5465.png,tile_47.4010_8.5520_47.4065_8.5575.png,7.0
650,byzantine,0.3,0.0,0,-15.0,0.0,0.0,tile_47.3900_8.5465_47.3955_8.5520.png,tile_47.4010_8.5465_47.4065_8.5520.png,7.0
651,byzantine,0.3,0.0,0,0.0,1.0,0.0,tile_47.4010_8.5520_47.4065_8.5575.png,tile_47.4010_8.5685_47.4065_8.5700.png,7.0
652,byzantine,0.3,0.0,0,0.0,1.0,0.0,tile_47.3900_8.5630_47.3955_8.5685.png,tile_47.3900_8.5520_47.3955_8.5575.png,7.1
653,byzantine,0.3,0.0,0,0.0,0.0,0.0,tile_47.3955_8.5300_47.4010_8.5355.png,tile_47.4010_8.5685_47.4065_8.5700.png,7.0
654,byzantine,0.3,0.05,1,-15.0,0.0,0.0,tile_47.4010_8.5520_47.4065_8.5575.png,tile_47.4065_8.5465_47.4100_8.5520.png,7.0
655,byzantine,0.3,0.0,0,-15.0,1.0,0.0,tile_47.3955_8.5355_47.4010_8.5410.png,tile_47.4010_8.5465_47.4065_8.5520.png,7.0
656,byzantine,0.3,0.0,0,15.0,1.0,0.0,tile_47.4065_8.5300_47.4100_8.5355.png,tile_47.3955_8.5630_47.4010_8.5685.png,7.2
657,byzantine,0.3,0.0,0,-15.0,0.0,0.0,tile_47.4010_8.5355_47.4065_8.5410.png,tile_47.4010_8.5685_47.4065_8.5700.png,7.0
658,byzantine,0.3,0.0,0,0.0,1.0,0.0,tile_47.4010_8.5520_47.4065_8.5575.png,tile_47.4010_8.5410_47.4065_8.5465.png,7.0
659,byzantine,0.3,0.05,1,-15.0,0.0,0.0,tile_47.4010_8.5630_47.4065_8.5685.png,tile_47.4065_8.5520_47.4100_8.5575.png,7.0
660,byzantine,0.3,0.0,0,-15.0,1.0,0.0,tile_47.4065_8.5465_47.4100_8.5520.png,tile_47.4065_8.5410_47.4100_8.5465.png,7.1
661,byzantine,0.3,0.0,0,-15.0,1.0,0.0,tile_47.4010_8.5520_47.4065_8.5575.png,tile_47.4065_8.5465_47.4100_8.5520.png,7.1
662,byzantine,0.3,0.05,1,0.0,1.0,0.0,tile_47.4065_8.5685_47.4100_8.5700.png,tile_47.4065_8.5355_47.4100_8.5410.png,7.0
663,byzantine,0.3,0.0,0,0.0,0.0,0.0,tile_47.3900_8.5630_47.3955_8.5685.png,tile_47.4010_8.5575_47.4065_8.5630.png,7.0
664,byzantine,0.3,0.0,0,0.0,0.0,0.0,tile_47.3955_8.5410_47.4010_8.5465.png,tile_47.3955_8.5685_47.4010_8.5700.png,7.0
665,byzantine,0.3,0.05,1,0.0,0.0,0.0,tile_47.3955_8.5520_47.4010_8.5575.png,tile_47.4010_8.5685_47.4065_8.5700.png,7.0
666,byzantine,0.3,0.0,0,-15.0,1.0,0.0,tile_47.4010_8.5355_47.4065_8.5410.png,tile_47.3900_8.5410_47.3955_8.5465.png,7.0
667,byzantine,0.3,0.0,0,15.0,1.0,0.0,tile_47.3900_8.5575_47.3955_8.5630.png,tile_47.3955_8.5520_47.4010_8.5575.png,7.0
668,byzantine,0.3,0.0,0,15.0,0.0,0.0,tile_47.4065_8.5355_47.4100_8.5410.png,tile_47.4010_8.5520_47.4065_8.5575.png,6.9
669,byzantine,0.3,0.0,0,0.0,0.0,0.0,tile_47.3900_8.5575_47.3955_8.5630.png,tile_47.4010_8.5685_47.4065_8.5700.png,7.0
670,byzantine,0.3,0.05,1,-15.0,0.0,0.0,tile_47.4065_8.5630_47.4100_8.5685.png,tile_47.3900_8.5410_47.3955_8.5465.png,6.9
671,byzantine,0.3,0.0,0,-15.0,0.0,0.0,tile_47.3900_8.5300_47.3955_8.5355.png,tile_47.3900_8.5355_47.3955_8.5410.png,6.9
672,byzantine,0.3,0.05,1,15.0,1.0,0.0,tile_47.4065_8.5465_47.4100_8.5520.png,tile_47.4010_8.5630_47.4065_8.5685.png,7.1
673,byzantine,0.3,0.0,0,-15.0,1.0,0.0,tile_47.3955_8.5630_47.4010_8.5685.png,tile_47.3955_8.5520_47.4010_8.5575.png,6.9
674,byzantine,0.3,0.0,0,-15.0,0.0,0.0,tile_47.4010_8.5520_47.4065_8.5575.png,tile_47.3955_8.5465_47.4010_8.5520.png,7.0
675,byzantine,0.3,0.0,0,0.0,0.0,0.0,tile_47.3955_8.5300_47.4010_8.5355.png,tile_47.4010_8.5575_47.4065_8.5630.png,6.9
676,byzantine,0.3,0.0,0,15.0,0.0,0.0,tile_47.3900_8.5300_47.3955_8.5355.png,tile_47.4010_8.5520_47.4065_8.5575.png,7.0
677,byzantine,0.3,0.0,0,15.0,0.0,0.0,tile_47.4010_8.5630_47.4065_8.5685.png,tile_47.4065_8.5300_47.4100_8.5355.png,7.1
678,byzantine,0.3,0.0,0,-15.0,0.0,0.0,tile_47.4065_8.5520_47.4100_8.5575.png,tile_47.4065_8.5465_47.4100_8.5520.png,6.9
679,byzantine,0.3,0.0,0,-15.0,0.0,0.0,tile_47.3955_8.5300_47.4010_8.5355.png,tile_47.4065_8.5355_47.4100_8.5410.png,6.9
680,byzantine,0.3,0.0,0,-15.0,1.0,0.0,tile_47.4065_8.5465_47.4100_8.5520.png,tile_47.3955_8.5410_47.4010_8.5465.png,7.0
681,byzantine,0.3,0.0,0,-15.0,0.0,0.0,tile_47.3900_8.5575_47.3955_8.5630.png,tile_47.3955_8.5300_47.4010_8.5355.png,7.0
682,byzantine,0.3,0.0,0,15.0,1.0,0.0,tile_47.4010_8.5465_47.4065_8.5520.png,tile_47.3900_8.5630_47.3955_8.5685.png,7.0
683,byzantine,0.3,0.0,0,15.0,0.0,0.0,tile_47.4010_8.5410_47.4065_8.5465.png,tile_47.4010_8.5575_47.4065_8.5630.png,7.0
684,byzantine,0.3,0.05,1,-15.0,0.0,0.0,tile_47.4065_8.5300_47.4100_8.5355.png,tile_47.3900_8.5465_47.3955_8.5520.png,7.0
685,byzantine,0.3,0.05,1,-15.0,1.0,0.0,tile_47.3900_8.5300_47.3955_8.5355.png,tile_47.3955_8.5520_47.4010_8.5575.png,7.1
686,byzantine,0.3,0.05,1,0.0,0.0,0.0,tile_47.4065_8.5410_47.4100_8.5465.png,tile_47.3955_8.5465_47.4010_8.5520.png,6.9
687,byzantine,0.3,0.0,0,15.0,0.0,0.0,tile_47.3900_8.5520_47.3955_8.5575.png,tile_47.3900_8.5300_47.3955_8.5355.png,6.9
688,byzantine,0.3,0.0,0,15.0,0.0,0.0,tile_47.4010_8.5300_47.4065_8.5355.png,tile_47.3900_8.5630_47.3955_8.5685.png,7.0
689,byzantine,0.3,0.0,0,-15.0,0.0,0.0,tile_47.4010_8.5410_47.4065_8.5465.png,tile_47.4010_8.5575_47.4065_8.5630.png,6.9
690,byzantine,0.3,0.0,0,15.0,1.0,0.0,tile_47.4065_8.5355_47.4100_8.5410.png,tile_47.3900_8.5410_47.3955_8.5465.png,7.1
691,byzantine,0.3,0.0,0,15.0,0.0,0.0,tile_47.3900_8.5575_47.3955_8.5630.png,tile_47.3955_8.5410_47.4010_8.5465.png,7.0
692,byzantine,0.3,0.0,0,-15.0,0.0,0.0,tile_47.4010_8.5520_47.4065_8.5575.png,tile_47.3955_8.5520_47.4010_8.5575.png,7.0
693,byzantine,0.3,0.0,0,15.0,0.0,0.0,tile_47.4065_8.5465_47.4100_8.5520.png,tile_47.4010_8.5685_47.4065_8.5700.png,7.1
694,byzantine,0.3,0.0,0,-15.0,0.0,0.0,tile_47.3900_8.5575_47.3955_8.5630.png,tile_47.4065_8.5630_47.4100_8.5685.png,7.0
695,byzantine,0.3,0.0,0,0.0,0.0,0.0,tile_47.3900_8.5465_47.3955_8.5520.png,tile_47.3955_8.5410_47.4010_8.5465.png,7.0
696,byzantine,0.3,0.0,0,15.0,0.0,0.0,tile_47.3900_8.5300_47.3955_8.5355.png,tile_47.4010_8.5685_47.4065_8.5700.png,7.2
697,byzantine,0.3,0.05,1,-15.0,0.0,0.0,tile_47.4065_8.5685_47.4100_8.5700.png,tile_47.4065_8.5630_47.4100_8.5685.png,6.9
698,byzantine,0.3,0.0,0,0.0,1.0,0.0,tile_47.4010_8.5685_47.4065_8.5700.png,tile_47.3900_8.5520_47.3955_8.5575.png,7.0
699,byzantine,0.3,0.0,0,15.0,1.0,0.0,tile_47.3900_8.5355_47.3955_8.5410.png,tile_47.3955_8.5465_47.4010_8.5520.png,7.1
700,byzantine,0.3,0.0,0,0.0,1.0,0.0,tile_47.4010_8.5300_47.4065_8.5355.png,tile_47.4010_8.5685_47.4065_8.5700.png,7.1
701,byzantine,0.3,0.0,0,15.0,0.0,0.0,tile_47.4065_8.5575_47.4100_8.5630.png,tile_47.4010_8.5300_47.4065_8.5355.png,6.9
702,byzantine,0.3,0.0,0,0.0,0.0,0.0,tile_47.3955_8.5410_47.4010_8.5465.png,tile_47.3955_8.5520_47.4010_8.5575.png,7.1
703,byzantine,0.3,0.0,0,-15.0,1.0,0.0,tile_47.3900_8.5685_47.3955_8.5700.png,tile_47.3955_8.5300_47.4010_8.5355.png,6.9
704,byzantine,0.3,0.1,2,15.0,0.0,0.0,tile_47.3900_8.5300_47.3955_8.5355.png,tile_47.3955_8.5300_47.4010_8.5355.png,7.1
705,byzantine,0.3,0.0,0,-15.0,1.0,0.0,tile_47.4065_8.5300_47.4100_8.5355.png,tile_47.4065_8.5630_47.4100_8.5685.png,7.0
706,byzantine,0.3,0.0,0,-15.0,0.0,0.0,tile_47.4065_8.5410_47.4100_8.5465.png,tile_47.3900_8.5685_47.3955_8.5700.png,7.0
707,byzantine,0.3,0.0,0,0.0,0.0,0.0,tile_47.4010_8.5520_47.4065_8.5575.png,tile_47.3955_8.5300_47.4010_8.5355.png,7.0
708,byzantine,0.3,0.0,0,-15.0,1.0,0.0,tile_47.3900_8.5465_47.3955_8.5520.png,tile_47.3900_8.5630_47.3955_8.5685.png,7.0
709,byzantine,0.3,0.0,0,-15.0,0.0,0.0,tile_47.3900_8.5520_47.3955_8.5575.png,tile_47.4065_8.5575_47.4100_8.5630.png,7.0
710,byzantine,0.3,0.05,1,0.0,1.0,0.0,tile_47.4010_8.5520_47.4065_8.5575.png,tile_47.3900_8.5410_47.3955_8.5465.png,7.0
711,byzantine,0.3,0.0,0,15.0,1.0,0.0,tile_47.4010_8.5685_47.4065_8.5700.png,tile_47.3900_8.5630_47.3955_8.5685.png,7.1
712,byzantine,0.3,0.0,0,0.0,1.0,0.0,tile_47.4065_8.5575_47.4100_8.5630.png,tile_47.3955_8.5465_47.4010_8.5520.png,7.1
713,byzantine,0.3,0.0,0,15.0,1.0,0.0,tile_47.3955_8.5685_47.4010_8.5700.png,tile_47.3900_8.5520_47.3955_8.5575.png,7.1
714,byzantine,0.3,0.1,2,-15.0,1.0,0.0,tile_47.3955_8.5630_47.4010_8.5685.png,tile_47.4010_8.5410_47.4065_8.5465.png,6.9
715,byzantine,0.3,0.0,0,0.0,0.0,0.0,tile_47.3900_8.5300_47.3955_8.5355.png,tile_47.4065_8.5355_47.4100_8.5410.png,7.0
716,byzantine,0.3,0.15,3,15.0,1.0,0.0,tile_47.3900_8.5630_47.3955_8.5685.png,tile_47.3900_8.5685_47.3955_8.5700.png,7.0
717,byzantine,0.3,0.05,1,15.0,0.0,0.0,tile_47.4065_8.5685_47.4100_8.5700.png,tile_47.4065_8.5630_47.4100_8.5685.png,7.0
718,byzantine,0.3,0.0,0,-15.0,0.0,0.0,tile_47.3900_8.5575_47.3955_8.5630.png,tile_47.3900_8.5355_47.3955_8.5410.png,7.0
719,byzantine,0.3,0.0,0,-15.0,1.0,0.0,tile_47.4065_8.5575_47.4100_8.5630.png,tile_47.4010_8.5685_47.4065_8.5700.png,7.1
720,byzantine,0.3,0.05,1,-15.0,0.0,0.0,tile_47.4065_8.5355_47.4100_8.5410.png,tile_47.3900_8.5410_47.3955_8.5465.png,7.1
721,byzantine,0.3,0.0,0,15.0,0.0,0.0,tile_47.3955_8.5300_47.4010_8.5355.png,tile_47.3900_8.5685_47.3955_8.5700.png,7.0
722,byzantine,0.3,0.0,0,0.0,1.0,0.0,tile_47.4065_8.5355_47.4100_8.5410.png,tile_47.4010_8.5630_47.4065_8.5685.png,7.0
723,byzantine,0.3,0.0,0,15.0,1.0,0.0,tile_47.4065_8.5520_47.4100_8.5575.png,tile_47.3955_8.5300_47.4010_8.5355.png,7.1
724,byzantine,0.3,0.0,0,-15.0,0.0,0.0,tile_47.3955_8.5300_47.4010_8.5355.png,tile_47.4065_8.5355_47.4100_8.5410.png,6.9
725,byzantine,0.3,0.0,0,15.0,0.0,0.0,tile_47.3900_8.5630_47.3955_8.5685.png,tile_47.3900_8.5575_47.3955_8.5630.png,7.1
726,byzantine,0.3,0.0,0,0.0,1.0,0.0,tile_47.4065_8.5410_47.4100_8.5465.png,tile_47.3900_8.5465_47.3955_8.5520.png,7.0
727,byzantine,0.3,0.0,0,15.0,1.0,0.0,tile_47.4065_8.5520_47.4100_8.5575.png,tile_47.3955_8.5355_47.4010_8.5410.png,7.0
728,byzantine,0.3,0.0,0,0.0,1.0,0.0,tile_47.3900_8.5575_47.3955_8.5630.png,tile_47.3900_8.5630_47.3955_8.5685.png,7.0
729,byzantine,0.3,0.0,0,15.0,1.0,0.0,tile_47.3955_8.5575_47.4010_8.5630.png,tile_47.4065_8.5465_47.4100_8.5520.png,6.9
730,byzantine,0.3,0.0,0,0.0,0.0,0.0,tile_47.3955_8.5685_47.4010_8.5700.png,tile_47.4065_8.5685_47.4100_8.5700.png,7.0
731,byzantine,0.3,0.0,0,0.0,1.0,0.0,tile_47.4010_8.5465_47.4065_8.5520.png,tile_47.3955_8.5300_47.4010_8.5355.png,7.0
732,byzantine,0.3,0.05,1,-15.0,0.0,0.0,tile_47.4065_8.5520_47.4100_8.5575.png,tile_47.4010_8.5355_47.4065_8.5410.png,7.0
733,byzantine,0.3,0.0,0,15.0,0.0,0.0,tile_47.4065_8.5575_47.4100_8.5630.png,tile_47.3900_8.5465_47.3955_8.5520.png,7.0
734,byzantine,0.3,0.0,0,-15.0,0.0,0.0,tile_47.3900_8.5465_47.3955_8.5520.png,tile_47.4065_8.5465_47.4100_8.5520.png,6.9
735,byzantine,0.3,0.0,0,-15.0,0.0,0.0,tile_47.4065_8.5355_47.4100_8.5410.png,tile_47.3955_8.5465_47.4010_8.5520.png,7.0
736,byzantine,0.3,0.0,0,15.0,0.0,0.0,tile_47.3900_8.5520_47.3955_8.5575.png,tile_47.3900_8.5300_47.3955_8.5355.png,7.0
737,byzantine,0.3,0.0,0,-15.0,0.0,0.0,tile_47.3955_8.5300_47.4010_8.5355.png,tile_47.3900_8.5410_47.3955_8.5465.png,6.9
738,byzantine,0.3,0.0,0,0.0,0.0,0.0,tile_47.4065_8.5575_47.4100_8.5630.png,tile_47.3900_8.5355_47.3955_8.5410.png,7.1
739,byzantine,0.3,0.0,0,-15.0,1.0,0.0,tile_47.4065_8.5685_47.4100_8.5700.png,tile_47.3900_8.5300_47.3955_8.5355.png,7.1
740,byzantine,0.3,0.0,0,0.0,1.0,0.0,tile_47.4010_8.5630_47.4065_8.5685.png,tile_47.3900_8.5630_47.3955_8.5685.png,7.0
741,byzantine,0.3,0.0,0,-15.0,1.0,0.0,tile_47.4065_8.5520_47.4100_8.5575.png,tile_47.4065_8.5575_47.4100_8.5630.png,7.2
742,byzantine,0.3,0.1,2,-15.0,0.0,0.0,tile_47.4010_8.5410_47.4065_8.5465.png,tile_47.3955_8.5685_47.4010_8.5700.png,6.9
743,byzantine,0.3,0.0,0,0.0,1.0,0.0,tile_47.3900_8.5575_47.3955_8.5630.png,tile_47.3955_8.5355_47.4010_8.5410.png,7.3
744,byzantine,0.3,0.0,0,0.0,0.0,0.0,tile_47.3955_8.5520_47.4010_8.5575.png,tile_47.4010_8.5575_47.4065_8.5630.png,7.8
745,byzantine,0.3,0.05,1,15.0,0.0,0.0,tile_47.4065_8.5300_47.4100_8.5355.png,tile_47.4065_8.5410_47.4100_8.5465.png,7.7
746,byzantine,0.3,0.0,0,15.0,1.0,0.0,tile_47.4065_8.5685_47.4100_8.5700.png,tile_47.3955_8.5465_47.4010_8.5520.png,7.7
747,byzantine,0.3,0.0,0,15.0,1.0,0.0,tile_47.4010_8.5355_47.4065_8.5410.png,tile_47.3900_8.5575_47.3955_8.5630.png,7.7
748,byzantine,0.3,0.0,0,-15.0,1.0,0.0,tile_47.3900_8.5355_47.3955_8.5410.png,tile_47.4065_8.5575_47.4100_8.5630.png,7.2
749,byzantine,0.3,0.0,0,0.0,0.0,0.0,tile_47.4010_8.5630_47.4065_8.5685.png,tile_47.4065_8.5355_47.4100_8.5410.png,7.3
750,byzantine,0.3,0.05,1,15.0,0.0,0.0,tile_47.3900_8.5630_47.3955_8.5685.png,tile_47.3955_8.5300_47.4010_8.5355.png,7.1
751,byzantine,0.3,0.0,0,15.0,0.0,0.0,tile_47.3900_8.5465_47.3955_8.5520.png,tile_47.4065_8.5355_47.4100_8.5410.png,7.1
752,byzantine,0.3,0.0,0,-15.0,1.0,0.0,tile_47.3955_8.5465_47.4010_8.5520.png,tile_47.3900_8.5575_47.3955_8.5630.png,7.0
753,byzantine,0.3,0.0,0,-15.0,1.0,0.0,tile_47.3900_8.5355_47.3955_8.5410.png,tile_47.4010_8.5685_47.4065_8.5700.png,7.1
754,byzantine,0.3,0.0,0,15.0,1.0,0.0,tile_47.3955_8.5520_47.4010_8.5575.png,tile_47.4065_8.5465_47.4100_8.5520.png,7.1
755,byzantine,0.3,0.0,0,0.0,1.0,0.0,tile_47.4065_8.5685_47.4100_8.5700.png,tile_47.3900_8.5355_47.3955_8.5410.png,7.0
756,byzantine,0.3,0.0,0,-15.0,0.0,0.0,tile_47.3955_8.5630_47.4010_8.5685.png,tile_47.3900_8.5300_47.3955_8.5355.png,7.0
757,byzantine,0.3,0.0,0,15.0,1.0,0.0,tile_47.4010_8.5575_47.4065_8.5630.png,tile_47.4065_8.5630_47.4100_8.5685.png,7.0
758,byzantine,0.3,0.05,1,15.0,0.0,0.0,tile_47.4010_8.5575_47.4065_8.5630.png,tile_47.4010_8.5685_47.4065_8.5700.png,7.0
759,byzantine,0.3,0.0,0,-15.0,1.0,0.0,tile_47.3900_8.5355_47.3955_8.5410.png,tile_47.3900_8.5575_47.3955_8.5630.png,7.4
760,byzantine,0.3,0.0,0,15.0,0.0,0.0,tile_47.4010_8.5685_47.4065_8.5700.png,tile_47.4065_8.5685_47.4100_8.5700.png,7.0
761,byzantine,0.3,0.0,0,-15.0,1.0,0.0,tile_47.3900_8.5630_47.3955_8.5685.png,tile_47.3955_8.5465_47.4010_8.5520.png,7.3
762,byzantine,0.3,0.05,1,0.0,1.0,0.0,tile_47.3955_8.5410_47.4010_8.5465.png,tile_47.4065_8.5300_47.4100_8.5355.png,7.1
763,byzantine,0.3,0.0,0,0.0,1.0,0.0,tile_47.3955_8.5465_47.4010_8.5520.png,tile_47.4010_8.5685_47.4065_8.5700.png,7.1
764,byzantine,0.3,0.0,0,15.0,1.0,0.0,tile_47.3955_8.5465_47.4010_8.5520.png,tile_47.3955_8.5575_47.4010_8.5630.png,7.3
765,byzantine,0.3,0.0,0,0.0,1.0,0.0,tile_47.3955_8.5465_47.4010_8.5520.png,tile_47.4065_8.5300_47.4100_8.5355.png,7.2
766,byzantine,0.3,0.0,0,-15.0,1.0,0.0,tile_47.3955_8.5465_47.4010_8.5520.png,tile_47.4010_8.5520_47.4065_8.5575.png,7.4
767,byzantine,0.3,0.0,0,0.0,0.0,0.0,tile_47.4065_8.5685_47.4100_8.5700.png,tile_47.3900_8.5520_47.3955_8.5575.png,7.0
768,byzantine,0.3,0.0,0,0.0,0.0,0.0,tile_47.4010_8.5630_47.4065_8.5685.png,tile_47.3955_8.5410_47.4010_8.5465.png,7.4
769,byzantine,0.3,0.0,0,-15.0,0.0,0.0,tile_47.4065_8.5520_47.4100_8.5575.png,tile_47.3900_8.5300_47.3955_8.5355.png,7.4
770,byzantine,0.3,0.0,0,0.0,0.0,0.0,tile_47.3900_8.5520_47.3955_8.5575.png,tile_47.3955_8.5520_47.4010_8.5575.png,7.2
771,byzantine,0.3,0.0,0,0.0,0.0,0.0,tile_47.3900_8.5465_47.3955_8.5520.png,tile_47.3955_8.5575_47.4010_8.5630.png,7.0
772,byzantine,0.3,0.0,0,0.0,1.0,0.0,tile_47.4065_8.5410_47.4100_8.5465.png,tile_47.3955_8.5685_47.4010_8.5700.png,7.2
773,byzantine,0.3,0.0,0,0.0,1.0,0.0,tile_47.3900_8.5630_47.3955_8.5685.png,tile_47.4065_8.5465_47.4100_8.5520.png,7.1
774,byzantine,0.3,0.0,0,0.0,0.0,0.0,tile_47.4065_8.5520_47.4100_8.5575.png,tile_47.3900_8.5410_47.3955_8.5465.png,7.3
775,byzantine,0.3,0.05,1,-15.0,1.0,0.0,tile_47.4010_8.5520_47.4065_8.5575.png,tile_47.3955_8.5300_47.4010_8.5355.png,7.3
776,byzantine,0.3,0.0,0,-15.0,0.0,0.0,tile_47.3955_8.5410_47.4010_8.5465.png,tile_47.4065_8.5575_47.4100_8.5630.png,7.1
777,byzantine,0.3,0.0,0,0.0,0.0,0.0,tile_47.3900_8.5575_47.3955_8.5630.png,tile_47.3955_8.5465_47.4010_8.5520.png,7.2
778,byzantine,0.3,0.1,2,15.0,1.0,0.0,tile_47.4065_8.5465_47.4100_8.5520.png,tile_47.4065_8.5685_47.4100_8.5700.png,7.5
779,byzantine,0.3,0.0,0,15.0,0.0,0.0,tile_47.3955_8.5410_47.4010_8.5465.png,tile_47.3900_8.5355_47.3955_8.5410.png,7.4
780,byzantine,0.3,0.05,1,-15.0,1.0,0.0,tile_47.3955_8.5520_47.4010_8.5575.png,tile_47.3955_8.5630_47.4010_8.5685.png,7.0
781,byzantine,0.3,0.0,0,15.0,1.0,0.0,tile_47.4010_8.5465_47.4065_8.5520.png,tile_47.3900_8.5685_47.3955_8.5700.png,7.1
782,byzantine,0.3,0.0,0,-15.0,0.0,0.0,tile_47.4065_8.5685_47.4100_8.5700.png,tile_47.3900_8.5520_47.3955_8.5575.png,7.1
783,byzantine,0.3,0.0,0,-15.0,1.0,0.0,tile_47.4065_8.5465_47.4100_8.5520.png,tile_47.3900_8.5410_47.3955_8.5465.png,7.1
784,byzantine,0.3,0.0,0,0.0,1.0,0.0,tile_47.3900_8.5630_47.3955_8.5685.png,tile_47.3900_8.5300_47.3955_8.5355.png,7.1
785,byzantine,0.3,0.0,0,-15.0,0.0,0.0,tile_47.3900_8.5575_47.3955_8.5630.png,tile_47.4010_8.5300_47.4065_8.5355.png,7.0
786,byzantine,0.3,0.0,0,-15.0,1.0,0.0,tile_47.4065_8.5630_47.4100_8.5685.png,tile_47.3955_8.5685_47.4010_8.5700.png,7.1
787,byzantine,0.3,0.05,1,15.0,1.0,0.0,tile_47.4065_8.5300_47.4100_8.5355.png,tile_47.3900_8.5575_47.3955_8.5630.png,7.2
788,byzantine,0.3,0.0,0,0.0,1.0,0.0,tile_47.3955_8.5465_47.4010_8.5520.png,tile_47.3955_8.5685_47.4010_8.5700.png,7.1
789,byzantine,0.3,0.0,0,-15.0,1.0,0.0,tile_47.4065_8.5575_47.4100_8.5630.png,tile_47.3955_8.5300_47.4010_8.5355.png,7.1
790,byzantine,0.3,0.05,1,-15.0,1.0,0.0,tile_47.3955_8.5355_47.4010_8.5410.png,tile_47.4065_8.5355_47.4100_8.5410.png,7.1
791,byzantine,0.3,0.0,0,15.0,0.0,0.0,tile_47.4010_8.5630_47.4065_8.5685.png,tile_47.4065_8.5410_47.4100_8.5465.png,7.0
792,byzantine,0.3,0.0,0,15.0,1.0,0.0,tile_47.3900_8.5465_47.3955_8.5520.png,tile_47.4065_8.5465_47.4100_8.5520.png,7.1
793,byzantine,0.3,0.0,0,0.0,1.0,0.0,tile_47.3955_8.5685_47.4010_8.5700.png,tile_47.4010_8.5300_47.4065_8.5355.png,7.0
794,byzantine,0.3,0.0,0,0.0,0.0,0.0,tile_47.3900_8.5410_47.3955_8.5465.png,tile_47.4010_8.5355_47.4065_8.5410.png,7.0
795,byzantine,0.3,0.0,0,15.0,0.0,0.0,tile_47.4065_8.5520_47.4100_8.5575.png,tile_47.3900_8.5575_47.3955_8.5630.png,7.0
796,byzantine,0.3,0.0,0,-15.0,0.0,0.0,tile_47.3955_8.5300_47.4010_8.5355.png,tile_47.3900_8.5355_47.3955_8.5410.png,7.0
797,byzantine,0.3,0.0,0,0.0,0.0,0.0,tile_47.3955_8.5520_47.4010_8.5575.png,tile_47.4065_8.5465_47.4100_8.5520.png,7.0
798,byzantine,0.3,0.0,0,15.0,0.0,0.0,tile_47.4010_8.5520_47.4065_8.5575.png,tile_47.4065_8.5630_47.4100_8.5685.png,7.1
799,byzantine,0.3,0.05,1,15.0,0.0,0.0,tile_47.4065_8.5300_47.4100_8.5355.png,tile_47.4010_8.5355_47.4065_8.5410.png,7.0
800,byzantine,0.3,0.0,0,0.0,1.0,0.0,tile_47.4065_8.5575_47.4100_8.5630.png,tile_47.4065_8.5630_47.4100_8.5685.png,7.1
801,byzantine,0.3,0.0,0,-15.0,1.0,0.0,tile_47.4065_8.5410_47.4100_8.5465.png,tile_47.3900_8.5520_47.3955_8.5575.png,7.0
802,byzantine,0.3,0.0,0,-15.0,0.0,0.0,tile_47.3900_8.5630_47.3955_8.5685.png,tile_47.4065_8.5410_47.4100_8.5465.png,7.0
803,byzantine,0.3,0.0,0,0.0,1.0,0.0,tile_47.4010_8.5300_47.4065_8.5355.png,tile_47.3955_8.5520_47.4010_8.5575.png,7.1
804,byzantine,0.3,0.0,0,15.0,1.0,0.0,tile_47.3900_8.5410_47.3955_8.5465.png,tile_47.3900_8.5630_47.3955_8.5685.png,7.1
805,byzantine,0.3,0.05,1,0.0,1.0,0.0,tile_47.4065_8.5355_47.4100_8.5410.png,tile_47.3900_8.5355_47.3955_8.5410.png,7.0
806,byzantine,0.3,0.05,1,0.0,1.0,0.0,tile_47.3900_8.5465_47.3955_8.5520.png,tile_47.4065_8.5300_47.4100_8.5355.png,7.3
807,byzantine,0.3,0.0,0,0.0,1.0,0.0,tile_47.3900_8.5355_47.3955_8.5410.png,tile_47.3955_8.5465_47.4010_8.5520.png,7.0
808,byzantine,0.3,0.05,1,0.0,1.0,0.0,tile_47.4065_8.5685_47.4100_8.5700.png,tile_47.4065_8.5465_47.4100_8.5520.png,7.1
809,byzantine,0.3,0.1,2,15.0,0.0,0.0,tile_47.3955_8.5300_47.4010_8.5355.png,tile_47.3955_8.5410_47.4010_8.5465.png,7.1
810,byzantine,0.3,0.0,0,15.0,1.0,0.0,tile_47.4010_8.5355_47.4065_8.5410.png,tile_47.4065_8.5300_47.4100_8.5355.png,7.0
811,byzantine,0.3,0.0,0,0.0,0.0,0.0,tile_47.4065_8.5520_47.4100_8.5575.png,tile_47.3900_8.5630_47.3955_8.5685.png,7.1
812,byzantine,0.3,0.1,2,0.0,1.0,0.0,tile_47.3900_8.5465_47.3955_8.5520.png,tile_47.4010_8.5355_47.4065_8.5410.png,7.0
813,byzantine,0.3,0.0,0,-15.0,0.0,0.0,tile_47.4065_8.5355_47.4100_8.5410.png,tile_47.3900_8.5520_47.3955_8.5575.png,7.0
814,byzantine,0.3,0.0,0,15.0,0.0,0.0,tile_47.3955_8.5520_47.4010_8.5575.png,tile_47.4065_8.5575_47.4100_8.5630.png,7.0
815,byzantine,0.3,0.0,0,-15.0,0.0,0.0,tile_47.3900_8.5410_47.3955_8.5465.png,tile_47.3955_8.5685_47.4010_8.5700.png,7.0
816,byzantine,0.3,0.05,1,-15.0,1.0,0.0,tile_47.4010_8.5355_47.4065_8.5410.png,tile_47.3955_8.5465_47.4010_8.5520.png,7.1
817,byzantine,0.3,0.0,0,0.0,1.0,0.0,tile_47.3900_8.5355_47.3955_8.5410.png,tile_47.3955_8.5300_47.4010_8.5355.png,7.0
818,byzantine,0.3,0.0,0,0.0,1.0,0.0,tile_47.3955_8.5465_47.4010_8.5520.png,tile_47.4065_8.5685_47.4100_8.5700.png,7.0
819,byzantine,0.3,0.05,1,0.0,1.0,0.0,tile_47.3955_8.5410_47.4010_8.5465.png,tile_47.4065_8.5465_47.4100_8.5520.png,7.0
820,byzantine,0.3,0.0,0,0.0,0.0,0.0,tile_47.3900_8.5355_47.3955_8.5410.png,tile_47.3955_8.5575_47.4010_8.5630.png,6.9
821,byzantine,0.3,0.0,0,-15.0,0.0,0.0,tile_47.3955_8.5630_47.4010_8.5685.png,tile_47.4010_8.5575_47.4065_8.5630.png,7.0
822,byzantine,0.3,0.0,0,-15.0,0.0,0.0,tile_47.4065_8.5410_47.4100_8.5465.png,tile_47.4010_8.5300_47.4065_8.5355.png,7.0
823,byzantine,0.3,0.0,0,-15.0,0.0,0.0,tile_47.3955_8.5300_47.4010_8.5355.png,tile_47.4010_8.5575_47.4065_8.5630.png,7.0
824,byzantine,0.3,0.0,0,-15.0,0.0,0.0,tile_47.4010_8.5300_47.4065_8.5355.png,tile_47.4010_8.5520_47.4065_8.5575.png,7.2
825,byzantine,0.3,0.0,0,0.0,1.0,0.0,tile_47.4065_8.5300_47.4100_8.5355.png,tile_47.4065_8.5520_47.4100_8.5575.png,7.0
826,byzantine,0.3,0.0,0,0.0,1.0,0.0,tile_47.3955_8.5575_47.4010_8.5630.png,tile_47.3955_8.5685_47.4010_8.5700.png,7.0
827,byzantine,0.3,0.0,0,0.0,1.0,0.0,tile_47.3900_8.5300_47.3955_8.5355.png,tile_47.4010_8.5355_47.4065_8.5410.png,7.2
828,byzantine,0.3,0.0,0,15.0,1.0,0.0,tile_47.4010_8.5465_47.4065_8.5520.png,tile_47.4010_8.5630_47.4065_8.5685.png,7.0
829,byzantine,0.3,0.0,0,-15.0,1.0,0.0,tile_47.4010_8.5575_47.4065_8.5630.png,tile_47.3955_8.5300_47.4010_8.5355.png,7.0
830,byzantine,0.3,0.05,1,15.0,1.0,0.0,tile_47.4010_8.5300_47.4065_8.5355.png,tile_47.4010_8.5575_47.4065_8.5630.png,7.2
831,byzantine,0.3,0.0,0,15.0,1.0,0.0,tile_47.3955_8.5355_47.4010_8.5410.png,tile_47.4010_8.5355_47.4065_8.5410.png,7.0
832,byzantine,0.3,0.0,0,-15.0,0.0,0.0,tile_47.4010_8.5520_47.4065_8.5575.png,tile_47.4010_8.5630_47.4065_8.5685.png,7.1
833,byzantine,0.3,0.05,1,-15.0,0.0,0.0,tile_47.4010_8.5410_47.4065_8.5465.png,tile_47.3955_8.5300_47.4010_8.5355.png,7.0
834,byzantine,0.3,0.0,0,0.0,1.0,0.0,tile_47.3900_8.5410_47.3955_8.5465.png,tile_47.4010_8.5465_47.4065_8.5520.png,7.0
835,byzantine,0.3,0.0,0,15.0,0.0,0.0,tile_47.3955_8.5630_47.4010_8.5685.png,tile_47.4010_8.5630_47.4065_8.5685.png,7.1
836,byzantine,0.3,0.05,1,15.0,1.0,0.0,tile_47.4010_8.5465_47.4065_8.5520.png,tile_47.4065_8.5520_47.4100_8.5575.png,7.1
837,byzantine,0.3,0.0,0,-15.0,0.0,0.0,tile_47.3900_8.5630_47.3955_8.5685.png,tile_47.4010_8.5300_47.4065_8.5355.png,6.9
838,byzantine,0.3,0.0,0,-15.0,1.0,0.0,tile_47.4010_8.5575_47.4065_8.5630.png,tile_47.4010_8.5520_47.4065_8.5575.png,7.1
839,byzantine,0.3,0.0,0,-15.0,0.0,0.0,tile_47.3955_8.5630_47.4010_8.5685.png,tile_47.4065_8.5300_47.4100_8.5355.png,7.0
840,byzantine,0.3,0.0,0,0.0,1.0,0.0,tile_47.4010_8.5685_47.4065_8.5700.png,tile_47.3955_8.5300_47.4010_8.5355.png,7.0
841,byzantine,0.3,0.0,0,15.0,1.0,0.0,tile_47.3900_8.5685_47.3955_8.5700.png,tile_47.4010_8.5300_47.4065_8.5355.png,7.0
842,byzantine,0.3,0.05,1,-15.0,0.0,0.0,tile_47.3955_8.5520_47.4010_8.5575.png,tile_47.4010_8.5355_47.4065_8.5410.png,6.9
843,byzantine,0.3,0.0,0,-15.0,1.0,0.0,tile_47.4065_8.5410_47.4100_8.5465.png,tile_47.3900_8.5355_47.3955_8.5410.png,7.0
844,byzantine,0.3,0.0,0,-15.0,0.0,0.0,tile_47.4010_8.5575_47.4065_8.5630.png,tile_47.3955_8.5575_47.4010_8.5630.png,7.0
845,byzantine,0.3,0.25,5,15.0,1.0,0.0,tile_47.4010_8.5520_47.4065_8.5575.png,tile_47.4065_8.5520_47.4100_8.5575.png,7.0
846,byzantine,0.3,0.0,0,15.0,0.0,0.0,tile_47.4065_8.5685_47.4100_8.5700.png,tile_47.3955_8.5410_47.4010_8.5465.png,7.0
847,byzantine,0.3,0.0,0,15.0,0.0,0.0,tile_47.3900_8.5465_47.3955_8.5520.png,tile_47.3900_8.5300_47.3955_8.5355.png,7.0
848,byzantine,0.3,0.0,0,0.0,1.0,0.0,tile_47.3955_8.5410_47.4010_8.5465.png,tile_47.4010_8.5465_47.4065_8.5520.png,7.0
849,byzantine,0.3,0.0,0,-15.0,1.0,0.0,tile_47.3955_8.5300_47.4010_8.5355.png,tile_47.4010_8.5520_47.4065_8.5575.png,7.0
850,byzantine,0.3,0.1,2,0.0,1.0,0.0,tile_47.4065_8.5465_47.4100_8.5520.png,tile_47.4065_8.5685_47.4100_8.5700.png,7.0
851,byzantine,0.3,0.0,0,0.0,1.0,0.0,tile_47.3900_8.5410_47.3955_8.5465.png,tile_47.4010_8.5410_47.4065_8.5465.png,7.2
852,byzantine,0.3,0.0,0,-15.0,1.0,0.0,tile_47.4010_8.5520_47.4065_8.5575.png,tile_47.4065_8.5355_47.4100_8.5410.png,7.1
853,byzantine,0.3,0.0,0,15.0,0.0,0.0,tile_47.3900_8.5300_47.3955_8.5355.png,tile_47.4010_8.5575_47.4065_8.5630.png,7.1
854,byzantine,0.3,0.05,1,15.0,0.0,0.0,tile_47.4010_8.5630_47.4065_8.5685.png,tile_47.3955_8.5355_47.4010_8.5410.png,7.1
855,byzantine,0.3,0.0,0,-15.0,0.0,0.0,tile_47.4010_8.5465_47.4065_8.5520.png,tile_47.3900_8.5575_47.3955_8.5630.png,6.9
856,byzantine,0.3,0.05,1,-15.0,0.0,0.0,tile_47.4010_8.5410_47.4065_8.5465.png,tile_47.3955_8.5630_47.4010_8.5685.png,7.0
857,byzantine,0.3,0.1,2,15.0,1.0,0.0,tile_47.3955_8.5300_47.4010_8.5355.png,tile_47.3955_8.5465_47.4010_8.5520.png,7.1
858,byzantine,0.3,0.0,0,0.0,1.0,0.0,tile_47.3955_8.5410_47.4010_8.5465.png,tile_47.4065_8.5685_47.4100_8.5700.png,7.0
859,byzantine,0.3,0.0,0,0.0,0.0,0.0,tile_47.3955_8.5630_47.4010_8.5685.png,tile_47.4065_8.5300_47.4100_8.5355.png,7.1
860,byzantine,0.3,0.05,1,-15.0,0.0,0.0,tile_47.3955_8.5410_47.4010_8.5465.png,tile_47.3900_8.5465_47.3955_8.5520.png,6.9
861,byzantine,0.3,0.05,1,0.0,0.0,0.0,tile_47.4010_8.5300_47.4065_8.5355.png,tile_47.4065_8.5355_47.4100_8.5410.png,6.9
862,byzantine,0.3,0.0,0,15.0,0.0,0.0,tile_47.3900_8.5630_47.3955_8.5685.png,tile_47.4010_8.5575_47.4065_8.5630.png,7.1
863,byzantine,0.3,0.0,0,-15.0,0.0,0.0,tile_47.4065_8.5410_47.4100_8.5465.png,tile_47.3955_8.5630_47.4010_8.5685.png,7.0
864,byzantine,0.3,0.2,4,0.0,0.0,0.0,tile_47.4065_8.5630_47.4100_8.5685.png,tile_47.4010_8.5630_47.4065_8.5685.png,6.9
865,byzantine,0.3,0.0,0,-15.0,0.0,0.0,tile_47.4010_8.5465_47.4065_8.5520.png,tile_47.3955_8.5575_47.4010_8.5630.png,7.0
866,byzantine,0.3,0.0,0,15.0,0.0,0.0,tile_47.3955_8.5300_47.4010_8.5355.png,tile_47.3955_8.5630_47.4010_8.5685.png,6.9
867,byzantine,0.3,0.0,0,-15.0,0.0,0.0,tile_47.3900_8.5685_47.3955_8.5700.png,tile_47.4065_8.5410_47.4100_8.5465.png,7.0
868,byzantine,0.3,0.0,0,-15.0,1.0,0.0,tile_47.3955_8.5520_47.4010_8.5575.png,tile_47.4065_8.5355_47.4100_8.5410.png,7.1
869,byzantine,0.3,0.05,1,0.0,0.0,0.0,tile_47.4065_8.5410_47.4100_8.5465.png,tile_47.3955_8.5355_47.4010_8.5410.png,7.0
870,byzantine,0.3,0.0,0,-15.0,0.0,0.0,tile_47.3955_8.5575_47.4010_8.5630.png,tile_47.4010_8.5685_47.4065_8.5700.png,7.0
871,byzantine,0.3,0.05,1,0.0,1.0,0.0,tile_47.3900_8.5300_47.3955_8.5355.png,tile_47.3900_8.5355_47.3955_8.5410.png,7.0
872,byzantine,0.3,0.0,0,15.0,0.0,0.0,tile_47.4065_8.5685_47.4100_8.5700.png,tile_47.3900_8.5520_47.3955_8.5575.png,6.9
873,byzantine,0.3,0.0,0,-15.0,0.0,0.0,tile_47.4010_8.5300_47.4065_8.5355.png,tile_47.4010_8.5575_47.4065_8.5630.png,7.0
874,byzantine,0.3,0.0,0,-15.0,1.0,0.0,tile_47.4010_8.5300_47.4065_8.5355.png,tile_47.3955_8.5630_47.4010_8.5685.png,7.0
875,byzantine,0.3,0.05,1,-15.0,0.0,0.0,tile_47.3900_8.5410_47.3955_8.5465.png,tile_47.4065_8.5520_47.4100_8.5575.png,6.9
876,byzantine,0.3,0.1,2,0.0,1.0,0.0,tile_47.4065_8.5465_47.4100_8.5520.png,tile_47.4010_8.5685_47.4065_8.5700.png,7.0
877,byzantine,0.3,0.05,1,-15.0,0.0,0.0,tile_47.3900_8.5300_47.3955_8.5355.png,tile_47.4065_8.5520_47.4100_8.5575.png,6.9
878,byzantine,0.3,0.0,0,-15.0,0.0,0.0,tile_47.4010_8.5630_47.4065_8.5685.png,tile_47.4065_8.5575_47.4100_8.5630.png,7.0
879,byzantine,0.3,0.0,0,0.0,1.0,0.0,tile_47.4010_8.5685_47.4065_8.5700.png,tile_47.4065_8.5465_47.4100_8.5520.png,7.0
880,byzantine,0.3,0.0,0,0.0,0.0,0.0,tile_47.4065_8.5355_47.4100_8.5410.png,tile_47.3955_8.5520_47.4010_8.5575.png,7.0
881,byzantine,0.3,0.0,0,0.0,1.0,0.0,tile_47.4065_8.5630_47.4100_8.5685.png,tile_47.4065_8.5355_47.4100_8.5410.png,7.1
882,byzantine,0.3,0.0,0,0.0,0.0,0.0,tile_47.3955_8.5300_47.4010_8.5355.png,tile_47.4010_8.5685_47.4065_8.5700.png,6.9
883,byzantine,0.3,0.0,0,15.0,0.0,0.0,tile_47.3900_8.5630_47.3955_8.5685.png,tile_47.3955_8.5630_47.4010_8.5685.png,7.0
884,byzantine,0.3,0.0,0,15.0,1.0,0.0,tile_47.3955_8.5465_47.4010_8.5520.png,tile_47.4010_8.5520_47.4065_8.5575.png,7.1
885,byzantine,0.3,0.05,1,0.0,1.0,0.0,tile_47.3955_8.5300_47.4010_8.5355.png,tile_47.4010_8.5300_47.4065_8.5355.png,7.0
886,byzantine,0.3,0.0,0,0.0,0.0,0.0,tile_47.4065_8.5520_47.4100_8.5575.png,tile_47.3900_8.5355_47.3955_8.5410.png,7.7
887,byzantine,0.3,0.0,0,-15.0,1.0,0.0,tile_47.3900_8.5300_47.3955_8.5355.png,tile_47.4010_8.5685_47.4065_8.5700.png,7.1
888,byzantine,0.3,0.0,0,15.0,0.0,0.0,tile_47.3900_8.5630_47.3955_8.5685.png,tile_47.3955_8.5630_47.4010_8.5685.png,6.9
889,byzantine,0.3,0.0,0,15.0,0.0,0.0,tile_47.4010_8.5630_47.4065_8.5685.png,tile_47.4010_8.5575_47.4065_8.5630.png,7.1
890,byzantine,0.3,0.0,0,15.0,1.0,0.0,tile_47.3900_8.5465_47.3955_8.5520.png,tile_47.3900_8.5300_47.3955_8.5355.png,7.0
891,byzantine,0.3,0.0,0,15.0,0.0,0.0,tile_47.4065_8.5685_47.4100_8.5700.png,tile_47.4065_8.5465_47.4100_8.5520.png,6.9
892,byzantine,0.3,0.0,0,-15.0,0.0,0.0,tile_47.4010_8.5520_47.4065_8.5575.png,tile_47.3900_8.5685_47.3955_8.5700.png,7.0
893,byzantine,0.3,0.05,1,0.0,1.0,0.0,tile_47.3955_8.5630_47.4010_8.5685.png,tile_47.4010_8.5410_47.4065_8.5465.png,7.0
894,byzantine,0.3,0.0,0,15.0,1.0,0.0,tile_47.3955_8.5685_47.4010_8.5700.png,tile_47.3900_8.5410_47.3955_8.5465.png,7.1
895,byzantine,0.3,0.0,0,0.0,1.0,0.0,tile_47.3900_8.5575_47.3955_8.5630.png,tile_47.4065_8.5520_47.4100_8.5575.png,7.0
896,byzantine,0.3,0.0,0,0.0,1.0,0.0,tile_47.3900_8.5685_47.3955_8.5700.png,tile_47.4010_8.5300_47.4065_8.5355.png,7.0
897,byzantine,0.3,0.0,0,15.0,0.0,0.0,tile_47.4065_8.5355_47.4100_8.5410.png,tile_47.3955_8.5575_47.4010_8.5630.png,7.0
898,byzantine,0.3,0.0,0,-15.0,0.0,0.0,tile_47.4010_8.5465_47.4065_8.5520.png,tile_47.4065_8.5575_47.4100_8.5630.png,7.0
899,byzantine,0.3,0.0,0,15.0,0.0,0.0,tile_47.4010_8.5575_47.4065_8.5630.png,tile_47.3955_8.5465_47.4010_8.5520.png,6.9
900,byzantine,0.3,0.0,0,-15.0,0.0,0.0,tile_47.4010_8.5575_47.4065_8.5630.png,tile_47.4010_8.5355_47.4065_8.5410.png,7.1
901,byzantine,0.3,0.0,0,15.0,1.0,0.0,tile_47.4065_8.5520_47.4100_8.5575.png,tile_47.3900_8.5465_47.3955_8.5520.png,7.0
902,byzantine,0.3,0.0,0,-15.0,0.0,0.0,tile_47.4010_8.5575_47.4065_8.5630.png,tile_47.3955_8.5465_47.4010_8.5520.png,7.1
903,byzantine,0.3,0.0,0,15.0,1.0,0.0,tile_47.3900_8.5630_47.3955_8.5685.png,tile_47.3900_8.5355_47.3955_8.5410.png,7.0
904,byzantine,0.3,0.0,0,-15.0,1.0,0.0,tile_47.4065_8.5410_47.4100_8.5465.png,tile_47.3900_8.5465_47.3955_8.5520.png,7.0
905,byzantine,0.3,0.0,0,0.0,0.0,0.0,tile_47.3900_8.5685_47.3955_8.5700.png,tile_47.4065_8.5630_47.4100_8.5685.png,7.1
906,byzantine,0.3,0.05,1,0.0,0.0,0.0,tile_47.3955_8.5520_47.4010_8.5575.png,tile_47.4010_8.5685_47.4065_8.5700.png,6.9
907,byzantine,0.3,0.0,0,0.0,0.0,0.0,tile_47.3900_8.5410_47.3955_8.5465.png,tile_47.4065_8.5630_47.4100_8.5685.png,6.9
908,byzantine,0.3,0.25,5,15.0,0.0,0.0,tile_47.4065_8.5575_47.4100_8.5630.png,tile_47.4010_8.5575_47.4065_8.5630.png,7.1
909,byzantine,0.3,0.0,0,15.0,0.0,0.0,tile_47.3900_8.5300_47.3955_8.5355.png,tile_47.4010_8.5355_47.4065_8.5410.png,6.9
910,byzantine,0.3,0.0,0,15.0,0.0,0.0,tile_47.4065_8.5630_47.4100_8.5685.png,tile_47.4065_8.5575_47.4100_8.5630.png,7.0
911,byzantine,0.3,0.0,0,15.0,0.0,0.0,tile_47.3955_8.5300_47.4010_8.5355.png,tile_47.3900_8.5465_47.3955_8.5520.png,7.0
912,byzantine,0.3,0.0,0,0.0,1.0,0.0,tile_47.4065_8.5410_47.4100_8.5465.png,tile_47.4010_8.5465_47.4065_8.5520.png,7.0
913,byzantine,0.3,0.0,0,15.0,0.0,0.0,tile_47.4065_8.5355_47.4100_8.5410.png,tile_47.4065_8.5685_47.4100_8.5700.png,7.0
914,byzantine,0.3,0.0,0,0.0,1.0,0.0,tile_47.3955_8.5300_47.4010_8.5355.png,tile_47.3900_8.5520_47.3955_8.5575.png,6.9
915,byzantine,0.3,0.0,0,0.0,1.0,0.0,tile_47.3955_8.5575_47.4010_8.5630.png,tile_47.3900_8.5630_47.3955_8.5685.png,6.9
916,byzantine,0.3,0.0,0,-15.0,1.0,0.0,tile_47.3955_8.5300_47.4010_8.5355.png,tile_47.4010_8.5685_47.4065_8.5700.png,7.0
917,byzantine,0.3,0.0,0,15.0,0.0,0.0,tile_47.3900_8.5685_47.3955_8.5700.png,tile_47.4065_8.5355_47.4100_8.5410.png,6.9
918,byzantine,0.3,0.0,0,0.0,1.0,0.0,tile_47.4010_8.5410_47.4065_8.5465.png,tile_47.4065_8.5575_47.4100_8.5630.png,7.0
919,byzantine,0.3,0.0,0,0.0,0.0,0.0,tile_47.3900_8.5355_47.3955_8.5410.png,tile_47.3955_8.5575_47.4010_8.5630.png,6.9
920,byzantine,0.3,0.0,0,-15.0,0.0,0.0,tile_47.3955_8.5520_47.4010_8.5575.png,tile_47.3955_8.5300_47.4010_8.5355.png,6.9
921,byzantine,0.3,0.05,1,-15.0,1.0,0.0,tile_47.3955_8.5355_47.4010_8.5410.png,tile_47.4065_8.5465_47.4100_8.5520.png,7.0
922,byzantine,0.3,0.0,0,-15.0,1.0,0.0,tile_47.3900_8.5410_47.3955_8.5465.png,tile_47.3955_8.5520_47.4010_8.5575.png,7.1
923,byzantine,0.3,0.0,0,0.0,0.0,0.0,tile_47.4065_8.5300_47.4100_8.5355.png,tile_47.3900_8.5685_47.3955_8.5700.png,7.0
924,byzantine,0.3,0.0,0,15.0,1.0,0.0,tile_47.4065_8.5300_47.4100_8.5355.png,tile_47.3955_8.5520_47.4010_8.5575.png,7.2
925,byzantine,0.3,0.0,0,0.0,1.0,0.0,tile_47.3900_8.5300_47.3955_8.5355.png,tile_47.4065_8.5300_47.4100_8.5355.png,7.0
926,byzantine,0.3,0.0,0,0.0,0.0,0.0,tile_47.3955_8.5630_47.4010_8.5685.png,tile_47.4065_8.5630_47.4100_8.5685.png,7.1
927,byzantine,0.3,0.0,0,15.0,1.0,0.0,tile_47.3955_8.5520_47.4010_8.5575.png,tile_47.3955_8.5355_47.4010_8.5410.png,7.0
928,byzantine,0.3,0.0,0,0.0,0.0,0.0,tile_47.3955_8.5465_47.4010_8.5520.png,tile_47.4065_8.5685_47.4100_8.5700.png,6.9
929,byzantine,0.3,0.0,0,-15.0,0.0,0.0,tile_47.3900_8.5410_47.3955_8.5465.png,tile_47.3955_8.5630_47.4010_8.5685.png,7.1
930,byzantine,0.3,0.0,0,0.0,1.0,0.0,tile_47.3955_8.5410_47.4010_8.5465.png,tile_47.4010_8.5465_47.4065_8.5520.png,7.0
931,byzantine,0.3,0.0,0,0.0,0.0,0.0,tile_47.4065_8.5575_47.4100_8.5630.png,tile_47.4010_8.5630_47.4065_8.5685.png,6.9
932,byzantine,0.3,0.0,0,-15.0,0.0,0.0,tile_47.4010_8.5520_47.4065_8.5575.png,tile_47.4010_8.5465_47.4065_8.5520.png,7.0
933,byzantine,0.3,0.0,0,-15.0,1.0,0.0,tile_47.4010_8.5630_47.4065_8.5685.png,tile_47.3900_8.5410_47.3955_8.5465.png,7.0
934,byzantine,0.3,0.0,0,15.0,1.0,0.0,tile_47.3955_8.5465_47.4010_8.5520.png,tile_47.4010_8.5355_47.4065_8.5410.png,7.0
935,byzantine,0.3,0.05,1,-15.0,0.0,0.0,tile_47.4065_8.5355_47.4100_8.5410.png,tile_47.3900_8.5410_47.3955_8.5465.png,7.0
936,byzantine,0.3,0.0,0,0.0,0.0,0.0,tile_47.4010_8.5575_47.4065_8.5630.png,tile_47.3955_8.5410_47.4010_8.5465.png,7.0
937,byzantine,0.3,0.0,0,0.0,1.0,0.0,tile_47.4065_8.5630_47.4100_8.5685.png,tile_47.4010_8.5355_47.4065_8.5410.png,7.1
938,byzantine,0.3,0.0,0,15.0,0.0,0.0,tile_47.4010_8.5630_47.4065_8.5685.png,tile_47.3955_8.5630_47.4010_8.5685.png,7.0
939,byzantine,0.3,0.0,0,-15.0,0.0,0.0,tile_47.4010_8.5520_47.4065_8.5575.png,tile_47.3955_8.5520_47.4010_8.5575.png,7.1
940,byzantine,0.3,0.0,0,-15.0,1.0,0.0,tile_47.4010_8.5410_47.4065_8.5465.png,tile_47.3900_8.5300_47.3955_8.5355.png,7.1
941,byzantine,0.3,0.0,0,15.0,1.0,0.0,tile_47.4065_8.5685_47.4100_8.5700.png,tile_47.3900_8.5355_47.3955_8.5410.png,7.3
942,byzantine,0.3,0.0,0,0.0,0.0,0.0,tile_47.3900_8.5575_47.3955_8.5630.png,tile_47.4065_8.5685_47.4100_8.5700.png,7.3
943,byzantine,0.3,0.05,1,-15.0,0.0,0.0,tile_47.3900_8.5520_47.3955_8.5575.png,tile_47.3900_8.5685_47.3955_8.5700.png,7.3
944,byzantine,0.3,0.3,6,15.0,0.0,0.0,tile_47.3900_8.5630_47.3955_8.5685.png,tile_47.3900_8.5685_47.3955_8.5700.png,7.3
945,byzantine,0.3,0.0,0,15.0,1.0,0.0,tile_47.3955_8.5355_47.4010_8.5410.png,tile_47.3900_8.5300_47.3955_8.5355.png,7.3
946,byzantine,0.3,0.05,1,0.0,1.0,0.0,tile_47.3900_8.5575_47.3955_8.5630.png,tile_47.3900_8.5410_47.3955_8.5465.png,7.1
947,byzantine,0.3,0.0,0,-15.0,0.0,0.0,tile_47.3900_8.5520_47.3955_8.5575.png,tile_47.4010_8.5465_47.4065_8.5520.png,7.1
948,byzantine,0.3,0.0,0,-15.0,1.0,0.0,tile_47.4065_8.5300_47.4100_8.5355.png,tile_47.3955_8.5630_47.4010_8.5685.png,7.2
949,byzantine,0.3,0.1,2,15.0,1.0,0.0,tile_47.4010_8.5520_47.4065_8.5575.png,tile_47.3900_8.5300_47.3955_8.5355.png,7.1
950,byzantine,0.3,0.0,0,0.0,0.0,0.0,tile_47.3900_8.5520_47.3955_8.5575.png,tile_47.4065_8.5355_47.4100_8.5410.png,7.1
951,byzantine,0.3,0.2,4,15.0,0.0,0.0,tile_47.4010_8.5630_47.4065_8.5685.png,tile_47.4065_8.5630_47.4100_8.5685.png,6.9
952,byzantine,0.3,0.1,2,15.0,0.0,0.0,tile_47.4010_8.5465_47.4065_8.5520.png,tile_47.4010_8.5520_47.4065_8.5575.png,7.0
953,byzantine,0.3,0.05,1,-15.0,1.0,0.0,tile_47.4065_8.5300_47.4100_8.5355.png,tile_47.3955_8.5520_47.4010_8.5575.png,7.1
954,byzantine,0.3,0.0,0,15.0,0.0,0.0,tile_47.3955_8.5410_47.4010_8.5465.png,tile_47.4010_8.5410_47.4065_8.5465.png,7.0
955,byzantine,0.3,0.0,0,-15.0,0.0,0.0,tile_47.4010_8.5410_47.4065_8.5465.png,tile_47.4065_8.5685_47.4100_8.5700.png,6.9
956,byzantine,0.3,0.0,0,15.0,0.0,0.0,tile_47.4010_8.5685_47.4065_8.5700.png,tile_47.4065_8.5685_47.4100_8.5700.png,7.1
957,byzantine,0.3,0.05,1,-15.0,0.0,0.0,tile_47.3900_8.5410_47.3955_8.5465.png,tile_47.3900_8.5300_47.3955_8.5355.png,6.9
958,byzantine,0.3,0.0,0,15.0,1.0,0.0,tile_47.4010_8.5465_47.4065_8.5520.png,tile_47.3900_8.5630_47.3955_8.5685.png,7.1
959,byzantine,0.3,0.0,0,15.0,1.0,0.0,tile_47.4065_8.5410_47.4100_8.5465.png,tile_47.4065_8.5575_47.4100_8.5630.png,7.0
960,byzantine,0.3,0.0,0,15.0,0.0,0.0,tile_47.3955_8.5465_47.4010_8.5520.png,tile_47.3900_8.5685_47.3955_8.5700.png,6.9
961,byzantine,0.3,0.0,0,15.0,1.0,0.0,tile_47.3900_8.5685_47.3955_8.5700.png,tile_47.3900_8.5575_47.3955_8.5630.png,7.1
962,byzantine,0.3,0.0,0,15.0,0.0,0.0,tile_47.3900_8.5520_47.3955_8.5575.png,tile_47.3955_8.5410_47.4010_8.5465.png,7.0
963,byzantine,0.3,0.3,6,15.0,0.0,0.0,tile_47.3900_8.5630_47.3955_8.5685.png,tile_47.3900_8.5685_47.3955_8.5700.png,6.9
964,byzantine,0.3,0.0,0,15.0,1.0,0.0,tile_47.4010_8.5630_47.4065_8.5685.png,tile_47.3900_8.5520_47.3955_8.5575.png,7.1
965,byzantine,0.3,0.15,3,15.0,0.0,0.0,tile_47.4010_8.5410_47.4065_8.5465.png,tile_47.4010_8.5520_47.4065_8.5575.png,6.9
966,byzantine,0.3,0.0,0,-15.0,0.0,0.0,tile_47.4065_8.5685_47.4100_8.5700.png,tile_47.3955_8.5630_47.4010_8.5685.png,6.9
967,byzantine,0.3,0.0,0,0.0,1.0,0.0,tile_47.4010_8.5685_47.4065_8.5700.png,tile_47.4065_8.5410_47.4100_8.5465.png,7.1
968,byzantine,0.3,0.05,1,0.0,1.0,0.0,tile_47.3900_8.5300_47.3955_8.5355.png,tile_47.3955_8.5465_47.4010_8.5520.png,7.0
969,byzantine,0.3,0.05,1,-15.0,0.0,0.0,tile_47.4010_8.5355_47.4065_8.5410.png,tile_47.4065_8.5465_47.4100_8.5520.png,7.0
970,byzantine,0.3,0.0,0,0.0,0.0,0.0,tile_47.4065_8.5630_47.4100_8.5685.png,tile_47.3955_8.5630_47.4010_8.5685.png,6.9
971,byzantine,0.3,0.0,0,0.0,1.0,0.0,tile_47.4065_8.5685_47.4100_8.5700.png,tile_47.4010_8.5355_47.4065_8.5410.png,7.0
972,byzantine,0.3,0.0,0,-15.0,0.0,0.0,tile_47.4010_8.5355_47.4065_8.5410.png,tile_47.4065_8.5520_47.4100_8.5575.png,7.2
973,byzantine,0.3,0.0,0,-15.0,0.0,0.0,tile_47.3900_8.5520_47.3955_8.5575.png,tile_47.4065_8.5300_47.4100_8.5355.png,7.0
974,byzantine,0.3,0.0,0,-15.0,0.0,0.0,tile_47.4065_8.5355_47.4100_8.5410.png,tile_47.4065_8.5300_47.4100_8.5355.png,7.0
975,byzantine,0.3,0.0,0,15.0,0.0,0.0,tile_47.4010_8.5300_47.4065_8.5355.png,tile_47.4010_8.5410_47.4065_8.5465.png,7.0
976,byzantine,0.3,0.0,0,15.0,1.0,0.0,tile_47.4010_8.5685_47.4065_8.5700.png,tile_47.3955_8.5520_47.4010_8.5575.png,7.0
977,byzantine,0.3,0.0,0,-15.0,1.0,0.0,tile_47.4065_8.5575_47.4100_8.5630.png,tile_47.4010_8.5300_47.4065_8.5355.png,7.0
978,byzantine,0.3,0.0,0,15.0,0.0,0.0,tile_47.4010_8.5685_47.4065_8.5700.png,tile_47.4010_8.5300_47.4065_8.5355.png,7.0
979,byzantine,0.3,0.0,0,-15.0,0.0,0.0,tile_47.3955_8.5300_47.4010_8.5355.png,tile_47.3955_8.5685_47.4010_8.5700.png,6.9
980,byzantine,0.3,0.05,1,-15.0,0.0,0.0,tile_47.4065_8.5630_47.4100_8.5685.png,tile_47.4065_8.5685_47.4100_8.5700.png,7.1
981,byzantine,0.3,0.0,0,0.0,0.0,0.0,tile_47.4065_8.5685_47.4100_8.5700.png,tile_47.3900_8.5685_47.3955_8.5700.png,6.9
982,byzantine,0.3,0.0,0,-15.0,1.0,0.0,tile_47.3955_8.5630_47.4010_8.5685.png,tile_47.3900_8.5355_47.3955_8.5410.png,7.0
983,byzantine,0.3,0.0,0,15.0,0.0,0.0,tile_47.4065_8.5300_47.4100_8.5355.png,tile_47.3955_8.5685_47.4010_8.5700.png,7.0
984,byzantine,0.3,0.0,0,0.0,0.0,0.0,tile_47.4010_8.5520_47.4065_8.5575.png,tile_47.3900_8.5465_47.3955_8.5520.png,6.9
985,byzantine,0.3,0.0,0,15.0,1.0,0.0,tile_47.3955_8.5465_47.4010_8.5520.png,tile_47.3955_8.5575_47.4010_8.5630.png,7.0
986,byzantine,0.3,0.0,0,15.0,1.0,0.0,tile_47.3900_8.5520_47.3955_8.5575.png,tile_47.4010_8.5355_47.4065_8.5410.png,7.1
987,byzantine,0.3,0.0,0,0.0,1.0,0.0,tile_47.4065_8.5355_47.4100_8.5410.png,tile_47.3955_8.5465_47.4010_8.5520.png,7.0
988,byzantine,0.3,0.0,0,0.0,1.0,0.0,tile_47.3900_8.5300_47.3955_8.5355.png,tile_47.4010_8.5355_47.4065_8.5410.png,7.2
989,byzantine,0.3,0.05,1,-15.0,1.0,0.0,tile_47.3955_8.5630_47.4010_8.5685.png,tile_47.3900_8.5410_47.3955_8.5465.png,6.9
990,byzantine,0.3,0.0,0,15.0,1.0,0.0,tile_47.3955_8.5355_47.4010_8.5410.png,tile_47.3900_8.5575_47.3955_8.5630.png,7.0
991,byzantine,0.3,0.0,0,-15.0,1.0,0.0,tile_47.3955_8.5630_47.4010_8.5685.png,tile_47.3955_8.5575_47.4010_8.5630.png,7.0
992,byzantine,0.3,0.0,0,0.0,0.0,0.0,tile_47.4065_8.5630_47.4100_8.5685.png,tile_47.3955_8.5685_47.4010_8.5700.png,6.9
993,byzantine,0.3,0.1,2,-15.0,0.0,0.0,tile_47.3900_8.5355_47.3955_8.5410.png,tile_47.3955_8.5300_47.4010_8.5355.png,6.9
994,byzantine,0.3,0.0,0,-15.0,0.0,0.0,tile_47.3955_8.5300_47.4010_8.5355.png,tile_47.4010_8.5575_47.4065_8.5630.png,7.0
995,byzantine,0.3,0.05,1,15.0,0.0,0.0,tile_47.3900_8.5465_47.3955_8.5520.png,tile_47.3900_8.5630_47.3955_8.5685.png,6.9
996,byzantine,0.3,0.0,0,0.0,0.0,0.0,tile_47.3900_8.5355_47.3955_8.5410.png,tile_47.4065_8.5575_47.4100_8.5630.png,7.0
997,byzantine,0.3,0.0,0,15.0,1.0,0.0,tile_47.3955_8.5575_47.4010_8.5630.png,tile_47.3955_8.5685_47.4010_8.5700.png,7.0
998,byzantine,0.3,0.0,0,15.0,1.0,0.0,tile_47.3955_8.5410_47.4010_8.5465.png,tile_47.3900_8.5685_47.3955_8.5700.png,7.0
999,byzantine,0.3,0.0,0,0.0,0.0,0.0,tile_47.4010_8.5300_47.4065_8.5355.png,tile_47.3900_8.5575_47.3955_8.5630.png,7.1
